<?xml version='1.1' encoding='UTF-8'?>
<Tag plugin="workflow-support@2.18">
  <node class="cps.n.StepEndNode" plugin="workflow-cps@2.49-SNAPSHOT">
    <parentIds>
      <string>25</string>
    </parentIds>
    <id>34</id>
    <startId>16</startId>
  </node>
  <actions>
    <wf.a.BodyInvocationAction plugin="workflow-api@2.27"/>
    <wf.a.TimingAction plugin="workflow-api@2.27">
      <startTime>1524152865035</startTime>
    </wf.a.TimingAction>
    <wf.a.ErrorAction plugin="workflow-api@2.27">
      <error class="hudson.AbortException">
        <detailMessage>reproducer #6 completed with status ABORTED (propagate: false to ignore)</detailMessage>
        <stackTrace>
          <trace>org.jenkinsci.plugins.workflow.support.steps.build.BuildTriggerListener.onCompleted(BuildTriggerListener.java:52)</trace>
          <trace>hudson.model.listeners.RunListener.fireCompleted(RunListener.java:211)</trace>
          <trace>org.jenkinsci.plugins.workflow.job.WorkflowRun.finish(WorkflowRun.java:759)</trace>
          <trace>org.jenkinsci.plugins.workflow.job.WorkflowRun.access$1100(WorkflowRun.java:142)</trace>
          <trace>org.jenkinsci.plugins.workflow.job.WorkflowRun$GraphL.onNewHead(WorkflowRun.java:1094)</trace>
          <trace>org.jenkinsci.plugins.workflow.cps.CpsFlowExecution.notifyListeners(CpsFlowExecution.java:1413)</trace>
          <trace>org.jenkinsci.plugins.workflow.cps.CpsThreadGroup$3.run(CpsThreadGroup.java:412)</trace>
          <trace>org.jenkinsci.plugins.workflow.cps.CpsVmExecutorService$1.run(CpsVmExecutorService.java:35)</trace>
          <trace>hudson.remoting.SingleLaneExecutorService$1.run(SingleLaneExecutorService.java:131)</trace>
          <trace>jenkins.util.ContextResettingExecutorService$1.run(ContextResettingExecutorService.java:28)</trace>
          <trace>java.util.concurrent.Executors$RunnableAdapter.call(Executors.java:511)</trace>
          <trace>java.util.concurrent.FutureTask.run(FutureTask.java:266)</trace>
          <trace>java.util.concurrent.ThreadPoolExecutor.runWorker(ThreadPoolExecutor.java:1142)</trace>
          <trace>java.util.concurrent.ThreadPoolExecutor$Worker.run(ThreadPoolExecutor.java:617)</trace>
          <trace>java.lang.Thread.run(Thread.java:748)</trace>
        </stackTrace>
        <suppressedExceptions class="java.util.Collections$UnmodifiableRandomAccessList" resolves-to="java.util.Collections$UnmodifiableList">
          <c class="list"/>
          <list reference="../c"/>
        </suppressedExceptions>
      </error>
    </wf.a.ErrorAction>
    <s.a.LogActionImpl>
      <charset>UTF-8</charset>
    </s.a.LogActionImpl>
  </actions>
</Tag>