<hudson.plugins.audit__trail.AuditTrailPlugin plugin="audit-trail@2.2">
  <pattern>.*/(?:configSubmit|doDelete|postBuildResult|enable|disable|cancelQueue|stop|toggleLogKeep|doWipeOutWorkspace|createItem|createView|toggleOffline|cancelQuietDown|quietDown|restart|exit|safeExit)</pattern>
  <logBuildCause>true</logBuildCause>
  <loggers>
    <hudson.plugins.audit__trail.LogFileAuditLogger>
      <log>/var/log/jenkins/audit-%.log</log>
      <limit>50</limit>
      <count>1000</count>
    </hudson.plugins.audit__trail.LogFileAuditLogger>
    <hudson.plugins.audit__trail.SyslogAuditLogger>
      <syslogServerPort>514</syslogServerPort>
      <appName>jenkins</appName>
      <facility>USER</facility>
      <messageFormat>RFC_3164</messageFormat>
    </hudson.plugins.audit__trail.SyslogAuditLogger>
  </loggers>
</hudson.plugins.audit__trail.AuditTrailPlugin>