<com.sonyericsson.jenkins.plugins.bfa.PluginImpl plugin="build-failure-analyzer@1.17.1">
  <noCausesMessage>No problems were identified. If you know why this problem occurred, please add a suitable Cause for it.</noCausesMessage>
  <globalEnabled>true</globalEnabled>
  <doNotAnalyzeAbortedJob>false</doNotAnalyzeAbortedJob>
  <gerritTriggerEnabled>true</gerritTriggerEnabled>
  <knowledgeBase class="com.sonyericsson.jenkins.plugins.bfa.db.LocalFileKnowledgeBase">
    <causes/>
  </knowledgeBase>
  <nrOfScanThreads>3</nrOfScanThreads>
  <maxLogSize>0</maxLogSize>
  <graphsEnabled>false</graphsEnabled>
  <testResultParsingEnabled>false</testResultParsingEnabled>
  <testResultCategories/>
  <sodVariables>
    <minimumSodWorkerThreads>1</minimumSodWorkerThreads>
    <maximumSodWorkerThreads>1</maximumSodWorkerThreads>
    <sodThreadKeepAliveTime>15</sodThreadKeepAliveTime>
    <sodWaitForJobShutdownTimeout>30</sodWaitForJobShutdownTimeout>
    <sodCorePoolNumberOfThreads>5</sodCorePoolNumberOfThreads>
  </sodVariables>
</com.sonyericsson.jenkins.plugins.bfa.PluginImpl>