<com.dabsquared.gitlabjenkins.connection.GitLabConnectionConfig plugin="gitlab-plugin@1.4.3">
  <useAuthenticatedEndpoint>true</useAuthenticatedEndpoint>
  <connections>
    <com.dabsquared.gitlabjenkins.connection.GitLabConnection>
      <name>gitlab</name>
      <url>https://git.i.gov.ph/</url>
      <apiTokenId>56e7c9d4-83c5-4a69-9d87-0a5490abeb17</apiTokenId>
      <ignoreCertificateErrors>true</ignoreCertificateErrors>
      <connectionTimeout>60</connectionTimeout>
      <readTimeout>60</readTimeout>
    </com.dabsquared.gitlabjenkins.connection.GitLabConnection>
  </connections>
</com.dabsquared.gitlabjenkins.connection.GitLabConnectionConfig>