<hudson>
  <disabledAdministrativeMonitors>
    <string>jenkins.security.s2m.MasterKillSwitchWarning</string>
    <string>hudson.diagnosis.ReverseProxySetupMonitor</string>
    <string>hudson.diagnosis.TooManyJobsButNoView</string>
    <string>OldData</string>
  </disabledAdministrativeMonitors>
  <version>2.3</version>
  <numExecutors>2</numExecutors>
  <mode>NORMAL</mode>
  <useSecurity>false</useSecurity>
  <authorizationStrategy class="hudson.security.GlobalMatrixAuthorizationStrategy">
    <permission>com.cloudbees.plugins.credentials.CredentialsProvider.Create:ed</permission>
    <permission>com.cloudbees.plugins.credentials.CredentialsProvider.Create:jenkins</permission>
    <permission>com.cloudbees.plugins.credentials.CredentialsProvider.Delete:ed</permission>
    <permission>com.cloudbees.plugins.credentials.CredentialsProvider.Delete:jenkins</permission>
    <permission>com.cloudbees.plugins.credentials.CredentialsProvider.ManageDomains:ed</permission>
    <permission>com.cloudbees.plugins.credentials.CredentialsProvider.ManageDomains:jenkins</permission>
    <permission>com.cloudbees.plugins.credentials.CredentialsProvider.Update:ed</permission>
    <permission>com.cloudbees.plugins.credentials.CredentialsProvider.Update:jenkins</permission>
    <permission>com.cloudbees.plugins.credentials.CredentialsProvider.View:ed</permission>
    <permission>com.cloudbees.plugins.credentials.CredentialsProvider.View:jenkins</permission>
    <permission>com.sonyericsson.jenkins.plugins.bfa.PluginImpl.RemoveCause:ed</permission>
    <permission>com.sonyericsson.jenkins.plugins.bfa.PluginImpl.RemoveCause:jenkins</permission>
    <permission>com.sonyericsson.jenkins.plugins.bfa.PluginImpl.RemoveCause:matet</permission>
    <permission>com.sonyericsson.jenkins.plugins.bfa.PluginImpl.RemoveCause:rein</permission>
    <permission>com.sonyericsson.jenkins.plugins.bfa.PluginImpl.RemoveCause:tester</permission>
    <permission>com.sonyericsson.jenkins.plugins.bfa.PluginImpl.RemoveCause:wendy</permission>
    <permission>com.sonyericsson.jenkins.plugins.bfa.PluginImpl.UpdateCauses:ed</permission>
    <permission>com.sonyericsson.jenkins.plugins.bfa.PluginImpl.UpdateCauses:jenkins</permission>
    <permission>com.sonyericsson.jenkins.plugins.bfa.PluginImpl.UpdateCauses:matet</permission>
    <permission>com.sonyericsson.jenkins.plugins.bfa.PluginImpl.UpdateCauses:rein</permission>
    <permission>com.sonyericsson.jenkins.plugins.bfa.PluginImpl.UpdateCauses:tester</permission>
    <permission>com.sonyericsson.jenkins.plugins.bfa.PluginImpl.UpdateCauses:wendy</permission>
    <permission>com.sonyericsson.jenkins.plugins.bfa.PluginImpl.ViewCauses:ed</permission>
    <permission>com.sonyericsson.jenkins.plugins.bfa.PluginImpl.ViewCauses:jenkins</permission>
    <permission>com.sonyericsson.jenkins.plugins.bfa.PluginImpl.ViewCauses:matet</permission>
    <permission>com.sonyericsson.jenkins.plugins.bfa.PluginImpl.ViewCauses:rein</permission>
    <permission>com.sonyericsson.jenkins.plugins.bfa.PluginImpl.ViewCauses:tester</permission>
    <permission>com.sonyericsson.jenkins.plugins.bfa.PluginImpl.ViewCauses:wendy</permission>
    <permission>hudson.model.Computer.Build:ed</permission>
    <permission>hudson.model.Computer.Build:jenkins</permission>
    <permission>hudson.model.Computer.Configure:ed</permission>
    <permission>hudson.model.Computer.Configure:jenkins</permission>
    <permission>hudson.model.Computer.Connect:ed</permission>
    <permission>hudson.model.Computer.Connect:jenkins</permission>
    <permission>hudson.model.Computer.Create:ed</permission>
    <permission>hudson.model.Computer.Create:jenkins</permission>
    <permission>hudson.model.Computer.Delete:ed</permission>
    <permission>hudson.model.Computer.Delete:jenkins</permission>
    <permission>hudson.model.Computer.Disconnect:ed</permission>
    <permission>hudson.model.Computer.Disconnect:jenkins</permission>
    <permission>hudson.model.Hudson.Administer:ed</permission>
    <permission>hudson.model.Hudson.Administer:jenkins</permission>
    <permission>hudson.model.Hudson.ConfigureUpdateCenter:ed</permission>
    <permission>hudson.model.Hudson.ConfigureUpdateCenter:jenkins</permission>
    <permission>hudson.model.Hudson.Read:anonymous</permission>
    <permission>hudson.model.Hudson.Read:ed</permission>
    <permission>hudson.model.Hudson.Read:jenkins</permission>
    <permission>hudson.model.Hudson.Read:matet</permission>
    <permission>hudson.model.Hudson.Read:rein</permission>
    <permission>hudson.model.Hudson.Read:tester</permission>
    <permission>hudson.model.Hudson.Read:wendy</permission>
    <permission>hudson.model.Hudson.RunScripts:ed</permission>
    <permission>hudson.model.Hudson.RunScripts:jenkins</permission>
    <permission>hudson.model.Hudson.UploadPlugins:ed</permission>
    <permission>hudson.model.Hudson.UploadPlugins:jenkins</permission>
    <permission>hudson.model.Item.Build:ed</permission>
    <permission>hudson.model.Item.Build:jenkins</permission>
    <permission>hudson.model.Item.Build:matet</permission>
    <permission>hudson.model.Item.Build:rein</permission>
    <permission>hudson.model.Item.Build:tester</permission>
    <permission>hudson.model.Item.Build:wendy</permission>
    <permission>hudson.model.Item.Cancel:ed</permission>
    <permission>hudson.model.Item.Cancel:jenkins</permission>
    <permission>hudson.model.Item.Cancel:matet</permission>
    <permission>hudson.model.Item.Cancel:rein</permission>
    <permission>hudson.model.Item.Cancel:tester</permission>
    <permission>hudson.model.Item.Cancel:wendy</permission>
    <permission>hudson.model.Item.Configure:ed</permission>
    <permission>hudson.model.Item.Configure:jenkins</permission>
    <permission>hudson.model.Item.Configure:matet</permission>
    <permission>hudson.model.Item.Configure:rein</permission>
    <permission>hudson.model.Item.Configure:tester</permission>
    <permission>hudson.model.Item.Configure:wendy</permission>
    <permission>hudson.model.Item.Create:ed</permission>
    <permission>hudson.model.Item.Create:jenkins</permission>
    <permission>hudson.model.Item.Create:matet</permission>
    <permission>hudson.model.Item.Create:rein</permission>
    <permission>hudson.model.Item.Create:tester</permission>
    <permission>hudson.model.Item.Create:wendy</permission>
    <permission>hudson.model.Item.Delete:ed</permission>
    <permission>hudson.model.Item.Delete:jenkins</permission>
    <permission>hudson.model.Item.Delete:matet</permission>
    <permission>hudson.model.Item.Delete:rein</permission>
    <permission>hudson.model.Item.Delete:tester</permission>
    <permission>hudson.model.Item.Delete:wendy</permission>
    <permission>hudson.model.Item.Discover:ed</permission>
    <permission>hudson.model.Item.Discover:jenkins</permission>
    <permission>hudson.model.Item.Discover:matet</permission>
    <permission>hudson.model.Item.Discover:rein</permission>
    <permission>hudson.model.Item.Discover:tester</permission>
    <permission>hudson.model.Item.Discover:wendy</permission>
    <permission>hudson.model.Item.Move:ed</permission>
    <permission>hudson.model.Item.Move:jenkins</permission>
    <permission>hudson.model.Item.Move:matet</permission>
    <permission>hudson.model.Item.Move:rein</permission>
    <permission>hudson.model.Item.Move:tester</permission>
    <permission>hudson.model.Item.Move:wendy</permission>
    <permission>hudson.model.Item.Read:anonymous</permission>
    <permission>hudson.model.Item.Read:ed</permission>
    <permission>hudson.model.Item.Read:jenkins</permission>
    <permission>hudson.model.Item.Read:matet</permission>
    <permission>hudson.model.Item.Read:rein</permission>
    <permission>hudson.model.Item.Read:tester</permission>
    <permission>hudson.model.Item.Read:wendy</permission>
    <permission>hudson.model.Item.Workspace:ed</permission>
    <permission>hudson.model.Item.Workspace:jenkins</permission>
    <permission>hudson.model.Item.Workspace:matet</permission>
    <permission>hudson.model.Item.Workspace:rein</permission>
    <permission>hudson.model.Item.Workspace:tester</permission>
    <permission>hudson.model.Item.Workspace:wendy</permission>
    <permission>hudson.model.Run.Delete:ed</permission>
    <permission>hudson.model.Run.Delete:jenkins</permission>
    <permission>hudson.model.Run.Delete:matet</permission>
    <permission>hudson.model.Run.Delete:rein</permission>
    <permission>hudson.model.Run.Delete:tester</permission>
    <permission>hudson.model.Run.Delete:wendy</permission>
    <permission>hudson.model.Run.Replay:ed</permission>
    <permission>hudson.model.Run.Replay:jenkins</permission>
    <permission>hudson.model.Run.Replay:rein</permission>
    <permission>hudson.model.Run.Replay:tester</permission>
    <permission>hudson.model.Run.Replay:wendy</permission>
    <permission>hudson.model.Run.Update:ed</permission>
    <permission>hudson.model.Run.Update:jenkins</permission>
    <permission>hudson.model.Run.Update:matet</permission>
    <permission>hudson.model.Run.Update:rein</permission>
    <permission>hudson.model.Run.Update:tester</permission>
    <permission>hudson.model.Run.Update:wendy</permission>
    <permission>hudson.model.View.Configure:ed</permission>
    <permission>hudson.model.View.Configure:jenkins</permission>
    <permission>hudson.model.View.Configure:matet</permission>
    <permission>hudson.model.View.Configure:rein</permission>
    <permission>hudson.model.View.Configure:tester</permission>
    <permission>hudson.model.View.Configure:wendy</permission>
    <permission>hudson.model.View.Create:ed</permission>
    <permission>hudson.model.View.Create:jenkins</permission>
    <permission>hudson.model.View.Create:matet</permission>
    <permission>hudson.model.View.Create:rein</permission>
    <permission>hudson.model.View.Create:tester</permission>
    <permission>hudson.model.View.Create:wendy</permission>
    <permission>hudson.model.View.Delete:ed</permission>
    <permission>hudson.model.View.Delete:jenkins</permission>
    <permission>hudson.model.View.Delete:matet</permission>
    <permission>hudson.model.View.Delete:rein</permission>
    <permission>hudson.model.View.Delete:tester</permission>
    <permission>hudson.model.View.Delete:wendy</permission>
    <permission>hudson.model.View.Read:anonymous</permission>
    <permission>hudson.model.View.Read:ed</permission>
    <permission>hudson.model.View.Read:jenkins</permission>
    <permission>hudson.model.View.Read:matet</permission>
    <permission>hudson.model.View.Read:rein</permission>
    <permission>hudson.model.View.Read:tester</permission>
    <permission>hudson.model.View.Read:wendy</permission>
    <permission>hudson.plugins.selenium.PluginImpl.Admin:ed</permission>
    <permission>hudson.plugins.selenium.PluginImpl.Admin:jenkins</permission>
    <permission>hudson.plugins.selenium.PluginImpl.Admin:matet</permission>
    <permission>hudson.plugins.selenium.PluginImpl.Admin:rein</permission>
    <permission>hudson.plugins.selenium.PluginImpl.Admin:tester</permission>
    <permission>hudson.plugins.selenium.PluginImpl.Admin:wendy</permission>
    <permission>hudson.scm.SCM.Tag:ed</permission>
    <permission>hudson.scm.SCM.Tag:jenkins</permission>
    <permission>hudson.scm.SCM.Tag:matet</permission>
    <permission>hudson.scm.SCM.Tag:rein</permission>
    <permission>hudson.scm.SCM.Tag:tester</permission>
    <permission>hudson.scm.SCM.Tag:wendy</permission>
    <permission>jenkins.plugins.svnmerge.AbstractSvnmergeTaskAction.Integrate:ed</permission>
    <permission>jenkins.plugins.svnmerge.AbstractSvnmergeTaskAction.Integrate:jenkins</permission>
    <permission>jenkins.plugins.svnmerge.AbstractSvnmergeTaskAction.Integrate:rein</permission>
    <permission>jenkins.plugins.svnmerge.AbstractSvnmergeTaskAction.Integrate:tester</permission>
    <permission>jenkins.plugins.svnmerge.AbstractSvnmergeTaskAction.Integrate:wendy</permission>
    <permission>jenkins.plugins.svnmerge.AbstractSvnmergeTaskAction.Rebase:ed</permission>
    <permission>jenkins.plugins.svnmerge.AbstractSvnmergeTaskAction.Rebase:jenkins</permission>
    <permission>jenkins.plugins.svnmerge.AbstractSvnmergeTaskAction.Rebase:rein</permission>
    <permission>jenkins.plugins.svnmerge.AbstractSvnmergeTaskAction.Rebase:tester</permission>
    <permission>jenkins.plugins.svnmerge.AbstractSvnmergeTaskAction.Rebase:wendy</permission>
  </authorizationStrategy>
  <securityRealm class="hudson.security.HudsonPrivateSecurityRealm">
    <disableSignup>true</disableSignup>
    <enableCaptcha>false</enableCaptcha>
  </securityRealm>
  <disableRememberMe>false</disableRememberMe>
  <projectNamingStrategy class="jenkins.model.ProjectNamingStrategy$DefaultProjectNamingStrategy"/>
  <workspaceDir>${JENKINS_HOME}/workspace/${ITEM_FULLNAME}</workspaceDir>
  <buildsDir>${ITEM_ROOTDIR}/builds</buildsDir>
  <markupFormatter class="hudson.markup.RawHtmlMarkupFormatter" plugin="antisamy-markup-formatter@1.3">
    <disableSyntaxHighlighting>false</disableSyntaxHighlighting>
  </markupFormatter>
  <jdks>
    <jdk>
      <name>JAVA_HOME</name>
      <home>/usr/lib/jvm/java-7-openjdk-amd64</home>
      <properties/>
    </jdk>
  </jdks>
  <viewsTabBar class="hudson.views.DefaultViewsTabBar"/>
  <myViewsTabBar class="hudson.views.DefaultMyViewsTabBar"/>
  <clouds/>
  <quietPeriod>5</quietPeriod>
  <scmCheckoutRetryCount>0</scmCheckoutRetryCount>
  <views>
    <hudson.model.AllView>
      <owner class="hudson" reference="../../.."/>
      <name>All</name>
      <description/>
      <filterExecutors>false</filterExecutors>
      <filterQueue>false</filterQueue>
      <properties class="hudson.model.View$PropertyList"/>
    </hudson.model.AllView>
    <se.diabol.jenkins.pipeline.DeliveryPipelineView plugin="delivery-pipeline-plugin@0.9.9">
      <owner class="hudson" reference="../../.."/>
      <name>Delivery Pipeline</name>
      <filterExecutors>false</filterExecutors>
      <filterQueue>false</filterQueue>
      <properties class="hudson.model.View$PropertyList"/>
      <componentSpecs/>
      <noOfPipelines>3</noOfPipelines>
      <showAggregatedPipeline>false</showAggregatedPipeline>
      <noOfColumns>1</noOfColumns>
      <sorting>none</sorting>
      <showAvatars>true</showAvatars>
      <updateInterval>2</updateInterval>
      <showChanges>true</showChanges>
      <allowManualTriggers>true</allowManualTriggers>
      <showTotalBuildTime>true</showTotalBuildTime>
      <allowRebuild>true</allowRebuild>
      <allowPipelineStart>true</allowPipelineStart>
      <showDescription>true</showDescription>
      <showPromotions>true</showPromotions>
      <showTestResults>true</showTestResults>
      <showStaticAnalysisResults>true</showStaticAnalysisResults>
      <regexpFirstJobs/>
    </se.diabol.jenkins.pipeline.DeliveryPipelineView>
  </views>
  <primaryView>All</primaryView>
  <slaveAgentPort>0</slaveAgentPort>
  <label/>
  <nodeProperties/>
  <globalNodeProperties>
    <hudson.slaves.EnvironmentVariablesNodeProperty>
      <envVars serialization="custom">
        <unserializable-parents/>
        <tree-map>
          <default>
            <comparator class="hudson.util.CaseInsensitiveComparator"/>
          </default>
          <int>1</int>
          <string/>
          <string/>
        </tree-map>
      </envVars>
    </hudson.slaves.EnvironmentVariablesNodeProperty>
  </globalNodeProperties>
</hudson>