<hudson>
  <disabledAdministrativeMonitors>
    <string>hudson.diagnosis.ReverseProxySetupMonitor</string>
    <string>OldData</string>
    <string>hudson.diagnosis.TooManyJobsButNoView</string>
  </disabledAdministrativeMonitors>
  <version>2.6</version>
  <numExecutors>2</numExecutors>
  <mode>NORMAL</mode>
  <useSecurity>true</useSecurity>
  <authorizationStrategy class="hudson.security.ProjectMatrixAuthorizationStrategy">
    <permission>com.cloudbees.plugins.credentials.CredentialsProvider.Create:ed</permission>
    <permission>com.cloudbees.plugins.credentials.CredentialsProvider.Delete:ed</permission>
    <permission>com.cloudbees.plugins.credentials.CredentialsProvider.ManageDomains:ed</permission>
    <permission>com.cloudbees.plugins.credentials.CredentialsProvider.Update:ed</permission>
    <permission>com.cloudbees.plugins.credentials.CredentialsProvider.View:ed</permission>
    <permission>com.sonyericsson.jenkins.plugins.bfa.PluginImpl.RemoveCause:ed</permission>
    <permission>com.sonyericsson.jenkins.plugins.bfa.PluginImpl.UpdateCauses:ed</permission>
    <permission>com.sonyericsson.jenkins.plugins.bfa.PluginImpl.ViewCauses:ed</permission>
    <permission>hudson.model.Computer.Build:ed</permission>
    <permission>hudson.model.Computer.Configure:ed</permission>
    <permission>hudson.model.Computer.Connect:ed</permission>
    <permission>hudson.model.Computer.Create:ed</permission>
    <permission>hudson.model.Computer.Delete:ed</permission>
    <permission>hudson.model.Computer.Disconnect:ed</permission>
    <permission>hudson.model.Hudson.Administer:ed</permission>
    <permission>hudson.model.Hudson.ConfigureUpdateCenter:ed</permission>
    <permission>hudson.model.Hudson.Read:anonymous</permission>
    <permission>hudson.model.Hudson.Read:ed</permission>
    <permission>hudson.model.Hudson.RunScripts:ed</permission>
    <permission>hudson.model.Hudson.UploadPlugins:ed</permission>
    <permission>hudson.model.Item.Build:ed</permission>
    <permission>hudson.model.Item.Cancel:ed</permission>
    <permission>hudson.model.Item.Configure:ed</permission>
    <permission>hudson.model.Item.Create:ed</permission>
    <permission>hudson.model.Item.Delete:ed</permission>
    <permission>hudson.model.Item.Discover:ed</permission>
    <permission>hudson.model.Item.Move:ed</permission>
    <permission>hudson.model.Item.Read:anonymous</permission>
    <permission>hudson.model.Item.Read:ed</permission>
    <permission>hudson.model.Item.Workspace:ed</permission>
    <permission>hudson.model.Run.Delete:ed</permission>
    <permission>hudson.model.Run.Replay:ed</permission>
    <permission>hudson.model.Run.Update:ed</permission>
    <permission>hudson.model.View.Configure:ed</permission>
    <permission>hudson.model.View.Create:ed</permission>
    <permission>hudson.model.View.Delete:ed</permission>
    <permission>hudson.model.View.Read:anonymous</permission>
    <permission>hudson.model.View.Read:ed</permission>
    <permission>hudson.plugins.selenium.PluginImpl.Admin:ed</permission>
    <permission>hudson.scm.SCM.Tag:ed</permission>
    <permission>jenkins.plugins.svnmerge.AbstractSvnmergeTaskAction.Integrate:ed</permission>
    <permission>jenkins.plugins.svnmerge.AbstractSvnmergeTaskAction.Rebase:ed</permission>
  </authorizationStrategy>
  <securityRealm class="hudson.security.HudsonPrivateSecurityRealm">
    <disableSignup>true</disableSignup>
    <enableCaptcha>false</enableCaptcha>
  </securityRealm>
  <disableRememberMe>false</disableRememberMe>
  <projectNamingStrategy class="jenkins.model.ProjectNamingStrategy$DefaultProjectNamingStrategy"/>
  <workspaceDir>${JENKINS_HOME}/workspace/${ITEM_FULLNAME}</workspaceDir>
  <buildsDir>${ITEM_ROOTDIR}/builds</buildsDir>
  <markupFormatter class="hudson.markup.RawHtmlMarkupFormatter" plugin="antisamy-markup-formatter@1.3">
    <disableSyntaxHighlighting>false</disableSyntaxHighlighting>
  </markupFormatter>
  <jdks>
    <jdk>
      <name>/usr/lib/jvm/java-8-oracle/jre</name>
      <home>JAVA_HOME</home>
      <properties/>
    </jdk>
  </jdks>
  <viewsTabBar class="hudson.views.DefaultViewsTabBar"/>
  <myViewsTabBar class="hudson.views.DefaultMyViewsTabBar"/>
  <clouds/>
  <quietPeriod>5</quietPeriod>
  <scmCheckoutRetryCount>0</scmCheckoutRetryCount>
  <views>
    <hudson.model.AllView>
      <owner class="hudson" reference="../../.."/>
      <name>All</name>
      <filterExecutors>false</filterExecutors>
      <filterQueue>false</filterQueue>
      <properties class="hudson.model.View$PropertyList"/>
    </hudson.model.AllView>
  </views>
  <primaryView>All</primaryView>
  <slaveAgentPort>-1</slaveAgentPort>
  <label/>
  <crumbIssuer class="hudson.security.csrf.DefaultCrumbIssuer">
    <excludeClientIPFromCrumb>false</excludeClientIPFromCrumb>
  </crumbIssuer>
  <nodeProperties/>
  <globalNodeProperties>
    <hudson.slaves.EnvironmentVariablesNodeProperty>
      <envVars serialization="custom">
        <unserializable-parents/>
        <tree-map>
          <default>
            <comparator class="hudson.util.CaseInsensitiveComparator"/>
          </default>
          <int>0</int>
        </tree-map>
      </envVars>
    </hudson.slaves.EnvironmentVariablesNodeProperty>
  </globalNodeProperties>
</hudson>