<com.cloudbees.plugins.credentials.CredentialsProviderManager plugin="credentials@2.0.5">
  <providerFilter class="com.cloudbees.plugins.credentials.CredentialsProviderFilter$None"/>
  <typeFilter class="com.cloudbees.plugins.credentials.CredentialsTypeFilter$None"/>
  <restrictions>
    <com.cloudbees.plugins.credentials.CredentialsProviderTypeRestriction_-Includes>
      <provider>com.cloudbees.plugins.credentials.UserCredentialsProvider</provider>
      <type>com.cloudbees.plugins.credentials.impl.UsernamePasswordCredentialsImpl$DescriptorImpl</type>
    </com.cloudbees.plugins.credentials.CredentialsProviderTypeRestriction_-Includes>
  </restrictions>
</com.cloudbees.plugins.credentials.CredentialsProviderManager>