<hudson.plugins.warnings.WarningsDescriptor plugin="warnings@4.56">
  <groovyParsers>
    <hudson.plugins.warnings.GroovyParser>
      <name>PyFlakes</name>
      <regexp>^\s*(.*):(\d+):\s*(.*)$</regexp>
      <script>import hudson.plugins.warnings.parser.Warning

String fileName = matcher.group(1)
String lineNumber = matcher.group(2)
String message = matcher.group(3)

return new Warning(fileName, Integer.parseInt(lineNumber), "Dynamic Parser", "-", message);</script>
      <example>src/fbproxy/fbresponse.py:2: 'json' imported but unused</example>
      <linkName>PyFlakes</linkName>
      <trendName>PyFlakes</trendName>
    </hudson.plugins.warnings.GroovyParser>
  </groovyParsers>
</hudson.plugins.warnings.WarningsDescriptor>