<hudson.plugins.xvnc.Xvnc_-DescriptorImpl plugin="xvnc@1.24">
  <xvnc/>
  <minDisplayNumber>10</minDisplayNumber>
  <maxDisplayNumber>99</maxDisplayNumber>
  <skipOnWindows>true</skipOnWindows>
  <cleanUp>false</cleanUp>
  <allocators>
    <entry>
      <string>ubuntu-desktop-14.04</string>
      <hudson.plugins.xvnc.DisplayAllocator>
        <allocatedNumbers/>
        <blacklistedNumbers/>
      </hudson.plugins.xvnc.DisplayAllocator>
    </entry>
  </allocators>
</hudson.plugins.xvnc.Xvnc_-DescriptorImpl>