<hudson.plugins.testlink.TestLinkBuilderDescriptor plugin="testlink@3.12">
  <testLinkBuildType>hudson.plugins.testlink.TestLinkBuilder</testLinkBuildType>
  <installations>
    <hudson.plugins.testlink.TestLinkInstallation>
      <name>ERP</name>
      <url>http://202.90.157.237/testlink_ed/lib/api/xmlrpc/v1/xmlrpc.php</url>
      <devKey>aca5ec429e0589e0d11308e8e0a999d1</devKey>
      <testLinkJavaAPIProperties>89c72258b932c222323278c7702fc5a8c3acfdf700628a51780dfe71a4a50016</testLinkJavaAPIProperties>
    </hudson.plugins.testlink.TestLinkInstallation>
    <hudson.plugins.testlink.TestLinkInstallation>
      <name>TestLink_1.9.15</name>
      <url>http://202.90.157.218/linktest/lib/api/xmlrpc/v1/xmlrpc.php</url>
      <devKey>4d451fc342001e1e9311a543818fa1f7</devKey>
      <testLinkJavaAPIProperties>0bf85b314f8189077cb4efbc17a54ba4c0be730550dd4a3ec8fefcd5ce2761e1</testLinkJavaAPIProperties>
    </hudson.plugins.testlink.TestLinkInstallation>
  </installations>
</hudson.plugins.testlink.TestLinkBuilderDescriptor>