<hudson.plugins.emailext.ExtendedEmailPublisherDescriptor plugin="email-ext@2.51">
  <smtpAuthUsername>erp@i.gov.ph</smtpAuthUsername>
  <smtpAuthPassword>#secret#</smtpAuthPassword>
  <smtpHost>liham.asti.dost.gov.ph</smtpHost>
  <useSsl>false</useSsl>
  <smtpPort>587</smtpPort>
  <charset>UTF-8</charset>
  <defaultContentType>text/html</defaultContentType>
  <defaultSubject>$PROJECT_NAME - Build # $BUILD_NUMBER - $BUILD_STATUS!</defaultSubject>
  <defaultBody>$PROJECT_NAME - Build # $BUILD_NUMBER - $BUILD_STATUS:&#13;
&#13;
Check console output at $BUILD_URL to view the results.</defaultBody>
  <defaultPresendScript/>
  <defaultPostsendScript/>
  <defaultClasspath/>
  <defaultTriggerIds>
    <string>hudson.plugins.emailext.plugins.trigger.AlwaysTrigger</string>
  </defaultTriggerIds>
  <maxAttachmentSize>-1</maxAttachmentSize>
  <recipientList/>
  <defaultReplyTo/>
  <excludedCommitters/>
  <overrideGlobalSettings>true</overrideGlobalSettings>
  <precedenceBulk>true</precedenceBulk>
  <debugMode>false</debugMode>
  <requireAdminForTemplateTesting>false</requireAdminForTemplateTesting>
  <enableWatching>false</enableWatching>
</hudson.plugins.emailext.ExtendedEmailPublisherDescriptor>