<jenkins.plugins.publish__over__cifs.CifsPublisherPlugin_-Descriptor plugin="publish-over-cifs@0.3">
  <hostConfigurations/>
  <defaults class="jenkins.plugins.publish_over_cifs.options.CifsOverrideDefaults">
    <overrideInstanceConfig>
      <continueOnError>false</continueOnError>
      <failOnError>false</failOnError>
      <alwaysPublishFromMaster>false</alwaysPublishFromMaster>
    </overrideInstanceConfig>
    <overrideParamPublish>
      <parameterName/>
    </overrideParamPublish>
    <overridePublisher>
      <configName/>
      <useWorkspaceInPromotion>false</useWorkspaceInPromotion>
      <usePromotionTimestamp>false</usePromotionTimestamp>
      <verbose>false</verbose>
    </overridePublisher>
    <overridePublisherLabel>
      <label/>
    </overridePublisherLabel>
    <overrideRetry>
      <retries>0</retries>
      <retryDelay>10000</retryDelay>
    </overrideRetry>
    <overrideTransfer>
      <sourceFiles/>
      <removePrefix/>
      <remoteDirectory/>
      <excludes/>
      <remoteDirectorySDF>false</remoteDirectorySDF>
      <flatten>false</flatten>
      <cleanRemote>false</cleanRemote>
      <noDefaultExcludes>false</noDefaultExcludes>
      <makeEmptyDirs>false</makeEmptyDirs>
      <patternSeparator>[, ]+</patternSeparator>
    </overrideTransfer>
  </defaults>
</jenkins.plugins.publish__over__cifs.CifsPublisherPlugin_-Descriptor>