<jenkins.plugins.shiningpanda.tools.PythonInstallation_-DescriptorImpl plugin="shiningpanda@0.23">
  <installations>
    <jenkins.plugins.shiningpanda.tools.PythonInstallation>
      <name>System-CPython-2.7</name>
      <home>/usr/bin/python2.7</home>
      <properties/>
    </jenkins.plugins.shiningpanda.tools.PythonInstallation>
    <jenkins.plugins.shiningpanda.tools.PythonInstallation>
      <name>System-CPython-3.3</name>
      <home>/usr/bin/python3.4</home>
      <properties/>
    </jenkins.plugins.shiningpanda.tools.PythonInstallation>
  </installations>
</jenkins.plugins.shiningpanda.tools.PythonInstallation_-DescriptorImpl>