<jenkins.security.QueueItemAuthenticatorConfiguration>
  <authenticators>
    <org.jenkinsci.plugins.authorizeproject.GlobalQueueItemAuthenticator plugin="authorize-project@1.2.2">
      <strategy class="org.jenkinsci.plugins.authorizeproject.strategy.TriggeringUsersAuthorizationStrategy"/>
    </org.jenkinsci.plugins.authorizeproject.GlobalQueueItemAuthenticator>
    <org.jenkinsci.plugins.authorizeproject.ProjectQueueItemAuthenticator plugin="authorize-project@1.2.2">
      <strategyEnabledMap>
        <entry>
          <string>com.synopsys.arc.jenkins.plugins.ownership.security.authorizeproject.OwnershipAuthorizeProjectStrategy</string>
          <boolean>true</boolean>
        </entry>
        <entry>
          <string>org.jenkinsci.plugins.authorizeproject.strategy.SpecificUsersAuthorizationStrategy</string>
          <boolean>true</boolean>
        </entry>
        <entry>
          <string>org.jenkinsci.plugins.authorizeproject.strategy.TriggeringUsersAuthorizationStrategy</string>
          <boolean>true</boolean>
        </entry>
        <entry>
          <string>org.jenkinsci.plugins.authorizeproject.strategy.SystemAuthorizationStrategy</string>
          <boolean>true</boolean>
        </entry>
        <entry>
          <string>org.jenkinsci.plugins.authorizeproject.strategy.AnonymousAuthorizationStrategy</string>
          <boolean>true</boolean>
        </entry>
      </strategyEnabledMap>
    </org.jenkinsci.plugins.authorizeproject.ProjectQueueItemAuthenticator>
  </authenticators>
</jenkins.security.QueueItemAuthenticatorConfiguration>