<org.jenkinsci.plugins.ghprb.GhprbTrigger_-DescriptorImpl plugin="ghprb@1.33.3">
  <configVersion>1</configVersion>
  <whitelistPhrase>.*add\W+to\W+whitelist.*</whitelistPhrase>
  <okToTestPhrase>.*ok\W+to\W+test.*</okToTestPhrase>
  <retestPhrase>.*test\W+this\W+please.*</retestPhrase>
  <skipBuildPhrase>.*\[skip\W+ci\].*</skipBuildPhrase>
  <cron>H/5 * * * *</cron>
  <useComments>false</useComments>
  <useDetailedComments>false</useDetailedComments>
  <manageWebhooks>true</manageWebhooks>
  <unstableAs>FAILURE</unstableAs>
  <autoCloseFailedPullRequests>false</autoCloseFailedPullRequests>
  <displayBuildErrorsOnDownstreamBuilds>false</displayBuildErrorsOnDownstreamBuilds>
  <labelsIgnoreList/>
  <githubAuth>
    <org.jenkinsci.plugins.ghprb.GhprbGitHubAuth>
      <serverAPIUrl>https://api.github.com</serverAPIUrl>
      <credentialsId>4ed7f550-901a-47f1-8165-194643321c5e</credentialsId>
      <id>44d85d71-17e9-4f54-8b69-ed899f1ff199</id>
      <description>Anonymous connection</description>
      <secret>#secret#</secret>
    </org.jenkinsci.plugins.ghprb.GhprbGitHubAuth>
  </githubAuth>
  <adminlist/>
  <requestForTestingPhrase>Can one of the admins verify this patch?</requestForTestingPhrase>
  <extensions>
    <org.jenkinsci.plugins.ghprb.extensions.status.GhprbSimpleStatus>
      <commitStatusContext/>
      <triggeredStatus/>
      <startedStatus/>
      <statusUrl/>
      <addTestResults>false</addTestResults>
    </org.jenkinsci.plugins.ghprb.extensions.status.GhprbSimpleStatus>
  </extensions>
</org.jenkinsci.plugins.ghprb.GhprbTrigger_-DescriptorImpl>