<org.jvnet.hudson.plugins.repositoryconnector.RepositoryConfiguration plugin="repository-connector@1.1.3">
  <repos>
    <entry>
      <string>central</string>
      <org.jvnet.hudson.plugins.repositoryconnector.Repository>
        <url>http://repo1.maven.org/maven2</url>
        <type>default</type>
        <id>central</id>
        <user/>
        <password/>
        <isRepositoryManager>false</isRepositoryManager>
      </org.jvnet.hudson.plugins.repositoryconnector.Repository>
    </entry>
  </repos>
  <localRepository/>
</org.jvnet.hudson.plugins.repositoryconnector.RepositoryConfiguration>