<org.jvnet.hudson.plugins.SSHBuildWrapper_-DescriptorImpl plugin="ssh@2.4">
  <sites>
    <org.jvnet.hudson.plugins.SSHSite>
      <hostname>10.0.4.243</hostname>
      <port>22</port>
      <username>ed</username>
      <password>astiqa1</password>
      <keyfile/>
      <serverAliveInterval>0</serverAliveInterval>
      <pty>false</pty>
    </org.jvnet.hudson.plugins.SSHSite>
    <org.jvnet.hudson.plugins.SSHSite>
      <hostname>202.90.157.28</hostname>
      <port>22</port>
      <username>qa</username>
      <password>@4ut0m4t10n</password>
      <keyfile/>
      <serverAliveInterval>0</serverAliveInterval>
      <pty>false</pty>
    </org.jvnet.hudson.plugins.SSHSite>
  </sites>
</org.jvnet.hudson.plugins.SSHBuildWrapper_-DescriptorImpl>