<hudson.plugins.promoted__builds__simple.PromotedBuildsSimplePlugin plugin="promoted-builds-simple@1.9">
  <levels>
    <hudson.plugins.promoted__builds__simple.PromotionLevel>
      <name>QA build</name>
      <icon>qa.gif</icon>
      <isAutoKeep>true</isAutoKeep>
    </hudson.plugins.promoted__builds__simple.PromotionLevel>
    <hudson.plugins.promoted__builds__simple.PromotionLevel>
      <name>QA approved</name>
      <icon>qa-green.gif</icon>
      <isAutoKeep>true</isAutoKeep>
    </hudson.plugins.promoted__builds__simple.PromotionLevel>
    <hudson.plugins.promoted__builds__simple.PromotionLevel>
      <name>GA release</name>
      <icon>ga.gif</icon>
      <isAutoKeep>true</isAutoKeep>
    </hudson.plugins.promoted__builds__simple.PromotionLevel>
  </levels>
</hudson.plugins.promoted__builds__simple.PromotedBuildsSimplePlugin>