<ru.yandex.qatools.allure.jenkins.tools.AllureCommandlineInstallation_-DescriptorImpl plugin="allure-jenkins-plugin@2.10">
  <installations>
    <ru.yandex.qatools.allure.jenkins.tools.AllureCommandlineInstallation>
      <name>Allure-latest</name>
      <home>/var/qa/jenkins/allure-commandline/bin</home>
      <properties/>
    </ru.yandex.qatools.allure.jenkins.tools.AllureCommandlineInstallation>
  </installations>
</ru.yandex.qatools.allure.jenkins.tools.AllureCommandlineInstallation_-DescriptorImpl>