<hudson.plugins.selenium.PluginImpl plugin="selenium@2.53.1">
  <port>4444</port>
  <exclusionPatterns/>
  <newSessionWaitTimeout>-1</newSessionWaitTimeout>
  <maxSession>5</maxSession>
  <timeout>300</timeout>
  <browserTimeout>0</browserTimeout>
  <throwOnCapabilityNotPresent>false</throwOnCapabilityNotPresent>
  <hubLogLevel>INFO</hubLogLevel>
  <hostnameResolver class="hudson.plugins.selenium.configuration.global.hostname.JenkinsRootHostnameResolver"/>
  <configurations>
    <hudson.plugins.selenium.configuration.global.SeleniumGlobalConfiguration>
      <name>selenium-grid-node</name>
      <matcher class="hudson.plugins.selenium.configuration.global.matcher.MatchAllMatcher"/>
      <configuration class="hudson.plugins.selenium.configuration.CustomRCConfiguration">
        <display/>
        <port>4444</port>
        <rcBrowserSideLog>true</rcBrowserSideLog>
        <rcDebug>true</rcDebug>
        <rcTrustAllSSLCerts>true</rcTrustAllSSLCerts>
        <rcBrowserSessionReuse>true</rcBrowserSessionReuse>
        <rcLog/>
        <browsers>
          <hudson.plugins.selenium.configuration.browser.selenium.IEBrowser>
            <maxInstances>1</maxInstances>
            <version/>
            <protocol>Selenium</protocol>
            <name>*iexplore</name>
            <driverBinaryPath/>
          </hudson.plugins.selenium.configuration.browser.selenium.IEBrowser>
          <hudson.plugins.selenium.configuration.browser.selenium.FirefoxBrowser>
            <maxInstances>5</maxInstances>
            <version/>
            <protocol>Selenium</protocol>
            <name>*firefox</name>
            <binaryPath/>
          </hudson.plugins.selenium.configuration.browser.selenium.FirefoxBrowser>
          <hudson.plugins.selenium.configuration.browser.selenium.ChromeBrowser>
            <maxInstances>5</maxInstances>
            <version/>
            <protocol>Selenium</protocol>
            <name>*googlechrome</name>
            <driverBinaryPath/>
          </hudson.plugins.selenium.configuration.browser.selenium.ChromeBrowser>
        </browsers>
      </configuration>
    </hudson.plugins.selenium.configuration.global.SeleniumGlobalConfiguration>
  </configurations>
</hudson.plugins.selenium.PluginImpl>