<node><list><slave><name>ubuntu-server-14.04</name><ip>22/16 17:12:44] [SSH] Opening SSH connection to 202.90.157.130:22.
[06/22/16 17:12:44] [SSH] Authentication successful.
[06/22/16 17:12:44] [SSH] The remote users environment is:
BASH=/bin/bash
BASHOPTS=cmdhist:complete_fullquote:extquote:force_fignore:hostcomplete:interactive_comments:progcomp:promptvars:sourcepath
BASH_ALIASES=()
BASH_ARGC=()
BASH_ARGV=()
BASH_CMDS=()
BASH_EXECUTION_STRING=set
BASH_LINENO=()
BASH_SOURCE=()
BASH_VERSINFO=([0]="4" [1]="3" [2]="11" [3]="1" [4]="release" [5]="x86_64-pc-linux-gnu")
BASH_VERSION='4.3.11(1)-release'
DIRSTACK=()
EUID=1000
GROUPS=()
HOME=/home/user
HOSTNAME=Comp8-Veriton-X490G
HOSTTYPE=x86_64
IFS=$' \t\n'
LANG=en_PH.UTF-8
LANGUAGE=en_PH:en
LOGNAME=user
MACHTYPE=x86_64-pc-linux-gnu
MAIL=/var/mail/user
OPTERR=1
OPTIND=1
OSTYPE=linux-gnu
PATH=/usr/local/sbin:/usr/local/bin:/usr/sbin:/usr/bin:/sbin:/bin:/usr/games:/usr/local/games
PIPESTATUS=([0]="0")
PPID=5009
PS4='+ '
PWD=/home/user
SHELL=/bin/bash
SHELLOPTS=braceexpand:hashall:interactive-comments
SHLVL=1
SSH_CLIENT='202.90.158.141 36155 22'
SSH_CONNECTION='202.90.158.141 36155 202.90.157.130 22'
TERM=dumb
UID=1000
USER=user
XDG_RUNTIME_DIR=/run/user/1000
XDG_SESSION_ID=22
_=']'
[06/22/16 17:12:44] [SSH] Checking java version of java
Couldn't figure out the Java version of java
bash: java: command not found

[06/22/16 17:12:44] [SSH] Checking java version of /usr/bin/java
Couldn't figure out the Java version of /usr/bin/java
bash: /usr/bin/java: No such file or directory

[06/22/16 17:12:44] [SSH] Checking java version of /usr/java/default/bin/java
Couldn't figure out the Java version of /usr/java/default/bin/java
bash: /usr/java/default/bin/java: No such file or directory

[06/22/16 17:12:44] [SSH] Checking java version of /usr/java/latest/bin/java
Couldn't figure out the Java version of /usr/java/latest/bin/java
bash: /usr/java/latest/bin/java: No such file or directory

[06/22/16 17:12:44] [SSH] Checking java version of /usr/local/bin/java
Couldn't figure out the Java version of /usr/local/bin/java
bash: /usr/local/bin/java: No such file or directory

[06/22/16 17:12:44] [SSH] Checking java version of /usr/local/java/bin/java
Couldn't figure out the Java version of /usr/local/java/bin/java
bash: /usr/local/java/bin/java: No such file or directory

[06/22/16 17:12:44] [SSH] Checking java version of /home/user/jenkins/jdk/bin/java
[06/22/16 17:12:44] [SSH] /home/user/jenkins/jdk/bin/java -version returned 1.7.0_80.
[06/22/16 17:12:44] [SSH] Starting sftp client.
[06/22/16 17:12:44] [SSH] Copying latest slave.jar...
[06/22/16 17:12:44] [SSH] Copied 529,326 bytes.
Expanded the channel window size to 4MB
[06/22/16 17:12:44] [SSH] Starting slave process: cd "/home/user/jenkins" &amp;&amp; /home/user/jenkins/jdk/bin/java  -jar slave.jar</ip><mac>no mac</mac><os>linux</os></slave></list></node>