<smartjenkins.SmartJenkinsConfiguration plugin="smart-jenkins@1.0">
  <enable>false</enable>
  <timeSlot>
    <timeSlotString/>
    <timeSlot/>
  </timeSlot>
  <fontSize>S</fontSize>
  <jobConfigurations/>
  <tabType>0</tabType>
  <computerConfigurations>
    <entry>
      <string>ubuntu-server-14.04</string>
      <smartjenkins.SmartJenkinsComputerConfiguration>
        <enable>true</enable>
      </smartjenkins.SmartJenkinsComputerConfiguration>
    </entry>
  </computerConfigurations>
</smartjenkins.SmartJenkinsConfiguration>