<?xml version='1.0' encoding='UTF-8' standalone='yes'?>

<prdf:section created_by='standard.prdf.generator' created_by_version='1.3'
 xmlns:prdf='http://www.programmingresearch.com/todo'
 xmlns:svg='http://www.w3.org/2000/svg'
 xmlns:v='urn:schemas-microsoft-com:vml' >
<prdf:h2>Analysis Summary</prdf:h2>
<prdf:h3>List of Analysed Files</prdf:h3>
<prdf:file_list>
<prdf:filename>C:\temp\TestProject\TestProject\a\a0.c</prdf:filename>
<prdf:filename>C:\temp\TestProject\TestProject\a\a1.c</prdf:filename>
<prdf:filename>C:\temp\TestProject\TestProject\a\a2.c</prdf:filename>
<prdf:filename>C:\temp\TestProject\TestProject\b\b0.c</prdf:filename>
<prdf:filename>C:\temp\TestProject\TestProject\b\b1.c</prdf:filename>
<prdf:filename>C:\temp\TestProject\TestProject\b\b2.c</prdf:filename>
<prdf:filename>C:\temp\TestProject\TestProject\c\c0.c</prdf:filename>
<prdf:filename>C:\temp\TestProject\TestProject\c\c1.c</prdf:filename>
<prdf:filename>C:\temp\TestProject\TestProject\c\c2.c</prdf:filename>
<prdf:filename>C:\temp\TestProject\TestProject\d\d0.c</prdf:filename>
<prdf:filename>C:\temp\TestProject\TestProject\d\d1.c</prdf:filename>
<prdf:filename>C:\temp\TestProject\TestProject\d\d2.c</prdf:filename>
<prdf:filename>C:\temp\TestProject\TestProject\main.c</prdf:filename>
</prdf:file_list>
<prdf:h3>Analysis Options</prdf:h3>
<prdf:h4>Personality Options</prdf:h4>
<prdf:verbatim>
-align                   int=2,
                         ldouble=16
-arithrsh                + (on)
-bitsigned               + (on)
-calling                 
-callpack                
-comment                 A
-crossmoduleanalysisfile C:/temp/TestProject/TestProject/Output/
                         test
-d                       
-echo                    
-enabledataflow          - (off)
-encoding                ASC
-expandmultihomedmessages 
-extensions              ASM
-file                    
-foldplainchar           - (off)
-forceinclude            
-forgetall               
-format                  %?u==0%(%?C%(%^%)%)%?u==0%(%?h%(Err%:Msg%)
                         %:--&gt;%)(%g:%N) %R(%u,  )%t%?v%(\n%v%)
-hdrsuppress             + (on)
-heap                    512
-help                    - (off)
-hiddenmessage           - (off)
-hiddenwarnings          - (off)
-html                    - (off)
-i                       C:/Program Files (x86)/PRQA/QAC-7.2-F/
                         include/ansi
-indentlevel             0
-intrinsictype           ptrdiff_t=int
-k+r                     
-line                    + (on)
-list                    
-maxcount                0
-maxerrors               0
-maxlinelength           0
-messagesonly            - (off)
-metrics                 + (on)
-namelength              31
-namerulefile            
-nomsg                   
-nosort                  - (off)
-onelineonly             - (off)
-only                    180 202 235 240-241 246 271-274 277 
                         284-292 294-297 299 301-303 305-308 
                         310-313 320 336 339 400-403 410 422-423 
                         428 488 499-505 513 541 543-545 547 551 
                         585 587 594 601-602 604 606 609 611-612 
                         614 617-618 623-628 630 633-636 639 647 
                         652 660 662 679 686 689 693-694 715 723 
                         735 739 744-746 750 759 769-771 777 
                         779-781 809-810 813-814 828 830-831 836 
                         841-842 848 850 853-854 856-859 875 878 
                         880-881 884-885 887-888 899 930 945 
                         1001-1003 1006 1008 1011-1012 1014-1015 
                         1018-1022 1026-1031 1034-1038 1041-1044 
                         1051-1054 1254-1255 1280 1317 1330-1334 
                         1401-1403 1411-1413 1421-1423 1431 1433 
                         1441-1443 1460 1470 1472 1503-1510 
                         1513-1514 1520 2001-2004 2006 2008-2009 
                         2015 2020 2050 2212 2214 2462-2463 2469 
                         2547 2711 3001-3002 3006-3007 3101-3102 
                         3108-3110 3112 3116 3141 3200-3201 3212 
                         3217-3219 3221-3222 3225 3230 3302-3307 
                         3313 3315 3319-3321 3325-3326 3332-3335 
                         3340-3342 3344 3347-3349 3352-3360 3372 
                         3382 3389 3391-3392 3394-3400 3402 
                         3408-3413 3415 3417 3425-3427 3431 3439 
                         3447-3448 3450-3451 3453 3457-3461 3601 
                         3625 3628-3629 3631-3633 3660 3663-3664 
                         3670 3673 3675 3685 3689 3700-3713 3715 
                         3717 3719-3723 3725 3727 3729-3736 3738 
                         3740-3748 3750 3752-3760 3762-3772 
                         3774-3807 3810-3819 3821-3834 3837 
                         3839-3840 3843-3844 3847-3848 3850-3881 
                         3900-3913 3915 3917 3919-3923 3925 3927 
                         3929-3936 3938 3940-3948 3950 3952-3960 
                         3962-3972 3974-4007 4010-4019 4021-4034 
                         4037 4039-4040 4043-4044 4047-4048 
                         4050-4081 4101-4102 4106-4110 4114 
                         4117-4118 4120-4121 4123-4128 4130-4131 
                         4140 4600-4608 5008 5013 5069 5087 5102 
                         5118-5127 97 901-903 911 913 920 1540 
                         1576-1582 1592-1594 1599 3390 4810-4812 
                         4820-4828 277 290-291 311-312 594 596 
                         686-688 695-697 703 735 855 861-862 1312 
                         1315 1317 1328 1331-1333 1401-1403 
                         1411-1413 1421-1423 1441-1443 1460-1461 
                         1474 1479 1481-1482 2008 2010 2547 
                         3002-3003 3101-3102 3110 3112 3195-3199 
                         3201-3203 3205-3207 3210 3217 3219 3225 
                         3229-3230 3296-3297 3305-3307 3317-3318 
                         3320 3328 3332 3334-3335 3337 3341 3343 
                         3348-3349 3355-3360 3372 3382 3404-3407 
                         3419-3420 3422-3427 3436 3470 3480 3614 
                         3620 3650-3651 3670 3700-3713 3715 3717 
                         3719-3723 3725 3727 3729-3736 3738 
                         3740-3748 3750 3752-3760 3762-3772 
                         3774-3807 3810-3819 3821-3834 3837 
                         3839-3840 3843-3844 3847-3848 3850-3881 
                         3900-3913 3915 3917 3919-3923 3925 3927 
                         3929-3936 3938 3940-3948 3950 3952-3960 
                         3962-3972 3974-4007 4010-4019 4021-4034 
                         4037 4039-4040 4043-4044 4047-4048 
                         4050-4081 4101-4114 4130 4140 160-179 
                         184-186 190-201 203-204 206-208 235 271 
                         275 294-297 301-302 304 307 309 337 
                         400-403 475 500-501 503-505 507-509 
                         543-545 585-587 602 623 625-626 630 632 
                         636 654 658 661 667-668 672 676 678 680 
                         689 706 744-745 777 779 809 813-814 
                         836-837 848 853-854 864-865 867 872 874 
                         885 887-888 942 1509-1510 3113-3114 
                         3311-3312 3319 3321 3347 3437-3438 3680 
                         3685 3689 232-233 244 261 278 321-322 338 
                         422-423 426-427 429-432 435-437 446-454 
                         456-458 466-469 476-478 481-487 493-496 
                         513-515 536-537 540-542 546-547 550 
                         554-565 580 588-591 605 616 619-622 
                         627-629 631 638 640-646 649-651 653 
                         655-657 659 664-665 671 673-675 677 
                         682-685 690 698-699 708-709 736-738 
                         746-747 755-758 766-768 774-775 801-804 
                         811-812 821 834-835 844-845 851-852 856 
                         866 873 877 940-941 943-944 1023-1025 
                         1033 9 40-42 159 231 234 245 249-251 
                         257-259 268-269 434 473 637 648 666 670 
                         805-808 817-820 822-827 829 833 846-847 
                         849 863 869 879 886 896-898 904 907 
                         917-918 925-928 970 1004-1005 1009-1010 
                         1013 3104-3105 3107 4100
-outputpath              C:/temp/TestProject/TestProject/Output
-overwrite               - (off)
-ppfilename              - (off)
-pplist                  - (off)
-ppmetrics               - (off)
-prodoption              qar::report_type=Suppression Report
-quiet                   C:/Program Files (x86)/PRQA/QAC-7.2-F/
                         include/ansi
-references              + (on)
-remark                  
-settings                - (off)
-size                    int=16,
                         ldouble=128
-skippragma              
-slashwhite              - (off)
-standard                + (on)
-strict                  + (on)
-strictrank              - (off)
-strictsignedness        + (on)
-style                   EXDENTED
-summary                 - (off)
-suppresslvl             
-tablesummary            - (off)
-tabstop                 8
-textonly                - (off)
-threshold               
-total                   - (off)
-unsignedchar            - (off)
-usrfile                 .mcm
-usrpath                 C:/Program Files (x86)/PRQA/QAC-7.2-F/mcm/
                         messages
-version                 - (off)
-via                     
-warncall                mblen=5008,
                         mbtowc=5008,
                         wctomb=5008,
                         mbstowcs=5008,
                         wcstombs=5008,
                         malloc=5118,
                         calloc=5118,
                         free=5118,
                         realloc=5118,
                         setlocale=5121,
                         longjmp=5122,
                         raise=5123,
                         signal=5123,
                         atof=5125,
                         atoi=5125,
                         atol=5125,
                         exit=5126,
                         getenv=5126,
                         system=5126,
                         abort=5126,
                         clock=5127,
                         difftime=5127,
                         mktime=5127,
                         time=5127,
                         asctime=5127,
                         ctime=5127,
                         gmtime=5127,
                         localtime=5127,
                         strftime=5127
-xcase                   - (off)
-xnamelength             31
</prdf:verbatim>
<prdf:h3>Report Settings</prdf:h3>
<prdf:verbatim>
top_ten: No
Suppression details section: Suppressions by group
</prdf:verbatim>
</prdf:section>
