<?xml version='1.0' encoding='UTF-8' standalone='yes'?>

<prdf:section created_by='standard.prdf.generator' created_by_version='1.3'
 xmlns:prdf='http://www.programmingresearch.com/todo'
 xmlns:svg='http://www.w3.org/2000/svg'
 xmlns:v='urn:schemas-microsoft-com:vml' >
<prdf:h2>Redundant Suppressions</prdf:h2>
<prdf:h3>Duplicated Suppressions</prdf:h3>
<prdf:text>There are no duplicated suppressions.</prdf:text>
<prdf:eoln/>
<prdf:text>There are no unused suppressions.</prdf:text>
<prdf:eoln/>
</prdf:section>
