<?xml version='1.0' encoding='UTF-8' standalone='yes'?>

<prdf:section created_by='standard.prdf.generator' created_by_version='1.3'
 xmlns:prdf='http://www.programmingresearch.com/todo'
 xmlns:svg='http://www.w3.org/2000/svg'
 xmlns:v='urn:schemas-microsoft-com:vml' >
<prdf:text bold='1'>Suppression Summary</prdf:text>
<prdf:table class='center'>
<prdf:col_width width='80%'/>
<prdf:col_width width='20%'/>
<prdf:row>
<prdf:cell align='left'>Number of Files</prdf:cell>
<prdf:cell align='right'>16</prdf:cell>
</prdf:row>
<prdf:row>
<prdf:cell align='left'>Lines of Code</prdf:cell>
<prdf:cell align='right'>65</prdf:cell>
</prdf:row>
<prdf:row>
<prdf:cell align='left'>Number of Unique Messages Suppressed</prdf:cell>
<prdf:cell align='right'>0</prdf:cell>
</prdf:row>
<prdf:row>
<prdf:cell align='left'>Number of Messages Suppressed</prdf:cell>
<prdf:cell align='right'>0</prdf:cell>
</prdf:row>
<prdf:row>
<prdf:cell align='left'>Percentage of Messages Suppressed</prdf:cell>
<prdf:cell align='right'>0.0%</prdf:cell>
</prdf:row>
</prdf:table>
</prdf:section>
