{
  "version" : "3.0.0",
  "gauges" : {
    "jenkins.executor.count.value" : {
      "value" : 15
    },
    "jenkins.executor.free.value" : {
      "value" : 15
    },
    "jenkins.executor.in-use.value" : {
      "value" : 0
    },
    "jenkins.health-check.count" : {
      "value" : 4
    },
    "jenkins.health-check.inverse-score" : {
      "value" : 0.0
    },
    "jenkins.health-check.score" : {
      "value" : 1.0
    },
    "jenkins.job.averageDepth" : {
      "value" : 1.0
    },
    "jenkins.job.count.value" : {
      "value" : 10
    },
    "jenkins.node.count.value" : {
      "value" : 1
    },
    "jenkins.node.offline.value" : {
      "value" : 0
    },
    "jenkins.node.online.value" : {
      "value" : 1
    },
    "jenkins.plugins.active" : {
      "value" : 120
    },
    "jenkins.plugins.failed" : {
      "value" : 0
    },
    "jenkins.plugins.inactive" : {
      "value" : 0
    },
    "jenkins.plugins.withUpdate" : {
      "value" : 0
    },
    "jenkins.project.count.value" : {
      "value" : 6
    },
    "jenkins.project.disabled.count.value" : {
      "value" : 0
    },
    "jenkins.project.enabled.count.value" : {
      "value" : 6
    },
    "jenkins.queue.blocked.value" : {
      "value" : 0
    },
    "jenkins.queue.buildable.value" : {
      "value" : 0
    },
    "jenkins.queue.pending.value" : {
      "value" : 0
    },
    "jenkins.queue.size.value" : {
      "value" : 0
    },
    "jenkins.queue.stuck.value" : {
      "value" : 0
    },
    "jenkins.versions.core" : {
      "value" : "2.32.1"
    },
    "jenkins.versions.plugin.ace-editor" : {
      "value" : "1.1"
    },
    "jenkins.versions.plugin.ansicolor" : {
      "value" : "0.4.3"
    },
    "jenkins.versions.plugin.ant" : {
      "value" : "1.4"
    },
    "jenkins.versions.plugin.antisamy-markup-formatter" : {
      "value" : "1.5"
    },
    "jenkins.versions.plugin.authentication-tokens" : {
      "value" : "1.3"
    },
    "jenkins.versions.plugin.blueocean" : {
      "value" : "1.0.0-b14"
    },
    "jenkins.versions.plugin.blueocean-autofavorite" : {
      "value" : "0.5"
    },
    "jenkins.versions.plugin.blueocean-commons" : {
      "value" : "1.0.0-b14"
    },
    "jenkins.versions.plugin.blueocean-config" : {
      "value" : "1.0.0-b14"
    },
    "jenkins.versions.plugin.blueocean-dashboard" : {
      "value" : "1.0.0-b14"
    },
    "jenkins.versions.plugin.blueocean-display-url" : {
      "value" : "1.3"
    },
    "jenkins.versions.plugin.blueocean-events" : {
      "value" : "1.0.0-b14"
    },
    "jenkins.versions.plugin.blueocean-i18n" : {
      "value" : "1.0.0-b14"
    },
    "jenkins.versions.plugin.blueocean-jwt" : {
      "value" : "1.0.0-b14"
    },
    "jenkins.versions.plugin.blueocean-personalization" : {
      "value" : "1.0.0-b14"
    },
    "jenkins.versions.plugin.blueocean-pipeline-api-impl" : {
      "value" : "1.0.0-b14"
    },
    "jenkins.versions.plugin.blueocean-rest" : {
      "value" : "1.0.0-b14"
    },
    "jenkins.versions.plugin.blueocean-rest-impl" : {
      "value" : "1.0.0-b14"
    },
    "jenkins.versions.plugin.blueocean-web" : {
      "value" : "1.0.0-b14"
    },
    "jenkins.versions.plugin.bouncycastle-api" : {
      "value" : "2.16.0"
    },
    "jenkins.versions.plugin.branch-api" : {
      "value" : "1.11.1"
    },
    "jenkins.versions.plugin.build-failure-analyzer" : {
      "value" : "1.17.2"
    },
    "jenkins.versions.plugin.build-monitor-plugin" : {
      "value" : "1.10+build.201611041949"
    },
    "jenkins.versions.plugin.build-timeout" : {
      "value" : "1.18"
    },
    "jenkins.versions.plugin.claim" : {
      "value" : "2.9"
    },
    "jenkins.versions.plugin.cloudbees-folder" : {
      "value" : "5.15"
    },
    "jenkins.versions.plugin.conditional-buildstep" : {
      "value" : "1.3.5"
    },
    "jenkins.versions.plugin.config-file-provider" : {
      "value" : "2.15.1"
    },
    "jenkins.versions.plugin.credentials" : {
      "value" : "2.1.10"
    },
    "jenkins.versions.plugin.credentials-binding" : {
      "value" : "1.10"
    },
    "jenkins.versions.plugin.custom-tools-plugin" : {
      "value" : "0.4.4"
    },
    "jenkins.versions.plugin.cvs" : {
      "value" : "2.12"
    },
    "jenkins.versions.plugin.dashboard-view" : {
      "value" : "2.9.10"
    },
    "jenkins.versions.plugin.display-url-api" : {
      "value" : "0.5"
    },
    "jenkins.versions.plugin.docker-commons" : {
      "value" : "1.5"
    },
    "jenkins.versions.plugin.docker-workflow" : {
      "value" : "1.9.1"
    },
    "jenkins.versions.plugin.durable-task" : {
      "value" : "1.12"
    },
    "jenkins.versions.plugin.envinject" : {
      "value" : "1.93.1"
    },
    "jenkins.versions.plugin.extended-choice-parameter" : {
      "value" : "0.75"
    },
    "jenkins.versions.plugin.external-monitor-job" : {
      "value" : "1.6"
    },
    "jenkins.versions.plugin.favorite" : {
      "value" : "2.0.4"
    },
    "jenkins.versions.plugin.git" : {
      "value" : "3.0.1"
    },
    "jenkins.versions.plugin.git-client" : {
      "value" : "2.1.0"
    },
    "jenkins.versions.plugin.git-server" : {
      "value" : "1.7"
    },
    "jenkins.versions.plugin.github" : {
      "value" : "1.25.0"
    },
    "jenkins.versions.plugin.github-api" : {
      "value" : "1.82"
    },
    "jenkins.versions.plugin.github-branch-source" : {
      "value" : "1.10.1"
    },
    "jenkins.versions.plugin.greenballs" : {
      "value" : "1.15"
    },
    "jenkins.versions.plugin.handlebars" : {
      "value" : "1.1.1"
    },
    "jenkins.versions.plugin.htmlpublisher" : {
      "value" : "1.11"
    },
    "jenkins.versions.plugin.icon-shim" : {
      "value" : "2.0.3"
    },
    "jenkins.versions.plugin.instant-messaging" : {
      "value" : "1.35"
    },
    "jenkins.versions.plugin.ircbot" : {
      "value" : "2.27"
    },
    "jenkins.versions.plugin.jackson2-api" : {
      "value" : "2.7.3"
    },
    "jenkins.versions.plugin.javadoc" : {
      "value" : "1.4"
    },
    "jenkins.versions.plugin.jobConfigHistory" : {
      "value" : "2.15"
    },
    "jenkins.versions.plugin.jquery" : {
      "value" : "1.11.2-0"
    },
    "jenkins.versions.plugin.jquery-detached" : {
      "value" : "1.2.1"
    },
    "jenkins.versions.plugin.junit" : {
      "value" : "1.19"
    },
    "jenkins.versions.plugin.ldap" : {
      "value" : "1.13"
    },
    "jenkins.versions.plugin.mailer" : {
      "value" : "1.18"
    },
    "jenkins.versions.plugin.managed-scripts" : {
      "value" : "1.3"
    },
    "jenkins.versions.plugin.mapdb-api" : {
      "value" : "1.0.9.0"
    },
    "jenkins.versions.plugin.matrix-auth" : {
      "value" : "1.4"
    },
    "jenkins.versions.plugin.matrix-project" : {
      "value" : "1.7.1"
    },
    "jenkins.versions.plugin.maven-plugin" : {
      "value" : "2.14"
    },
    "jenkins.versions.plugin.metrics" : {
      "value" : "3.1.2.9"
    },
    "jenkins.versions.plugin.momentjs" : {
      "value" : "1.1.1"
    },
    "jenkins.versions.plugin.monitoring" : {
      "value" : "1.62.0"
    },
    "jenkins.versions.plugin.ownership" : {
      "value" : "0.9.0"
    },
    "jenkins.versions.plugin.pam-auth" : {
      "value" : "1.3"
    },
    "jenkins.versions.plugin.parameterized-trigger" : {
      "value" : "2.32"
    },
    "jenkins.versions.plugin.pipeline-build-step" : {
      "value" : "2.4"
    },
    "jenkins.versions.plugin.pipeline-graph-analysis" : {
      "value" : "1.3"
    },
    "jenkins.versions.plugin.pipeline-input-step" : {
      "value" : "2.5"
    },
    "jenkins.versions.plugin.pipeline-milestone-step" : {
      "value" : "1.3"
    },
    "jenkins.versions.plugin.pipeline-model-api" : {
      "value" : "0.7.1"
    },
    "jenkins.versions.plugin.pipeline-model-declarative-agent" : {
      "value" : "0.7.1"
    },
    "jenkins.versions.plugin.pipeline-model-definition" : {
      "value" : "0.7.1"
    },
    "jenkins.versions.plugin.pipeline-rest-api" : {
      "value" : "2.4"
    },
    "jenkins.versions.plugin.pipeline-stage-step" : {
      "value" : "2.2"
    },
    "jenkins.versions.plugin.pipeline-stage-tags-metadata" : {
      "value" : "0.7.1"
    },
    "jenkins.versions.plugin.pipeline-stage-view" : {
      "value" : "2.4"
    },
    "jenkins.versions.plugin.plain-credentials" : {
      "value" : "1.3"
    },
    "jenkins.versions.plugin.project-build-times" : {
      "value" : "1.2.1"
    },
    "jenkins.versions.plugin.rebuild" : {
      "value" : "1.25"
    },
    "jenkins.versions.plugin.resource-disposer" : {
      "value" : "0.3"
    },
    "jenkins.versions.plugin.role-strategy" : {
      "value" : "2.3.2"
    },
    "jenkins.versions.plugin.run-condition" : {
      "value" : "1.0"
    },
    "jenkins.versions.plugin.scm-api" : {
      "value" : "1.3"
    },
    "jenkins.versions.plugin.script-security" : {
      "value" : "1.24"
    },
    "jenkins.versions.plugin.sse-gateway" : {
      "value" : "1.10"
    },
    "jenkins.versions.plugin.ssh-credentials" : {
      "value" : "1.12"
    },
    "jenkins.versions.plugin.ssh-slaves" : {
      "value" : "1.12"
    },
    "jenkins.versions.plugin.structs" : {
      "value" : "1.5"
    },
    "jenkins.versions.plugin.subversion" : {
      "value" : "2.7.1"
    },
    "jenkins.versions.plugin.support-core" : {
      "value" : "2.38"
    },
    "jenkins.versions.plugin.test-stability" : {
      "value" : "1.0"
    },
    "jenkins.versions.plugin.testdroid-marionette" : {
      "value" : "0.0.1"
    },
    "jenkins.versions.plugin.timestamper" : {
      "value" : "1.8.7"
    },
    "jenkins.versions.plugin.token-macro" : {
      "value" : "2.0"
    },
    "jenkins.versions.plugin.translation" : {
      "value" : "1.15"
    },
    "jenkins.versions.plugin.urltrigger" : {
      "value" : "0.41"
    },
    "jenkins.versions.plugin.variant" : {
      "value" : "1.1"
    },
    "jenkins.versions.plugin.view-job-filters" : {
      "value" : "1.27"
    },
    "jenkins.versions.plugin.windows-slaves" : {
      "value" : "1.2"
    },
    "jenkins.versions.plugin.workflow-aggregator" : {
      "value" : "2.4"
    },
    "jenkins.versions.plugin.workflow-api" : {
      "value" : "2.8"
    },
    "jenkins.versions.plugin.workflow-basic-steps" : {
      "value" : "2.3"
    },
    "jenkins.versions.plugin.workflow-cps" : {
      "value" : "2.23"
    },
    "jenkins.versions.plugin.workflow-cps-global-lib" : {
      "value" : "2.5"
    },
    "jenkins.versions.plugin.workflow-durable-task-step" : {
      "value" : "2.5"
    },
    "jenkins.versions.plugin.workflow-job" : {
      "value" : "2.9"
    },
    "jenkins.versions.plugin.workflow-multibranch" : {
      "value" : "2.9.2"
    },
    "jenkins.versions.plugin.workflow-scm-step" : {
      "value" : "2.3"
    },
    "jenkins.versions.plugin.workflow-step-api" : {
      "value" : "2.6"
    },
    "jenkins.versions.plugin.workflow-support" : {
      "value" : "2.11"
    },
    "jenkins.versions.plugin.ws-cleanup" : {
      "value" : "0.32"
    },
    "jenkins.versions.plugin.xvfb" : {
      "value" : "1.1.3"
    },
    "jenkins.versions.plugin.zaproxy" : {
      "value" : "1.2.1"
    },
    "system.cpu.load" : {
      "value" : 0.51
    },
    "vm.blocked.count" : {
      "value" : 0
    },
    "vm.class.loaded" : {
      "value" : 16216
    },
    "vm.class.unloaded" : {
      "value" : 6
    },
    "vm.count" : {
      "value" : 58
    },
    "vm.cpu.load" : {
      "value" : 0.2616786198875751
    },
    "vm.daemon.count" : {
      "value" : 50
    },
    "vm.deadlock.count" : {
      "value" : 0
    },
    "vm.deadlocks" : {
      "value" : [ ]
    },
    "vm.file.descriptor.ratio" : {
      "value" : 0.17333984375
    },
    "vm.gc.PS-MarkSweep.count" : {
      "value" : 4
    },
    "vm.gc.PS-MarkSweep.time" : {
      "value" : 495
    },
    "vm.gc.PS-Scavenge.count" : {
      "value" : 22
    },
    "vm.gc.PS-Scavenge.time" : {
      "value" : 330
    },
    "vm.memory.heap.committed" : {
      "value" : 1675624448
    },
    "vm.memory.heap.init" : {
      "value" : 262144000
    },
    "vm.memory.heap.max" : {
      "value" : 3717201920
    },
    "vm.memory.heap.usage" : {
      "value" : 0.34769221468604
    },
    "vm.memory.heap.used" : {
      "value" : 1292442168
    },
    "vm.memory.non-heap.committed" : {
      "value" : 161218560
    },
    "vm.memory.non-heap.init" : {
      "value" : 2555904
    },
    "vm.memory.non-heap.max" : {
      "value" : -1
    },
    "vm.memory.non-heap.usage" : {
      "value" : -1.47242488E8
    },
    "vm.memory.non-heap.used" : {
      "value" : 147242488
    },
    "vm.memory.pools.Code-Cache.committed" : {
      "value" : 38797312
    },
    "vm.memory.pools.Code-Cache.init" : {
      "value" : 2555904
    },
    "vm.memory.pools.Code-Cache.max" : {
      "value" : 251658240
    },
    "vm.memory.pools.Code-Cache.usage" : {
      "value" : 0.15247828165690105
    },
    "vm.memory.pools.Code-Cache.used" : {
      "value" : 38372416
    },
    "vm.memory.pools.Compressed-Class-Space.committed" : {
      "value" : 13893632
    },
    "vm.memory.pools.Compressed-Class-Space.init" : {
      "value" : 0
    },
    "vm.memory.pools.Compressed-Class-Space.max" : {
      "value" : 1073741824
    },
    "vm.memory.pools.Compressed-Class-Space.usage" : {
      "value" : 0.010314211249351501
    },
    "vm.memory.pools.Compressed-Class-Space.used" : {
      "value" : 11074800
    },
    "vm.memory.pools.Metaspace.committed" : {
      "value" : 108527616
    },
    "vm.memory.pools.Metaspace.init" : {
      "value" : 0
    },
    "vm.memory.pools.Metaspace.max" : {
      "value" : -1
    },
    "vm.memory.pools.Metaspace.usage" : {
      "value" : 0.9011624838419007
    },
    "vm.memory.pools.Metaspace.used" : {
      "value" : 97801016
    },
    "vm.memory.pools.PS-Eden-Space.committed" : {
      "value" : 1302331392
    },
    "vm.memory.pools.PS-Eden-Space.init" : {
      "value" : 66060288
    },
    "vm.memory.pools.PS-Eden-Space.max" : {
      "value" : 1306001408
    },
    "vm.memory.pools.PS-Eden-Space.usage" : {
      "value" : 0.926997793864553
    },
    "vm.memory.pools.PS-Eden-Space.used" : {
      "value" : 1210660424
    },
    "vm.memory.pools.PS-Old-Gen.committed" : {
      "value" : 331350016
    },
    "vm.memory.pools.PS-Old-Gen.init" : {
      "value" : 175112192
    },
    "vm.memory.pools.PS-Old-Gen.max" : {
      "value" : 2788163584
    },
    "vm.memory.pools.PS-Old-Gen.usage" : {
      "value" : 0.02933175961027113
    },
    "vm.memory.pools.PS-Old-Gen.used" : {
      "value" : 81781744
    },
    "vm.memory.pools.PS-Survivor-Space.committed" : {
      "value" : 41943040
    },
    "vm.memory.pools.PS-Survivor-Space.init" : {
      "value" : 10485760
    },
    "vm.memory.pools.PS-Survivor-Space.max" : {
      "value" : 41943040
    },
    "vm.memory.pools.PS-Survivor-Space.usage" : {
      "value" : 0.0
    },
    "vm.memory.pools.PS-Survivor-Space.used" : {
      "value" : 0
    },
    "vm.memory.total.committed" : {
      "value" : 1836843008
    },
    "vm.memory.total.init" : {
      "value" : 264699904
    },
    "vm.memory.total.max" : {
      "value" : 3717201919
    },
    "vm.memory.total.used" : {
      "value" : 1441123488
    },
    "vm.new.count" : {
      "value" : 0
    },
    "vm.runnable.count" : {
      "value" : 12
    },
    "vm.terminated.count" : {
      "value" : 0
    },
    "vm.timed_waiting.count" : {
      "value" : 13
    },
    "vm.uptime.milliseconds" : {
      "value" : 245158
    },
    "vm.waiting.count" : {
      "value" : 33
    }
  },
  "counters" : {
    "http.activeRequests" : {
      "count" : 1
    }
  },
  "histograms" : {
    "jenkins.executor.count.history" : {
      "count" : 15,
      "max" : 15,
      "mean" : 14.999999999999998,
      "min" : 15,
      "p50" : 15.0,
      "p75" : 15.0,
      "p95" : 15.0,
      "p98" : 15.0,
      "p99" : 15.0,
      "p999" : 15.0,
      "values" : [ 15, 15, 15, 15, 15, 15, 15, 15, 15, 15, 15, 15, 15, 15, 15 ],
      "stddev" : 1.7763568394002505E-15
    },
    "jenkins.executor.free.history" : {
      "count" : 15,
      "max" : 15,
      "mean" : 14.978011355661975,
      "min" : 14,
      "p50" : 15.0,
      "p75" : 15.0,
      "p95" : 15.0,
      "p98" : 15.0,
      "p99" : 15.0,
      "p999" : 15.0,
      "values" : [ 14, 15, 15, 15, 15, 15, 15, 15, 15, 15, 15, 15, 15, 15, 15 ],
      "stddev" : 0.14664632234802716
    },
    "jenkins.executor.in-use.history" : {
      "count" : 15,
      "max" : 1,
      "mean" : 0.02198864433802568,
      "min" : 0,
      "p50" : 0.0,
      "p75" : 0.0,
      "p95" : 0.0,
      "p98" : 1.0,
      "p99" : 1.0,
      "p999" : 1.0,
      "values" : [ 0, 0, 0, 0, 0, 0, 0, 0, 0, 0, 0, 0, 0, 0, 1 ],
      "stddev" : 0.14664632234802716
    },
    "jenkins.job.count.history" : {
      "count" : 15,
      "max" : 10,
      "mean" : 10.0,
      "min" : 10,
      "p50" : 10.0,
      "p75" : 10.0,
      "p95" : 10.0,
      "p98" : 10.0,
      "p99" : 10.0,
      "p999" : 10.0,
      "values" : [ 10, 10, 10, 10, 10, 10, 10, 10, 10, 10, 10, 10, 10, 10, 10 ],
      "stddev" : 0.0
    },
    "jenkins.node.count.history" : {
      "count" : 15,
      "max" : 1,
      "mean" : 1.0,
      "min" : 1,
      "p50" : 1.0,
      "p75" : 1.0,
      "p95" : 1.0,
      "p98" : 1.0,
      "p99" : 1.0,
      "p999" : 1.0,
      "values" : [ 1, 1, 1, 1, 1, 1, 1, 1, 1, 1, 1, 1, 1, 1, 1 ],
      "stddev" : 0.0
    },
    "jenkins.node.offline.history" : {
      "count" : 15,
      "max" : 0,
      "mean" : 0.0,
      "min" : 0,
      "p50" : 0.0,
      "p75" : 0.0,
      "p95" : 0.0,
      "p98" : 0.0,
      "p99" : 0.0,
      "p999" : 0.0,
      "values" : [ 0, 0, 0, 0, 0, 0, 0, 0, 0, 0, 0, 0, 0, 0, 0 ],
      "stddev" : 0.0
    },
    "jenkins.node.online.history" : {
      "count" : 15,
      "max" : 1,
      "mean" : 1.0,
      "min" : 1,
      "p50" : 1.0,
      "p75" : 1.0,
      "p95" : 1.0,
      "p98" : 1.0,
      "p99" : 1.0,
      "p999" : 1.0,
      "values" : [ 1, 1, 1, 1, 1, 1, 1, 1, 1, 1, 1, 1, 1, 1, 1 ],
      "stddev" : 0.0
    },
    "jenkins.project.count.history" : {
      "count" : 15,
      "max" : 6,
      "mean" : 6.0,
      "min" : 6,
      "p50" : 6.0,
      "p75" : 6.0,
      "p95" : 6.0,
      "p98" : 6.0,
      "p99" : 6.0,
      "p999" : 6.0,
      "values" : [ 6, 6, 6, 6, 6, 6, 6, 6, 6, 6, 6, 6, 6, 6, 6 ],
      "stddev" : 0.0
    },
    "jenkins.project.disabled.count.history" : {
      "count" : 15,
      "max" : 0,
      "mean" : 0.0,
      "min" : 0,
      "p50" : 0.0,
      "p75" : 0.0,
      "p95" : 0.0,
      "p98" : 0.0,
      "p99" : 0.0,
      "p999" : 0.0,
      "values" : [ 0, 0, 0, 0, 0, 0, 0, 0, 0, 0, 0, 0, 0, 0, 0 ],
      "stddev" : 0.0
    },
    "jenkins.project.enabled.count.history" : {
      "count" : 15,
      "max" : 6,
      "mean" : 6.0,
      "min" : 6,
      "p50" : 6.0,
      "p75" : 6.0,
      "p95" : 6.0,
      "p98" : 6.0,
      "p99" : 6.0,
      "p999" : 6.0,
      "values" : [ 6, 6, 6, 6, 6, 6, 6, 6, 6, 6, 6, 6, 6, 6, 6 ],
      "stddev" : 0.0
    },
    "jenkins.queue.blocked.history" : {
      "count" : 15,
      "max" : 0,
      "mean" : 0.0,
      "min" : 0,
      "p50" : 0.0,
      "p75" : 0.0,
      "p95" : 0.0,
      "p98" : 0.0,
      "p99" : 0.0,
      "p999" : 0.0,
      "values" : [ 0, 0, 0, 0, 0, 0, 0, 0, 0, 0, 0, 0, 0, 0, 0 ],
      "stddev" : 0.0
    },
    "jenkins.queue.buildable.history" : {
      "count" : 15,
      "max" : 0,
      "mean" : 0.0,
      "min" : 0,
      "p50" : 0.0,
      "p75" : 0.0,
      "p95" : 0.0,
      "p98" : 0.0,
      "p99" : 0.0,
      "p999" : 0.0,
      "values" : [ 0, 0, 0, 0, 0, 0, 0, 0, 0, 0, 0, 0, 0, 0, 0 ],
      "stddev" : 0.0
    },
    "jenkins.queue.pending.history" : {
      "count" : 15,
      "max" : 0,
      "mean" : 0.0,
      "min" : 0,
      "p50" : 0.0,
      "p75" : 0.0,
      "p95" : 0.0,
      "p98" : 0.0,
      "p99" : 0.0,
      "p999" : 0.0,
      "values" : [ 0, 0, 0, 0, 0, 0, 0, 0, 0, 0, 0, 0, 0, 0, 0 ],
      "stddev" : 0.0
    },
    "jenkins.queue.size.history" : {
      "count" : 15,
      "max" : 0,
      "mean" : 0.0,
      "min" : 0,
      "p50" : 0.0,
      "p75" : 0.0,
      "p95" : 0.0,
      "p98" : 0.0,
      "p99" : 0.0,
      "p999" : 0.0,
      "values" : [ 0, 0, 0, 0, 0, 0, 0, 0, 0, 0, 0, 0, 0, 0, 0 ],
      "stddev" : 0.0
    },
    "jenkins.queue.stuck.history" : {
      "count" : 15,
      "max" : 0,
      "mean" : 0.0,
      "min" : 0,
      "p50" : 0.0,
      "p75" : 0.0,
      "p95" : 0.0,
      "p98" : 0.0,
      "p99" : 0.0,
      "p999" : 0.0,
      "values" : [ 0, 0, 0, 0, 0, 0, 0, 0, 0, 0, 0, 0, 0, 0, 0 ],
      "stddev" : 0.0
    },
    "system.cpu.load.x100.history" : {
      "count" : 15,
      "max" : 123,
      "mean" : 59.85129073266641,
      "min" : 38,
      "p50" : 51.0,
      "p75" : 63.0,
      "p95" : 110.0,
      "p98" : 123.0,
      "p99" : 123.0,
      "p999" : 123.0,
      "values" : [ 38, 44, 49, 51, 55, 63, 68, 78, 81, 89, 96, 100, 110, 114, 123 ],
      "stddev" : 20.99562001478044
    },
    "system.cpu.load.x100.window.15m" : {
      "count" : 15,
      "max" : 123,
      "mean" : 77.26666666666667,
      "min" : 38,
      "p50" : 78.0,
      "p75" : 100.0,
      "p95" : 123.0,
      "p98" : 123.0,
      "p99" : 123.0,
      "p999" : 123.0,
      "values" : [ 38, 44, 49, 51, 55, 63, 68, 78, 81, 89, 96, 100, 110, 114, 123 ],
      "stddev" : 27.32729317698612
    },
    "system.cpu.load.x100.window.1h" : {
      "count" : 15,
      "max" : 123,
      "mean" : 77.26666666666667,
      "min" : 38,
      "p50" : 78.0,
      "p75" : 100.0,
      "p95" : 123.0,
      "p98" : 123.0,
      "p99" : 123.0,
      "p999" : 123.0,
      "values" : [ 38, 44, 49, 51, 55, 63, 68, 78, 81, 89, 96, 100, 110, 114, 123 ],
      "stddev" : 27.32729317698612
    },
    "system.cpu.load.x100.window.5m" : {
      "count" : 15,
      "max" : 123,
      "mean" : 77.26666666666667,
      "min" : 38,
      "p50" : 78.0,
      "p75" : 100.0,
      "p95" : 123.0,
      "p98" : 123.0,
      "p99" : 123.0,
      "p999" : 123.0,
      "values" : [ 38, 44, 49, 51, 55, 63, 68, 78, 81, 89, 96, 100, 110, 114, 123 ],
      "stddev" : 27.32729317698612
    },
    "vm.cpu.load.x100.history" : {
      "count" : 15,
      "max" : 5101,
      "mean" : 51.78151951442591,
      "min" : 0,
      "p50" : 1.0,
      "p75" : 5.0,
      "p95" : 37.0,
      "p98" : 65.0,
      "p99" : 65.0,
      "p999" : 5101.0,
      "values" : [ 0, 0, 0, 0, 0, 1, 1, 5, 7, 25, 29, 34, 37, 65, 5101 ],
      "stddev" : 479.7576937816894
    },
    "vm.cpu.load.x100.window.15m" : {
      "count" : 15,
      "max" : 5101,
      "mean" : 353.6666666666667,
      "min" : 0,
      "p50" : 5.0,
      "p75" : 34.0,
      "p95" : 5101.0,
      "p98" : 5101.0,
      "p99" : 5101.0,
      "p999" : 5101.0,
      "values" : [ 0, 0, 0, 0, 0, 1, 1, 5, 7, 25, 29, 34, 37, 65, 5101 ],
      "stddev" : 1313.4548590136878
    },
    "vm.cpu.load.x100.window.1h" : {
      "count" : 15,
      "max" : 5101,
      "mean" : 353.6666666666667,
      "min" : 0,
      "p50" : 5.0,
      "p75" : 34.0,
      "p95" : 5101.0,
      "p98" : 5101.0,
      "p99" : 5101.0,
      "p999" : 5101.0,
      "values" : [ 0, 0, 0, 0, 0, 1, 1, 5, 7, 25, 29, 34, 37, 65, 5101 ],
      "stddev" : 1313.4548590136878
    },
    "vm.cpu.load.x100.window.5m" : {
      "count" : 15,
      "max" : 5101,
      "mean" : 353.6666666666667,
      "min" : 0,
      "p50" : 5.0,
      "p75" : 34.0,
      "p95" : 5101.0,
      "p98" : 5101.0,
      "p99" : 5101.0,
      "p999" : 5101.0,
      "values" : [ 0, 0, 0, 0, 0, 1, 1, 5, 7, 25, 29, 34, 37, 65, 5101 ],
      "stddev" : 1313.4548590136878
    },
    "vm.file.descriptor.ratio.x100.history" : {
      "count" : 15,
      "max" : 17,
      "mean" : 16.0517144428702,
      "min" : 16,
      "p50" : 16.0,
      "p75" : 16.0,
      "p95" : 17.0,
      "p98" : 17.0,
      "p99" : 17.0,
      "p999" : 17.0,
      "values" : [ 16, 16, 16, 16, 16, 16, 16, 16, 16, 16, 16, 17, 17, 17, 17 ],
      "stddev" : 0.2214499023906392
    },
    "vm.file.descriptor.ratio.x100.window.15m" : {
      "count" : 15,
      "max" : 17,
      "mean" : 16.266666666666666,
      "min" : 16,
      "p50" : 16.0,
      "p75" : 17.0,
      "p95" : 17.0,
      "p98" : 17.0,
      "p99" : 17.0,
      "p999" : 17.0,
      "values" : [ 16, 16, 16, 16, 16, 16, 16, 16, 16, 16, 16, 17, 17, 17, 17 ],
      "stddev" : 0.45773770821706344
    },
    "vm.file.descriptor.ratio.x100.window.1h" : {
      "count" : 15,
      "max" : 17,
      "mean" : 16.266666666666666,
      "min" : 16,
      "p50" : 16.0,
      "p75" : 17.0,
      "p95" : 17.0,
      "p98" : 17.0,
      "p99" : 17.0,
      "p999" : 17.0,
      "values" : [ 16, 16, 16, 16, 16, 16, 16, 16, 16, 16, 16, 17, 17, 17, 17 ],
      "stddev" : 0.45773770821706344
    },
    "vm.file.descriptor.ratio.x100.window.5m" : {
      "count" : 15,
      "max" : 17,
      "mean" : 16.266666666666666,
      "min" : 16,
      "p50" : 16.0,
      "p75" : 17.0,
      "p95" : 17.0,
      "p98" : 17.0,
      "p99" : 17.0,
      "p999" : 17.0,
      "values" : [ 16, 16, 16, 16, 16, 16, 16, 16, 16, 16, 16, 17, 17, 17, 17 ],
      "stddev" : 0.45773770821706344
    },
    "vm.memory.heap.committed.history" : {
      "count" : 15,
      "max" : 1675624448,
      "mean" : 1.671394779155529E9,
      "min" : 1593835520,
      "p50" : 1.675624448E9,
      "p75" : 1.675624448E9,
      "p95" : 1.675624448E9,
      "p98" : 1.675624448E9,
      "p99" : 1.675624448E9,
      "p999" : 1.675624448E9,
      "values" : [ 1593835520, 1593835520, 1593835520, 1593835520, 1675624448, 1675624448, 1675624448, 1675624448, 1675624448, 1675624448, 1675624448, 1675624448, 1675624448, 1675624448, 1675624448 ],
      "stddev" : 1.811215012223502E7
    },
    "vm.memory.heap.committed.window.15m" : {
      "count" : 15,
      "max" : 1675624448,
      "mean" : 1.6538140672E9,
      "min" : 1593835520,
      "p50" : 1.675624448E9,
      "p75" : 1.675624448E9,
      "p95" : 1.675624448E9,
      "p98" : 1.675624448E9,
      "p99" : 1.675624448E9,
      "p999" : 1.675624448E9,
      "values" : [ 1593835520, 1593835520, 1593835520, 1593835520, 1675624448, 1675624448, 1675624448, 1675624448, 1675624448, 1675624448, 1675624448, 1675624448, 1675624448, 1675624448, 1675624448 ],
      "stddev" : 3.7437876460250415E7
    },
    "vm.memory.heap.committed.window.1h" : {
      "count" : 15,
      "max" : 1675624448,
      "mean" : 1.6538140672E9,
      "min" : 1593835520,
      "p50" : 1.675624448E9,
      "p75" : 1.675624448E9,
      "p95" : 1.675624448E9,
      "p98" : 1.675624448E9,
      "p99" : 1.675624448E9,
      "p999" : 1.675624448E9,
      "values" : [ 1593835520, 1593835520, 1593835520, 1593835520, 1675624448, 1675624448, 1675624448, 1675624448, 1675624448, 1675624448, 1675624448, 1675624448, 1675624448, 1675624448, 1675624448 ],
      "stddev" : 3.7437876460250415E7
    },
    "vm.memory.heap.committed.window.5m" : {
      "count" : 15,
      "max" : 1675624448,
      "mean" : 1.6538140672E9,
      "min" : 1593835520,
      "p50" : 1.675624448E9,
      "p75" : 1.675624448E9,
      "p95" : 1.675624448E9,
      "p98" : 1.675624448E9,
      "p99" : 1.675624448E9,
      "p999" : 1.675624448E9,
      "values" : [ 1593835520, 1593835520, 1593835520, 1593835520, 1675624448, 1675624448, 1675624448, 1675624448, 1675624448, 1675624448, 1675624448, 1675624448, 1675624448, 1675624448, 1675624448 ],
      "stddev" : 3.7437876460250415E7
    },
    "vm.memory.heap.usage.x100.history" : {
      "count" : 15,
      "max" : 34,
      "mean" : 31.877187327065283,
      "min" : 6,
      "p50" : 33.0,
      "p75" : 33.0,
      "p95" : 34.0,
      "p98" : 34.0,
      "p99" : 34.0,
      "p999" : 34.0,
      "values" : [ 6, 10, 25, 31, 31, 33, 33, 33, 33, 33, 33, 33, 33, 34, 34 ],
      "stddev" : 5.498656436107578
    },
    "vm.memory.heap.usage.x100.window.15m" : {
      "count" : 15,
      "max" : 34,
      "mean" : 29.0,
      "min" : 6,
      "p50" : 33.0,
      "p75" : 33.0,
      "p95" : 34.0,
      "p98" : 34.0,
      "p99" : 34.0,
      "p999" : 34.0,
      "values" : [ 6, 10, 25, 31, 31, 33, 33, 33, 33, 33, 33, 33, 33, 34, 34 ],
      "stddev" : 8.831760866327848
    },
    "vm.memory.heap.usage.x100.window.1h" : {
      "count" : 15,
      "max" : 34,
      "mean" : 29.0,
      "min" : 6,
      "p50" : 33.0,
      "p75" : 33.0,
      "p95" : 34.0,
      "p98" : 34.0,
      "p99" : 34.0,
      "p999" : 34.0,
      "values" : [ 6, 10, 25, 31, 31, 33, 33, 33, 33, 33, 33, 33, 33, 34, 34 ],
      "stddev" : 8.831760866327848
    },
    "vm.memory.heap.usage.x100.window.5m" : {
      "count" : 15,
      "max" : 34,
      "mean" : 29.0,
      "min" : 6,
      "p50" : 33.0,
      "p75" : 33.0,
      "p95" : 34.0,
      "p98" : 34.0,
      "p99" : 34.0,
      "p999" : 34.0,
      "values" : [ 6, 10, 25, 31, 31, 33, 33, 33, 33, 33, 33, 33, 33, 34, 34 ],
      "stddev" : 8.831760866327848
    },
    "vm.memory.heap.used.history" : {
      "count" : 15,
      "max" : 1259493184,
      "mean" : 1.1867187628146486E9,
      "min" : 209938688,
      "p50" : 1.233887168E9,
      "p75" : 1.241329216E9,
      "p95" : 1.259493184E9,
      "p98" : 1.259493184E9,
      "p99" : 1.259493184E9,
      "p999" : 1.259493184E9,
      "values" : [ 209938688, 354200488, 923914816, 1142520840, 1142521680, 1212538504, 1222032760, 1223256048, 1230698096, 1231440552, 1232663912, 1233887168, 1241329216, 1258976088, 1259493184 ],
      "stddev" : 2.0831407340278792E8
    },
    "vm.memory.heap.used.window.15m" : {
      "count" : 15,
      "max" : 1259493184,
      "mean" : 1.0746274693333333E9,
      "min" : 209938688,
      "p50" : 1.223256048E9,
      "p75" : 1.233887168E9,
      "p95" : 1.259493184E9,
      "p98" : 1.259493184E9,
      "p99" : 1.259493184E9,
      "p999" : 1.259493184E9,
      "values" : [ 209938688, 354200488, 923914816, 1142520840, 1142521680, 1212538504, 1222032760, 1223256048, 1230698096, 1231440552, 1232663912, 1233887168, 1241329216, 1258976088, 1259493184 ],
      "stddev" : 3.3345701793365055E8
    },
    "vm.memory.heap.used.window.1h" : {
      "count" : 15,
      "max" : 1259493184,
      "mean" : 1.0746274693333333E9,
      "min" : 209938688,
      "p50" : 1.223256048E9,
      "p75" : 1.233887168E9,
      "p95" : 1.259493184E9,
      "p98" : 1.259493184E9,
      "p99" : 1.259493184E9,
      "p999" : 1.259493184E9,
      "values" : [ 209938688, 354200488, 923914816, 1142520840, 1142521680, 1212538504, 1222032760, 1223256048, 1230698096, 1231440552, 1232663912, 1233887168, 1241329216, 1258976088, 1259493184 ],
      "stddev" : 3.3345701793365055E8
    },
    "vm.memory.heap.used.window.5m" : {
      "count" : 15,
      "max" : 1259493184,
      "mean" : 1.0746274693333333E9,
      "min" : 209938688,
      "p50" : 1.223256048E9,
      "p75" : 1.233887168E9,
      "p95" : 1.259493184E9,
      "p98" : 1.259493184E9,
      "p99" : 1.259493184E9,
      "p999" : 1.259493184E9,
      "values" : [ 209938688, 354200488, 923914816, 1142520840, 1142521680, 1212538504, 1222032760, 1223256048, 1230698096, 1231440552, 1232663912, 1233887168, 1241329216, 1258976088, 1259493184 ],
      "stddev" : 3.3345701793365055E8
    },
    "vm.memory.non-heap.committed.history" : {
      "count" : 15,
      "max" : 160956416,
      "mean" : 1.5900510000735968E8,
      "min" : 130875392,
      "p50" : 1.60694272E8,
      "p75" : 1.60694272E8,
      "p95" : 1.60956416E8,
      "p98" : 1.60956416E8,
      "p99" : 1.60956416E8,
      "p999" : 1.60956416E8,
      "values" : [ 130875392, 137560064, 137625600, 141492224, 150601728, 152174592, 159973376, 160366592, 160366592, 160366592, 160432128, 160694272, 160694272, 160694272, 160956416 ],
      "stddev" : 5414537.302657961
    },
    "vm.memory.non-heap.committed.window.15m" : {
      "count" : 15,
      "max" : 160956416,
      "mean" : 1.5299160746666667E8,
      "min" : 130875392,
      "p50" : 1.60366592E8,
      "p75" : 1.60694272E8,
      "p95" : 1.60956416E8,
      "p98" : 1.60956416E8,
      "p99" : 1.60956416E8,
      "p999" : 1.60956416E8,
      "values" : [ 130875392, 137560064, 137625600, 141492224, 150601728, 152174592, 159973376, 160366592, 160366592, 160366592, 160432128, 160694272, 160694272, 160694272, 160956416 ],
      "stddev" : 1.0726127946086029E7
    },
    "vm.memory.non-heap.committed.window.1h" : {
      "count" : 15,
      "max" : 160956416,
      "mean" : 1.5299160746666667E8,
      "min" : 130875392,
      "p50" : 1.60366592E8,
      "p75" : 1.60694272E8,
      "p95" : 1.60956416E8,
      "p98" : 1.60956416E8,
      "p99" : 1.60956416E8,
      "p999" : 1.60956416E8,
      "values" : [ 130875392, 137560064, 137625600, 141492224, 150601728, 152174592, 159973376, 160366592, 160366592, 160366592, 160432128, 160694272, 160694272, 160694272, 160956416 ],
      "stddev" : 1.0726127946086029E7
    },
    "vm.memory.non-heap.committed.window.5m" : {
      "count" : 15,
      "max" : 160956416,
      "mean" : 1.5299160746666667E8,
      "min" : 130875392,
      "p50" : 1.60366592E8,
      "p75" : 1.60694272E8,
      "p95" : 1.60956416E8,
      "p98" : 1.60956416E8,
      "p99" : 1.60956416E8,
      "p999" : 1.60956416E8,
      "values" : [ 130875392, 137560064, 137625600, 141492224, 150601728, 152174592, 159973376, 160366592, 160366592, 160366592, 160432128, 160694272, 160694272, 160694272, 160956416 ],
      "stddev" : 1.0726127946086029E7
    },
    "vm.memory.non-heap.usage.x100.history" : {
      "count" : 15,
      "max" : -11879863200,
      "mean" : -1.449401427144551E10,
      "min" : -14703891200,
      "p50" : -1.46201936E10,
      "p75" : -1.461958E10,
      "p95" : -1.28820184E10,
      "p98" : -1.25067064E10,
      "p99" : -1.25067064E10,
      "p999" : -1.18798632E10,
      "values" : [ -14703891200, -14702257600, -14696164800, -14692276800, -14643742400, -14631047200, -14620193600, -14619580000, -14611490400, -13917208800, -13695717600, -12882018400, -12528692800, -12506706400, -11879863200 ],
      "stddev" : 4.9984339199757546E8
    },
    "vm.memory.non-heap.usage.x100.window.15m" : {
      "count" : 15,
      "max" : -11879863200,
      "mean" : -1.395539008E10,
      "min" : -14703891200,
      "p50" : -1.461958E10,
      "p75" : -1.28820184E10,
      "p95" : -1.18798632E10,
      "p98" : -1.18798632E10,
      "p99" : -1.18798632E10,
      "p999" : -1.18798632E10,
      "values" : [ -14703891200, -14702257600, -14696164800, -14692276800, -14643742400, -14631047200, -14620193600, -14619580000, -14611490400, -13917208800, -13695717600, -12882018400, -12528692800, -12506706400, -11879863200 ],
      "stddev" : 1.0041596001727693E9
    },
    "vm.memory.non-heap.usage.x100.window.1h" : {
      "count" : 15,
      "max" : -11879863200,
      "mean" : -1.395539008E10,
      "min" : -14703891200,
      "p50" : -1.461958E10,
      "p75" : -1.28820184E10,
      "p95" : -1.18798632E10,
      "p98" : -1.18798632E10,
      "p99" : -1.18798632E10,
      "p999" : -1.18798632E10,
      "values" : [ -14703891200, -14702257600, -14696164800, -14692276800, -14643742400, -14631047200, -14620193600, -14619580000, -14611490400, -13917208800, -13695717600, -12882018400, -12528692800, -12506706400, -11879863200 ],
      "stddev" : 1.0041596001727693E9
    },
    "vm.memory.non-heap.usage.x100.window.5m" : {
      "count" : 15,
      "max" : -11879863200,
      "mean" : -1.3955396373333334E10,
      "min" : -14703891200,
      "p50" : -1.461958E10,
      "p75" : -1.28821128E10,
      "p95" : -1.18798632E10,
      "p98" : -1.18798632E10,
      "p99" : -1.18798632E10,
      "p999" : -1.18798632E10,
      "values" : [ -14703891200, -14702257600, -14696164800, -14692276800, -14643742400, -14631047200, -14620193600, -14619580000, -14611490400, -13917208800, -13695717600, -12882112800, -12528692800, -12506706400, -11879863200 ],
      "stddev" : 1.0041523928316E9
    },
    "vm.memory.non-heap.used.history" : {
      "count" : 15,
      "max" : 147038912,
      "mean" : 1.449401598616347E8,
      "min" : 118798696,
      "p50" : 1.46201936E8,
      "p75" : 1.46437424E8,
      "p95" : 1.47038912E8,
      "p98" : 1.47038912E8,
      "p99" : 1.47038912E8,
      "p999" : 1.47038912E8,
      "values" : [ 118798696, 125067064, 125286928, 128821128, 136957176, 139172088, 146114904, 146195800, 146201936, 146310472, 146437424, 146922768, 146961648, 147022576, 147038912 ],
      "stddev" : 4998377.474375744
    },
    "vm.memory.non-heap.used.window.15m" : {
      "count" : 15,
      "max" : 147038912,
      "mean" : 1.39553968E8,
      "min" : 118798696,
      "p50" : 1.461958E8,
      "p75" : 1.46922768E8,
      "p95" : 1.47038912E8,
      "p98" : 1.47038912E8,
      "p99" : 1.47038912E8,
      "p999" : 1.47038912E8,
      "values" : [ 118798696, 125067064, 125286928, 128821128, 136957176, 139172088, 146114904, 146195800, 146201936, 146310472, 146437424, 146922768, 146961648, 147022576, 147038912 ],
      "stddev" : 1.0041514479409112E7
    },
    "vm.memory.non-heap.used.window.1h" : {
      "count" : 15,
      "max" : 147038912,
      "mean" : 1.39553968E8,
      "min" : 118798696,
      "p50" : 1.461958E8,
      "p75" : 1.46922768E8,
      "p95" : 1.47038912E8,
      "p98" : 1.47038912E8,
      "p99" : 1.47038912E8,
      "p999" : 1.47038912E8,
      "values" : [ 118798696, 125067064, 125286928, 128821128, 136957176, 139172088, 146114904, 146195800, 146201936, 146310472, 146437424, 146922768, 146961648, 147022576, 147038912 ],
      "stddev" : 1.0041514479409112E7
    },
    "vm.memory.non-heap.used.window.5m" : {
      "count" : 15,
      "max" : 147038912,
      "mean" : 1.395539952E8,
      "min" : 118798696,
      "p50" : 1.461958E8,
      "p75" : 1.46922768E8,
      "p95" : 1.47038912E8,
      "p98" : 1.47038912E8,
      "p99" : 1.47038912E8,
      "p999" : 1.47038912E8,
      "values" : [ 118798696, 125067472, 125286928, 128821128, 136957176, 139172088, 146114904, 146195800, 146201936, 146310472, 146437424, 146922768, 146961648, 147022576, 147038912 ],
      "stddev" : 1.004147243544158E7
    },
    "vm.memory.pools.Code-Cache.committed.history" : {
      "count" : 15,
      "max" : 38797312,
      "mean" : 3.786196179469241E7,
      "min" : 23134208,
      "p50" : 3.8797312E7,
      "p75" : 3.8797312E7,
      "p95" : 3.8797312E7,
      "p98" : 3.8797312E7,
      "p99" : 3.8797312E7,
      "p999" : 3.8797312E7,
      "values" : [ 23134208, 26935296, 27000832, 29294592, 32374784, 32899072, 38338560, 38731776, 38731776, 38731776, 38797312, 38797312, 38797312, 38797312, 38797312 ],
      "stddev" : 2881536.2028769255
    },
    "vm.memory.pools.Code-Cache.committed.window.15m" : {
      "count" : 15,
      "max" : 38797312,
      "mean" : 3.467728213333333E7,
      "min" : 23134208,
      "p50" : 3.8731776E7,
      "p75" : 3.8797312E7,
      "p95" : 3.8797312E7,
      "p98" : 3.8797312E7,
      "p99" : 3.8797312E7,
      "p999" : 3.8797312E7,
      "values" : [ 23134208, 26935296, 27000832, 29294592, 32374784, 32899072, 38338560, 38731776, 38731776, 38731776, 38797312, 38797312, 38797312, 38797312, 38797312 ],
      "stddev" : 5587873.516197296
    },
    "vm.memory.pools.Code-Cache.committed.window.1h" : {
      "count" : 15,
      "max" : 38797312,
      "mean" : 3.467728213333333E7,
      "min" : 23134208,
      "p50" : 3.8731776E7,
      "p75" : 3.8797312E7,
      "p95" : 3.8797312E7,
      "p98" : 3.8797312E7,
      "p99" : 3.8797312E7,
      "p999" : 3.8797312E7,
      "values" : [ 23134208, 26935296, 27000832, 29294592, 32374784, 32899072, 38338560, 38731776, 38731776, 38731776, 38797312, 38797312, 38797312, 38797312, 38797312 ],
      "stddev" : 5587873.516197296
    },
    "vm.memory.pools.Code-Cache.committed.window.5m" : {
      "count" : 15,
      "max" : 38797312,
      "mean" : 3.467728213333333E7,
      "min" : 23134208,
      "p50" : 3.8731776E7,
      "p75" : 3.8797312E7,
      "p95" : 3.8797312E7,
      "p98" : 3.8797312E7,
      "p99" : 3.8797312E7,
      "p999" : 3.8797312E7,
      "values" : [ 23134208, 26935296, 27000832, 29294592, 32374784, 32899072, 38338560, 38731776, 38731776, 38731776, 38797312, 38797312, 38797312, 38797312, 38797312 ],
      "stddev" : 5587873.516197296
    },
    "vm.memory.pools.Code-Cache.usage.x100.history" : {
      "count" : 15,
      "max" : 15,
      "mean" : 14.671780995738693,
      "min" : 9,
      "p50" : 15.0,
      "p75" : 15.0,
      "p95" : 15.0,
      "p98" : 15.0,
      "p99" : 15.0,
      "p999" : 15.0,
      "values" : [ 9, 11, 11, 12, 12, 13, 15, 15, 15, 15, 15, 15, 15, 15, 15 ],
      "stddev" : 1.0409798146095177
    },
    "vm.memory.pools.Code-Cache.usage.x100.window.15m" : {
      "count" : 15,
      "max" : 15,
      "mean" : 13.533333333333333,
      "min" : 9,
      "p50" : 15.0,
      "p75" : 15.0,
      "p95" : 15.0,
      "p98" : 15.0,
      "p99" : 15.0,
      "p999" : 15.0,
      "values" : [ 9, 11, 11, 12, 12, 13, 15, 15, 15, 15, 15, 15, 15, 15, 15 ],
      "stddev" : 2.0307165050320357
    },
    "vm.memory.pools.Code-Cache.usage.x100.window.1h" : {
      "count" : 15,
      "max" : 15,
      "mean" : 13.533333333333333,
      "min" : 9,
      "p50" : 15.0,
      "p75" : 15.0,
      "p95" : 15.0,
      "p98" : 15.0,
      "p99" : 15.0,
      "p999" : 15.0,
      "values" : [ 9, 11, 11, 12, 12, 13, 15, 15, 15, 15, 15, 15, 15, 15, 15 ],
      "stddev" : 2.0307165050320357
    },
    "vm.memory.pools.Code-Cache.usage.x100.window.5m" : {
      "count" : 15,
      "max" : 15,
      "mean" : 13.533333333333333,
      "min" : 9,
      "p50" : 15.0,
      "p75" : 15.0,
      "p95" : 15.0,
      "p98" : 15.0,
      "p99" : 15.0,
      "p999" : 15.0,
      "values" : [ 9, 11, 11, 12, 12, 13, 15, 15, 15, 15, 15, 15, 15, 15, 15 ],
      "stddev" : 2.0307165050320357
    },
    "vm.memory.pools.Code-Cache.used.history" : {
      "count" : 15,
      "max" : 38403008,
      "mean" : 3.689633941787934E7,
      "min" : 22801088,
      "p50" : 3.7488704E7,
      "p75" : 3.7844352E7,
      "p95" : 3.8403008E7,
      "p98" : 3.8403008E7,
      "p99" : 3.8403008E7,
      "p999" : 3.8403008E7,
      "values" : [ 22801088, 26534912, 26768320, 29082240, 31364544, 32607040, 37417984, 37484480, 37488704, 37541312, 37844352, 38274176, 38343296, 38387520, 38403008 ],
      "stddev" : 2730936.08092127
    },
    "vm.memory.pools.Code-Cache.used.window.15m" : {
      "count" : 15,
      "max" : 38403008,
      "mean" : 3.402286506666667E7,
      "min" : 22801088,
      "p50" : 3.748448E7,
      "p75" : 3.8274176E7,
      "p95" : 3.8403008E7,
      "p98" : 3.8403008E7,
      "p99" : 3.8403008E7,
      "p999" : 3.8403008E7,
      "values" : [ 22801088, 26534912, 26768320, 29082240, 31364544, 32607040, 37417984, 37484480, 37488704, 37541312, 37844352, 38274176, 38343296, 38387520, 38403008 ],
      "stddev" : 5382429.533003626
    },
    "vm.memory.pools.Code-Cache.used.window.1h" : {
      "count" : 15,
      "max" : 38403008,
      "mean" : 3.402286506666667E7,
      "min" : 22801088,
      "p50" : 3.748448E7,
      "p75" : 3.8274176E7,
      "p95" : 3.8403008E7,
      "p98" : 3.8403008E7,
      "p99" : 3.8403008E7,
      "p999" : 3.8403008E7,
      "values" : [ 22801088, 26534912, 26768320, 29082240, 31364544, 32607040, 37417984, 37484480, 37488704, 37541312, 37844352, 38274176, 38343296, 38387520, 38403008 ],
      "stddev" : 5382429.533003626
    },
    "vm.memory.pools.Code-Cache.used.window.5m" : {
      "count" : 15,
      "max" : 38403008,
      "mean" : 3.40229248E7,
      "min" : 22801088,
      "p50" : 3.748448E7,
      "p75" : 3.8274176E7,
      "p95" : 3.8403008E7,
      "p98" : 3.8403008E7,
      "p99" : 3.8403008E7,
      "p999" : 3.8403008E7,
      "values" : [ 22801088, 26534912, 26768320, 29082240, 31365440, 32607040, 37417984, 37484480, 37488704, 37541312, 37844352, 38274176, 38343296, 38387520, 38403008 ],
      "stddev" : 5382397.929006565
    },
    "vm.memory.pools.Compressed-Class-Space.committed.history" : {
      "count" : 15,
      "max" : 13893632,
      "mean" : 1.3715294063086662E7,
      "min" : 12320768,
      "p50" : 1.376256E7,
      "p75" : 1.376256E7,
      "p95" : 1.3893632E7,
      "p98" : 1.3893632E7,
      "p99" : 1.3893632E7,
      "p999" : 1.3893632E7,
      "values" : [ 12320768, 12582912, 12582912, 12845056, 13369344, 13500416, 13762560, 13762560, 13762560, 13762560, 13762560, 13762560, 13762560, 13762560, 13893632 ],
      "stddev" : 274038.5811314831
    },
    "vm.memory.pools.Compressed-Class-Space.committed.window.15m" : {
      "count" : 15,
      "max" : 13893632,
      "mean" : 1.3413034666666666E7,
      "min" : 12320768,
      "p50" : 1.376256E7,
      "p75" : 1.376256E7,
      "p95" : 1.3893632E7,
      "p98" : 1.3893632E7,
      "p99" : 1.3893632E7,
      "p999" : 1.3893632E7,
      "values" : [ 12320768, 12582912, 12582912, 12845056, 13369344, 13500416, 13762560, 13762560, 13762560, 13762560, 13762560, 13762560, 13762560, 13762560, 13893632 ],
      "stddev" : 541935.3782006891
    },
    "vm.memory.pools.Compressed-Class-Space.committed.window.1h" : {
      "count" : 15,
      "max" : 13893632,
      "mean" : 1.3413034666666666E7,
      "min" : 12320768,
      "p50" : 1.376256E7,
      "p75" : 1.376256E7,
      "p95" : 1.3893632E7,
      "p98" : 1.3893632E7,
      "p99" : 1.3893632E7,
      "p999" : 1.3893632E7,
      "values" : [ 12320768, 12582912, 12582912, 12845056, 13369344, 13500416, 13762560, 13762560, 13762560, 13762560, 13762560, 13762560, 13762560, 13762560, 13893632 ],
      "stddev" : 541935.3782006891
    },
    "vm.memory.pools.Compressed-Class-Space.committed.window.5m" : {
      "count" : 15,
      "max" : 13893632,
      "mean" : 1.3413034666666666E7,
      "min" : 12320768,
      "p50" : 1.376256E7,
      "p75" : 1.376256E7,
      "p95" : 1.3893632E7,
      "p98" : 1.3893632E7,
      "p99" : 1.3893632E7,
      "p999" : 1.3893632E7,
      "values" : [ 12320768, 12582912, 12582912, 12845056, 13369344, 13500416, 13762560, 13762560, 13762560, 13762560, 13762560, 13762560, 13762560, 13762560, 13893632 ],
      "stddev" : 541935.3782006891
    },
    "vm.memory.pools.Compressed-Class-Space.usage.x100.history" : {
      "count" : 15,
      "max" : 1,
      "mean" : 1.0,
      "min" : 1,
      "p50" : 1.0,
      "p75" : 1.0,
      "p95" : 1.0,
      "p98" : 1.0,
      "p99" : 1.0,
      "p999" : 1.0,
      "values" : [ 1, 1, 1, 1, 1, 1, 1, 1, 1, 1, 1, 1, 1, 1, 1 ],
      "stddev" : 0.0
    },
    "vm.memory.pools.Compressed-Class-Space.usage.x100.window.15m" : {
      "count" : 15,
      "max" : 1,
      "mean" : 1.0,
      "min" : 1,
      "p50" : 1.0,
      "p75" : 1.0,
      "p95" : 1.0,
      "p98" : 1.0,
      "p99" : 1.0,
      "p999" : 1.0,
      "values" : [ 1, 1, 1, 1, 1, 1, 1, 1, 1, 1, 1, 1, 1, 1, 1 ],
      "stddev" : 0.0
    },
    "vm.memory.pools.Compressed-Class-Space.usage.x100.window.1h" : {
      "count" : 15,
      "max" : 1,
      "mean" : 1.0,
      "min" : 1,
      "p50" : 1.0,
      "p75" : 1.0,
      "p95" : 1.0,
      "p98" : 1.0,
      "p99" : 1.0,
      "p999" : 1.0,
      "values" : [ 1, 1, 1, 1, 1, 1, 1, 1, 1, 1, 1, 1, 1, 1, 1 ],
      "stddev" : 0.0
    },
    "vm.memory.pools.Compressed-Class-Space.usage.x100.window.5m" : {
      "count" : 15,
      "max" : 1,
      "mean" : 1.0,
      "min" : 1,
      "p50" : 1.0,
      "p75" : 1.0,
      "p95" : 1.0,
      "p98" : 1.0,
      "p99" : 1.0,
      "p999" : 1.0,
      "values" : [ 1, 1, 1, 1, 1, 1, 1, 1, 1, 1, 1, 1, 1, 1, 1 ],
      "stddev" : 0.0
    },
    "vm.memory.pools.Compressed-Class-Space.used.history" : {
      "count" : 15,
      "max" : 11072936,
      "mean" : 1.1006990415446196E7,
      "min" : 9890800,
      "p50" : 1.1067968E7,
      "p75" : 1.1067968E7,
      "p95" : 1.1072936E7,
      "p98" : 1.1072936E7,
      "p99" : 1.1072936E7,
      "p999" : 1.1072936E7,
      "values" : [ 9890800, 10127736, 10128264, 10222296, 10774000, 10871944, 11062080, 11063552, 11064656, 11064656, 11064656, 11067968, 11067968, 11067968, 11072936 ],
      "stddev" : 215575.77998722243
    },
    "vm.memory.pools.Compressed-Class-Space.used.window.15m" : {
      "count" : 15,
      "max" : 11072936,
      "mean" : 1.0774098666666666E7,
      "min" : 9890800,
      "p50" : 1.1063552E7,
      "p75" : 1.1067968E7,
      "p95" : 1.1072936E7,
      "p98" : 1.1072936E7,
      "p99" : 1.1072936E7,
      "p999" : 1.1072936E7,
      "values" : [ 9890800, 10127736, 10128264, 10222296, 10774000, 10871944, 11062080, 11063552, 11064656, 11064656, 11064656, 11067968, 11067968, 11067968, 11072936 ],
      "stddev" : 438954.27921671607
    },
    "vm.memory.pools.Compressed-Class-Space.used.window.1h" : {
      "count" : 15,
      "max" : 11072936,
      "mean" : 1.0774098666666666E7,
      "min" : 9890800,
      "p50" : 1.1063552E7,
      "p75" : 1.1067968E7,
      "p95" : 1.1072936E7,
      "p98" : 1.1072936E7,
      "p99" : 1.1072936E7,
      "p999" : 1.1072936E7,
      "values" : [ 9890800, 10127736, 10128264, 10222296, 10774000, 10871944, 11062080, 11063552, 11064656, 11064656, 11064656, 11067968, 11067968, 11067968, 11072936 ],
      "stddev" : 438954.27921671607
    },
    "vm.memory.pools.Compressed-Class-Space.used.window.5m" : {
      "count" : 15,
      "max" : 11072936,
      "mean" : 1.0774098666666666E7,
      "min" : 9890800,
      "p50" : 1.1063552E7,
      "p75" : 1.1067968E7,
      "p95" : 1.1072936E7,
      "p98" : 1.1072936E7,
      "p99" : 1.1072936E7,
      "p999" : 1.1072936E7,
      "values" : [ 9890800, 10127736, 10128264, 10222296, 10774000, 10871944, 11062080, 11063552, 11064656, 11064656, 11064656, 11067968, 11067968, 11067968, 11072936 ],
      "stddev" : 438954.27921671607
    },
    "vm.memory.pools.Metaspace.committed.history" : {
      "count" : 15,
      "max" : 108265472,
      "mean" : 1.0742784414958063E8,
      "min" : 95420416,
      "p50" : 1.081344E8,
      "p75" : 1.081344E8,
      "p95" : 1.08265472E8,
      "p98" : 1.08265472E8,
      "p99" : 1.08265472E8,
      "p999" : 1.08265472E8,
      "values" : [ 95420416, 98041856, 98041856, 99352576, 104857600, 105775104, 107872256, 107872256, 107872256, 107872256, 107872256, 108134400, 108134400, 108134400, 108265472 ],
      "stddev" : 2298040.546891025
    },
    "vm.memory.pools.Metaspace.committed.window.15m" : {
      "count" : 15,
      "max" : 108265472,
      "mean" : 1.0490129066666667E8,
      "min" : 95420416,
      "p50" : 1.07872256E8,
      "p75" : 1.081344E8,
      "p95" : 1.08265472E8,
      "p98" : 1.08265472E8,
      "p99" : 1.08265472E8,
      "p999" : 1.08265472E8,
      "values" : [ 95420416, 98041856, 98041856, 99352576, 104857600, 105775104, 107872256, 107872256, 107872256, 107872256, 107872256, 108134400, 108134400, 108134400, 108265472 ],
      "stddev" : 4647228.393602527
    },
    "vm.memory.pools.Metaspace.committed.window.1h" : {
      "count" : 15,
      "max" : 108265472,
      "mean" : 1.0490129066666667E8,
      "min" : 95420416,
      "p50" : 1.07872256E8,
      "p75" : 1.081344E8,
      "p95" : 1.08265472E8,
      "p98" : 1.08265472E8,
      "p99" : 1.08265472E8,
      "p999" : 1.08265472E8,
      "values" : [ 95420416, 98041856, 98041856, 99352576, 104857600, 105775104, 107872256, 107872256, 107872256, 107872256, 107872256, 108134400, 108134400, 108134400, 108265472 ],
      "stddev" : 4647228.393602527
    },
    "vm.memory.pools.Metaspace.committed.window.5m" : {
      "count" : 15,
      "max" : 108265472,
      "mean" : 1.0490129066666667E8,
      "min" : 95420416,
      "p50" : 1.07872256E8,
      "p75" : 1.081344E8,
      "p95" : 1.08265472E8,
      "p98" : 1.08265472E8,
      "p99" : 1.08265472E8,
      "p999" : 1.08265472E8,
      "values" : [ 95420416, 98041856, 98041856, 99352576, 104857600, 105775104, 107872256, 107872256, 107872256, 107872256, 107872256, 108134400, 108134400, 108134400, 108265472 ],
      "stddev" : 4647228.393602527
    },
    "vm.memory.pools.Metaspace.usage.x100.history" : {
      "count" : 15,
      "max" : 90,
      "mean" : 90.00000000000001,
      "min" : 90,
      "p50" : 90.0,
      "p75" : 90.0,
      "p95" : 90.0,
      "p98" : 90.0,
      "p99" : 90.0,
      "p999" : 90.0,
      "values" : [ 90, 90, 90, 90, 90, 90, 90, 90, 90, 90, 90, 90, 90, 90, 90 ],
      "stddev" : 1.4210854715202004E-14
    },
    "vm.memory.pools.Metaspace.usage.x100.window.15m" : {
      "count" : 15,
      "max" : 90,
      "mean" : 90.0,
      "min" : 90,
      "p50" : 90.0,
      "p75" : 90.0,
      "p95" : 90.0,
      "p98" : 90.0,
      "p99" : 90.0,
      "p999" : 90.0,
      "values" : [ 90, 90, 90, 90, 90, 90, 90, 90, 90, 90, 90, 90, 90, 90, 90 ],
      "stddev" : 0.0
    },
    "vm.memory.pools.Metaspace.usage.x100.window.1h" : {
      "count" : 15,
      "max" : 90,
      "mean" : 90.0,
      "min" : 90,
      "p50" : 90.0,
      "p75" : 90.0,
      "p95" : 90.0,
      "p98" : 90.0,
      "p99" : 90.0,
      "p999" : 90.0,
      "values" : [ 90, 90, 90, 90, 90, 90, 90, 90, 90, 90, 90, 90, 90, 90, 90 ],
      "stddev" : 0.0
    },
    "vm.memory.pools.Metaspace.usage.x100.window.5m" : {
      "count" : 15,
      "max" : 90,
      "mean" : 90.0,
      "min" : 90,
      "p50" : 90.0,
      "p75" : 90.0,
      "p95" : 90.0,
      "p98" : 90.0,
      "p99" : 90.0,
      "p999" : 90.0,
      "values" : [ 90, 90, 90, 90, 90, 90, 90, 90, 90, 90, 90, 90, 90, 90, 90 ],
      "stddev" : 0.0
    },
    "vm.memory.pools.Metaspace.used.history" : {
      "count" : 15,
      "max" : 97696224,
      "mean" : 9.703698912417959E7,
      "min" : 86108824,
      "p50" : 9.7643656E7,
      "p75" : 9.7645264E7,
      "p95" : 9.7696224E7,
      "p98" : 9.7696224E7,
      "p99" : 9.7696224E7,
      "p999" : 9.7696224E7,
      "values" : [ 86108824, 88390872, 88406208, 89516592, 94819168, 95693104, 97530992, 97554800, 97570400, 97571248, 97584600, 97628952, 97643656, 97645264, 97696224 ],
      "stddev" : 2102031.7749022963
    },
    "vm.memory.pools.Metaspace.used.window.15m" : {
      "count" : 15,
      "max" : 97696224,
      "mean" : 9.47573936E7,
      "min" : 86108824,
      "p50" : 9.75548E7,
      "p75" : 9.7628952E7,
      "p95" : 9.7696224E7,
      "p98" : 9.7696224E7,
      "p99" : 9.7696224E7,
      "p999" : 9.7696224E7,
      "values" : [ 86108824, 88390872, 88406208, 89516592, 94819168, 95693104, 97530992, 97554800, 97570400, 97571248, 97584600, 97628952, 97643656, 97645264, 97696224 ],
      "stddev" : 4283759.776331281
    },
    "vm.memory.pools.Metaspace.used.window.1h" : {
      "count" : 15,
      "max" : 97696224,
      "mean" : 9.47573936E7,
      "min" : 86108824,
      "p50" : 9.75548E7,
      "p75" : 9.7628952E7,
      "p95" : 9.7696224E7,
      "p98" : 9.7696224E7,
      "p99" : 9.7696224E7,
      "p999" : 9.7696224E7,
      "values" : [ 86108824, 88390872, 88406208, 89516592, 94819168, 95693104, 97530992, 97554800, 97570400, 97571248, 97584600, 97628952, 97643656, 97645264, 97696224 ],
      "stddev" : 4283759.776331281
    },
    "vm.memory.pools.Metaspace.used.window.5m" : {
      "count" : 15,
      "max" : 97696224,
      "mean" : 9.47573936E7,
      "min" : 86108824,
      "p50" : 9.75548E7,
      "p75" : 9.7628952E7,
      "p95" : 9.7696224E7,
      "p98" : 9.7696224E7,
      "p99" : 9.7696224E7,
      "p999" : 9.7696224E7,
      "values" : [ 86108824, 88390872, 88406208, 89516592, 94819168, 95693104, 97530992, 97554800, 97570400, 97571248, 97584600, 97628952, 97643656, 97645264, 97696224 ],
      "stddev" : 4283759.776331281
    },
    "vm.memory.pools.PS-Eden-Space.committed.history" : {
      "count" : 15,
      "max" : 1306001408,
      "mean" : 1.3025211848327646E9,
      "min" : 1302331392,
      "p50" : 1.302331392E9,
      "p75" : 1.302331392E9,
      "p95" : 1.306001408E9,
      "p98" : 1.306001408E9,
      "p99" : 1.306001408E9,
      "p999" : 1.306001408E9,
      "values" : [ 1302331392, 1302331392, 1302331392, 1302331392, 1302331392, 1302331392, 1302331392, 1302331392, 1302331392, 1302331392, 1302331392, 1306001408, 1306001408, 1306001408, 1306001408 ],
      "stddev" : 812724.6849720842
    },
    "vm.memory.pools.PS-Eden-Space.committed.window.15m" : {
      "count" : 15,
      "max" : 1306001408,
      "mean" : 1.3033100629333334E9,
      "min" : 1302331392,
      "p50" : 1.302331392E9,
      "p75" : 1.306001408E9,
      "p95" : 1.306001408E9,
      "p98" : 1.306001408E9,
      "p99" : 1.306001408E9,
      "p999" : 1.306001408E9,
      "values" : [ 1302331392, 1302331392, 1302331392, 1302331392, 1302331392, 1302331392, 1302331392, 1302331392, 1302331392, 1302331392, 1302331392, 1306001408, 1306001408, 1306001408, 1306001408 ],
      "stddev" : 1679904.7129599545
    },
    "vm.memory.pools.PS-Eden-Space.committed.window.1h" : {
      "count" : 15,
      "max" : 1306001408,
      "mean" : 1.3033100629333334E9,
      "min" : 1302331392,
      "p50" : 1.302331392E9,
      "p75" : 1.306001408E9,
      "p95" : 1.306001408E9,
      "p98" : 1.306001408E9,
      "p99" : 1.306001408E9,
      "p999" : 1.306001408E9,
      "values" : [ 1302331392, 1302331392, 1302331392, 1302331392, 1302331392, 1302331392, 1302331392, 1302331392, 1302331392, 1302331392, 1302331392, 1306001408, 1306001408, 1306001408, 1306001408 ],
      "stddev" : 1679904.7129599545
    },
    "vm.memory.pools.PS-Eden-Space.committed.window.5m" : {
      "count" : 15,
      "max" : 1306001408,
      "mean" : 1.3033100629333334E9,
      "min" : 1302331392,
      "p50" : 1.302331392E9,
      "p75" : 1.306001408E9,
      "p95" : 1.306001408E9,
      "p98" : 1.306001408E9,
      "p99" : 1.306001408E9,
      "p999" : 1.306001408E9,
      "values" : [ 1302331392, 1302331392, 1302331392, 1302331392, 1302331392, 1302331392, 1302331392, 1302331392, 1302331392, 1302331392, 1302331392, 1306001408, 1306001408, 1306001408, 1306001408 ],
      "stddev" : 1679904.7129599545
    },
    "vm.memory.pools.PS-Eden-Space.usage.x100.history" : {
      "count" : 15,
      "max" : 90,
      "mean" : 84.48432384241153,
      "min" : 10,
      "p50" : 88.0,
      "p75" : 89.0,
      "p95" : 90.0,
      "p98" : 90.0,
      "p99" : 90.0,
      "p999" : 90.0,
      "values" : [ 10, 21, 63, 80, 80, 87, 87, 87, 88, 88, 88, 88, 89, 89, 90 ],
      "stddev" : 15.91802940326758
    },
    "vm.memory.pools.PS-Eden-Space.usage.x100.window.15m" : {
      "count" : 15,
      "max" : 90,
      "mean" : 75.66666666666667,
      "min" : 10,
      "p50" : 87.0,
      "p75" : 88.0,
      "p95" : 90.0,
      "p98" : 90.0,
      "p99" : 90.0,
      "p999" : 90.0,
      "values" : [ 10, 21, 63, 80, 80, 87, 87, 87, 88, 88, 88, 88, 89, 89, 90 ],
      "stddev" : 25.4296414970142
    },
    "vm.memory.pools.PS-Eden-Space.usage.x100.window.1h" : {
      "count" : 15,
      "max" : 90,
      "mean" : 75.66666666666667,
      "min" : 10,
      "p50" : 87.0,
      "p75" : 88.0,
      "p95" : 90.0,
      "p98" : 90.0,
      "p99" : 90.0,
      "p999" : 90.0,
      "values" : [ 10, 21, 63, 80, 80, 87, 87, 87, 88, 88, 88, 88, 89, 89, 90 ],
      "stddev" : 25.4296414970142
    },
    "vm.memory.pools.PS-Eden-Space.usage.x100.window.5m" : {
      "count" : 15,
      "max" : 90,
      "mean" : 75.66666666666667,
      "min" : 10,
      "p50" : 87.0,
      "p75" : 88.0,
      "p95" : 90.0,
      "p98" : 90.0,
      "p99" : 90.0,
      "p999" : 90.0,
      "values" : [ 10, 21, 63, 80, 80, 87, 87, 87, 88, 88, 88, 88, 89, 89, 90 ],
      "stddev" : 25.4296414970142
    },
    "vm.memory.pools.PS-Eden-Space.used.history" : {
      "count" : 15,
      "max" : 1177711440,
      "mean" : 1.1043302400175552E9,
      "min" : 128156944,
      "p50" : 1.152105424E9,
      "p75" : 1.159547472E9,
      "p95" : 1.17771144E9,
      "p98" : 1.17771144E9,
      "p99" : 1.17771144E9,
      "p999" : 1.17771144E9,
      "values" : [ 128156944, 272418744, 830399816, 1049005840, 1049006680, 1130756760, 1140251016, 1141474304, 1148916352, 1149658808, 1150882168, 1152105424, 1159547472, 1165461088, 1177711440 ],
      "stddev" : 2.084538767470009E8
    },
    "vm.memory.pools.PS-Eden-Space.used.window.15m" : {
      "count" : 15,
      "max" : 1177711440,
      "mean" : 9.897168570666667E8,
      "min" : 128156944,
      "p50" : 1.141474304E9,
      "p75" : 1.152105424E9,
      "p95" : 1.17771144E9,
      "p98" : 1.17771144E9,
      "p99" : 1.17771144E9,
      "p999" : 1.17771144E9,
      "values" : [ 128156944, 272418744, 830399816, 1049005840, 1049006680, 1130756760, 1140251016, 1141474304, 1148916352, 1149658808, 1150882168, 1152105424, 1159547472, 1165461088, 1177711440 ],
      "stddev" : 3.3307423127734274E8
    },
    "vm.memory.pools.PS-Eden-Space.used.window.1h" : {
      "count" : 15,
      "max" : 1177711440,
      "mean" : 9.897168570666667E8,
      "min" : 128156944,
      "p50" : 1.141474304E9,
      "p75" : 1.152105424E9,
      "p95" : 1.17771144E9,
      "p98" : 1.17771144E9,
      "p99" : 1.17771144E9,
      "p999" : 1.17771144E9,
      "values" : [ 128156944, 272418744, 830399816, 1049005840, 1049006680, 1130756760, 1140251016, 1141474304, 1148916352, 1149658808, 1150882168, 1152105424, 1159547472, 1165461088, 1177711440 ],
      "stddev" : 3.3307423127734274E8
    },
    "vm.memory.pools.PS-Eden-Space.used.window.5m" : {
      "count" : 15,
      "max" : 1177711440,
      "mean" : 9.897168570666667E8,
      "min" : 128156944,
      "p50" : 1.141474304E9,
      "p75" : 1.152105424E9,
      "p95" : 1.17771144E9,
      "p98" : 1.17771144E9,
      "p99" : 1.17771144E9,
      "p999" : 1.17771144E9,
      "values" : [ 128156944, 272418744, 830399816, 1049005840, 1049006680, 1130756760, 1140251016, 1141474304, 1148916352, 1149658808, 1150882168, 1152105424, 1159547472, 1165461088, 1177711440 ],
      "stddev" : 3.3307423127734274E8
    },
    "vm.memory.pools.PS-Old-Gen.committed.history" : {
      "count" : 15,
      "max" : 331350016,
      "mean" : 3.2687632779911745E8,
      "min" : 244842496,
      "p50" : 3.31350016E8,
      "p75" : 3.31350016E8,
      "p95" : 3.31350016E8,
      "p98" : 3.31350016E8,
      "p99" : 3.31350016E8,
      "p999" : 3.31350016E8,
      "values" : [ 244842496, 244842496, 244842496, 244842496, 331350016, 331350016, 331350016, 331350016, 331350016, 331350016, 331350016, 331350016, 331350016, 331350016, 331350016 ],
      "stddev" : 1.9157081860056274E7
    },
    "vm.memory.pools.PS-Old-Gen.committed.window.15m" : {
      "count" : 15,
      "max" : 331350016,
      "mean" : 3.08281344E8,
      "min" : 244842496,
      "p50" : 3.31350016E8,
      "p75" : 3.31350016E8,
      "p95" : 3.31350016E8,
      "p98" : 3.31350016E8,
      "p99" : 3.31350016E8,
      "p999" : 3.31350016E8,
      "values" : [ 244842496, 244842496, 244842496, 244842496, 331350016, 331350016, 331350016, 331350016, 331350016, 331350016, 331350016, 331350016, 331350016, 331350016, 331350016 ],
      "stddev" : 3.959775394834178E7
    },
    "vm.memory.pools.PS-Old-Gen.committed.window.1h" : {
      "count" : 15,
      "max" : 331350016,
      "mean" : 3.08281344E8,
      "min" : 244842496,
      "p50" : 3.31350016E8,
      "p75" : 3.31350016E8,
      "p95" : 3.31350016E8,
      "p98" : 3.31350016E8,
      "p99" : 3.31350016E8,
      "p999" : 3.31350016E8,
      "values" : [ 244842496, 244842496, 244842496, 244842496, 331350016, 331350016, 331350016, 331350016, 331350016, 331350016, 331350016, 331350016, 331350016, 331350016, 331350016 ],
      "stddev" : 3.959775394834178E7
    },
    "vm.memory.pools.PS-Old-Gen.committed.window.5m" : {
      "count" : 15,
      "max" : 331350016,
      "mean" : 3.08281344E8,
      "min" : 244842496,
      "p50" : 3.31350016E8,
      "p75" : 3.31350016E8,
      "p95" : 3.31350016E8,
      "p98" : 3.31350016E8,
      "p99" : 3.31350016E8,
      "p999" : 3.31350016E8,
      "values" : [ 244842496, 244842496, 244842496, 244842496, 331350016, 331350016, 331350016, 331350016, 331350016, 331350016, 331350016, 331350016, 331350016, 331350016, 331350016 ],
      "stddev" : 3.959775394834178E7
    },
    "vm.memory.pools.PS-Old-Gen.usage.x100.history" : {
      "count" : 15,
      "max" : 3,
      "mean" : 3.0,
      "min" : 3,
      "p50" : 3.0,
      "p75" : 3.0,
      "p95" : 3.0,
      "p98" : 3.0,
      "p99" : 3.0,
      "p999" : 3.0,
      "values" : [ 3, 3, 3, 3, 3, 3, 3, 3, 3, 3, 3, 3, 3, 3, 3 ],
      "stddev" : 0.0
    },
    "vm.memory.pools.PS-Old-Gen.usage.x100.window.15m" : {
      "count" : 15,
      "max" : 3,
      "mean" : 3.0,
      "min" : 3,
      "p50" : 3.0,
      "p75" : 3.0,
      "p95" : 3.0,
      "p98" : 3.0,
      "p99" : 3.0,
      "p999" : 3.0,
      "values" : [ 3, 3, 3, 3, 3, 3, 3, 3, 3, 3, 3, 3, 3, 3, 3 ],
      "stddev" : 0.0
    },
    "vm.memory.pools.PS-Old-Gen.usage.x100.window.1h" : {
      "count" : 15,
      "max" : 3,
      "mean" : 3.0,
      "min" : 3,
      "p50" : 3.0,
      "p75" : 3.0,
      "p95" : 3.0,
      "p98" : 3.0,
      "p99" : 3.0,
      "p999" : 3.0,
      "values" : [ 3, 3, 3, 3, 3, 3, 3, 3, 3, 3, 3, 3, 3, 3, 3 ],
      "stddev" : 0.0
    },
    "vm.memory.pools.PS-Old-Gen.usage.x100.window.5m" : {
      "count" : 15,
      "max" : 3,
      "mean" : 3.0,
      "min" : 3,
      "p50" : 3.0,
      "p75" : 3.0,
      "p95" : 3.0,
      "p98" : 3.0,
      "p99" : 3.0,
      "p999" : 3.0,
      "values" : [ 3, 3, 3, 3, 3, 3, 3, 3, 3, 3, 3, 3, 3, 3, 3 ],
      "stddev" : 0.0
    },
    "vm.memory.pools.PS-Old-Gen.used.history" : {
      "count" : 15,
      "max" : 90664184,
      "mean" : 8.224109443592796E7,
      "min" : 81781744,
      "p50" : 8.1781744E7,
      "p75" : 8.1781744E7,
      "p95" : 9.0664184E7,
      "p98" : 9.0664184E7,
      "p99" : 9.0664184E7,
      "p999" : 9.0664184E7,
      "values" : [ 81781744, 81781744, 81781744, 81781744, 81781744, 81781744, 81781744, 81781744, 81781744, 81781744, 81781744, 90664184, 90664184, 90664184, 90664184 ],
      "stddev" : 1967015.4709907093
    },
    "vm.memory.pools.PS-Old-Gen.used.window.15m" : {
      "count" : 15,
      "max" : 90664184,
      "mean" : 8.415039466666667E7,
      "min" : 81781744,
      "p50" : 8.1781744E7,
      "p75" : 9.0664184E7,
      "p95" : 9.0664184E7,
      "p98" : 9.0664184E7,
      "p99" : 9.0664184E7,
      "p999" : 9.0664184E7,
      "values" : [ 81781744, 81781744, 81781744, 81781744, 81781744, 81781744, 81781744, 81781744, 81781744, 81781744, 81781744, 90664184, 90664184, 90664184, 90664184 ],
      "stddev" : 4065827.7289755736
    },
    "vm.memory.pools.PS-Old-Gen.used.window.1h" : {
      "count" : 15,
      "max" : 90664184,
      "mean" : 8.415039466666667E7,
      "min" : 81781744,
      "p50" : 8.1781744E7,
      "p75" : 9.0664184E7,
      "p95" : 9.0664184E7,
      "p98" : 9.0664184E7,
      "p99" : 9.0664184E7,
      "p999" : 9.0664184E7,
      "values" : [ 81781744, 81781744, 81781744, 81781744, 81781744, 81781744, 81781744, 81781744, 81781744, 81781744, 81781744, 90664184, 90664184, 90664184, 90664184 ],
      "stddev" : 4065827.7289755736
    },
    "vm.memory.pools.PS-Old-Gen.used.window.5m" : {
      "count" : 15,
      "max" : 90664184,
      "mean" : 8.415039466666667E7,
      "min" : 81781744,
      "p50" : 8.1781744E7,
      "p75" : 9.0664184E7,
      "p95" : 9.0664184E7,
      "p98" : 9.0664184E7,
      "p99" : 9.0664184E7,
      "p999" : 9.0664184E7,
      "values" : [ 81781744, 81781744, 81781744, 81781744, 81781744, 81781744, 81781744, 81781744, 81781744, 81781744, 81781744, 90664184, 90664184, 90664184, 90664184 ],
      "stddev" : 4065827.7289755736
    },
    "vm.memory.pools.PS-Survivor-Space.committed.history" : {
      "count" : 15,
      "max" : 42991616,
      "mean" : 4.199726652364706E7,
      "min" : 41943040,
      "p50" : 4.194304E7,
      "p75" : 4.194304E7,
      "p95" : 4.2991616E7,
      "p98" : 4.2991616E7,
      "p99" : 4.2991616E7,
      "p999" : 4.2991616E7,
      "values" : [ 41943040, 41943040, 41943040, 41943040, 41943040, 41943040, 41943040, 41943040, 41943040, 41943040, 41943040, 42991616, 42991616, 42991616, 42991616 ],
      "stddev" : 232207.0528491669
    },
    "vm.memory.pools.PS-Survivor-Space.committed.window.15m" : {
      "count" : 15,
      "max" : 42991616,
      "mean" : 4.2222660266666666E7,
      "min" : 41943040,
      "p50" : 4.194304E7,
      "p75" : 4.2991616E7,
      "p95" : 4.2991616E7,
      "p98" : 4.2991616E7,
      "p99" : 4.2991616E7,
      "p999" : 4.2991616E7,
      "values" : [ 41943040, 41943040, 41943040, 41943040, 41943040, 41943040, 41943040, 41943040, 41943040, 41943040, 41943040, 42991616, 42991616, 42991616, 42991616 ],
      "stddev" : 479972.7751314155
    },
    "vm.memory.pools.PS-Survivor-Space.committed.window.1h" : {
      "count" : 15,
      "max" : 42991616,
      "mean" : 4.2222660266666666E7,
      "min" : 41943040,
      "p50" : 4.194304E7,
      "p75" : 4.2991616E7,
      "p95" : 4.2991616E7,
      "p98" : 4.2991616E7,
      "p99" : 4.2991616E7,
      "p999" : 4.2991616E7,
      "values" : [ 41943040, 41943040, 41943040, 41943040, 41943040, 41943040, 41943040, 41943040, 41943040, 41943040, 41943040, 42991616, 42991616, 42991616, 42991616 ],
      "stddev" : 479972.7751314155
    },
    "vm.memory.pools.PS-Survivor-Space.committed.window.5m" : {
      "count" : 15,
      "max" : 42991616,
      "mean" : 4.2222660266666666E7,
      "min" : 41943040,
      "p50" : 4.194304E7,
      "p75" : 4.2991616E7,
      "p95" : 4.2991616E7,
      "p98" : 4.2991616E7,
      "p99" : 4.2991616E7,
      "p999" : 4.2991616E7,
      "values" : [ 41943040, 41943040, 41943040, 41943040, 41943040, 41943040, 41943040, 41943040, 41943040, 41943040, 41943040, 42991616, 42991616, 42991616, 42991616 ],
      "stddev" : 479972.7751314155
    },
    "vm.memory.pools.PS-Survivor-Space.usage.x100.history" : {
      "count" : 15,
      "max" : 7,
      "mean" : 0.36200110009139075,
      "min" : 0,
      "p50" : 0.0,
      "p75" : 0.0,
      "p95" : 7.0,
      "p98" : 7.0,
      "p99" : 7.0,
      "p999" : 7.0,
      "values" : [ 0, 0, 0, 0, 0, 0, 0, 0, 0, 0, 0, 7, 7, 7, 7 ],
      "stddev" : 1.5501493167344746
    },
    "vm.memory.pools.PS-Survivor-Space.usage.x100.window.15m" : {
      "count" : 15,
      "max" : 7,
      "mean" : 1.8666666666666667,
      "min" : 0,
      "p50" : 0.0,
      "p75" : 7.0,
      "p95" : 7.0,
      "p98" : 7.0,
      "p99" : 7.0,
      "p999" : 7.0,
      "values" : [ 0, 0, 0, 0, 0, 0, 0, 0, 0, 0, 0, 7, 7, 7, 7 ],
      "stddev" : 3.204163957519444
    },
    "vm.memory.pools.PS-Survivor-Space.usage.x100.window.1h" : {
      "count" : 15,
      "max" : 7,
      "mean" : 1.8666666666666667,
      "min" : 0,
      "p50" : 0.0,
      "p75" : 7.0,
      "p95" : 7.0,
      "p98" : 7.0,
      "p99" : 7.0,
      "p999" : 7.0,
      "values" : [ 0, 0, 0, 0, 0, 0, 0, 0, 0, 0, 0, 7, 7, 7, 7 ],
      "stddev" : 3.204163957519444
    },
    "vm.memory.pools.PS-Survivor-Space.usage.x100.window.5m" : {
      "count" : 15,
      "max" : 7,
      "mean" : 1.8666666666666667,
      "min" : 0,
      "p50" : 0.0,
      "p75" : 7.0,
      "p95" : 7.0,
      "p98" : 7.0,
      "p99" : 7.0,
      "p999" : 7.0,
      "values" : [ 0, 0, 0, 0, 0, 0, 0, 0, 0, 0, 0, 7, 7, 7, 7 ],
      "stddev" : 3.204163957519444
    },
    "vm.memory.pools.PS-Survivor-Space.used.history" : {
      "count" : 15,
      "max" : 2850816,
      "mean" : 147428.36116544832,
      "min" : 0,
      "p50" : 0.0,
      "p75" : 0.0,
      "p95" : 2850816.0,
      "p98" : 2850816.0,
      "p99" : 2850816.0,
      "p999" : 2850816.0,
      "values" : [ 0, 0, 0, 0, 0, 0, 0, 0, 0, 0, 0, 2850816, 2850816, 2850816, 2850816 ],
      "stddev" : 631312.9249336726
    },
    "vm.memory.pools.PS-Survivor-Space.used.window.15m" : {
      "count" : 15,
      "max" : 2850816,
      "mean" : 760217.6,
      "min" : 0,
      "p50" : 0.0,
      "p75" : 2850816.0,
      "p95" : 2850816.0,
      "p98" : 2850816.0,
      "p99" : 2850816.0,
      "p999" : 2850816.0,
      "values" : [ 0, 0, 0, 0, 0, 0, 0, 0, 0, 0, 0, 2850816, 2850816, 2850816, 2850816 ],
      "stddev" : 1304925.9823885357
    },
    "vm.memory.pools.PS-Survivor-Space.used.window.1h" : {
      "count" : 15,
      "max" : 2850816,
      "mean" : 760217.6,
      "min" : 0,
      "p50" : 0.0,
      "p75" : 2850816.0,
      "p95" : 2850816.0,
      "p98" : 2850816.0,
      "p99" : 2850816.0,
      "p999" : 2850816.0,
      "values" : [ 0, 0, 0, 0, 0, 0, 0, 0, 0, 0, 0, 2850816, 2850816, 2850816, 2850816 ],
      "stddev" : 1304925.9823885357
    },
    "vm.memory.pools.PS-Survivor-Space.used.window.5m" : {
      "count" : 15,
      "max" : 2850816,
      "mean" : 760217.6,
      "min" : 0,
      "p50" : 0.0,
      "p75" : 2850816.0,
      "p95" : 2850816.0,
      "p98" : 2850816.0,
      "p99" : 2850816.0,
      "p999" : 2850816.0,
      "values" : [ 0, 0, 0, 0, 0, 0, 0, 0, 0, 0, 0, 2850816, 2850816, 2850816, 2850816 ],
      "stddev" : 1304925.9823885357
    },
    "vm.memory.total.committed.history" : {
      "count" : 15,
      "max" : 1836580864,
      "mean" : 1.830399879162889E9,
      "min" : 1724710912,
      "p50" : 1.83631872E9,
      "p75" : 1.83631872E9,
      "p95" : 1.836580864E9,
      "p98" : 1.836580864E9,
      "p99" : 1.836580864E9,
      "p999" : 1.836580864E9,
      "values" : [ 1724710912, 1731395584, 1731461120, 1735327744, 1826226176, 1827799040, 1835597824, 1835991040, 1835991040, 1835991040, 1836056576, 1836318720, 1836318720, 1836318720, 1836580864 ],
      "stddev" : 2.3175621451862928E7
    },
    "vm.memory.total.committed.window.15m" : {
      "count" : 15,
      "max" : 1836580864,
      "mean" : 1.8068056746666667E9,
      "min" : 1724710912,
      "p50" : 1.83599104E9,
      "p75" : 1.83631872E9,
      "p95" : 1.836580864E9,
      "p98" : 1.836580864E9,
      "p99" : 1.836580864E9,
      "p999" : 1.836580864E9,
      "values" : [ 1724710912, 1731395584, 1731461120, 1735327744, 1826226176, 1827799040, 1835597824, 1835991040, 1835991040, 1835991040, 1836056576, 1836318720, 1836318720, 1836318720, 1836580864 ],
      "stddev" : 4.763671060174296E7
    },
    "vm.memory.total.committed.window.1h" : {
      "count" : 15,
      "max" : 1836580864,
      "mean" : 1.8068056746666667E9,
      "min" : 1724710912,
      "p50" : 1.83599104E9,
      "p75" : 1.83631872E9,
      "p95" : 1.836580864E9,
      "p98" : 1.836580864E9,
      "p99" : 1.836580864E9,
      "p999" : 1.836580864E9,
      "values" : [ 1724710912, 1731395584, 1731461120, 1735327744, 1826226176, 1827799040, 1835597824, 1835991040, 1835991040, 1835991040, 1836056576, 1836318720, 1836318720, 1836318720, 1836580864 ],
      "stddev" : 4.763671060174296E7
    },
    "vm.memory.total.committed.window.5m" : {
      "count" : 15,
      "max" : 1836580864,
      "mean" : 1.8068056746666667E9,
      "min" : 1724710912,
      "p50" : 1.83599104E9,
      "p75" : 1.83631872E9,
      "p95" : 1.836580864E9,
      "p98" : 1.836580864E9,
      "p99" : 1.836580864E9,
      "p999" : 1.836580864E9,
      "values" : [ 1724710912, 1731395584, 1731461120, 1735327744, 1826226176, 1827799040, 1835597824, 1835991040, 1835991040, 1835991040, 1836056576, 1836318720, 1836318720, 1836318720, 1836580864 ],
      "stddev" : 4.763671060174296E7
    },
    "vm.memory.total.used.history" : {
      "count" : 15,
      "max" : 1405803656,
      "mean" : 1.3316603136951435E9,
      "min" : 346900528,
      "p50" : 1.380084232E9,
      "p75" : 1.387536336E9,
      "p95" : 1.405803656E9,
      "p98" : 1.405803656E9,
      "p99" : 1.405803656E9,
      "p999" : 1.405803656E9,
      "values" : [ 346900528, 493372992, 1042715656, 1267589464, 1267811176, 1358976304, 1368994408, 1370278624, 1377737008, 1378365264, 1378778816, 1380084232, 1387536336, 1387797216, 1405803656 ],
      "stddev" : 2.104505225016808E8
    },
    "vm.memory.total.used.window.15m" : {
      "count" : 15,
      "max" : 1405803656,
      "mean" : 1.214182808E9,
      "min" : 346900528,
      "p50" : 1.370278624E9,
      "p75" : 1.380084232E9,
      "p95" : 1.405803656E9,
      "p98" : 1.405803656E9,
      "p99" : 1.405803656E9,
      "p999" : 1.405803656E9,
      "values" : [ 346900528, 493372992, 1042715656, 1267589464, 1267811176, 1358976744, 1368994408, 1370278624, 1377737008, 1378365264, 1378778816, 1380084232, 1387536336, 1387797216, 1405803656 ],
      "stddev" : 3.3609154380509603E8
    },
    "vm.memory.total.used.window.1h" : {
      "count" : 15,
      "max" : 1405803656,
      "mean" : 1.2141828341333334E9,
      "min" : 346900528,
      "p50" : 1.370278624E9,
      "p75" : 1.380084232E9,
      "p95" : 1.405803656E9,
      "p98" : 1.405803656E9,
      "p99" : 1.405803656E9,
      "p999" : 1.405803656E9,
      "values" : [ 346900528, 493372992, 1042715656, 1267589464, 1267811568, 1358976744, 1368994408, 1370278624, 1377737008, 1378365264, 1378778816, 1380084232, 1387536336, 1387797216, 1405803656 ],
      "stddev" : 3.3609154827292466E8
    },
    "vm.memory.total.used.window.5m" : {
      "count" : 15,
      "max" : 1405803656,
      "mean" : 1.2141829024E9,
      "min" : 346900528,
      "p50" : 1.370279648E9,
      "p75" : 1.380084232E9,
      "p95" : 1.405803656E9,
      "p98" : 1.405803656E9,
      "p99" : 1.405803656E9,
      "p999" : 1.405803656E9,
      "values" : [ 346900528, 493372992, 1042715656, 1267589464, 1267811568, 1358976744, 1368994408, 1370279648, 1377737008, 1378365264, 1378778816, 1380084232, 1387536336, 1387797216, 1405803656 ],
      "stddev" : 3.36091582243807E8
    }
  },
  "meters" : {
    "http.responseCodes.badRequest" : {
      "count" : 0,
      "m15_rate" : 0.0,
      "m1_rate" : 0.0,
      "m5_rate" : 0.0,
      "mean_rate" : 0.0,
      "units" : "events/minute"
    },
    "http.responseCodes.created" : {
      "count" : 0,
      "m15_rate" : 0.0,
      "m1_rate" : 0.0,
      "m5_rate" : 0.0,
      "mean_rate" : 0.0,
      "units" : "events/minute"
    },
    "http.responseCodes.forbidden" : {
      "count" : 0,
      "m15_rate" : 0.0,
      "m1_rate" : 0.0,
      "m5_rate" : 0.0,
      "mean_rate" : 0.0,
      "units" : "events/minute"
    },
    "http.responseCodes.noContent" : {
      "count" : 0,
      "m15_rate" : 0.0,
      "m1_rate" : 0.0,
      "m5_rate" : 0.0,
      "mean_rate" : 0.0,
      "units" : "events/minute"
    },
    "http.responseCodes.notFound" : {
      "count" : 0,
      "m15_rate" : 0.0,
      "m1_rate" : 0.0,
      "m5_rate" : 0.0,
      "mean_rate" : 0.0,
      "units" : "events/minute"
    },
    "http.responseCodes.notModified" : {
      "count" : 223,
      "m15_rate" : 12.338297175380838,
      "m1_rate" : 23.373269383713232,
      "m5_rate" : 25.75847388787807,
      "mean_rate" : 55.138936295106205,
      "units" : "events/minute"
    },
    "http.responseCodes.ok" : {
      "count" : 226,
      "m15_rate" : 306.5993188759675,
      "m1_rate" : 25.318346246230625,
      "m5_rate" : 198.46183983170772,
      "mean_rate" : 55.88073836367282,
      "units" : "events/minute"
    },
    "http.responseCodes.other" : {
      "count" : 3,
      "m15_rate" : 0.16696319268486193,
      "m1_rate" : 0.20046447439612686,
      "m5_rate" : 0.34910305077557474,
      "mean_rate" : 0.7417797183036591,
      "units" : "events/minute"
    },
    "http.responseCodes.serverError" : {
      "count" : 0,
      "m15_rate" : 0.0,
      "m1_rate" : 0.0,
      "m5_rate" : 0.0,
      "mean_rate" : 0.0,
      "units" : "events/minute"
    },
    "http.responseCodes.serviceUnavailable" : {
      "count" : 10,
      "m15_rate" : 83.23258570999558,
      "m1_rate" : 2.1707532880963556,
      "m5_rate" : 49.43523961779896,
      "mean_rate" : 2.4725984962244594,
      "units" : "events/minute"
    },
    "jenkins.job.scheduled" : {
      "count" : 1,
      "m15_rate" : 0.055963873354550935,
      "m1_rate" : 0.0724607194316669,
      "m5_rate" : 0.11831244221923884,
      "mean_rate" : 0.2571639780751156,
      "units" : "events/minute"
    },
    "jenkins.runs.aborted" : {
      "count" : 0,
      "m15_rate" : 0.0,
      "m1_rate" : 0.0,
      "m5_rate" : 0.0,
      "mean_rate" : 0.0,
      "units" : "events/minute"
    },
    "jenkins.runs.failure" : {
      "count" : 1,
      "m15_rate" : 0.05658916155997196,
      "m1_rate" : 0.08560222542433574,
      "m5_rate" : 0.12232265587832813,
      "mean_rate" : 0.2571844195753733,
      "units" : "events/minute"
    },
    "jenkins.runs.not_built" : {
      "count" : 0,
      "m15_rate" : 0.0,
      "m1_rate" : 0.0,
      "m5_rate" : 0.0,
      "mean_rate" : 0.0,
      "units" : "events/minute"
    },
    "jenkins.runs.success" : {
      "count" : 0,
      "m15_rate" : 0.0,
      "m1_rate" : 0.0,
      "m5_rate" : 0.0,
      "mean_rate" : 0.0,
      "units" : "events/minute"
    },
    "jenkins.runs.total" : {
      "count" : 1,
      "m15_rate" : 0.05658916155997196,
      "m1_rate" : 0.08560222542433574,
      "m5_rate" : 0.12232265587832813,
      "mean_rate" : 0.25718438466797405,
      "units" : "events/minute"
    },
    "jenkins.runs.unstable" : {
      "count" : 0,
      "m15_rate" : 0.0,
      "m1_rate" : 0.0,
      "m5_rate" : 0.0,
      "mean_rate" : 0.0,
      "units" : "events/minute"
    }
  },
  "timers" : {
    "http.requests" : {
      "count" : 462,
      "max" : 2.590463622,
      "mean" : 0.021650367535357262,
      "min" : 5.306800000000001E-4,
      "p50" : 0.0037811480000000002,
      "p75" : 0.0067358290000000005,
      "p95" : 0.052198626000000005,
      "p98" : 0.069382975,
      "p99" : 0.150920305,
      "p999" : 2.590463622,
      "values" : [ 5.306800000000001E-4, 9.192450000000001E-4, 0.0010030220000000001, 0.001012148, 0.0010202190000000002, 0.0017190590000000002, 0.0017697510000000002, 0.0018595600000000001, 0.0019479760000000001, 0.002244869, 0.00225137, 0.0022520400000000003, 0.002258377, 0.002270578, 0.002273179, 0.00228165, 0.002287172, 0.0023120370000000003, 0.002314061, 0.002317074, 0.002322231, 0.00234696, 0.002366155, 0.0023731860000000002, 0.0023774210000000002, 0.0023785250000000003, 0.002385997, 0.002389988, 0.002400699, 0.002401485, 0.002408735, 0.002410976, 0.0024112, 0.0024131680000000003, 0.002434587, 0.002435603, 0.0024434070000000003, 0.002446793, 0.002458292, 0.002463733, 0.002465871, 0.002473176, 0.0024742830000000003, 0.0025046060000000004, 0.0025452310000000002, 0.00257348, 0.0025814880000000003, 0.002584681, 0.002590156, 0.002597888, 0.0025980110000000003, 0.002601897, 0.002611071, 0.002612973, 0.002618533, 0.0026239130000000003, 0.002632321, 0.002634524, 0.0026366840000000002, 0.002639747, 0.002641268, 0.002650176, 0.002652448, 0.0026530430000000003, 0.002669957, 0.002672074, 0.002681927, 0.002687619, 0.002694057, 0.002701363, 0.0027032780000000004, 0.002718893, 0.0027292600000000003, 0.002764926, 0.00277632, 0.0027958650000000002, 0.002808718, 0.0028199410000000003, 0.002821458, 0.0028214750000000004, 0.0028217140000000003, 0.002824632, 0.0028288130000000003, 0.002842208, 0.002851328, 0.0028629930000000003, 0.0028762030000000004, 0.0029265270000000004, 0.002929515, 0.00293805, 0.002974627, 0.00297873, 0.002980125, 0.002990953, 0.00299874, 0.0030118830000000004, 0.0030183690000000003, 0.0030217050000000004, 0.0030245370000000003, 0.003026248, 0.0030323710000000003, 0.0030458940000000004, 0.003059295, 0.003067231, 0.0030693630000000003, 0.003073002, 0.003077275, 0.003077563, 0.003086136, 0.003103386, 0.003109483, 0.003125201, 0.0031341620000000002, 0.0031346860000000002, 0.003135118, 0.003137186, 0.0031374280000000003, 0.0031425050000000003, 0.003146652, 0.003146971, 0.0031483080000000003, 0.0031567210000000004, 0.0031619480000000004, 0.003164296, 0.0031689070000000003, 0.003175433, 0.0031854780000000003, 0.0031860860000000003, 0.0031961010000000002, 0.003196337, 0.00319664, 0.003204316, 0.003206341, 0.00320914, 0.0032110520000000003, 0.0032205180000000003, 0.00322796, 0.003232066, 0.0032362040000000003, 0.003243085, 0.0032439540000000003, 0.0032452730000000003, 0.003250104, 0.003258768, 0.0032879520000000002, 0.0032922660000000003, 0.003307499, 0.003320878, 0.0033222140000000004, 0.0033284670000000003, 0.003339874, 0.0033411530000000004, 0.003341475, 0.0033456260000000004, 0.0033514400000000002, 0.003356267, 0.003361831, 0.003364016, 0.003397703, 0.0034052550000000003, 0.003424289, 0.0034318350000000003, 0.0034324520000000003, 0.00344186, 0.0034422270000000004, 0.003447265, 0.003457369, 0.0034643660000000004, 0.0034646980000000004, 0.003477754, 0.003488072, 0.003488094, 0.003492572, 0.003500267, 0.003501693, 0.003504469, 0.003515648, 0.0035224490000000004, 0.0035232170000000004, 0.0035239980000000004, 0.0035324560000000002, 0.003532677, 0.003557943, 0.0035644920000000003, 0.0035669100000000004, 0.00357112, 0.0035724610000000003, 0.003576703, 0.0035839820000000003, 0.003599417, 0.003605169, 0.003608341, 0.0036093490000000004, 0.0036167260000000002, 0.0036189100000000004, 0.0036273580000000002, 0.003629774, 0.0036318820000000003, 0.0036398320000000004, 0.0036476750000000004, 0.003648567, 0.0036487060000000003, 0.0036488140000000002, 0.003651192, 0.003654754, 0.0036589780000000002, 0.0036674240000000003, 0.00367045, 0.0036849540000000003, 0.0036900880000000002, 0.0036904280000000004, 0.0036917990000000004, 0.003706918, 0.00372317, 0.003723178, 0.003733791, 0.0037417920000000003, 0.003750765, 0.0037547820000000003, 0.0037732800000000004, 0.0037735650000000004, 0.0037811480000000002, 0.003781911, 0.0037912680000000004, 0.0038122440000000002, 0.003857496, 0.00386286, 0.0038708350000000004, 0.00388141, 0.0038964650000000004, 0.0039022260000000004, 0.003908946, 0.003910981, 0.003916383, 0.003942389, 0.003954635000000001, 0.003960716, 0.003981851000000001, 0.003983103, 0.004005638000000001, 0.004009713, 0.004046311, 0.004051158, 0.004081116, 0.0040837880000000005, 0.004096161, 0.004109238, 0.0041460080000000005, 0.004154264, 0.004172118, 0.0041888210000000006, 0.004192033, 0.00423187, 0.004243518, 0.004258021, 0.004265332, 0.004274461, 0.004290178, 0.004294707, 0.0043074160000000005, 0.004344833, 0.00435794, 0.004366318, 0.004404364, 0.004406495, 0.004409792, 0.0044307850000000005, 0.004456988, 0.0044839960000000005, 0.004490066, 0.004507769, 0.004524258000000001, 0.004591635, 0.004603083, 0.004605092, 0.004627770000000001, 0.004644736, 0.004678909, 0.004688254, 0.004702101, 0.004710566, 0.00472208, 0.004725046, 0.004731102, 0.004800335, 0.004808988, 0.004883582, 0.004936764000000001, 0.004947952, 0.004990612, 0.00499154, 0.004994898, 0.005003710000000001, 0.005006403, 0.005062332, 0.0050900270000000004, 0.005091507, 0.005155942, 0.005185838, 0.005215661, 0.005248846000000001, 0.005249684, 0.0052545230000000005, 0.005260009, 0.0052968220000000005, 0.005320669, 0.005323067, 0.005360368, 0.005369705000000001, 0.005401189000000001, 0.0054090300000000004, 0.0054377390000000005, 0.005445458, 0.005448962000000001, 0.005458883, 0.005500103, 0.0055659460000000004, 0.005575442000000001, 0.00558407, 0.0056584470000000005, 0.005664374000000001, 0.005665679000000001, 0.005715830000000001, 0.005727129, 0.0058298280000000004, 0.005837323, 0.00590579, 0.0059753620000000006, 0.0060025550000000006, 0.006083512, 0.006105132, 0.006110203000000001, 0.0061504870000000005, 0.00616574, 0.006242537, 0.00626197, 0.006497541000000001, 0.006531983000000001, 0.0065639340000000004, 0.006633756, 0.006638906000000001, 0.006641669, 0.0067358290000000005, 0.006751602000000001, 0.006862045000000001, 0.006970443000000001, 0.007003408, 0.007007692, 0.007157723, 0.007189556000000001, 0.007241552, 0.00724913, 0.00731528, 0.007323978, 0.007385397, 0.007422571, 0.00742951, 0.007493317, 0.00771884, 0.007748901000000001, 0.00792177, 0.007950758, 0.008011036000000001, 0.008073894, 0.008090978, 0.008174938, 0.008212618, 0.008293360000000001, 0.008414978, 0.008450804000000001, 0.008535021, 0.00860752, 0.00864663, 0.00870432, 0.008942481, 0.008951387, 0.008974505, 0.009004595, 0.009233207, 0.009348747000000001, 0.009547354000000001, 0.009619901, 0.009724113000000001, 0.009977597000000001, 0.010339405000000001, 0.010373079, 0.010536202000000001, 0.010557648000000001, 0.010749621000000001, 0.010979351, 0.011045706, 0.011103004000000001, 0.011174557, 0.011396583, 0.01144031, 0.011610163000000001, 0.012057506, 0.012344403, 0.012953019000000001, 0.012989703, 0.013081158, 0.013578382000000002, 0.013594015000000001, 0.014246969000000002, 0.014322151000000002, 0.015062321000000002, 0.015113223, 0.016700634000000002, 0.017186068000000002, 0.017480863000000003, 0.017685834, 0.018128106, 0.018567365000000002, 0.019299629000000002, 0.019404559000000002, 0.024044830000000003, 0.024230393000000003, 0.027050543000000003, 0.027231195000000003, 0.029540693000000003, 0.029894418000000002, 0.033395858, 0.034182621, 0.034204006, 0.037966388000000004, 0.038330456000000006, 0.038825225000000005, 0.042873192000000004, 0.043988902, 0.044317329, 0.052084277000000005, 0.052198626000000005, 0.053735181, 0.053786065, 0.054188359000000005, 0.056287582, 0.056891877, 0.057325361000000005, 0.057910517, 0.058181254, 0.059492855000000004, 0.06323938400000001, 0.06459915100000001, 0.066187175, 0.066341009, 0.06815169, 0.069382975, 0.08250107100000001, 0.090389965, 0.098282771, 0.099117127, 0.12069684100000001, 0.150920305, 0.19481243, 0.231903727, 0.383873195, 0.510918183, 0.7255978070000001, 1.000979593, 2.116513259, 2.135980088, 2.590463622 ],
      "stddev" : 0.15974378994692073,
      "m15_rate" : 402.3371649540287,
      "m1_rate" : 51.062833392436346,
      "m5_rate" : 274.0046563881604,
      "mean_rate" : 114.23466888916126,
      "duration_units" : "seconds",
      "rate_units" : "calls/minute"
    },
    "jenkins.health-check.duration" : {
      "count" : 4,
      "max" : 0.002231676,
      "mean" : 9.646109496531843E-4,
      "min" : 8.06445E-4,
      "p50" : 8.981490000000001E-4,
      "p75" : 9.82942E-4,
      "p95" : 9.82942E-4,
      "p98" : 0.002231676,
      "p99" : 0.002231676,
      "p999" : 0.002231676,
      "values" : [ 8.06445E-4, 8.981490000000001E-4, 9.82942E-4, 0.002231676 ],
      "stddev" : 2.666986659191693E-4,
      "m15_rate" : 0.23467960484142156,
      "m1_rate" : 0.9823041439768225,
      "m5_rate" : 0.554361164439722,
      "mean_rate" : 1.0297841122544271,
      "duration_units" : "seconds",
      "rate_units" : "calls/minute"
    },
    "jenkins.job.blocked.duration" : {
      "count" : 0,
      "max" : 0.0,
      "mean" : 0.0,
      "min" : 0.0,
      "p50" : 0.0,
      "p75" : 0.0,
      "p95" : 0.0,
      "p98" : 0.0,
      "p99" : 0.0,
      "p999" : 0.0,
      "values" : [ ],
      "stddev" : 0.0,
      "m15_rate" : 0.0,
      "m1_rate" : 0.0,
      "m5_rate" : 0.0,
      "mean_rate" : 0.0,
      "duration_units" : "seconds",
      "rate_units" : "calls/minute"
    },
    "jenkins.job.buildable.duration" : {
      "count" : 1,
      "max" : 0.034424090000000004,
      "mean" : 0.034424090000000004,
      "min" : 0.034424090000000004,
      "p50" : 0.034424090000000004,
      "p75" : 0.034424090000000004,
      "p95" : 0.034424090000000004,
      "p98" : 0.034424090000000004,
      "p99" : 0.034424090000000004,
      "p999" : 0.034424090000000004,
      "values" : [ 0.034424090000000004 ],
      "stddev" : 0.0,
      "m15_rate" : 0.055963873354550935,
      "m1_rate" : 0.0724607194316669,
      "m5_rate" : 0.11831244221923884,
      "mean_rate" : 0.2571736450355287,
      "duration_units" : "seconds",
      "rate_units" : "calls/minute"
    },
    "jenkins.job.building.duration" : {
      "count" : 2,
      "max" : 11.25,
      "mean" : 11.228562603,
      "min" : 11.207125206,
      "p50" : 11.25,
      "p75" : 11.25,
      "p95" : 11.25,
      "p98" : 11.25,
      "p99" : 11.25,
      "p999" : 11.25,
      "values" : [ 11.207125206, 11.25 ],
      "stddev" : 0.021437397,
      "m15_rate" : 0.11317832311994391,
      "m1_rate" : 0.17120445084867147,
      "m5_rate" : 0.24464531175665627,
      "mean_rate" : 0.5143470417131036,
      "duration_units" : "seconds",
      "rate_units" : "calls/minute"
    },
    "jenkins.job.queuing.duration" : {
      "count" : 1,
      "max" : 0.07300000000000001,
      "mean" : 0.07300000000000001,
      "min" : 0.07300000000000001,
      "p50" : 0.07300000000000001,
      "p75" : 0.07300000000000001,
      "p95" : 0.07300000000000001,
      "p98" : 0.07300000000000001,
      "p99" : 0.07300000000000001,
      "p999" : 0.07300000000000001,
      "values" : [ 0.07300000000000001 ],
      "stddev" : 0.0,
      "m15_rate" : 0.055963873354550935,
      "m1_rate" : 0.0724607194316669,
      "m5_rate" : 0.11831244221923884,
      "mean_rate" : 0.2571733511746516,
      "duration_units" : "seconds",
      "rate_units" : "calls/minute"
    },
    "jenkins.job.total.duration" : {
      "count" : 1,
      "max" : 11.323,
      "mean" : 11.323,
      "min" : 11.323,
      "p50" : 11.323,
      "p75" : 11.323,
      "p95" : 11.323,
      "p98" : 11.323,
      "p99" : 11.323,
      "p999" : 11.323,
      "values" : [ 11.323 ],
      "stddev" : 0.0,
      "m15_rate" : 0.05658916155997196,
      "m1_rate" : 0.08560222542433574,
      "m5_rate" : 0.12232265587832813,
      "mean_rate" : 0.25717329629654784,
      "duration_units" : "seconds",
      "rate_units" : "calls/minute"
    },
    "jenkins.job.waiting.duration" : {
      "count" : 1,
      "max" : 0.031486162000000005,
      "mean" : 0.031486162000000005,
      "min" : 0.031486162000000005,
      "p50" : 0.031486162000000005,
      "p75" : 0.031486162000000005,
      "p95" : 0.031486162000000005,
      "p98" : 0.031486162000000005,
      "p99" : 0.031486162000000005,
      "p999" : 0.031486162000000005,
      "values" : [ 0.031486162000000005 ],
      "stddev" : 0.0,
      "m15_rate" : 0.055963873354550935,
      "m1_rate" : 0.0724607194316669,
      "m5_rate" : 0.11831244221923884,
      "mean_rate" : 0.25717313664918373,
      "duration_units" : "seconds",
      "rate_units" : "calls/minute"
    }
  }
}