{
  "version" : "3.0.0",
  "gauges" : {
    "jenkins.executor.count.value" : {
      "value" : 2
    },
    "jenkins.executor.free.value" : {
      "value" : 2
    },
    "jenkins.executor.in-use.value" : {
      "value" : 0
    },
    "jenkins.health-check.count" : {
      "value" : 4
    },
    "jenkins.health-check.inverse-score" : {
      "value" : 0.0
    },
    "jenkins.health-check.score" : {
      "value" : 1.0
    },
    "jenkins.job.count.value" : {
      "value" : 27
    },
    "jenkins.node.count.value" : {
      "value" : 3
    },
    "jenkins.node.offline.value" : {
      "value" : 2
    },
    "jenkins.node.online.value" : {
      "value" : 1
    },
    "jenkins.plugins.active" : {
      "value" : 59
    },
    "jenkins.plugins.failed" : {
      "value" : 1
    },
    "jenkins.plugins.inactive" : {
      "value" : 0
    },
    "jenkins.plugins.withUpdate" : {
      "value" : 0
    },
    "jenkins.project.count.value" : {
      "value" : 15
    },
    "jenkins.project.disabled.count.value" : {
      "value" : 1
    },
    "jenkins.project.enabled.count.value" : {
      "value" : 14
    },
    "jenkins.queue.blocked.value" : {
      "value" : 0
    },
    "jenkins.queue.buildable.value" : {
      "value" : 0
    },
    "jenkins.queue.pending.value" : {
      "value" : 0
    },
    "jenkins.queue.size.value" : {
      "value" : 0
    },
    "jenkins.queue.stuck.value" : {
      "value" : 0
    },
    "system.cpu.load" : {
      "value" : 0.72
    },
    "vm.blocked.count" : {
      "value" : 0
    },
    "vm.count" : {
      "value" : 35
    },
    "vm.cpu.load" : {
      "value" : 0.273171768707483
    },
    "vm.daemon.count" : {
      "value" : 26
    },
    "vm.deadlocks" : {
      "value" : [ ]
    },
    "vm.file.descriptor.ratio" : {
      "value" : 0.052978515625
    },
    "vm.gc.PS-MarkSweep.count" : {
      "value" : 3
    },
    "vm.gc.PS-MarkSweep.time" : {
      "value" : 499
    },
    "vm.gc.PS-Scavenge.count" : {
      "value" : 35
    },
    "vm.gc.PS-Scavenge.time" : {
      "value" : 620
    },
    "vm.memory.heap.committed" : {
      "value" : 426770432
    },
    "vm.memory.heap.init" : {
      "value" : 65011712
    },
    "vm.memory.heap.max" : {
      "value" : 905969664
    },
    "vm.memory.heap.usage" : {
      "value" : 0.24631369555438007
    },
    "vm.memory.heap.used" : {
      "value" : 223152736
    },
    "vm.memory.non-heap.committed" : {
      "value" : 104734720
    },
    "vm.memory.non-heap.init" : {
      "value" : 2555904
    },
    "vm.memory.non-heap.max" : {
      "value" : -1
    },
    "vm.memory.non-heap.usage" : {
      "value" : -9.7204096E7
    },
    "vm.memory.non-heap.used" : {
      "value" : 97204096
    },
    "vm.memory.pools.Code-Cache.usage" : {
      "value" : 0.0881482442220052
    },
    "vm.memory.pools.Compressed-Class-Space.usage" : {
      "value" : 0.007365904748439789
    },
    "vm.memory.pools.Metaspace.usage" : {
      "value" : 0.9189407117568704
    },
    "vm.memory.pools.PS-Eden-Space.usage" : {
      "value" : 0.4766565915917148
    },
    "vm.memory.pools.PS-Old-Gen.usage" : {
      "value" : 0.09263071601773486
    },
    "vm.memory.pools.PS-Survivor-Space.usage" : {
      "value" : 0.9154160817464193
    },
    "vm.memory.total.committed" : {
      "value" : 531505152
    },
    "vm.memory.total.init" : {
      "value" : 67567616
    },
    "vm.memory.total.max" : {
      "value" : 905969663
    },
    "vm.memory.total.used" : {
      "value" : 320357488
    },
    "vm.new.count" : {
      "value" : 0
    },
    "vm.runnable.count" : {
      "value" : 9
    },
    "vm.terminated.count" : {
      "value" : 0
    },
    "vm.timed_waiting.count" : {
      "value" : 12
    },
    "vm.uptime.milliseconds" : {
      "value" : 86051
    },
    "vm.waiting.count" : {
      "value" : 14
    }
  },
  "counters" : {
    "http.activeRequests" : {
      "count" : 1
    }
  },
  "histograms" : {
    "jenkins.executor.count.history" : {
      "count" : 5,
      "max" : 2,
      "mean" : 2.0,
      "min" : 2,
      "p50" : 2.0,
      "p75" : 2.0,
      "p95" : 2.0,
      "p98" : 2.0,
      "p99" : 2.0,
      "p999" : 2.0,
      "values" : [ 2, 2, 2, 2, 2 ],
      "stddev" : 0.0
    },
    "jenkins.executor.free.history" : {
      "count" : 5,
      "max" : 2,
      "mean" : 2.0,
      "min" : 2,
      "p50" : 2.0,
      "p75" : 2.0,
      "p95" : 2.0,
      "p98" : 2.0,
      "p99" : 2.0,
      "p999" : 2.0,
      "values" : [ 2, 2, 2, 2, 2 ],
      "stddev" : 0.0
    },
    "jenkins.executor.in-use.history" : {
      "count" : 5,
      "max" : 0,
      "mean" : 0.0,
      "min" : 0,
      "p50" : 0.0,
      "p75" : 0.0,
      "p95" : 0.0,
      "p98" : 0.0,
      "p99" : 0.0,
      "p999" : 0.0,
      "values" : [ 0, 0, 0, 0, 0 ],
      "stddev" : 0.0
    },
    "jenkins.job.count.history" : {
      "count" : 5,
      "max" : 27,
      "mean" : 27.0,
      "min" : 27,
      "p50" : 27.0,
      "p75" : 27.0,
      "p95" : 27.0,
      "p98" : 27.0,
      "p99" : 27.0,
      "p999" : 27.0,
      "values" : [ 27, 27, 27, 27, 27 ],
      "stddev" : 0.0
    },
    "jenkins.node.count.history" : {
      "count" : 5,
      "max" : 3,
      "mean" : 3.0,
      "min" : 3,
      "p50" : 3.0,
      "p75" : 3.0,
      "p95" : 3.0,
      "p98" : 3.0,
      "p99" : 3.0,
      "p999" : 3.0,
      "values" : [ 3, 3, 3, 3, 3 ],
      "stddev" : 0.0
    },
    "jenkins.node.offline.history" : {
      "count" : 5,
      "max" : 2,
      "mean" : 2.0,
      "min" : 2,
      "p50" : 2.0,
      "p75" : 2.0,
      "p95" : 2.0,
      "p98" : 2.0,
      "p99" : 2.0,
      "p999" : 2.0,
      "values" : [ 2, 2, 2, 2, 2 ],
      "stddev" : 0.0
    },
    "jenkins.node.online.history" : {
      "count" : 5,
      "max" : 1,
      "mean" : 1.0,
      "min" : 1,
      "p50" : 1.0,
      "p75" : 1.0,
      "p95" : 1.0,
      "p98" : 1.0,
      "p99" : 1.0,
      "p999" : 1.0,
      "values" : [ 1, 1, 1, 1, 1 ],
      "stddev" : 0.0
    },
    "jenkins.project.count.history" : {
      "count" : 5,
      "max" : 15,
      "mean" : 15.0,
      "min" : 15,
      "p50" : 15.0,
      "p75" : 15.0,
      "p95" : 15.0,
      "p98" : 15.0,
      "p99" : 15.0,
      "p999" : 15.0,
      "values" : [ 15, 15, 15, 15, 15 ],
      "stddev" : 0.0
    },
    "jenkins.project.disabled.count.history" : {
      "count" : 5,
      "max" : 1,
      "mean" : 1.0,
      "min" : 1,
      "p50" : 1.0,
      "p75" : 1.0,
      "p95" : 1.0,
      "p98" : 1.0,
      "p99" : 1.0,
      "p999" : 1.0,
      "values" : [ 1, 1, 1, 1, 1 ],
      "stddev" : 0.0
    },
    "jenkins.project.enabled.count.history" : {
      "count" : 5,
      "max" : 14,
      "mean" : 14.0,
      "min" : 14,
      "p50" : 14.0,
      "p75" : 14.0,
      "p95" : 14.0,
      "p98" : 14.0,
      "p99" : 14.0,
      "p999" : 14.0,
      "values" : [ 14, 14, 14, 14, 14 ],
      "stddev" : 0.0
    },
    "jenkins.queue.blocked.history" : {
      "count" : 5,
      "max" : 0,
      "mean" : 0.0,
      "min" : 0,
      "p50" : 0.0,
      "p75" : 0.0,
      "p95" : 0.0,
      "p98" : 0.0,
      "p99" : 0.0,
      "p999" : 0.0,
      "values" : [ 0, 0, 0, 0, 0 ],
      "stddev" : 0.0
    },
    "jenkins.queue.buildable.history" : {
      "count" : 5,
      "max" : 0,
      "mean" : 0.0,
      "min" : 0,
      "p50" : 0.0,
      "p75" : 0.0,
      "p95" : 0.0,
      "p98" : 0.0,
      "p99" : 0.0,
      "p999" : 0.0,
      "values" : [ 0, 0, 0, 0, 0 ],
      "stddev" : 0.0
    },
    "jenkins.queue.pending.history" : {
      "count" : 5,
      "max" : 0,
      "mean" : 0.0,
      "min" : 0,
      "p50" : 0.0,
      "p75" : 0.0,
      "p95" : 0.0,
      "p98" : 0.0,
      "p99" : 0.0,
      "p999" : 0.0,
      "values" : [ 0, 0, 0, 0, 0 ],
      "stddev" : 0.0
    },
    "jenkins.queue.size.history" : {
      "count" : 5,
      "max" : 0,
      "mean" : 0.0,
      "min" : 0,
      "p50" : 0.0,
      "p75" : 0.0,
      "p95" : 0.0,
      "p98" : 0.0,
      "p99" : 0.0,
      "p999" : 0.0,
      "values" : [ 0, 0, 0, 0, 0 ],
      "stddev" : 0.0
    },
    "jenkins.queue.stuck.history" : {
      "count" : 5,
      "max" : 0,
      "mean" : 0.0,
      "min" : 0,
      "p50" : 0.0,
      "p75" : 0.0,
      "p95" : 0.0,
      "p98" : 0.0,
      "p99" : 0.0,
      "p999" : 0.0,
      "values" : [ 0, 0, 0, 0, 0 ],
      "stddev" : 0.0
    }
  },
  "meters" : {
    "http.responseCodes.badRequest" : {
      "count" : 0,
      "m15_rate" : 0.0,
      "m1_rate" : 0.0,
      "m5_rate" : 0.0,
      "mean_rate" : 0.0,
      "units" : "events/minute"
    },
    "http.responseCodes.created" : {
      "count" : 0,
      "m15_rate" : 0.0,
      "m1_rate" : 0.0,
      "m5_rate" : 0.0,
      "mean_rate" : 0.0,
      "units" : "events/minute"
    },
    "http.responseCodes.forbidden" : {
      "count" : 0,
      "m15_rate" : 0.0,
      "m1_rate" : 0.0,
      "m5_rate" : 0.0,
      "mean_rate" : 0.0,
      "units" : "events/minute"
    },
    "http.responseCodes.noContent" : {
      "count" : 0,
      "m15_rate" : 0.0,
      "m1_rate" : 0.0,
      "m5_rate" : 0.0,
      "mean_rate" : 0.0,
      "units" : "events/minute"
    },
    "http.responseCodes.notFound" : {
      "count" : 0,
      "m15_rate" : 0.0,
      "m1_rate" : 0.0,
      "m5_rate" : 0.0,
      "mean_rate" : 0.0,
      "units" : "events/minute"
    },
    "http.responseCodes.notModified" : {
      "count" : 33,
      "m15_rate" : 2.0452000390587286,
      "m1_rate" : 11.091371392642488,
      "m5_rate" : 5.30311433872208,
      "mean_rate" : 24.2398241686287,
      "units" : "events/minute"
    },
    "http.responseCodes.ok" : {
      "count" : 106,
      "m15_rate" : 335.87944157819163,
      "m1_rate" : 136.50657519672689,
      "m5_rate" : 292.8850466468487,
      "mean_rate" : 77.86138853367265,
      "units" : "events/minute"
    },
    "http.responseCodes.other" : {
      "count" : 0,
      "m15_rate" : 0.0,
      "m1_rate" : 0.0,
      "m5_rate" : 0.0,
      "mean_rate" : 0.0,
      "units" : "events/minute"
    },
    "http.responseCodes.serverError" : {
      "count" : 0,
      "m15_rate" : 0.0,
      "m1_rate" : 0.0,
      "m5_rate" : 0.0,
      "mean_rate" : 0.0,
      "units" : "events/minute"
    },
    "http.responseCodes.serviceUnavailable" : {
      "count" : 19,
      "m15_rate" : 67.0472432421374,
      "m1_rate" : 24.850048759908248,
      "m5_rate" : 58.14982257942221,
      "mean_rate" : 13.956272089611547,
      "units" : "events/minute"
    },
    "jenkins.job.scheduled" : {
      "count" : 0,
      "m15_rate" : 0.0,
      "m1_rate" : 0.0,
      "m5_rate" : 0.0,
      "mean_rate" : 0.0,
      "units" : "events/minute"
    },
    "jenkins.runs.aborted" : {
      "count" : 0,
      "m15_rate" : 0.0,
      "m1_rate" : 0.0,
      "m5_rate" : 0.0,
      "mean_rate" : 0.0,
      "units" : "events/minute"
    },
    "jenkins.runs.failure" : {
      "count" : 0,
      "m15_rate" : 0.0,
      "m1_rate" : 0.0,
      "m5_rate" : 0.0,
      "mean_rate" : 0.0,
      "units" : "events/minute"
    },
    "jenkins.runs.not_built" : {
      "count" : 0,
      "m15_rate" : 0.0,
      "m1_rate" : 0.0,
      "m5_rate" : 0.0,
      "mean_rate" : 0.0,
      "units" : "events/minute"
    },
    "jenkins.runs.success" : {
      "count" : 0,
      "m15_rate" : 0.0,
      "m1_rate" : 0.0,
      "m5_rate" : 0.0,
      "mean_rate" : 0.0,
      "units" : "events/minute"
    },
    "jenkins.runs.total" : {
      "count" : 0,
      "m15_rate" : 0.0,
      "m1_rate" : 0.0,
      "m5_rate" : 0.0,
      "mean_rate" : 0.0,
      "units" : "events/minute"
    },
    "jenkins.runs.unstable" : {
      "count" : 0,
      "m15_rate" : 0.0,
      "m1_rate" : 0.0,
      "m5_rate" : 0.0,
      "mean_rate" : 0.0,
      "units" : "events/minute"
    }
  },
  "timers" : {
    "http.requests" : {
      "count" : 158,
      "max" : 1.323946918,
      "mean" : 0.042672577082278486,
      "min" : 3.61638E-4,
      "p50" : 0.0036422205000000004,
      "p75" : 0.028418574250000002,
      "p95" : 0.20435371784999998,
      "p98" : 0.4361494976799997,
      "p99" : 0.9136677071299977,
      "p999" : 1.323946918,
      "values" : [ 3.61638E-4, 3.90274E-4, 4.2274900000000004E-4, 4.23587E-4, 4.3965100000000005E-4, 4.4328300000000005E-4, 4.4600700000000005E-4, 4.4698400000000004E-4, 4.51943E-4, 4.5424800000000003E-4, 4.59067E-4, 4.6297700000000005E-4, 4.65911E-4, 4.6905300000000004E-4, 4.6947400000000005E-4, 4.7897200000000003E-4, 5.02018E-4, 5.236710000000001E-4, 5.95467E-4, 6.09644E-4, 6.134160000000001E-4, 6.16979E-4, 6.294100000000001E-4, 6.36533E-4, 6.66425E-4, 6.84723E-4, 6.931750000000001E-4, 6.96387E-4, 7.07563E-4, 7.10635E-4, 7.328430000000001E-4, 7.47371E-4, 7.91372E-4, 8.034540000000001E-4, 8.0583E-4, 8.10508E-4, 8.46198E-4, 8.77347E-4, 8.84263E-4, 8.914550000000001E-4, 9.01441E-4, 9.041650000000001E-4, 9.066090000000001E-4, 9.14292E-4, 9.21695E-4, 9.385270000000001E-4, 9.385970000000001E-4, 9.68071E-4, 9.72052E-4, 9.733780000000001E-4, 9.88463E-4, 0.001067314, 0.001087779, 0.001187369, 0.001199942, 0.0012235500000000001, 0.001236888, 0.0012755120000000001, 0.0012929, 0.001328869, 0.001441943, 0.001464222, 0.001541257, 0.0016900880000000002, 0.0018514260000000002, 0.001876213, 0.0019295710000000002, 0.00197595, 0.0021440590000000002, 0.0021835870000000003, 0.002219346, 0.002336683, 0.0023571480000000003, 0.002441162, 0.002589231, 0.0028212380000000002, 0.002886122, 0.00314314, 0.003629021, 0.0036554200000000004, 0.0037188390000000003, 0.003939185, 0.004054711, 0.004176508000000001, 0.00422596, 0.004617064000000001, 0.004817306, 0.004902298, 0.004992611, 0.005703514000000001, 0.006004886, 0.00680177, 0.006829286, 0.0069348230000000005, 0.008138669000000001, 0.00824882, 0.008484173000000001, 0.008576446, 0.009143764, 0.009706397, 0.010581172, 0.011377976000000001, 0.011630533, 0.014468668, 0.015128533000000001, 0.015129433000000001, 0.015928563, 0.016688647, 0.017051676, 0.020269965, 0.021220022, 0.022305975000000002, 0.022521369000000003, 0.022651276, 0.024476777, 0.024755805000000002, 0.025523989, 0.027023759, 0.028259878000000002, 0.028894663, 0.033141571, 0.034621166, 0.036283524000000004, 0.042402386, 0.043295579, 0.047310417, 0.057232346, 0.057315955, 0.057473023000000005, 0.060144242, 0.061139206, 0.062230466000000005, 0.06902749300000001, 0.0744733, 0.07805503500000001, 0.08125272, 0.081736798, 0.08318334200000001, 0.09007542, 0.090711599, 0.093860118, 0.094652543, 0.095511649, 0.097161038, 0.10782237600000001, 0.107945988, 0.112821403, 0.12168439700000001, 0.128034865, 0.15632727700000001, 0.20428309800000002, 0.205695495, 0.23060279300000003, 0.336234382, 0.40059144900000004, 0.443954923, 0.628558425, 1.323946918 ],
      "stddev" : 0.13087317992642425,
      "m15_rate" : 404.9718848593878,
      "m1_rate" : 172.44799534927768,
      "m5_rate" : 356.33798356499295,
      "mean_rate" : 116.07717225600524,
      "duration_units" : "seconds",
      "rate_units" : "calls/minute"
    },
    "jenkins.health-check.duration" : {
      "count" : 1,
      "max" : 0.002338288,
      "mean" : 0.002338288,
      "min" : 0.002338288,
      "p50" : 0.002338288,
      "p75" : 0.002338288,
      "p95" : 0.002338288,
      "p98" : 0.002338288,
      "p99" : 0.002338288,
      "p999" : 0.002338288,
      "values" : [ 0.002338288 ],
      "stddev" : 0.0,
      "m15_rate" : 0.06538297604420337,
      "m1_rate" : 0.747233669971387,
      "m5_rate" : 0.18866927362915523,
      "mean_rate" : 0.8197673948270258,
      "duration_units" : "seconds",
      "rate_units" : "calls/minute"
    },
    "jenkins.job.blocked.duration" : {
      "count" : 0,
      "max" : 0.0,
      "mean" : 0.0,
      "min" : 0.0,
      "p50" : 0.0,
      "p75" : 0.0,
      "p95" : 0.0,
      "p98" : 0.0,
      "p99" : 0.0,
      "p999" : 0.0,
      "values" : [ ],
      "stddev" : 0.0,
      "m15_rate" : 0.0,
      "m1_rate" : 0.0,
      "m5_rate" : 0.0,
      "mean_rate" : 0.0,
      "duration_units" : "seconds",
      "rate_units" : "calls/minute"
    },
    "jenkins.job.buildable.duration" : {
      "count" : 0,
      "max" : 0.0,
      "mean" : 0.0,
      "min" : 0.0,
      "p50" : 0.0,
      "p75" : 0.0,
      "p95" : 0.0,
      "p98" : 0.0,
      "p99" : 0.0,
      "p999" : 0.0,
      "values" : [ ],
      "stddev" : 0.0,
      "m15_rate" : 0.0,
      "m1_rate" : 0.0,
      "m5_rate" : 0.0,
      "mean_rate" : 0.0,
      "duration_units" : "seconds",
      "rate_units" : "calls/minute"
    },
    "jenkins.job.building.duration" : {
      "count" : 0,
      "max" : 0.0,
      "mean" : 0.0,
      "min" : 0.0,
      "p50" : 0.0,
      "p75" : 0.0,
      "p95" : 0.0,
      "p98" : 0.0,
      "p99" : 0.0,
      "p999" : 0.0,
      "values" : [ ],
      "stddev" : 0.0,
      "m15_rate" : 0.0,
      "m1_rate" : 0.0,
      "m5_rate" : 0.0,
      "mean_rate" : 0.0,
      "duration_units" : "seconds",
      "rate_units" : "calls/minute"
    },
    "jenkins.job.queuing.duration" : {
      "count" : 0,
      "max" : 0.0,
      "mean" : 0.0,
      "min" : 0.0,
      "p50" : 0.0,
      "p75" : 0.0,
      "p95" : 0.0,
      "p98" : 0.0,
      "p99" : 0.0,
      "p999" : 0.0,
      "values" : [ ],
      "stddev" : 0.0,
      "m15_rate" : 0.0,
      "m1_rate" : 0.0,
      "m5_rate" : 0.0,
      "mean_rate" : 0.0,
      "duration_units" : "seconds",
      "rate_units" : "calls/minute"
    },
    "jenkins.job.total.duration" : {
      "count" : 0,
      "max" : 0.0,
      "mean" : 0.0,
      "min" : 0.0,
      "p50" : 0.0,
      "p75" : 0.0,
      "p95" : 0.0,
      "p98" : 0.0,
      "p99" : 0.0,
      "p999" : 0.0,
      "values" : [ ],
      "stddev" : 0.0,
      "m15_rate" : 0.0,
      "m1_rate" : 0.0,
      "m5_rate" : 0.0,
      "mean_rate" : 0.0,
      "duration_units" : "seconds",
      "rate_units" : "calls/minute"
    },
    "jenkins.job.waiting.duration" : {
      "count" : 0,
      "max" : 0.0,
      "mean" : 0.0,
      "min" : 0.0,
      "p50" : 0.0,
      "p75" : 0.0,
      "p95" : 0.0,
      "p98" : 0.0,
      "p99" : 0.0,
      "p999" : 0.0,
      "values" : [ ],
      "stddev" : 0.0,
      "m15_rate" : 0.0,
      "m1_rate" : 0.0,
      "m5_rate" : 0.0,
      "mean_rate" : 0.0,
      "duration_units" : "seconds",
      "rate_units" : "calls/minute"
    },
    "jenkins.node.allezhop.builds" : {
      "count" : 0,
      "max" : 0.0,
      "mean" : 0.0,
      "min" : 0.0,
      "p50" : 0.0,
      "p75" : 0.0,
      "p95" : 0.0,
      "p98" : 0.0,
      "p99" : 0.0,
      "p999" : 0.0,
      "values" : [ ],
      "stddev" : 0.0,
      "m15_rate" : 0.0,
      "m1_rate" : 0.0,
      "m5_rate" : 0.0,
      "mean_rate" : 0.0,
      "duration_units" : "seconds",
      "rate_units" : "calls/minute"
    },
    "jenkins.node.testnode.builds" : {
      "count" : 0,
      "max" : 0.0,
      "mean" : 0.0,
      "min" : 0.0,
      "p50" : 0.0,
      "p75" : 0.0,
      "p95" : 0.0,
      "p98" : 0.0,
      "p99" : 0.0,
      "p999" : 0.0,
      "values" : [ ],
      "stddev" : 0.0,
      "m15_rate" : 0.0,
      "m1_rate" : 0.0,
      "m5_rate" : 0.0,
      "mean_rate" : 0.0,
      "duration_units" : "seconds",
      "rate_units" : "calls/minute"
    }
  }
}