<?xml version='1.1' encoding='UTF-8'?>
<Tag plugin="workflow-support@2.18">
  <node class="cps.n.StepStartNode" plugin="workflow-cps@2.45">
    <parentIds>
      <string>9</string>
    </parentIds>
    <id>10</id>
    <descriptorId>org.jenkinsci.plugins.workflow.steps.EnvStep</descriptorId>
  </node>
  <actions>
    <wf.a.TimingAction plugin="workflow-api@2.26">
      <startTime>1521814054855</startTime>
    </wf.a.TimingAction>
    <s.a.LogActionImpl>
      <charset>windows-1251</charset>
    </s.a.LogActionImpl>
    <cps.a.ArgumentsActionImpl plugin="workflow-cps@2.45">
      <arguments>
        <entry>
          <string>overrides</string>
          <list>
            <string>GIT_AUTHOR_EMAIL=saneksamara@mail.ru</string>
            <string>GIT_AUTHOR_NAME=jenkinsci</string>
            <wf.a.ArgumentsAction_-NotStoredReason>MASKED_VALUE</wf.a.ArgumentsAction_-NotStoredReason>
            <string>GIT_COMMIT=b8aeefa18b23d502dca9e1aee76fe0f067ffceb4</string>
            <string>GIT_COMMITTER_EMAIL=saneksamara@mail.ru</string>
            <string>GIT_COMMITTER_NAME=jenkinsci</string>
            <string>GIT_PREVIOUS_COMMIT=b8aeefa18b23d502dca9e1aee76fe0f067ffceb4</string>
            <string>GIT_PREVIOUS_SUCCESSFUL_COMMIT=b8aeefa18b23d502dca9e1aee76fe0f067ffceb4</string>
            <string>GIT_URL=https://git.iv.integra-s.com/ag/autoloader.git</string>
          </list>
        </entry>
      </arguments>
      <isUnmodifiedBySanitization>false</isUnmodifiedBySanitization>
    </cps.a.ArgumentsActionImpl>
  </actions>
</Tag>