<?xml version='1.1' encoding='UTF-8'?>
<Tag plugin="workflow-support@2.18">
  <node class="cps.n.StepStartNode" plugin="workflow-cps@2.45">
    <parentIds>
      <string>100</string>
    </parentIds>
    <id>105</id>
    <descriptorId>org.jenkinsci.plugins.credentialsbinding.impl.BindingStep</descriptorId>
  </node>
  <actions>
    <wf.a.TimingAction plugin="workflow-api@2.26">
      <startTime>1521814073591</startTime>
    </wf.a.TimingAction>
    <s.a.LogActionImpl>
      <charset>windows-1251</charset>
    </s.a.LogActionImpl>
    <cps.a.ArgumentsActionImpl plugin="workflow-cps@2.45">
      <arguments class="linked-hash-map">
        <entry>
          <string>bindings</string>
          <list>
            <org.jenkinsci.plugins.structs.describable.UninstantiatedDescribable plugin="structs@1.14">
              <symbol>sshUserPrivateKey</symbol>
              <arguments class="linked-hash-map">
                <entry>
                  <string>credentialsId</string>
                  <string>arnold</string>
                </entry>
                <entry>
                  <string>passphraseVariable</string>
                  <string>GOGS_PASSPHRASE</string>
                </entry>
                <entry>
                  <string>usernameVariable</string>
                  <string>GOGS_USER</string>
                </entry>
                <entry>
                  <string>keyFileVariable</string>
                  <string>GOGS_KEY</string>
                </entry>
              </arguments>
            </org.jenkinsci.plugins.structs.describable.UninstantiatedDescribable>
          </list>
        </entry>
      </arguments>
      <isUnmodifiedBySanitization>true</isUnmodifiedBySanitization>
    </cps.a.ArgumentsActionImpl>
  </actions>
</Tag>