<?xml version='1.1' encoding='UTF-8'?>
<Tag plugin="workflow-support@2.18">
  <node class="cps.n.StepStartNode" plugin="workflow-cps@2.45">
    <parentIds>
      <string>121</string>
    </parentIds>
    <id>122</id>
    <descriptorId>org.jenkinsci.plugins.workflow.steps.EnvStep</descriptorId>
  </node>
  <actions>
    <wf.a.BodyInvocationAction plugin="workflow-api@2.26"/>
    <wf.a.TimingAction plugin="workflow-api@2.26">
      <startTime>1521814074863</startTime>
    </wf.a.TimingAction>
  </actions>
</Tag>