<?xml version='1.1' encoding='UTF-8'?>
<Tag plugin="workflow-support@2.18">
  <node class="cps.n.StepStartNode" plugin="workflow-cps@2.45">
    <parentIds>
      <string>151</string>
    </parentIds>
    <id>154</id>
    <descriptorId>org.jenkinsci.plugins.docker.workflow.WithContainerStep</descriptorId>
  </node>
  <actions>
    <wf.a.TimingAction plugin="workflow-api@2.26">
      <startTime>1521814083264</startTime>
    </wf.a.TimingAction>
    <s.a.LogActionImpl>
      <charset>windows-1251</charset>
    </s.a.LogActionImpl>
    <cps.a.ArgumentsActionImpl plugin="workflow-cps@2.45">
      <arguments class="linked-hash-map">
        <entry>
          <string>image</string>
          <string>a6ce09578801beae01c9c4f73972354a7c73903a</string>
        </entry>
        <entry>
          <string>args</string>
          <string></string>
        </entry>
        <entry>
          <string>toolName</string>
          <null/>
        </entry>
      </arguments>
      <isUnmodifiedBySanitization>true</isUnmodifiedBySanitization>
    </cps.a.ArgumentsActionImpl>
  </actions>
</Tag>