<?xml version='1.1' encoding='UTF-8'?>
<Tag plugin="workflow-support@2.18">
  <node class="cps.n.StepStartNode" plugin="workflow-cps@2.45">
    <parentIds>
      <string>177</string>
    </parentIds>
    <id>180</id>
    <descriptorId>org.jenkinsci.plugins.workflow.steps.EnvStep</descriptorId>
  </node>
  <actions>
    <wf.a.TimingAction plugin="workflow-api@2.26">
      <startTime>1521814086656</startTime>
    </wf.a.TimingAction>
    <cps.a.ArgumentsActionImpl plugin="workflow-cps@2.45">
      <arguments>
        <entry>
          <string>overrides</string>
          <list>
            <wf.a.ArgumentsAction_-NotStoredReason>MASKED_VALUE</wf.a.ArgumentsAction_-NotStoredReason>
            <string>CONAN_USERNAME=ag</string>
            <string>CONAN_CHANNEL=stable</string>
          </list>
        </entry>
      </arguments>
      <isUnmodifiedBySanitization>false</isUnmodifiedBySanitization>
    </cps.a.ArgumentsActionImpl>
  </actions>
</Tag>