<?xml version='1.1' encoding='UTF-8'?>
<Tag plugin="workflow-support@2.18">
  <node class="cps.n.StepAtomNode" plugin="workflow-cps@2.45">
    <parentIds>
      <string>199</string>
    </parentIds>
    <id>200</id>
    <descriptorId>org.jenkinsci.plugins.workflow.steps.durable_task.BatchScriptStep</descriptorId>
  </node>
  <actions>
    <wf.a.TimingAction plugin="workflow-api@2.26">
      <startTime>1521814101071</startTime>
    </wf.a.TimingAction>
    <s.a.LogActionImpl>
      <charset>windows-1251</charset>
    </s.a.LogActionImpl>
    <cps.a.ArgumentsActionImpl plugin="workflow-cps@2.45">
      <arguments class="linked-hash-map">
        <entry>
          <string>script</string>
          <string>chcp 1251 &amp;&amp; conan build -if build -bf build .</string>
        </entry>
      </arguments>
      <isUnmodifiedBySanitization>true</isUnmodifiedBySanitization>
    </cps.a.ArgumentsActionImpl>
  </actions>
</Tag>