<?xml version='1.1' encoding='UTF-8'?>
<Tag plugin="workflow-support@2.18">
  <node class="cps.n.StepEndNode" plugin="workflow-cps@2.45">
    <parentIds>
      <string>212</string>
    </parentIds>
    <id>213</id>
    <startId>171</startId>
  </node>
  <actions>
    <wf.a.BodyInvocationAction plugin="workflow-api@2.26"/>
    <wf.a.TimingAction plugin="workflow-api@2.26">
      <startTime>1521814109964</startTime>
    </wf.a.TimingAction>
    <s.a.LogActionImpl>
      <charset>windows-1251</charset>
    </s.a.LogActionImpl>
  </actions>
</Tag>