<?xml version='1.1' encoding='UTF-8'?>
<Tag plugin="workflow-support@2.18">
  <node class="cps.n.StepStartNode" plugin="workflow-cps@2.45">
    <parentIds>
      <string>27</string>
    </parentIds>
    <id>36</id>
    <descriptorId>org.jenkinsci.plugins.workflow.cps.steps.ParallelStep</descriptorId>
  </node>
  <actions>
    <wf.a.BodyInvocationAction plugin="workflow-api@2.26"/>
    <org.jenkinsci.plugins.workflow.cps.steps.ParallelStepExecution_-ParallelLabelAction plugin="workflow-cps@2.45">
      <branchName>windows x64 debug</branchName>
    </org.jenkinsci.plugins.workflow.cps.steps.ParallelStepExecution_-ParallelLabelAction>
    <wf.a.TimingAction plugin="workflow-api@2.26">
      <startTime>1521814057456</startTime>
    </wf.a.TimingAction>
  </actions>
</Tag>