<?xml version='1.1' encoding='UTF-8'?>
<Tag plugin="workflow-support@2.18">
  <node class="cps.n.StepAtomNode" plugin="workflow-cps@2.45">
    <parentIds>
      <string>6</string>
    </parentIds>
    <id>7</id>
    <descriptorId>org.jenkinsci.plugins.workflow.steps.scm.GenericSCMStep</descriptorId>
  </node>
  <actions>
    <wf.a.TimingAction plugin="workflow-api@2.26">
      <startTime>1521814036224</startTime>
    </wf.a.TimingAction>
    <s.a.LogActionImpl>
      <charset>windows-1251</charset>
    </s.a.LogActionImpl>
    <cps.a.ArgumentsActionImpl plugin="workflow-cps@2.45">
      <arguments class="linked-hash-map">
        <entry>
          <string>scm</string>
          <hudson.plugins.git.GitSCM plugin="git@3.8.0">
            <configVersion>2</configVersion>
            <userRemoteConfigs>
              <hudson.plugins.git.UserRemoteConfig>
                <name>origin</name>
                <refspec>+refs/heads/master:refs/remotes/origin/master</refspec>
                <url>https://git.iv.integra-s.com/ag/autoloader.git</url>
                <credentialsId>arnold</credentialsId>
              </hudson.plugins.git.UserRemoteConfig>
            </userRemoteConfigs>
            <branches class="singleton-list">
              <hudson.plugins.git.BranchSpec>
                <name>master</name>
              </hudson.plugins.git.BranchSpec>
            </branches>
            <doGenerateSubmoduleConfigurations>false</doGenerateSubmoduleConfigurations>
            <browser class="org.jenkinsci.plugin.gitea.GiteaBrowser" plugin="gitea@1.0.7">
              <url>https://git.iv.integra-s.com/ag/autoloader</url>
            </browser>
            <submoduleCfg class="empty-list"/>
            <extensions>
              <hudson.plugins.git.extensions.impl.SubmoduleOption>
                <disableSubmodules>false</disableSubmodules>
                <recursiveSubmodules>true</recursiveSubmodules>
                <trackingSubmodules>false</trackingSubmodules>
                <reference></reference>
                <parentCredentials>true</parentCredentials>
              </hudson.plugins.git.extensions.impl.SubmoduleOption>
              <hudson.plugins.git.extensions.impl.WipeWorkspace/>
              <jenkins.plugins.git.GitSCMSourceDefaults>
                <includeTags>false</includeTags>
              </jenkins.plugins.git.GitSCMSourceDefaults>
              <hudson.plugins.git.extensions.impl.BuildChooserSetting>
                <buildChooser class="jenkins.plugins.git.AbstractGitSCMSource$SpecificRevisionBuildChooser">
                  <revision plugin="git-client@2.7.1">
                    <sha1 serialization="custom">
                      <unserializable-parents>
                        <w1>-1196494943</w1>
                        <w2>-1960585982</w2>
                        <w3>-592846418</w3>
                        <w4>-412098320</w4>
                        <w5>1744817844</w5>
                      </unserializable-parents>
                      <org.eclipse.jgit.lib.ObjectId>
                        <int>-1196494943</int>
                        <int>-1960585982</int>
                        <int>-592846418</int>
                        <int>-412098320</int>
                        <int>1744817844</int>
                      </org.eclipse.jgit.lib.ObjectId>
                    </sha1>
                    <branches class="singleton-set">
                      <hudson.plugins.git.Branch>
                        <sha1 reference="../../../sha1"/>
                        <name>master</name>
                      </hudson.plugins.git.Branch>
                    </branches>
                  </revision>
                </buildChooser>
              </hudson.plugins.git.extensions.impl.BuildChooserSetting>
            </extensions>
          </hudson.plugins.git.GitSCM>
        </entry>
      </arguments>
      <isUnmodifiedBySanitization>true</isUnmodifiedBySanitization>
    </cps.a.ArgumentsActionImpl>
  </actions>
</Tag>