<?xml version='1.1' encoding='UTF-8'?>
<Tag plugin="workflow-support@2.18">
  <node class="cps.n.StepAtomNode" plugin="workflow-cps@2.45">
    <parentIds>
      <string>78</string>
    </parentIds>
    <id>79</id>
    <descriptorId>org.jenkinsci.plugins.workflow.steps.IsUnixStep</descriptorId>
  </node>
  <actions>
    <wf.a.TimingAction plugin="workflow-api@2.26">
      <startTime>1521814071950</startTime>
    </wf.a.TimingAction>
    <s.a.LogActionImpl>
      <charset>windows-1251</charset>
    </s.a.LogActionImpl>
  </actions>
</Tag>