<com.cloudbees.jenkins.plugins.bitbucket.endpoints.BitbucketEndpointConfiguration plugin="cloudbees-bitbucket-branch-source@2.2.9">
  <endpoints>
    <com.cloudbees.jenkins.plugins.bitbucket.endpoints.BitbucketServerEndpoint>
      <manageHooks>false</manageHooks>
      <displayName>Bitbucket MBT</displayName>
      <serverUrl>http://stash.labnet</serverUrl>
    </com.cloudbees.jenkins.plugins.bitbucket.endpoints.BitbucketServerEndpoint>
  </endpoints>
</com.cloudbees.jenkins.plugins.bitbucket.endpoints.BitbucketEndpointConfiguration>