<hudson.plugins.ircbot.IrcPublisher_-DescriptorImpl plugin="ircbot@2.30">
  <enabled>true</enabled>
  <hostname>tomcat.labnet</hostname>
  <port>6667</port>
  <ssl>false</ssl>
  <disallowPrivateChat>false</disallowPrivateChat>
  <login>jenkins2</login>
  <sslTrustAllCertificates>true</sslTrustAllCertificates>
  <password/>
  <sasl>false</sasl>
  <nick>jenkins2</nick>
  <nickServPassword/>
  <socksHost/>
  <socksPort>1080</socksPort>
  <messageRate>500</messageRate>
  <scrambledPasswords>true</scrambledPasswords>
  <defaultTargets>
    <hudson.plugins.im.GroupChatIMMessageTarget plugin="instant-messaging@1.35">
      <name>#BIOS</name>
      <notificationOnly>false</notificationOnly>
    </hudson.plugins.im.GroupChatIMMessageTarget>
  </defaultTargets>
  <commandPrefix>!jenkins2</commandPrefix>
  <hudsonLogin>jenkins2</hudsonLogin>
  <useNotice>true</useNotice>
  <charset>UTF-8</charset>
  <useColors>true</useColors>
</hudson.plugins.ircbot.IrcPublisher_-DescriptorImpl>