<hudson.plugins.cigame.GameDescriptor plugin="ci-game@1.21">
  <namesAreCaseSensitive>true</namesAreCaseSensitive>
  <passedTestIncreasingPoints>1</passedTestIncreasingPoints>
  <passedTestDecreasingPoints>0</passedTestDecreasingPoints>
  <failedTestIncreasingPoints>-1</failedTestIncreasingPoints>
  <failedTestDecreasingPoints>0</failedTestDecreasingPoints>
  <skippedTestIncreasingPoints>0</skippedTestIncreasingPoints>
  <skippedTestDecreasingPoints>0</skippedTestDecreasingPoints>
</hudson.plugins.cigame.GameDescriptor>