<hudson.plugins.throttleconcurrents.ThrottleJobProperty_-DescriptorImpl plugin="throttle-concurrents@2.0.1">
  <categories class="java.util.concurrent.CopyOnWriteArrayList">
    <hudson.plugins.throttleconcurrents.ThrottleJobProperty_-ThrottleCategory>
      <maxConcurrentPerNode>1</maxConcurrentPerNode>
      <maxConcurrentTotal>1</maxConcurrentTotal>
      <categoryName>virtual machine</categoryName>
      <nodeLabeledPairs/>
    </hudson.plugins.throttleconcurrents.ThrottleJobProperty_-ThrottleCategory>
  </categories>
  <throttledPipelinesByCategory class="tree-map"/>
</hudson.plugins.throttleconcurrents.ThrottleJobProperty_-DescriptorImpl>