<org.jvnet.hudson.plugins.thinbackup.backup.PluginList plugin="thinBackup@1.7.4">
  <plugins>
    <entry>
      <string>multiple-scms</string>
      <string>0.6</string>
    </entry>
    <entry>
      <string>ssh-credentials</string>
      <string>1.11</string>
    </entry>
    <entry>
      <string>mapdb-api</string>
      <string>1.0.6.0</string>
    </entry>
    <entry>
      <string>javadoc</string>
      <string>1.3</string>
    </entry>
    <entry>
      <string>nested-view</string>
      <string>1.14</string>
    </entry>
    <entry>
      <string>antisamy-markup-formatter</string>
      <string>1.3</string>
    </entry>
    <entry>
      <string>mailer</string>
      <string>1.17</string>
    </entry>
    <entry>
      <string>ssh</string>
      <string>2.4</string>
    </entry>
    <entry>
      <string>maven-plugin</string>
      <string>2.12.1</string>
    </entry>
    <entry>
      <string>run-condition</string>
      <string>1.0</string>
    </entry>
    <entry>
      <string>subversion</string>
      <string>2.5.7</string>
    </entry>
    <entry>
      <string>chucknorris</string>
      <string>1.0</string>
    </entry>
    <entry>
      <string>external-monitor-job</string>
      <string>1.4</string>
    </entry>
    <entry>
      <string>greenballs</string>
      <string>1.15</string>
    </entry>
    <entry>
      <string>credentials</string>
      <string>1.27</string>
    </entry>
    <entry>
      <string>ssh-slaves</string>
      <string>1.10</string>
    </entry>
    <entry>
      <string>ant</string>
      <string>1.2</string>
    </entry>
    <entry>
      <string>parameterized-trigger</string>
      <string>2.30</string>
    </entry>
    <entry>
      <string>icon-shim</string>
      <string>2.0.3</string>
    </entry>
    <entry>
      <string>job-restrictions</string>
      <string>0.4</string>
    </entry>
    <entry>
      <string>analysis-core</string>
      <string>1.76</string>
    </entry>
    <entry>
      <string>metadata</string>
      <string>1.1.0b</string>
    </entry>
    <entry>
      <string>pam-auth</string>
      <string>1.2</string>
    </entry>
    <entry>
      <string>Hudson core</string>
      <string>1.647</string>
    </entry>
    <entry>
      <string>groovy</string>
      <string>1.29</string>
    </entry>
    <entry>
      <string>git-client</string>
      <string>1.19.6</string>
    </entry>
    <entry>
      <string>matrix-auth</string>
      <string>1.3.2</string>
    </entry>
    <entry>
      <string>workflow-step-api</string>
      <string>2.0</string>
    </entry>
    <entry>
      <string>git</string>
      <string>2.4.4</string>
    </entry>
    <entry>
      <string>ldap</string>
      <string>1.12</string>
    </entry>
    <entry>
      <string>envinject</string>
      <string>1.92.1</string>
    </entry>
    <entry>
      <string>checkstyle</string>
      <string>3.45</string>
    </entry>
    <entry>
      <string>view-job-filters</string>
      <string>1.27</string>
    </entry>
    <entry>
      <string>build-flow-plugin</string>
      <string>0.18</string>
    </entry>
    <entry>
      <string>preSCMbuildstep</string>
      <string>0.3</string>
    </entry>
    <entry>
      <string>groovy-postbuild</string>
      <string>2.3.1</string>
    </entry>
    <entry>
      <string>ssh-agent</string>
      <string>1.10</string>
    </entry>
    <entry>
      <string>thinBackup</string>
      <string>1.7.4</string>
    </entry>
    <entry>
      <string>instant-messaging</string>
      <string>1.35</string>
    </entry>
    <entry>
      <string>translation</string>
      <string>1.14</string>
    </entry>
    <entry>
      <string>scm-api</string>
      <string>1.2</string>
    </entry>
    <entry>
      <string>cppcheck</string>
      <string>1.21</string>
    </entry>
    <entry>
      <string>violations</string>
      <string>0.7.11</string>
    </entry>
    <entry>
      <string>windows-slaves</string>
      <string>1.1</string>
    </entry>
    <entry>
      <string>script-security</string>
      <string>1.19</string>
    </entry>
    <entry>
      <string>build-timeout</string>
      <string>1.16</string>
    </entry>
    <entry>
      <string>lockable-resources</string>
      <string>1.6-SNAPSHOT (private-01/21/2015 10:40-thalman)</string>
    </entry>
    <entry>
      <string>custom-view-tabs</string>
      <string>1.3</string>
    </entry>
    <entry>
      <string>throttle-concurrents</string>
      <string>1.9.0</string>
    </entry>
    <entry>
      <string>postbuild-task</string>
      <string>1.8</string>
    </entry>
    <entry>
      <string>cvs</string>
      <string>2.12</string>
    </entry>
    <entry>
      <string>rebuild</string>
      <string>1.25</string>
    </entry>
    <entry>
      <string>log-parser</string>
      <string>2.0</string>
    </entry>
    <entry>
      <string>warnings</string>
      <string>4.52</string>
    </entry>
    <entry>
      <string>stashNotifier</string>
      <string>1.10.4</string>
    </entry>
    <entry>
      <string>extensible-choice-parameter</string>
      <string>1.3.2</string>
    </entry>
    <entry>
      <string>ws-cleanup</string>
      <string>0.29</string>
    </entry>
    <entry>
      <string>publish-over-ssh</string>
      <string>1.14</string>
    </entry>
    <entry>
      <string>tasks</string>
      <string>4.48</string>
    </entry>
    <entry>
      <string>junit</string>
      <string>1.12</string>
    </entry>
    <entry>
      <string>jenkins-multijob-plugin</string>
      <string>1.21</string>
    </entry>
    <entry>
      <string>structs</string>
      <string>1.1</string>
    </entry>
    <entry>
      <string>token-macro</string>
      <string>1.12.1</string>
    </entry>
    <entry>
      <string>matrix-project</string>
      <string>1.6</string>
    </entry>
    <entry>
      <string>analysis-collector</string>
      <string>1.47</string>
    </entry>
    <entry>
      <string>plain-credentials</string>
      <string>1.1</string>
    </entry>
    <entry>
      <string>ircbot</string>
      <string>2.27</string>
    </entry>
    <entry>
      <string>conditional-buildstep</string>
      <string>1.3.3</string>
    </entry>
  </plugins>
</org.jvnet.hudson.plugins.thinbackup.backup.PluginList>