<jp.ikedam.jenkins.plugins.extensible__choice__parameter.GlobalTextareaChoiceListProvider_-DescriptorImpl plugin="extensible-choice-parameter@1.4.2">
  <choiceListEntryList>
    <jp.ikedam.jenkins.plugins.extensible__choice__parameter.GlobalTextareaChoiceListEntry>
      <name>BUILDMACHINE</name>
      <choiceList class="java.util.RandomAccessSubList">
        <l class="java.util.Arrays$ArrayList">
          <a class="string-array">
            <string>debian-test.labnet</string>
            <string>mirabox-test.labnet</string>
            <string/>
          </a>
        </l>
        <offset>0</offset>
        <size>2</size>
      </choiceList>
      <allowAddEditedValue>false</allowAddEditedValue>
    </jp.ikedam.jenkins.plugins.extensible__choice__parameter.GlobalTextareaChoiceListEntry>
    <jp.ikedam.jenkins.plugins.extensible__choice__parameter.GlobalTextareaChoiceListEntry>
      <name>FORK</name>
      <choiceList class="java.util.RandomAccessSubList">
        <l class="java.util.Arrays$ArrayList">
          <a class="string-array">
<!-- A dozen repos were here -->
            <string/>
          </a>
        </l>
        <offset>0</offset>
        <size>17</size>
      </choiceList>
      <allowAddEditedValue>true</allowAddEditedValue>
    </jp.ikedam.jenkins.plugins.extensible__choice__parameter.GlobalTextareaChoiceListEntry>
    <jp.ikedam.jenkins.plugins.extensible__choice__parameter.GlobalTextareaChoiceListEntry>
      <name>ARCH</name>
      <choiceList class="java.util.RandomAccessSubList">
        <l class="java.util.Arrays$ArrayList">
          <a class="string-array">
            <string>x86_64</string>
            <string>armv7l</string>
            <string/>
          </a>
        </l>
        <offset>0</offset>
        <size>2</size>
      </choiceList>
      <allowAddEditedValue>false</allowAddEditedValue>
    </jp.ikedam.jenkins.plugins.extensible__choice__parameter.GlobalTextareaChoiceListEntry>
    <jp.ikedam.jenkins.plugins.extensible__choice__parameter.GlobalTextareaChoiceListEntry>
      <name>VIRTUALMACHINE</name>
      <choiceList class="java.util.RandomAccessSubList">
        <l class="java.util.Arrays$ArrayList">
          <a class="string-array">
            <string>debian-test.labnet</string>
            <string>mirabox-test.labnet</string>
            <string>test-debian-0</string>
            <string>test-debian-1</string>
            <string>test-debian-2</string>
            <string>test-debian-3</string>
            <string>test-debian-4</string>
            <string/>
            <string/>
          </a>
        </l>
        <offset>0</offset>
        <size>8</size>
      </choiceList>
      <allowAddEditedValue>false</allowAddEditedValue>
    </jp.ikedam.jenkins.plugins.extensible__choice__parameter.GlobalTextareaChoiceListEntry>
    <jp.ikedam.jenkins.plugins.extensible__choice__parameter.GlobalTextareaChoiceListEntry>
      <name>SCRCMACHINE</name>
      <choiceList class="java.util.RandomAccessSubList">
        <l class="java.util.Arrays$ArrayList">
          <a class="string-array">
            <string/>
          </a>
        </l>
        <offset>0</offset>
        <size>0</size>
      </choiceList>
      <allowAddEditedValue>false</allowAddEditedValue>
    </jp.ikedam.jenkins.plugins.extensible__choice__parameter.GlobalTextareaChoiceListEntry>
    <jp.ikedam.jenkins.plugins.extensible__choice__parameter.GlobalTextareaChoiceListEntry>
      <name>MACHINEPATTERN</name>
      <choiceList class="java.util.RandomAccessSubList">
        <l class="java.util.Arrays$ArrayList">
          <a class="string-array">
            <string>x86_64</string>
            <string>armv7l</string>
            <string>debian-test.labnet</string>
            <string>mirabox-test.labnet</string>
            <string>test-debian-0</string>
            <string>test-debian-1</string>
            <string>test-debian-2</string>
            <string>test-debian-3</string>
            <string>test-debian-4</string>
            <string/>
            <string/>
          </a>
        </l>
        <offset>0</offset>
        <size>10</size>
      </choiceList>
      <allowAddEditedValue>true</allowAddEditedValue>
    </jp.ikedam.jenkins.plugins.extensible__choice__parameter.GlobalTextareaChoiceListEntry>
    <jp.ikedam.jenkins.plugins.extensible__choice__parameter.GlobalTextareaChoiceListEntry>
      <name>VTEMACHINES</name>
      <choiceList class="java.util.RandomAccessSubList">
        <l class="java.util.Arrays$ArrayList">
          <a class="string-array">
            <string>test-debian-6</string>
            <string>test-debian-7</string>
            <string>test-debian-8</string>
            <string>test-debian-9</string>
            <string/>
          </a>
        </l>
        <offset>0</offset>
        <size>4</size>
      </choiceList>
      <allowAddEditedValue>false</allowAddEditedValue>
    </jp.ikedam.jenkins.plugins.extensible__choice__parameter.GlobalTextareaChoiceListEntry>
    <jp.ikedam.jenkins.plugins.extensible__choice__parameter.GlobalTextareaChoiceListEntry>
      <name>GIT_BASE_URL</name>
      <choiceList class="java.util.RandomAccessSubList">
        <l class="java.util.Arrays$ArrayList">
          <a class="string-array">
            <string>ssh://git@stash.labnet:7999/bios</string>
            <string/>
          </a>
        </l>
        <offset>0</offset>
        <size>11</size>
      </choiceList>
      <allowAddEditedValue>false</allowAddEditedValue>
    </jp.ikedam.jenkins.plugins.extensible__choice__parameter.GlobalTextareaChoiceListEntry>
    <jp.ikedam.jenkins.plugins.extensible__choice__parameter.GlobalTextareaChoiceListEntry>
      <name>CONTROLLER</name>
      <choiceList class="java.util.RandomAccessSubList">
        <l class="java.util.Arrays$ArrayList">
          <a class="string-array">
            <string>--select--</string>
            <string>jenkins2-rc1</string>
            <string>jenkins2-rc2</string>
            <string>jenkins2-rc3</string>
            <string>bios-rc-demo</string>
            <string>bios-rc-seed6</string>
            <string>validation-rc1</string>
            <string>validation-rc2</string>
            <string>validation-rc3</string>
            <string>validation-rc4</string>
            <string>validation-rc6</string>
            <string>validation-rc7</string>
            <string>validation-rc8</string>
            <string>cleveland-rc1</string>
            <string>cleveland-rc3</string>
            <string>LOCK_LABEL:rc-validation-farm</string>
            <string>LOCK_LABEL:rc-integration-farm</string>
            <string/>
          </a>
        </l>
        <offset>0</offset>
        <size>17</size>
      </choiceList>
      <allowAddEditedValue>true</allowAddEditedValue>
    </jp.ikedam.jenkins.plugins.extensible__choice__parameter.GlobalTextareaChoiceListEntry>
    <jp.ikedam.jenkins.plugins.extensible__choice__parameter.GlobalTextareaChoiceListEntry>
      <name>REPOPROPRIETARY</name>
      <choiceList class="java.util.RandomAccessSubList">
        <l class="java.util.Arrays$ArrayList">
          <a class="string-array">
            <string>bios-web etn-amqp etn-ipm1 etn-ipm1-rest etn-licensing etn-licensing-rest flexnet-etn-ipm-infra flexnet-sdk ipc-lcd-engine ipc-data qpid-cpp qpid-proton ipm-data</string>
            <string/>
          </a>
        </l>
        <offset>0</offset>
        <size>1</size>
      </choiceList>
      <allowAddEditedValue>false</allowAddEditedValue>
    </jp.ikedam.jenkins.plugins.extensible__choice__parameter.GlobalTextareaChoiceListEntry>
    <jp.ikedam.jenkins.plugins.extensible__choice__parameter.GlobalTextareaChoiceListEntry>
      <name>REPOFTY</name>
      <choiceList class="java.util.RandomAccessSubList">
        <l class="java.util.Arrays$ArrayList">
          <a class="string-array">
            <string>fty-alert-engine fty-alert-flexible fty-alert-list fty-asset fty-core fty-discovery fty-info fty-email fty-kpi-power-uptime fty-mdns-sd fty-metric-cache fty-metric-composite fty-metric-compute fty-metric-store fty-metric-tpower fty-nut fty-outage fty-proto fty-rest fty-sensor-env fty-sensor-gpio</string>
            <string/>
          </a>
        </l>
        <offset>0</offset>
        <size>1</size>
      </choiceList>
      <allowAddEditedValue>false</allowAddEditedValue>
    </jp.ikedam.jenkins.plugins.extensible__choice__parameter.GlobalTextareaChoiceListEntry>
    <jp.ikedam.jenkins.plugins.extensible__choice__parameter.GlobalTextareaChoiceListEntry>
      <name>REPO3RDPARTY</name>
      <choiceList class="java.util.RandomAccessSubList">
        <l class="java.util.Arrays$ArrayList">
          <a class="string-array">
            <string>cxxtools czmq gsl dbus libcidr libsodium libzmq malamute mariadb nut python-setuptools snoopy tntdb tntnet zeromq zproject zproto</string>
            <string/>
          </a>
        </l>
        <offset>0</offset>
        <size>1</size>
      </choiceList>
      <allowAddEditedValue>false</allowAddEditedValue>
    </jp.ikedam.jenkins.plugins.extensible__choice__parameter.GlobalTextareaChoiceListEntry>
    <jp.ikedam.jenkins.plugins.extensible__choice__parameter.GlobalTextareaChoiceListEntry>
      <name>ANYMACHINE</name>
      <choiceList class="java.util.RandomAccessSubList">
        <l class="java.util.Arrays$ArrayList">
          <a class="string-array">
            <string>debian-test.labnet</string>
            <string>mirabox-test.labnet</string>
            <string>test-debian-0</string>
            <string>test-debian-1</string>
            <string>test-debian-2</string>
            <string>test-debian-3</string>
            <string>test-debian-4</string>
            <string>test-debian-5</string>
            <string>test-debian-6</string>
            <string>test-debian-7</string>
            <string>test-debian-8</string>
            <string>test-debian-9</string>
            <string>test-debian-10</string>
            <string/>
          </a>
        </l>
        <offset>0</offset>
        <size>13</size>
      </choiceList>
      <allowAddEditedValue>false</allowAddEditedValue>
    </jp.ikedam.jenkins.plugins.extensible__choice__parameter.GlobalTextareaChoiceListEntry>
    <jp.ikedam.jenkins.plugins.extensible__choice__parameter.GlobalTextareaChoiceListEntry>
      <name>VIRTUALMACHINE_FTY</name>
      <choiceList class="java.util.RandomAccessSubList">
        <l class="java.util.Arrays$ArrayList">
          <a class="string-array">
            <string>--select--</string>
            <string>fty-image</string>
            <string>fty-ci-image</string>
            <string/>
          </a>
        </l>
        <offset>0</offset>
        <size>19</size>
      </choiceList>
      <allowAddEditedValue>false</allowAddEditedValue>
    </jp.ikedam.jenkins.plugins.extensible__choice__parameter.GlobalTextareaChoiceListEntry>
    <jp.ikedam.jenkins.plugins.extensible__choice__parameter.GlobalTextareaChoiceListEntry>
      <name>CI_REPO_FORK</name>
      <choiceList class="java.util.RandomAccessSubList">
        <l class="java.util.Arrays$ArrayList">
          <a class="string-array">
            <string>ssh://git@stash.labnet:7999/BIOS/continuous-integration.git</string>
            <string>http://stash.labnet/scm/bios/continuous-integration.git</string>
            <string/>
          </a>
        </l>
        <offset>0</offset>
        <size>7</size>
      </choiceList>
      <allowAddEditedValue>true</allowAddEditedValue>
    </jp.ikedam.jenkins.plugins.extensible__choice__parameter.GlobalTextareaChoiceListEntry>
  </choiceListEntryList>
</jp.ikedam.jenkins.plugins.extensible__choice__parameter.GlobalTextareaChoiceListProvider_-DescriptorImpl>