<org.jenkinsci.plugins.stashNotifier.StashNotifier_-DescriptorImpl plugin="stashNotifier@1.13">
  <credentialsId>6b3c3d69-2405-4ed2-8eb2-e924f12c136a</credentialsId>
  <stashRootUrl>http://stash.labnet/</stashRootUrl>
  <ignoreUnverifiedSsl>true</ignoreUnverifiedSsl>
  <includeBuildNumberInKey>false</includeBuildNumberInKey>
  <prependParentProjectKey>false</prependParentProjectKey>
  <disableInprogressNotification>false</disableInprogressNotification>
  <considerUnstableAsSuccess>false</considerUnstableAsSuccess>
</org.jenkinsci.plugins.stashNotifier.StashNotifier_-DescriptorImpl>