<org.jenkins.plugins.lockableresources.LockableResourcesManager plugin="lockable-resources@2.1">
  <resources>
    <org.jenkins.plugins.lockableresources.LockableResource>
      <name>vm:armv7l:mirabox.labnet:latest:mirabox-test.labnet:4222</name>
      <description>mirabox test VM (vm:arch:hypervisor:vmname:dnsname:sshport)</description>
      <labels/>
      <queueItemId>0</queueItemId>
      <queuingStarted>0</queuingStarted>
      <queuedContexts/>
    </org.jenkins.plugins.lockableresources.LockableResource>
    <org.jenkins.plugins.lockableresources.LockableResource>
      <name>vm:x86_64:debian.labnet:latest:debian-test.labnet:4222</name>
      <description>debian test VM debian-test</description>
      <labels/>
      <queueItemId>0</queueItemId>
      <queuingStarted>0</queuingStarted>
      <queuedContexts/>
    </org.jenkins.plugins.lockableresources.LockableResource>
    <org.jenkins.plugins.lockableresources.LockableResource>
      <name>vm:x86_64:debian.labnet:test-debian-0:debian.labnet:2200</name>
      <description>debian test VM debian-test-0</description>
      <labels/>
      <queueItemId>0</queueItemId>
      <queuingStarted>0</queuingStarted>
      <queuedContexts/>
    </org.jenkins.plugins.lockableresources.LockableResource>
    <org.jenkins.plugins.lockableresources.LockableResource>
      <name>vm:x86_64:debian.labnet:test-debian-1:debian.labnet:2201</name>
      <description>debian test VM debian-test-1</description>
      <labels/>
      <queueItemId>0</queueItemId>
      <queuingStarted>0</queuingStarted>
      <queuedContexts/>
    </org.jenkins.plugins.lockableresources.LockableResource>
    <org.jenkins.plugins.lockableresources.LockableResource>
      <name>vm:x86_64:debian.labnet:test-debian-2:debian.labnet:2202</name>
      <description>debian test VM debian-test-2</description>
      <labels/>
      <queueItemId>0</queueItemId>
      <queuingStarted>0</queuingStarted>
      <queuedContexts/>
    </org.jenkins.plugins.lockableresources.LockableResource>
    <org.jenkins.plugins.lockableresources.LockableResource>
      <name>vm:x86_64:debian.labnet:test-debian-3:debian.labnet:2203</name>
      <description>debian test VM debian-test-3</description>
      <labels/>
      <queueItemId>0</queueItemId>
      <queuingStarted>0</queuingStarted>
      <queuedContexts/>
    </org.jenkins.plugins.lockableresources.LockableResource>
    <org.jenkins.plugins.lockableresources.LockableResource>
      <name>vm:x86_64:debian.labnet:test-debian-4:debian.labnet:2204</name>
      <description>debian test VM debian-test-4</description>
      <labels/>
      <queueItemId>0</queueItemId>
      <queuingStarted>0</queuingStarted>
      <queuedContexts/>
    </org.jenkins.plugins.lockableresources.LockableResource>
    <org.jenkins.plugins.lockableresources.LockableResource>
      <name>vm:x86_64:debian.labnet:test-debian-5:debian.labnet:2205</name>
      <description>debian test VM debian-test-5</description>
      <labels/>
      <queueItemId>0</queueItemId>
      <queuingStarted>0</queuingStarted>
      <queuedContexts/>
    </org.jenkins.plugins.lockableresources.LockableResource>
    <org.jenkins.plugins.lockableresources.LockableResource>
      <name>vm:none:debian.labnet:test-debian-6:debian.labnet:2206</name>
      <description>VTE debian test VM debian-test-6</description>
      <labels/>
      <queueItemId>0</queueItemId>
      <queuingStarted>0</queuingStarted>
      <queuedContexts/>
    </org.jenkins.plugins.lockableresources.LockableResource>
    <org.jenkins.plugins.lockableresources.LockableResource>
      <name>vm:none:debian.labnet:test-debian-7:debian.labnet:2207</name>
      <description>VTE debian test VM debian-test-7</description>
      <labels/>
      <queueItemId>0</queueItemId>
      <queuingStarted>0</queuingStarted>
      <queuedContexts/>
    </org.jenkins.plugins.lockableresources.LockableResource>
    <org.jenkins.plugins.lockableresources.LockableResource>
      <name>vm:none:debian.labnet:test-debian-8:debian.labnet:2208</name>
      <description>VTE debian test VM debian-test-8</description>
      <labels/>
      <queueItemId>0</queueItemId>
      <queuingStarted>0</queuingStarted>
      <queuedContexts/>
    </org.jenkins.plugins.lockableresources.LockableResource>
    <org.jenkins.plugins.lockableresources.LockableResource>
      <name>vm:none:debian.labnet:test-debian-9:debian.labnet:2209</name>
      <description>VTE debian test VM debian-test-9</description>
      <labels/>
      <queueItemId>0</queueItemId>
      <queuingStarted>0</queuingStarted>
      <queuedContexts/>
    </org.jenkins.plugins.lockableresources.LockableResource>
    <org.jenkins.plugins.lockableresources.LockableResource>
      <name>vm:none:debian.labnet:test-debian-10:debian.labnet:2210</name>
      <description>slave machine</description>
      <labels/>
      <queueItemId>0</queueItemId>
      <queuingStarted>0</queuingStarted>
      <queuedContexts/>
    </org.jenkins.plugins.lockableresources.LockableResource>
    <org.jenkins.plugins.lockableresources.LockableResource>
      <name>rc:jenkins2-rc1</name>
      <description>Primary RC for automated tests of newly built ARM images, but one of the herd now generally</description>
      <labels>rc-validation-farm rc-hwd_rev-02 rc-alpha</labels>
      <queueItemId>0</queueItemId>
      <buildExternalizableId>rc-001-image-test#2291</buildExternalizableId>
      <queuingStarted>0</queuingStarted>
      <queuedContexts/>
    </org.jenkins.plugins.lockableresources.LockableResource>
    <org.jenkins.plugins.lockableresources.LockableResource>
      <name>rc:cleveland-rc3</name>
      <description>End-user batch, with GPIO and EMP sensors, on Kathreen's desk or may be in demo-travels; should not be used for CI tests as it is used for development</description>
      <labels>rc-reserved rc-hwd_rev-04 rc-mvp</labels>
      <reservedBy>Ekaterina Klimova</reservedBy>
      <queueItemId>0</queueItemId>
      <queuingStarted>0</queuingStarted>
      <queuedContexts/>
    </org.jenkins.plugins.lockableresources.LockableResource>
    <org.jenkins.plugins.lockableresources.LockableResource>
      <name>rc:validation-rc1</name>
      <description>Has a sensor on TH1 for integration test</description>
      <labels>rc-hwd_rev-02 rc-alpha rc-integration-farm</labels>
      <reservedBy>Ekaterina Klimova</reservedBy>
      <queueItemId>0</queueItemId>
      <queuingStarted>0</queuingStarted>
      <queuedContexts/>
    </org.jenkins.plugins.lockableresources.LockableResource>
    <org.jenkins.plugins.lockableresources.LockableResource>
      <name>rc:validation-rc2</name>
      <description>Has a sensor on TH1 for integration test</description>
      <labels>rc-hwd_rev-01 rc-alpha rc-integration-farm rc-validation-farm</labels>
      <reservedBy>Ekaterina Klimova</reservedBy>
      <queueItemId>0</queueItemId>
      <queuingStarted>0</queuingStarted>
      <queuedContexts/>
    </org.jenkins.plugins.lockableresources.LockableResource>
    <org.jenkins.plugins.lockableresources.LockableResource>
      <name>rc:validation-rc3</name>
      <description>Has a sensor on TH1 for integration test</description>
      <labels>rc-hwd_rev-01 rc-alpha rc-integration-farm rc-validation-farm</labels>
      <queueItemId>0</queueItemId>
      <queuingStarted>0</queuingStarted>
      <queuedContexts/>
    </org.jenkins.plugins.lockableresources.LockableResource>
    <org.jenkins.plugins.lockableresources.LockableResource>
      <name>rc:validation-rc4</name>
      <description>MVP batch, on Jim's desk; should not be used for CI tests as it is used for development</description>
      <labels>rc-reserved rc-hwd_rev-03 rc-mvp</labels>
      <reservedBy>Ekaterina Klimova</reservedBy>
      <queueItemId>0</queueItemId>
      <queuingStarted>0</queuingStarted>
      <queuedContexts/>
    </org.jenkins.plugins.lockableresources.LockableResource>
    <org.jenkins.plugins.lockableresources.LockableResource>
      <name>rc:validation-rc6</name>
      <description>Has a sensor on TH1 for integration test</description>
      <labels>rc-hwd_rev-01 rc-alpha rc-validation-farm rc-integration-farm</labels>
      <reservedBy>Ekaterina Klimova</reservedBy>
      <queueItemId>0</queueItemId>
      <queuingStarted>0</queuingStarted>
      <queuedContexts/>
    </org.jenkins.plugins.lockableresources.LockableResource>
    <org.jenkins.plugins.lockableresources.LockableResource>
      <name>rc:validation-rc7</name>
      <description>Has a sensor on TH1 for integration test</description>
      <labels>rc-hwd_rev-01 rc-alpha rc-validation-farm rc-integration-farm</labels>
      <reservedBy>Ekaterina Klimova</reservedBy>
      <queueItemId>0</queueItemId>
      <queuingStarted>0</queuingStarted>
      <queuedContexts/>
    </org.jenkins.plugins.lockableresources.LockableResource>
    <org.jenkins.plugins.lockableresources.LockableResource>
      <name>rc:validation-rc8</name>
      <description>End-user batch, with GPIO and EMP sensors, on Kathreen's desk; should not be used for CI tests as it is used for development</description>
      <labels>rc-reserved rc-hwd_rev-04 rc-mvp</labels>
      <reservedBy>Ekaterina Klimova</reservedBy>
      <queueItemId>0</queueItemId>
      <queuingStarted>0</queuingStarted>
      <queuedContexts/>
    </org.jenkins.plugins.lockableresources.LockableResource>
    <org.jenkins.plugins.lockableresources.LockableResource>
      <name>rc:bios-rc-seed6</name>
      <description>Not in "rc-integration-farm" currently because of TH1==13 issue</description>
      <labels>rc-validation-farm rc-hwd_rev-00 rc-seed</labels>
      <reservedBy>Ekaterina Klimova</reservedBy>
      <queueItemId>0</queueItemId>
      <queuingStarted>0</queuingStarted>
      <queuedContexts/>
    </org.jenkins.plugins.lockableresources.LockableResource>
    <org.jenkins.plugins.lockableresources.LockableResource>
      <name>rc:bios-rc-demo</name>
      <description>Has the latest release image. Uses physical dual network connectivity to .38 and .53 subnets; has T&amp;H sensor; should not be used for CI tests as it often stages the demos</description>
      <labels> rc-reserved rc-hwd_rev-00 rc-seed</labels>
      <queueItemId>0</queueItemId>
      <queuingStarted>0</queuingStarted>
      <queuedContexts/>
    </org.jenkins.plugins.lockableresources.LockableResource>
    <org.jenkins.plugins.lockableresources.LockableResource>
      <name>rc:bios-rc-test</name>
      <description>(NO FACTORY RESETTING) On Jim's desk, used with custom packaging, builds and tests of firmware; should not be used for CI tests as it is used for development</description>
      <labels>rc-reserved rc-hwd_rev-00 rc-seed</labels>
      <reservedBy>Jim Klimov</reservedBy>
      <queueItemId>0</queueItemId>
      <queuingStarted>0</queuingStarted>
      <queuedContexts/>
    </org.jenkins.plugins.lockableresources.LockableResource>
    <org.jenkins.plugins.lockableresources.LockableResource>
      <name>rc:jenkins2-rc2</name>
      <description>Has a sensor on TH1 for integration test (ex cleveland-rc2)</description>
      <labels>rc-hwd_rev-02 rc-alpha rc-reserved rc-integration-farm</labels>
      <reservedBy>Barbora Štěpánková</reservedBy>
      <queueItemId>0</queueItemId>
      <queuingStarted>0</queuingStarted>
      <queuedContexts/>
    </org.jenkins.plugins.lockableresources.LockableResource>
    <org.jenkins.plugins.lockableresources.LockableResource>
      <name>rc:jenkins2-rc3</name>
      <description>Has a sensor on TH1 for integration test (ex cleveland-rc1)</description>
      <labels>rc-validation-farm rc-integration-farm rc-hwd_rev-01 rc-alpha rc-reserved</labels>
      <queueItemId>0</queueItemId>
      <queuingStarted>0</queuingStarted>
      <queuedContexts/>
    </org.jenkins.plugins.lockableresources.LockableResource>
  </resources>
  <queuedContexts/>
</org.jenkins.plugins.lockableresources.LockableResourcesManager>