<org.jenkinsci.plugins.customviewtabs.CustomViewsTabBar_-CustomViewsTabBarDescriptor plugin="custom-view-tabs@1.3">
  <patternActiveTab>$N1: $F/$T</patternActiveTab>
  <patternInactiveTab>$N1: $F/$T</patternInactiveTab>
  <conditionActiveTab>true</conditionActiveTab>
  <conditionInactiveTab>true</conditionInactiveTab>
  <shortNameLength>3</shortNameLength>
  <nameRegexMatch>(\w)\w*|\s</nameRegexMatch>
  <nameRegexReplacement>$1</nameRegexReplacement>
  <tabColours>
    <tabColourDefault/>
    <tabColourDisabled/>
    <tabColourUnstable/>
    <tabColourFailed/>
    <tabColourCustom1>f4a2a2</tabColourCustom1>
    <tabColourCustom2/>
    <tabColourCustom3/>
    <tabColourCustom4/>
  </tabColours>
</org.jenkinsci.plugins.customviewtabs.CustomViewsTabBar_-CustomViewsTabBarDescriptor>