<org.jvnet.hudson.plugins.SSHBuildWrapper_-DescriptorImpl plugin="ssh@2.5">
  <sites>
    <org.jvnet.hudson.plugins.CredentialsSSHSite>
      <hostname>obs.labnet</hostname>
      <username>root</username>
      <port>22</port>
      <credentialId>9984b01b-857f-45cf-821a-bf5563e7301b</credentialId>
      <serverAliveInterval>0</serverAliveInterval>
      <timeout>0</timeout>
      <pty>false</pty>
    </org.jvnet.hudson.plugins.CredentialsSSHSite>
  </sites>
</org.jvnet.hudson.plugins.SSHBuildWrapper_-DescriptorImpl>