<org.jvnet.hudson.plugins.thinbackup.ThinBackupPluginImpl plugin="thinBackup@1.9">
  <fullBackupSchedule>H 21 * * 6</fullBackupSchedule>
  <diffBackupSchedule/>
  <backupPath>/var/lib/jenkins-backup</backupPath>
  <nrMaxStoredFull>14</nrMaxStoredFull>
  <excludedFilesRegex/>
  <waitForIdle>false</waitForIdle>
  <forceQuietModeTimeout>1440</forceQuietModeTimeout>
  <cleanupDiff>false</cleanupDiff>
  <moveOldBackupsToZipFile>true</moveOldBackupsToZipFile>
  <backupBuildResults>false</backupBuildResults>
  <backupBuildArchive>true</backupBuildArchive>
  <backupPluginArchives>false</backupPluginArchives>
  <backupUserContents>false</backupUserContents>
  <backupAdditionalFiles>false</backupAdditionalFiles>
  <backupAdditionalFilesRegex/>
  <backupNextBuildNumber>false</backupNextBuildNumber>
  <backupBuildsToKeepOnly>false</backupBuildsToKeepOnly>
</org.jvnet.hudson.plugins.thinbackup.ThinBackupPluginImpl>