<?xml version='1.0' encoding='UTF-8'?>
<annotation-array>
  <task>
    <message>How to manage different platforms configuration? --&gt;</message>
    <priority>NORMAL</priority>
    <key>129</key>
    <lineRanges>
      <range>
        <start>242</start>
        <end>242</end>
      </range>
    </lineRanges>
    <primaryLineNumber>242</primaryLineNumber>
    <fileName>D:/Hudson/jobs/moz-abcd/workspace/abcd/build.xml</fileName>
    <moduleName></moduleName>
    <packageName>undefined</packageName>
    <category></category>
    <type>TODO</type>
    <contextHashCode>2032273817</contextHashCode>
    <origin>tasks</origin>
  </task>
  <task>
    <message>this is redundant (done for each SecurityRules, while it depends only on the user)</message>
    <priority>NORMAL</priority>
    <key>146</key>
    <lineRanges>
      <range>
        <start>28</start>
        <end>28</end>
      </range>
    </lineRanges>
    <primaryLineNumber>28</primaryLineNumber>
    <fileName>D:/Hudson/jobs/moz-abcd/workspace/abcd/src/java/com/comp/gmi/moz/abcd/svc/data/server/security/impl/AbstractSecurityRules.java</fileName>
    <moduleName></moduleName>
    <packageName>com.comp.gmi.moz.abcd.svc.data.server.security.impl</packageName>
    <category></category>
    <type>TODO</type>
    <contextHashCode>-1210801438</contextHashCode>
    <origin>tasks</origin>
  </task>
  <task>
    <message>should do something with number</message>
    <priority>NORMAL</priority>
    <key>156</key>
    <lineRanges>
      <range>
        <start>87</start>
        <end>87</end>
      </range>
    </lineRanges>
    <primaryLineNumber>87</primaryLineNumber>
    <fileName>D:/Hudson/jobs/moz-abcd/workspace/commons/src/java/com/comp/gmi/moz/reports/client/view/ReportsListPanel.java</fileName>
    <moduleName></moduleName>
    <packageName>com.comp.gmi.moz.reports.client.view</packageName>
    <category></category>
    <type>TODO</type>
    <contextHashCode>1092418898</contextHashCode>
    <origin>tasks</origin>
  </task>
  <task>
    <message>Should be automatically injected</message>
    <priority>NORMAL</priority>
    <key>159</key>
    <lineRanges>
      <range>
        <start>41</start>
        <end>41</end>
      </range>
    </lineRanges>
    <primaryLineNumber>41</primaryLineNumber>
    <fileName>D:/Hudson/jobs/moz-abcd/workspace/commons/src/java/com/comp/gmi/moz/user/server/service/AbstractServiceWithIdentification.java</fileName>
    <moduleName></moduleName>
    <packageName>com.comp.gmi.moz.user.server.service</packageName>
    <category></category>
    <type>TODO</type>
    <contextHashCode>2114124131</contextHashCode>
    <origin>tasks</origin>
  </task>
  <task>
    <message>Version must be created only once here! (see also below)</message>
    <priority>HIGH</priority>
    <key>140</key>
    <lineRanges>
      <range>
        <start>187</start>
        <end>187</end>
      </range>
    </lineRanges>
    <primaryLineNumber>187</primaryLineNumber>
    <fileName>D:/Hudson/jobs/moz-abcd/workspace/abcd/src/java/com/comp/gmi/moz/abcd/svc/data/server/dao/impl/HibernateVersionedObjectsDao.java</fileName>
    <moduleName></moduleName>
    <packageName>com.comp.gmi.moz.abcd.svc.data.server.dao.impl</packageName>
    <category></category>
    <type>FIXME</type>
    <contextHashCode>2083612757</contextHashCode>
    <origin>tasks</origin>
  </task>
  <task>
    <message>Fix this</message>
    <priority>NORMAL</priority>
    <key>137</key>
    <lineRanges>
      <range>
        <start>213</start>
        <end>213</end>
      </range>
    </lineRanges>
    <primaryLineNumber>213</primaryLineNumber>
    <fileName>D:/Hudson/jobs/moz-abcd/workspace/abcd/src/java/com/comp/gmi/moz/abcd/svc/data/client/dao/RpcxyzsFactory.java</fileName>
    <moduleName></moduleName>
    <packageName>com.comp.gmi.moz.abcd.svc.data.client.dao</packageName>
    <category></category>
    <type>TODO</type>
    <contextHashCode>1943565335</contextHashCode>
    <origin>tasks</origin>
  </task>
  <task>
    <message>move the clone-ing to methods that actually modify the object</message>
    <priority>NORMAL</priority>
    <key>145</key>
    <lineRanges>
      <range>
        <start>121</start>
        <end>121</end>
      </range>
    </lineRanges>
    <primaryLineNumber>121</primaryLineNumber>
    <fileName>D:/Hudson/jobs/moz-abcd/workspace/abcd/src/java/com/comp/gmi/moz/abcd/svc/data/server/facade/impl/xyzsFacadeImpl.java</fileName>
    <moduleName></moduleName>
    <packageName>com.comp.gmi.moz.abcd.svc.data.server.facade.impl</packageName>
    <category></category>
    <type>TODO</type>
    <contextHashCode>1952668455</contextHashCode>
    <origin>tasks</origin>
  </task>
  <task>
    <message></message>
    <priority>NORMAL</priority>
    <key>155</key>
    <lineRanges>
      <range>
        <start>43</start>
        <end>43</end>
      </range>
    </lineRanges>
    <primaryLineNumber>43</primaryLineNumber>
    <fileName>D:/Hudson/jobs/moz-abcd/workspace/abcd/tests/java/com/comp/gmi/moz/abcd/svc/data/server/xyzsConstraintsIntegrationTest.java</fileName>
    <moduleName></moduleName>
    <packageName>com.comp.gmi.moz.abcd.svc.data.server</packageName>
    <category></category>
    <type>TODO</type>
    <contextHashCode>981941170</contextHashCode>
    <origin>tasks</origin>
  </task>
  <task>
    <message>(GIM 15/01/2001) - Implement lastId feature</message>
    <priority>HIGH</priority>
    <key>150</key>
    <lineRanges>
      <range>
        <start>104</start>
        <end>104</end>
      </range>
    </lineRanges>
    <primaryLineNumber>104</primaryLineNumber>
    <fileName>D:/Hudson/jobs/moz-abcd/workspace/abcd/src/java/com/comp/gmi/moz/abcd/svc/data/server/service/impl/xyzsServiceImpl.java</fileName>
    <moduleName></moduleName>
    <packageName>com.comp.gmi.moz.abcd.svc.data.server.service.impl</packageName>
    <category></category>
    <type>FIXME</type>
    <contextHashCode>-237674327</contextHashCode>
    <origin>tasks</origin>
  </task>
  <task>
    <message>Check this (old code was ignoring version)</message>
    <priority>NORMAL</priority>
    <key>143</key>
    <lineRanges>
      <range>
        <start>80</start>
        <end>80</end>
      </range>
    </lineRanges>
    <primaryLineNumber>80</primaryLineNumber>
    <fileName>D:/Hudson/jobs/moz-abcd/workspace/abcd/src/java/com/comp/gmi/moz/abcd/svc/data/server/domain/VersionKey.java</fileName>
    <moduleName></moduleName>
    <packageName>com.comp.gmi.moz.abcd.svc.data.server.domain</packageName>
    <category></category>
    <type>TODO</type>
    <contextHashCode>1136108730</contextHashCode>
    <origin>tasks</origin>
  </task>
  <task>
    <message>should do something with number</message>
    <priority>NORMAL</priority>
    <key>135</key>
    <lineRanges>
      <range>
        <start>172</start>
        <end>172</end>
      </range>
    </lineRanges>
    <primaryLineNumber>172</primaryLineNumber>
    <fileName>D:/Hudson/jobs/moz-abcd/workspace/abcd/src/java/com/comp/gmi/moz/abcd/svc/data/client/dao/RpcxyzsFactory.java</fileName>
    <moduleName></moduleName>
    <packageName>com.comp.gmi.moz.abcd.svc.data.client.dao</packageName>
    <category></category>
    <type>TODO</type>
    <contextHashCode>-1598181632</contextHashCode>
    <origin>tasks</origin>
  </task>
  <task>
    <message>Should do something with version number</message>
    <priority>NORMAL</priority>
    <key>130</key>
    <lineRanges>
      <range>
        <start>72</start>
        <end>72</end>
      </range>
    </lineRanges>
    <primaryLineNumber>72</primaryLineNumber>
    <fileName>D:/Hudson/jobs/moz-abcd/workspace/abcd/src/java/com/comp/gmi/moz/abcd/client/view/TagCreationDialogBox.java</fileName>
    <moduleName></moduleName>
    <packageName>com.comp.gmi.moz.abcd.client.view</packageName>
    <category></category>
    <type>TODO</type>
    <contextHashCode>-1343320263</contextHashCode>
    <origin>tasks</origin>
  </task>
  <task>
    <message>pagination</message>
    <priority>NORMAL</priority>
    <key>158</key>
    <lineRanges>
      <range>
        <start>78</start>
        <end>78</end>
      </range>
    </lineRanges>
    <primaryLineNumber>78</primaryLineNumber>
    <fileName>D:/Hudson/jobs/moz-abcd/workspace/commons/src/java/com/comp/gmi/moz/reports/server/service/impl/ReportDefinitionsServiceImpl.java</fileName>
    <moduleName></moduleName>
    <packageName>com.comp.gmi.moz.reports.server.service.impl</packageName>
    <category></category>
    <type>TODO</type>
    <contextHashCode>-614240638</contextHashCode>
    <origin>tasks</origin>
  </task>
  <task>
    <message>Add selection by date</message>
    <priority>NORMAL</priority>
    <key>131</key>
    <lineRanges>
      <range>
        <start>40</start>
        <end>40</end>
      </range>
    </lineRanges>
    <primaryLineNumber>40</primaryLineNumber>
    <fileName>D:/Hudson/jobs/moz-abcd/workspace/abcd/src/java/com/comp/gmi/moz/abcd/client/view/VersionSelectionDialogBox.java</fileName>
    <moduleName></moduleName>
    <packageName>com.comp.gmi.moz.abcd.client.view</packageName>
    <category></category>
    <type>TODO</type>
    <contextHashCode>1190936097</contextHashCode>
    <origin>tasks</origin>
  </task>
  <task>
    <message>Should be automatically injected</message>
    <priority>NORMAL</priority>
    <key>152</key>
    <lineRanges>
      <range>
        <start>54</start>
        <end>54</end>
      </range>
    </lineRanges>
    <primaryLineNumber>54</primaryLineNumber>
    <fileName>D:/Hudson/jobs/moz-abcd/workspace/abcd/src/java/com/comp/gmi/moz/abcd/svc/data/server/service/impl/StatusServiceImpl.java</fileName>
    <moduleName></moduleName>
    <packageName>com.comp.gmi.moz.abcd.svc.data.server.service.impl</packageName>
    <category></category>
    <type>TODO</type>
    <contextHashCode>-2008244293</contextHashCode>
    <origin>tasks</origin>
  </task>
  <task>
    <message>should create SecurityRules once per request</message>
    <priority>NORMAL</priority>
    <key>142</key>
    <lineRanges>
      <range>
        <start>448</start>
        <end>448</end>
      </range>
    </lineRanges>
    <primaryLineNumber>448</primaryLineNumber>
    <fileName>D:/Hudson/jobs/moz-abcd/workspace/abcd/src/java/com/comp/gmi/moz/abcd/svc/data/server/dao/impl/HibernateVersionedObjectsDao.java</fileName>
    <moduleName></moduleName>
    <packageName>com.comp.gmi.moz.abcd.svc.data.server.dao.impl</packageName>
    <category></category>
    <type>TODO</type>
    <contextHashCode>-1896207114</contextHashCode>
    <origin>tasks</origin>
  </task>
  <task>
    <message>should be only a VersionListener</message>
    <priority>NORMAL</priority>
    <key>136</key>
    <lineRanges>
      <range>
        <start>208</start>
        <end>208</end>
      </range>
    </lineRanges>
    <primaryLineNumber>208</primaryLineNumber>
    <fileName>D:/Hudson/jobs/moz-abcd/workspace/abcd/src/java/com/comp/gmi/moz/abcd/svc/data/client/dao/RpcxyzsFactory.java</fileName>
    <moduleName></moduleName>
    <packageName>com.comp.gmi.moz.abcd.svc.data.client.dao</packageName>
    <category></category>
    <type>TODO</type>
    <contextHashCode>-482661371</contextHashCode>
    <origin>tasks</origin>
  </task>
  <task>
    <message>first or last?</message>
    <priority>NORMAL</priority>
    <key>132</key>
    <lineRanges>
      <range>
        <start>234</start>
        <end>234</end>
      </range>
    </lineRanges>
    <primaryLineNumber>234</primaryLineNumber>
    <fileName>D:/Hudson/jobs/moz-abcd/workspace/abcd/src/java/com/comp/gmi/moz/abcd/svc/data/client/dao/DummyxyzsFactory.java</fileName>
    <moduleName></moduleName>
    <packageName>com.comp.gmi.moz.abcd.svc.data.client.dao</packageName>
    <category></category>
    <type>TODO</type>
    <contextHashCode>-2094459556</contextHashCode>
    <origin>tasks</origin>
  </task>
  <task>
    <message>pagination management</message>
    <priority>NORMAL</priority>
    <key>139</key>
    <lineRanges>
      <range>
        <start>115</start>
        <end>115</end>
      </range>
    </lineRanges>
    <primaryLineNumber>115</primaryLineNumber>
    <fileName>D:/Hudson/jobs/moz-abcd/workspace/abcd/src/java/com/comp/gmi/moz/abcd/svc/data/client/dao/RpcTagsFactory.java</fileName>
    <moduleName></moduleName>
    <packageName>com.comp.gmi.moz.abcd.svc.data.client.dao</packageName>
    <category></category>
    <type>TODO</type>
    <contextHashCode>46512362</contextHashCode>
    <origin>tasks</origin>
  </task>
  <task>
    <message>should do something with number</message>
    <priority>NORMAL</priority>
    <key>134</key>
    <lineRanges>
      <range>
        <start>39</start>
        <end>39</end>
      </range>
    </lineRanges>
    <primaryLineNumber>39</primaryLineNumber>
    <fileName>D:/Hudson/jobs/moz-abcd/workspace/abcd/src/java/com/comp/gmi/moz/abcd/svc/data/client/dao/LovRecordsListDTOListenerAdapter.java</fileName>
    <moduleName></moduleName>
    <packageName>com.comp.gmi.moz.abcd.svc.data.client.dao</packageName>
    <category></category>
    <type>TODO</type>
    <contextHashCode>-1296270491</contextHashCode>
    <origin>tasks</origin>
  </task>
  <task>
    <message>This should be done inside the same transaction as the actual delete</message>
    <priority>HIGH</priority>
    <key>144</key>
    <lineRanges>
      <range>
        <start>86</start>
        <end>86</end>
      </range>
    </lineRanges>
    <primaryLineNumber>86</primaryLineNumber>
    <fileName>D:/Hudson/jobs/moz-abcd/workspace/abcd/src/java/com/comp/gmi/moz/abcd/svc/data/server/facade/impl/xyzsFacadeImpl.java</fileName>
    <moduleName></moduleName>
    <packageName>com.comp.gmi.moz.abcd.svc.data.server.facade.impl</packageName>
    <category></category>
    <type>FIXME</type>
    <contextHashCode>-436974956</contextHashCode>
    <origin>tasks</origin>
  </task>
  <task>
    <message>Should be automatically injected</message>
    <priority>NORMAL</priority>
    <key>147</key>
    <lineRanges>
      <range>
        <start>54</start>
        <end>54</end>
      </range>
    </lineRanges>
    <primaryLineNumber>54</primaryLineNumber>
    <fileName>D:/Hudson/jobs/moz-abcd/workspace/abcd/src/java/com/comp/gmi/moz/abcd/svc/data/server/service/impl/AreasServiceImpl.java</fileName>
    <moduleName></moduleName>
    <packageName>com.comp.gmi.moz.abcd.svc.data.server.service.impl</packageName>
    <category></category>
    <type>TODO</type>
    <contextHashCode>1132937441</contextHashCode>
    <origin>tasks</origin>
  </task>
  <task>
    <message>(GIM 15/01/2001) Implement lastId feature</message>
    <priority>HIGH</priority>
    <key>153</key>
    <lineRanges>
      <range>
        <start>62</start>
        <end>62</end>
      </range>
    </lineRanges>
    <primaryLineNumber>62</primaryLineNumber>
    <fileName>D:/Hudson/jobs/moz-abcd/workspace/abcd/src/java/com/comp/gmi/moz/abcd/svc/data/server/service/impl/StatusServiceImpl.java</fileName>
    <moduleName></moduleName>
    <packageName>com.comp.gmi.moz.abcd.svc.data.server.service.impl</packageName>
    <category></category>
    <type>FIXME</type>
    <contextHashCode>1550272168</contextHashCode>
    <origin>tasks</origin>
  </task>
  <task>
    <message>Should be automatically injected</message>
    <priority>NORMAL</priority>
    <key>154</key>
    <lineRanges>
      <range>
        <start>58</start>
        <end>58</end>
      </range>
    </lineRanges>
    <primaryLineNumber>58</primaryLineNumber>
    <fileName>D:/Hudson/jobs/moz-abcd/workspace/abcd/src/java/com/comp/gmi/moz/abcd/svc/data/server/service/impl/TagsServiceImpl.java</fileName>
    <moduleName></moduleName>
    <packageName>com.comp.gmi.moz.abcd.svc.data.server.service.impl</packageName>
    <category></category>
    <type>TODO</type>
    <contextHashCode>-914516324</contextHashCode>
    <origin>tasks</origin>
  </task>
  <task>
    <message>should support multiple fields</message>
    <priority>NORMAL</priority>
    <key>133</key>
    <lineRanges>
      <range>
        <start>276</start>
        <end>276</end>
      </range>
    </lineRanges>
    <primaryLineNumber>276</primaryLineNumber>
    <fileName>D:/Hudson/jobs/moz-abcd/workspace/abcd/src/java/com/comp/gmi/moz/abcd/svc/data/client/dao/DummyxyzsFactory.java</fileName>
    <moduleName></moduleName>
    <packageName>com.comp.gmi.moz.abcd.svc.data.client.dao</packageName>
    <category></category>
    <type>TODO</type>
    <contextHashCode>-1029988595</contextHashCode>
    <origin>tasks</origin>
  </task>
  <task>
    <message>15/01/2010  To be implemented when the specifications are more</message>
    <priority>HIGH</priority>
    <key>151</key>
    <lineRanges>
      <range>
        <start>130</start>
        <end>130</end>
      </range>
    </lineRanges>
    <primaryLineNumber>130</primaryLineNumber>
    <fileName>D:/Hudson/jobs/moz-abcd/workspace/abcd/src/java/com/comp/gmi/moz/abcd/svc/data/server/service/impl/xyzsServiceImpl.java</fileName>
    <moduleName></moduleName>
    <packageName>com.comp.gmi.moz.abcd.svc.data.server.service.impl</packageName>
    <category></category>
    <type>FIXME</type>
    <contextHashCode>-1866668947</contextHashCode>
    <origin>tasks</origin>
  </task>
  <task>
    <message>Replace this by com.google.gwt.regexp.RegExp (not yet released as of 2.0.1, but see GWT r7517)</message>
    <priority>NORMAL</priority>
    <key>160</key>
    <lineRanges>
      <range>
        <start>14</start>
        <end>14</end>
      </range>
    </lineRanges>
    <primaryLineNumber>14</primaryLineNumber>
    <fileName>D:/Hudson/jobs/moz-abcd/workspace/commons/src/java/com/comp/gmi/moz/utils/client/tools/RegexHelper.java</fileName>
    <moduleName></moduleName>
    <packageName>com.comp.gmi.moz.utils.client.tools</packageName>
    <category></category>
    <type>TODO</type>
    <contextHashCode>-216301089</contextHashCode>
    <origin>tasks</origin>
  </task>
  <task>
    <message>should do something with number</message>
    <priority>NORMAL</priority>
    <key>138</key>
    <lineRanges>
      <range>
        <start>94</start>
        <end>94</end>
      </range>
    </lineRanges>
    <primaryLineNumber>94</primaryLineNumber>
    <fileName>D:/Hudson/jobs/moz-abcd/workspace/abcd/src/java/com/comp/gmi/moz/abcd/svc/data/client/dao/RpcTagsFactory.java</fileName>
    <moduleName></moduleName>
    <packageName>com.comp.gmi.moz.abcd.svc.data.client.dao</packageName>
    <category></category>
    <type>TODO</type>
    <contextHashCode>404906275</contextHashCode>
    <origin>tasks</origin>
  </task>
  <task>
    <message>(GIM 15/01/2001) Implement lastId feature</message>
    <priority>HIGH</priority>
    <key>148</key>
    <lineRanges>
      <range>
        <start>62</start>
        <end>62</end>
      </range>
    </lineRanges>
    <primaryLineNumber>62</primaryLineNumber>
    <fileName>D:/Hudson/jobs/moz-abcd/workspace/abcd/src/java/com/comp/gmi/moz/abcd/svc/data/server/service/impl/AreasServiceImpl.java</fileName>
    <moduleName></moduleName>
    <packageName>com.comp.gmi.moz.abcd.svc.data.server.service.impl</packageName>
    <category></category>
    <type>FIXME</type>
    <contextHashCode>65492565</contextHashCode>
    <origin>tasks</origin>
  </task>
  <task>
    <message>Should be automatically injected</message>
    <priority>NORMAL</priority>
    <key>149</key>
    <lineRanges>
      <range>
        <start>60</start>
        <end>60</end>
      </range>
    </lineRanges>
    <primaryLineNumber>60</primaryLineNumber>
    <fileName>D:/Hudson/jobs/moz-abcd/workspace/abcd/src/java/com/comp/gmi/moz/abcd/svc/data/server/service/impl/xyzsServiceImpl.java</fileName>
    <moduleName></moduleName>
    <packageName>com.comp.gmi.moz.abcd.svc.data.server.service.impl</packageName>
    <category></category>
    <type>TODO</type>
    <contextHashCode>1900085863</contextHashCode>
    <origin>tasks</origin>
  </task>
  <task>
    <message>Version should not be created here (see also above)</message>
    <priority>HIGH</priority>
    <key>141</key>
    <lineRanges>
      <range>
        <start>206</start>
        <end>206</end>
      </range>
    </lineRanges>
    <primaryLineNumber>206</primaryLineNumber>
    <fileName>D:/Hudson/jobs/moz-abcd/workspace/abcd/src/java/com/comp/gmi/moz/abcd/svc/data/server/dao/impl/HibernateVersionedObjectsDao.java</fileName>
    <moduleName></moduleName>
    <packageName>com.comp.gmi.moz.abcd.svc.data.server.dao.impl</packageName>
    <category></category>
    <type>FIXME</type>
    <contextHashCode>-581605737</contextHashCode>
    <origin>tasks</origin>
  </task>
  <task>
    <message></message>
    <priority>NORMAL</priority>
    <key>157</key>
    <lineRanges>
      <range>
        <start>18</start>
        <end>18</end>
      </range>
    </lineRanges>
    <primaryLineNumber>18</primaryLineNumber>
    <fileName>D:/Hudson/jobs/moz-abcd/workspace/commons/src/java/com/comp/gmi/moz/reports/server/exception/ReportException.java</fileName>
    <moduleName></moduleName>
    <packageName>com.comp.gmi.moz.reports.server.exception</packageName>
    <category></category>
    <type>TODO</type>
    <contextHashCode>-1483422632</contextHashCode>
    <origin>tasks</origin>
  </task>
</annotation-array>