<?xml version='1.0' encoding='UTF-8'?>
<changelog>
	<entry>
		<changenumber><changeInfo>117274</changeInfo>
		<clientId>client_ID</clientId>
		<msg>- initial check-in of a hello world pipeline for demonstration of the P4 plugin 1.17.0 issue
</msg>
		<changeUser>userID</changeUser>
		<changeTime>2025-01-08 12:20:12</changeTime>
		<shelved>false</shelved>
		<fileLimit>false</fileLimit>
		<files>
		<file endRevision="#1" action="ADD" depot="%2F%2depot%2folder%2subfolder%2FHello_World.jenkinsfile" />
		</files>
		<jobs>
		</jobs>
		</changenumber>
	</entry>
</changelog>
