<?xml version='1.1' encoding='UTF-8'?>
<Tag plugin="workflow-support@2.18">
  <node class="org.jenkinsci.plugins.workflow.graph.FlowEndNode" plugin="workflow-api@2.27">
    <parentIds>
      <string>27</string>
    </parentIds>
    <id>28</id>
    <startId>2</startId>
    <result>
      <name>ABORTED</name>
      <ordinal>4</ordinal>
      <color>ABORTED</color>
      <completeBuild>false</completeBuild>
    </result>
  </node>
  <actions>
    <wf.a.ErrorAction plugin="workflow-api@2.27">
      <error class="hudson.AbortException">
        <detailMessage>Build of reproducer1 was cancelled</detailMessage>
        <stackTrace>
          <trace>org.jenkinsci.plugins.workflow.support.steps.build.BuildQueueListener.onLeft(BuildQueueListener.java:17)</trace>
          <trace>hudson.model.Queue$LeftItem.enter(Queue.java:2743)</trace>
          <trace>hudson.model.Queue$Item.cancel(Queue.java:2331)</trace>
          <trace>hudson.model.Queue.cancel(Queue.java:747)</trace>
          <trace>org.jenkinsci.plugins.workflow.support.steps.build.BuildTriggerStepExecution.stop(BuildTriggerStepExecution.java:199)</trace>
          <trace>org.jenkinsci.plugins.workflow.cps.CpsThread.stop(CpsThread.java:301)</trace>
          <trace>org.jenkinsci.plugins.workflow.cps.CpsFlowExecution$6.onSuccess(CpsFlowExecution.java:1116)</trace>
          <trace>org.jenkinsci.plugins.workflow.cps.CpsFlowExecution$6.onSuccess(CpsFlowExecution.java:1105)</trace>
          <trace>org.jenkinsci.plugins.workflow.cps.CpsFlowExecution$4$1.run(CpsFlowExecution.java:894)</trace>
          <trace>org.jenkinsci.plugins.workflow.cps.CpsVmExecutorService$1.run(CpsVmExecutorService.java:35)</trace>
          <trace>java.util.concurrent.Executors$RunnableAdapter.call(Executors.java:511)</trace>
          <trace>java.util.concurrent.FutureTask.run(FutureTask.java:266)</trace>
          <trace>hudson.remoting.SingleLaneExecutorService$1.run(SingleLaneExecutorService.java:131)</trace>
          <trace>jenkins.util.ContextResettingExecutorService$1.run(ContextResettingExecutorService.java:28)</trace>
          <trace>java.util.concurrent.Executors$RunnableAdapter.call(Executors.java:511)</trace>
          <trace>java.util.concurrent.FutureTask.run(FutureTask.java:266)</trace>
          <trace>java.util.concurrent.ThreadPoolExecutor.runWorker(ThreadPoolExecutor.java:1142)</trace>
          <trace>java.util.concurrent.ThreadPoolExecutor$Worker.run(ThreadPoolExecutor.java:617)</trace>
          <trace>java.lang.Thread.run(Thread.java:748)</trace>
        </stackTrace>
        <suppressedExceptions>
          <hudson.AbortException>
            <detailMessage>Build of reproducer2 was cancelled</detailMessage>
            <stackTrace>
              <trace>org.jenkinsci.plugins.workflow.support.steps.build.BuildQueueListener.onLeft(BuildQueueListener.java:17)</trace>
              <trace>hudson.model.Queue$LeftItem.enter(Queue.java:2743)</trace>
              <trace>hudson.model.Queue$Item.cancel(Queue.java:2331)</trace>
              <trace>hudson.model.Queue.cancel(Queue.java:747)</trace>
              <trace>org.jenkinsci.plugins.workflow.support.steps.build.BuildTriggerStepExecution.stop(BuildTriggerStepExecution.java:199)</trace>
              <trace>org.jenkinsci.plugins.workflow.cps.CpsThread.stop(CpsThread.java:301)</trace>
              <trace>org.jenkinsci.plugins.workflow.cps.CpsFlowExecution$6.onSuccess(CpsFlowExecution.java:1116)</trace>
              <trace>org.jenkinsci.plugins.workflow.cps.CpsFlowExecution$6.onSuccess(CpsFlowExecution.java:1105)</trace>
              <trace>org.jenkinsci.plugins.workflow.cps.CpsFlowExecution$4$1.run(CpsFlowExecution.java:894)</trace>
              <trace>org.jenkinsci.plugins.workflow.cps.CpsVmExecutorService$1.run(CpsVmExecutorService.java:35)</trace>
              <trace>java.util.concurrent.Executors$RunnableAdapter.call(Executors.java:511)</trace>
              <trace>java.util.concurrent.FutureTask.run(FutureTask.java:266)</trace>
              <trace>hudson.remoting.SingleLaneExecutorService$1.run(SingleLaneExecutorService.java:131)</trace>
              <trace>jenkins.util.ContextResettingExecutorService$1.run(ContextResettingExecutorService.java:28)</trace>
              <trace>java.util.concurrent.Executors$RunnableAdapter.call(Executors.java:511)</trace>
              <trace>java.util.concurrent.FutureTask.run(FutureTask.java:266)</trace>
              <trace>java.util.concurrent.ThreadPoolExecutor.runWorker(ThreadPoolExecutor.java:1142)</trace>
              <trace>java.util.concurrent.ThreadPoolExecutor$Worker.run(ThreadPoolExecutor.java:617)</trace>
              <trace>java.lang.Thread.run(Thread.java:748)</trace>
            </stackTrace>
            <suppressedExceptions class="java.util.Collections$UnmodifiableRandomAccessList" resolves-to="java.util.Collections$UnmodifiableList">
              <c class="list"/>
              <list reference="../c"/>
            </suppressedExceptions>
          </hudson.AbortException>
          <hudson.AbortException>
            <detailMessage>Build of reproducer3 was cancelled</detailMessage>
            <stackTrace>
              <trace>org.jenkinsci.plugins.workflow.support.steps.build.BuildQueueListener.onLeft(BuildQueueListener.java:17)</trace>
              <trace>hudson.model.Queue$LeftItem.enter(Queue.java:2743)</trace>
              <trace>hudson.model.Queue$Item.cancel(Queue.java:2331)</trace>
              <trace>hudson.model.Queue.cancel(Queue.java:747)</trace>
              <trace>org.jenkinsci.plugins.workflow.support.steps.build.BuildTriggerStepExecution.stop(BuildTriggerStepExecution.java:199)</trace>
              <trace>org.jenkinsci.plugins.workflow.cps.CpsThread.stop(CpsThread.java:301)</trace>
              <trace>org.jenkinsci.plugins.workflow.cps.CpsFlowExecution$6.onSuccess(CpsFlowExecution.java:1116)</trace>
              <trace>org.jenkinsci.plugins.workflow.cps.CpsFlowExecution$6.onSuccess(CpsFlowExecution.java:1105)</trace>
              <trace>org.jenkinsci.plugins.workflow.cps.CpsFlowExecution$4$1.run(CpsFlowExecution.java:894)</trace>
              <trace>org.jenkinsci.plugins.workflow.cps.CpsVmExecutorService$1.run(CpsVmExecutorService.java:35)</trace>
              <trace>java.util.concurrent.Executors$RunnableAdapter.call(Executors.java:511)</trace>
              <trace>java.util.concurrent.FutureTask.run(FutureTask.java:266)</trace>
              <trace>hudson.remoting.SingleLaneExecutorService$1.run(SingleLaneExecutorService.java:131)</trace>
              <trace>jenkins.util.ContextResettingExecutorService$1.run(ContextResettingExecutorService.java:28)</trace>
              <trace>java.util.concurrent.Executors$RunnableAdapter.call(Executors.java:511)</trace>
              <trace>java.util.concurrent.FutureTask.run(FutureTask.java:266)</trace>
              <trace>java.util.concurrent.ThreadPoolExecutor.runWorker(ThreadPoolExecutor.java:1142)</trace>
              <trace>java.util.concurrent.ThreadPoolExecutor$Worker.run(ThreadPoolExecutor.java:617)</trace>
              <trace>java.lang.Thread.run(Thread.java:748)</trace>
            </stackTrace>
            <suppressedExceptions class="java.util.Collections$UnmodifiableRandomAccessList" reference="../../hudson.AbortException/suppressedExceptions"/>
          </hudson.AbortException>
          <hudson.AbortException>
            <detailMessage>Build of reproducer4 was cancelled</detailMessage>
            <stackTrace>
              <trace>org.jenkinsci.plugins.workflow.support.steps.build.BuildQueueListener.onLeft(BuildQueueListener.java:17)</trace>
              <trace>hudson.model.Queue$LeftItem.enter(Queue.java:2743)</trace>
              <trace>hudson.model.Queue$Item.cancel(Queue.java:2331)</trace>
              <trace>hudson.model.Queue.cancel(Queue.java:747)</trace>
              <trace>org.jenkinsci.plugins.workflow.support.steps.build.BuildTriggerStepExecution.stop(BuildTriggerStepExecution.java:199)</trace>
              <trace>org.jenkinsci.plugins.workflow.cps.CpsThread.stop(CpsThread.java:301)</trace>
              <trace>org.jenkinsci.plugins.workflow.cps.CpsFlowExecution$6.onSuccess(CpsFlowExecution.java:1116)</trace>
              <trace>org.jenkinsci.plugins.workflow.cps.CpsFlowExecution$6.onSuccess(CpsFlowExecution.java:1105)</trace>
              <trace>org.jenkinsci.plugins.workflow.cps.CpsFlowExecution$4$1.run(CpsFlowExecution.java:894)</trace>
              <trace>org.jenkinsci.plugins.workflow.cps.CpsVmExecutorService$1.run(CpsVmExecutorService.java:35)</trace>
              <trace>java.util.concurrent.Executors$RunnableAdapter.call(Executors.java:511)</trace>
              <trace>java.util.concurrent.FutureTask.run(FutureTask.java:266)</trace>
              <trace>hudson.remoting.SingleLaneExecutorService$1.run(SingleLaneExecutorService.java:131)</trace>
              <trace>jenkins.util.ContextResettingExecutorService$1.run(ContextResettingExecutorService.java:28)</trace>
              <trace>java.util.concurrent.Executors$RunnableAdapter.call(Executors.java:511)</trace>
              <trace>java.util.concurrent.FutureTask.run(FutureTask.java:266)</trace>
              <trace>java.util.concurrent.ThreadPoolExecutor.runWorker(ThreadPoolExecutor.java:1142)</trace>
              <trace>java.util.concurrent.ThreadPoolExecutor$Worker.run(ThreadPoolExecutor.java:617)</trace>
              <trace>java.lang.Thread.run(Thread.java:748)</trace>
            </stackTrace>
            <suppressedExceptions class="java.util.Collections$UnmodifiableRandomAccessList" reference="../../hudson.AbortException/suppressedExceptions"/>
          </hudson.AbortException>
          <hudson.AbortException>
            <detailMessage>Build of reproducer5 was cancelled</detailMessage>
            <stackTrace>
              <trace>org.jenkinsci.plugins.workflow.support.steps.build.BuildQueueListener.onLeft(BuildQueueListener.java:17)</trace>
              <trace>hudson.model.Queue$LeftItem.enter(Queue.java:2743)</trace>
              <trace>hudson.model.Queue$Item.cancel(Queue.java:2331)</trace>
              <trace>hudson.model.Queue.cancel(Queue.java:747)</trace>
              <trace>org.jenkinsci.plugins.workflow.support.steps.build.BuildTriggerStepExecution.stop(BuildTriggerStepExecution.java:199)</trace>
              <trace>org.jenkinsci.plugins.workflow.cps.CpsThread.stop(CpsThread.java:301)</trace>
              <trace>org.jenkinsci.plugins.workflow.cps.CpsFlowExecution$6.onSuccess(CpsFlowExecution.java:1116)</trace>
              <trace>org.jenkinsci.plugins.workflow.cps.CpsFlowExecution$6.onSuccess(CpsFlowExecution.java:1105)</trace>
              <trace>org.jenkinsci.plugins.workflow.cps.CpsFlowExecution$4$1.run(CpsFlowExecution.java:894)</trace>
              <trace>org.jenkinsci.plugins.workflow.cps.CpsVmExecutorService$1.run(CpsVmExecutorService.java:35)</trace>
              <trace>java.util.concurrent.Executors$RunnableAdapter.call(Executors.java:511)</trace>
              <trace>java.util.concurrent.FutureTask.run(FutureTask.java:266)</trace>
              <trace>hudson.remoting.SingleLaneExecutorService$1.run(SingleLaneExecutorService.java:131)</trace>
              <trace>jenkins.util.ContextResettingExecutorService$1.run(ContextResettingExecutorService.java:28)</trace>
              <trace>java.util.concurrent.Executors$RunnableAdapter.call(Executors.java:511)</trace>
              <trace>java.util.concurrent.FutureTask.run(FutureTask.java:266)</trace>
              <trace>java.util.concurrent.ThreadPoolExecutor.runWorker(ThreadPoolExecutor.java:1142)</trace>
              <trace>java.util.concurrent.ThreadPoolExecutor$Worker.run(ThreadPoolExecutor.java:617)</trace>
              <trace>java.lang.Thread.run(Thread.java:748)</trace>
            </stackTrace>
            <suppressedExceptions class="java.util.Collections$UnmodifiableRandomAccessList" reference="../../hudson.AbortException/suppressedExceptions"/>
          </hudson.AbortException>
          <hudson.AbortException>
            <detailMessage>Build of reproducer6 was cancelled</detailMessage>
            <stackTrace>
              <trace>org.jenkinsci.plugins.workflow.support.steps.build.BuildQueueListener.onLeft(BuildQueueListener.java:17)</trace>
              <trace>hudson.model.Queue$LeftItem.enter(Queue.java:2743)</trace>
              <trace>hudson.model.Queue$Item.cancel(Queue.java:2331)</trace>
              <trace>hudson.model.Queue.cancel(Queue.java:747)</trace>
              <trace>org.jenkinsci.plugins.workflow.support.steps.build.BuildTriggerStepExecution.stop(BuildTriggerStepExecution.java:199)</trace>
              <trace>org.jenkinsci.plugins.workflow.cps.CpsThread.stop(CpsThread.java:301)</trace>
              <trace>org.jenkinsci.plugins.workflow.cps.CpsFlowExecution$6.onSuccess(CpsFlowExecution.java:1116)</trace>
              <trace>org.jenkinsci.plugins.workflow.cps.CpsFlowExecution$6.onSuccess(CpsFlowExecution.java:1105)</trace>
              <trace>org.jenkinsci.plugins.workflow.cps.CpsFlowExecution$4$1.run(CpsFlowExecution.java:894)</trace>
              <trace>org.jenkinsci.plugins.workflow.cps.CpsVmExecutorService$1.run(CpsVmExecutorService.java:35)</trace>
              <trace>java.util.concurrent.Executors$RunnableAdapter.call(Executors.java:511)</trace>
              <trace>java.util.concurrent.FutureTask.run(FutureTask.java:266)</trace>
              <trace>hudson.remoting.SingleLaneExecutorService$1.run(SingleLaneExecutorService.java:131)</trace>
              <trace>jenkins.util.ContextResettingExecutorService$1.run(ContextResettingExecutorService.java:28)</trace>
              <trace>java.util.concurrent.Executors$RunnableAdapter.call(Executors.java:511)</trace>
              <trace>java.util.concurrent.FutureTask.run(FutureTask.java:266)</trace>
              <trace>java.util.concurrent.ThreadPoolExecutor.runWorker(ThreadPoolExecutor.java:1142)</trace>
              <trace>java.util.concurrent.ThreadPoolExecutor$Worker.run(ThreadPoolExecutor.java:617)</trace>
              <trace>java.lang.Thread.run(Thread.java:748)</trace>
            </stackTrace>
            <suppressedExceptions class="java.util.Collections$UnmodifiableRandomAccessList" reference="../../hudson.AbortException/suppressedExceptions"/>
          </hudson.AbortException>
        </suppressedExceptions>
      </error>
    </wf.a.ErrorAction>
    <wf.a.TimingAction plugin="workflow-api@2.27">
      <startTime>1524212056864</startTime>
    </wf.a.TimingAction>
  </actions>
</Tag>