<?xml version='1.1' encoding='UTF-8'?>
<Tag plugin="workflow-support@2.18">
  <node class="cps.n.StepStartNode" plugin="workflow-cps@2.49-SNAPSHOT">
    <parentIds>
      <string>3</string>
    </parentIds>
    <id>9</id>
    <descriptorId>org.jenkinsci.plugins.workflow.cps.steps.ParallelStep</descriptorId>
  </node>
  <actions>
    <wf.a.BodyInvocationAction plugin="workflow-api@2.27"/>
    <org.jenkinsci.plugins.workflow.cps.steps.ParallelStepExecution_-ParallelLabelAction plugin="workflow-cps@2.49-SNAPSHOT">
      <branchName>reproducer1</branchName>
    </org.jenkinsci.plugins.workflow.cps.steps.ParallelStepExecution_-ParallelLabelAction>
    <wf.a.TimingAction plugin="workflow-api@2.27">
      <startTime>1524212052012</startTime>
    </wf.a.TimingAction>
  </actions>
</Tag>