{
  "version" : "3.0.0",
  "gauges" : {
    "jenkins.executor.count.value" : {
      "value" : 7
    },
    "jenkins.executor.free.value" : {
      "value" : 3
    },
    "jenkins.executor.in-use.value" : {
      "value" : 4
    },
    "jenkins.health-check.count" : {
      "value" : 4
    },
    "jenkins.health-check.inverse-score" : {
      "value" : 0.0
    },
    "jenkins.health-check.score" : {
      "value" : 1.0
    },
    "jenkins.job.averageDepth" : {
      "value" : 1.0
    },
    "jenkins.job.count.value" : {
      "value" : 45
    },
    "jenkins.node.count.value" : {
      "value" : 5
    },
    "jenkins.node.offline.value" : {
      "value" : 0
    },
    "jenkins.node.online.value" : {
      "value" : 5
    },
    "jenkins.plugins.active" : {
      "value" : 113
    },
    "jenkins.plugins.failed" : {
      "value" : 0
    },
    "jenkins.plugins.inactive" : {
      "value" : 0
    },
    "jenkins.plugins.withUpdate" : {
      "value" : 4
    },
    "jenkins.project.count.value" : {
      "value" : 45
    },
    "jenkins.project.disabled.count.value" : {
      "value" : 0
    },
    "jenkins.project.enabled.count.value" : {
      "value" : 45
    },
    "jenkins.queue.blocked.value" : {
      "value" : 0
    },
    "jenkins.queue.buildable.value" : {
      "value" : 0
    },
    "jenkins.queue.pending.value" : {
      "value" : 0
    },
    "jenkins.queue.size.value" : {
      "value" : 0
    },
    "jenkins.queue.stuck.value" : {
      "value" : 0
    },
    "jenkins.versions.core" : {
      "value" : "2.32.1"
    },
    "jenkins.versions.plugin.PrioritySorter" : {
      "value" : "3.5.0"
    },
    "jenkins.versions.plugin.ace-editor" : {
      "value" : "1.1"
    },
    "jenkins.versions.plugin.analysis-core" : {
      "value" : "1.82"
    },
    "jenkins.versions.plugin.ant" : {
      "value" : "1.4"
    },
    "jenkins.versions.plugin.antisamy-markup-formatter" : {
      "value" : "1.5"
    },
    "jenkins.versions.plugin.bouncycastle-api" : {
      "value" : "2.16.0"
    },
    "jenkins.versions.plugin.branch-api" : {
      "value" : "1.11.1"
    },
    "jenkins.versions.plugin.build-failure-analyzer" : {
      "value" : "1.17.2"
    },
    "jenkins.versions.plugin.build-timeout" : {
      "value" : "1.18"
    },
    "jenkins.versions.plugin.buildresult-trigger" : {
      "value" : "0.17"
    },
    "jenkins.versions.plugin.clone-workspace-scm" : {
      "value" : "0.6"
    },
    "jenkins.versions.plugin.cloud-stats" : {
      "value" : "0.6"
    },
    "jenkins.versions.plugin.cloudbees-folder" : {
      "value" : "5.16"
    },
    "jenkins.versions.plugin.conditional-buildstep" : {
      "value" : "1.3.5"
    },
    "jenkins.versions.plugin.config-file-provider" : {
      "value" : "2.15.5"
    },
    "jenkins.versions.plugin.copyartifact" : {
      "value" : "1.38.1"
    },
    "jenkins.versions.plugin.credentials" : {
      "value" : "2.1.10"
    },
    "jenkins.versions.plugin.credentials-binding" : {
      "value" : "1.10"
    },
    "jenkins.versions.plugin.cvs" : {
      "value" : "2.13"
    },
    "jenkins.versions.plugin.dashboard-view" : {
      "value" : "2.9.10"
    },
    "jenkins.versions.plugin.depgraph-view" : {
      "value" : "0.11"
    },
    "jenkins.versions.plugin.description-setter" : {
      "value" : "1.10"
    },
    "jenkins.versions.plugin.display-url-api" : {
      "value" : "0.5"
    },
    "jenkins.versions.plugin.durable-task" : {
      "value" : "1.13"
    },
    "jenkins.versions.plugin.dynamic-axis" : {
      "value" : "1.0.3"
    },
    "jenkins.versions.plugin.email-ext" : {
      "value" : "2.53"
    },
    "jenkins.versions.plugin.envinject" : {
      "value" : "1.93.1"
    },
    "jenkins.versions.plugin.extended-read-permission" : {
      "value" : "1.0"
    },
    "jenkins.versions.plugin.external-monitor-job" : {
      "value" : "1.7"
    },
    "jenkins.versions.plugin.findbugs" : {
      "value" : "4.69"
    },
    "jenkins.versions.plugin.gearman-plugin" : {
      "value" : "0.2.0"
    },
    "jenkins.versions.plugin.gerrit-trigger" : {
      "value" : "2.23.0"
    },
    "jenkins.versions.plugin.git" : {
      "value" : "3.0.1"
    },
    "jenkins.versions.plugin.git-client" : {
      "value" : "2.2.1"
    },
    "jenkins.versions.plugin.git-server" : {
      "value" : "1.7"
    },
    "jenkins.versions.plugin.gradle" : {
      "value" : "1.25"
    },
    "jenkins.versions.plugin.handlebars" : {
      "value" : "1.1.1"
    },
    "jenkins.versions.plugin.http_request" : {
      "value" : "1.8.13"
    },
    "jenkins.versions.plugin.icon-shim" : {
      "value" : "2.0.3"
    },
    "jenkins.versions.plugin.ivy" : {
      "value" : "1.27.1"
    },
    "jenkins.versions.plugin.jackson2-api" : {
      "value" : "2.7.3"
    },
    "jenkins.versions.plugin.jacoco" : {
      "value" : "2.1.0"
    },
    "jenkins.versions.plugin.javadoc" : {
      "value" : "1.4"
    },
    "jenkins.versions.plugin.jobConfigHistory" : {
      "value" : "2.15"
    },
    "jenkins.versions.plugin.jquery" : {
      "value" : "1.11.2-0"
    },
    "jenkins.versions.plugin.jquery-detached" : {
      "value" : "1.2.1"
    },
    "jenkins.versions.plugin.jquery-ui" : {
      "value" : "1.0.2"
    },
    "jenkins.versions.plugin.junit" : {
      "value" : "1.19"
    },
    "jenkins.versions.plugin.ldap" : {
      "value" : "1.13"
    },
    "jenkins.versions.plugin.log-parser" : {
      "value" : "2.0"
    },
    "jenkins.versions.plugin.m2-repo-reaper" : {
      "value" : "1.0"
    },
    "jenkins.versions.plugin.mailer" : {
      "value" : "1.18"
    },
    "jenkins.versions.plugin.mapdb-api" : {
      "value" : "1.0.9.0"
    },
    "jenkins.versions.plugin.mask-passwords" : {
      "value" : "2.9"
    },
    "jenkins.versions.plugin.matrix-auth" : {
      "value" : "1.4"
    },
    "jenkins.versions.plugin.matrix-project" : {
      "value" : "1.8"
    },
    "jenkins.versions.plugin.maven-plugin" : {
      "value" : "2.14"
    },
    "jenkins.versions.plugin.metrics" : {
      "value" : "3.1.2.9"
    },
    "jenkins.versions.plugin.momentjs" : {
      "value" : "1.1.1"
    },
    "jenkins.versions.plugin.msginject" : {
      "value" : "0.1.1"
    },
    "jenkins.versions.plugin.multiple-scms" : {
      "value" : "0.6"
    },
    "jenkins.versions.plugin.naginator" : {
      "value" : "1.17.2"
    },
    "jenkins.versions.plugin.openstack-cloud" : {
      "value" : "2.11"
    },
    "jenkins.versions.plugin.pam-auth" : {
      "value" : "1.3"
    },
    "jenkins.versions.plugin.parameterized-trigger" : {
      "value" : "2.32"
    },
    "jenkins.versions.plugin.pipeline-build-step" : {
      "value" : "2.4"
    },
    "jenkins.versions.plugin.pipeline-graph-analysis" : {
      "value" : "1.3"
    },
    "jenkins.versions.plugin.pipeline-input-step" : {
      "value" : "2.5"
    },
    "jenkins.versions.plugin.pipeline-milestone-step" : {
      "value" : "1.3"
    },
    "jenkins.versions.plugin.pipeline-rest-api" : {
      "value" : "2.4"
    },
    "jenkins.versions.plugin.pipeline-stage-step" : {
      "value" : "2.2"
    },
    "jenkins.versions.plugin.pipeline-stage-view" : {
      "value" : "2.4"
    },
    "jenkins.versions.plugin.plain-credentials" : {
      "value" : "1.3"
    },
    "jenkins.versions.plugin.plot" : {
      "value" : "1.9"
    },
    "jenkins.versions.plugin.postbuildscript" : {
      "value" : "0.17"
    },
    "jenkins.versions.plugin.project-inheritance" : {
      "value" : "1.5.3"
    },
    "jenkins.versions.plugin.promoted-builds" : {
      "value" : "2.28"
    },
    "jenkins.versions.plugin.rebuild" : {
      "value" : "1.25"
    },
    "jenkins.versions.plugin.resource-disposer" : {
      "value" : "0.6"
    },
    "jenkins.versions.plugin.robot" : {
      "value" : "1.6.4"
    },
    "jenkins.versions.plugin.run-condition" : {
      "value" : "1.0"
    },
    "jenkins.versions.plugin.schedule-build" : {
      "value" : "0.3.4"
    },
    "jenkins.versions.plugin.scm-api" : {
      "value" : "1.3"
    },
    "jenkins.versions.plugin.script-security" : {
      "value" : "1.25"
    },
    "jenkins.versions.plugin.scripttrigger" : {
      "value" : "0.34"
    },
    "jenkins.versions.plugin.shiningpanda" : {
      "value" : "0.23"
    },
    "jenkins.versions.plugin.sonar" : {
      "value" : "2.5"
    },
    "jenkins.versions.plugin.ssh-agent" : {
      "value" : "1.13"
    },
    "jenkins.versions.plugin.ssh-credentials" : {
      "value" : "1.12"
    },
    "jenkins.versions.plugin.ssh-slaves" : {
      "value" : "1.12"
    },
    "jenkins.versions.plugin.structs" : {
      "value" : "1.5"
    },
    "jenkins.versions.plugin.subversion" : {
      "value" : "2.7.1"
    },
    "jenkins.versions.plugin.swarm" : {
      "value" : "2.2"
    },
    "jenkins.versions.plugin.text-finder" : {
      "value" : "1.10"
    },
    "jenkins.versions.plugin.timestamper" : {
      "value" : "1.8.7"
    },
    "jenkins.versions.plugin.token-macro" : {
      "value" : "2.0"
    },
    "jenkins.versions.plugin.translation" : {
      "value" : "1.15"
    },
    "jenkins.versions.plugin.urltrigger" : {
      "value" : "0.41"
    },
    "jenkins.versions.plugin.windows-slaves" : {
      "value" : "1.2"
    },
    "jenkins.versions.plugin.workflow-aggregator" : {
      "value" : "2.4"
    },
    "jenkins.versions.plugin.workflow-api" : {
      "value" : "2.8"
    },
    "jenkins.versions.plugin.workflow-basic-steps" : {
      "value" : "2.3"
    },
    "jenkins.versions.plugin.workflow-cps" : {
      "value" : "2.24"
    },
    "jenkins.versions.plugin.workflow-cps-global-lib" : {
      "value" : "2.5"
    },
    "jenkins.versions.plugin.workflow-durable-task-step" : {
      "value" : "2.8"
    },
    "jenkins.versions.plugin.workflow-job" : {
      "value" : "2.9"
    },
    "jenkins.versions.plugin.workflow-multibranch" : {
      "value" : "2.9.2"
    },
    "jenkins.versions.plugin.workflow-scm-step" : {
      "value" : "2.3"
    },
    "jenkins.versions.plugin.workflow-step-api" : {
      "value" : "2.7"
    },
    "jenkins.versions.plugin.workflow-support" : {
      "value" : "2.12"
    },
    "jenkins.versions.plugin.ws-cleanup" : {
      "value" : "0.32"
    },
    "jenkins.versions.plugin.zmq-event-publisher" : {
      "value" : "0.0.5"
    },
    "system.cpu.load" : {
      "value" : 0.07
    },
    "vm.blocked.count" : {
      "value" : 0
    },
    "vm.class.loaded" : {
      "value" : 20649
    },
    "vm.class.unloaded" : {
      "value" : 207
    },
    "vm.count" : {
      "value" : 74
    },
    "vm.cpu.load" : {
      "value" : 0.040407981328919644
    },
    "vm.daemon.count" : {
      "value" : 63
    },
    "vm.deadlock.count" : {
      "value" : 0
    },
    "vm.deadlocks" : {
      "value" : [ ]
    },
    "vm.file.descriptor.ratio" : {
      "value" : 0.043625
    },
    "vm.gc.PS-MarkSweep.count" : {
      "value" : 5
    },
    "vm.gc.PS-MarkSweep.time" : {
      "value" : 709
    },
    "vm.gc.PS-Scavenge.count" : {
      "value" : 332
    },
    "vm.gc.PS-Scavenge.time" : {
      "value" : 6783
    },
    "vm.memory.heap.committed" : {
      "value" : 911212544
    },
    "vm.memory.heap.init" : {
      "value" : 130023424
    },
    "vm.memory.heap.max" : {
      "value" : 1823473664
    },
    "vm.memory.heap.usage" : {
      "value" : 0.26542198089020497
    },
    "vm.memory.heap.used" : {
      "value" : 483989992
    },
    "vm.memory.non-heap.committed" : {
      "value" : 234881024
    },
    "vm.memory.non-heap.init" : {
      "value" : 2555904
    },
    "vm.memory.non-heap.max" : {
      "value" : -1
    },
    "vm.memory.non-heap.usage" : {
      "value" : -2.17264672E8
    },
    "vm.memory.non-heap.used" : {
      "value" : 217265736
    },
    "vm.memory.pools.Code-Cache.committed" : {
      "value" : 80216064
    },
    "vm.memory.pools.Code-Cache.init" : {
      "value" : 2555904
    },
    "vm.memory.pools.Code-Cache.max" : {
      "value" : 251658240
    },
    "vm.memory.pools.Code-Cache.usage" : {
      "value" : 0.3162531534830729
    },
    "vm.memory.pools.Code-Cache.used" : {
      "value" : 79588416
    },
    "vm.memory.pools.Compressed-Class-Space.committed" : {
      "value" : 17039360
    },
    "vm.memory.pools.Compressed-Class-Space.init" : {
      "value" : 0
    },
    "vm.memory.pools.Compressed-Class-Space.max" : {
      "value" : 1073741824
    },
    "vm.memory.pools.Compressed-Class-Space.usage" : {
      "value" : 0.012814640998840332
    },
    "vm.memory.pools.Compressed-Class-Space.used" : {
      "value" : 13759616
    },
    "vm.memory.pools.Metaspace.committed" : {
      "value" : 137625600
    },
    "vm.memory.pools.Metaspace.init" : {
      "value" : 0
    },
    "vm.memory.pools.Metaspace.max" : {
      "value" : -1
    },
    "vm.memory.pools.Metaspace.usage" : {
      "value" : 0.9004473005022321
    },
    "vm.memory.pools.Metaspace.used" : {
      "value" : 123924600
    },
    "vm.memory.pools.PS-Eden-Space.committed" : {
      "value" : 635961344
    },
    "vm.memory.pools.PS-Eden-Space.init" : {
      "value" : 32505856
    },
    "vm.memory.pools.PS-Eden-Space.max" : {
      "value" : 636485632
    },
    "vm.memory.pools.PS-Eden-Space.usage" : {
      "value" : 0.3888174870850816
    },
    "vm.memory.pools.PS-Eden-Space.used" : {
      "value" : 247476744
    },
    "vm.memory.pools.PS-Old-Gen.committed" : {
      "value" : 251658240
    },
    "vm.memory.pools.PS-Old-Gen.init" : {
      "value" : 87031808
    },
    "vm.memory.pools.PS-Old-Gen.max" : {
      "value" : 1367343104
    },
    "vm.memory.pools.PS-Old-Gen.usage" : {
      "value" : 0.1649669284469511
    },
    "vm.memory.pools.PS-Old-Gen.used" : {
      "value" : 225566392
    },
    "vm.memory.pools.PS-Survivor-Space.committed" : {
      "value" : 23592960
    },
    "vm.memory.pools.PS-Survivor-Space.init" : {
      "value" : 5242880
    },
    "vm.memory.pools.PS-Survivor-Space.max" : {
      "value" : 23592960
    },
    "vm.memory.pools.PS-Survivor-Space.usage" : {
      "value" : 0.46398824055989585
    },
    "vm.memory.pools.PS-Survivor-Space.used" : {
      "value" : 10946856
    },
    "vm.memory.total.committed" : {
      "value" : 1146093568
    },
    "vm.memory.total.init" : {
      "value" : 132579328
    },
    "vm.memory.total.max" : {
      "value" : 1823473663
    },
    "vm.memory.total.used" : {
      "value" : 702186736
    },
    "vm.new.count" : {
      "value" : 0
    },
    "vm.runnable.count" : {
      "value" : 17
    },
    "vm.terminated.count" : {
      "value" : 0
    },
    "vm.timed_waiting.count" : {
      "value" : 23
    },
    "vm.uptime.milliseconds" : {
      "value" : 29896087
    },
    "vm.waiting.count" : {
      "value" : 34
    }
  },
  "counters" : {
    "http.activeRequests" : {
      "count" : 1
    }
  },
  "histograms" : {
    "jenkins.executor.count.history" : {
      "count" : 0,
      "max" : 0,
      "mean" : 0.0,
      "min" : 0,
      "p50" : 0.0,
      "p75" : 0.0,
      "p95" : 0.0,
      "p98" : 0.0,
      "p99" : 0.0,
      "p999" : 0.0,
      "values" : [ ],
      "stddev" : 0.0
    },
    "jenkins.executor.free.history" : {
      "count" : 0,
      "max" : 0,
      "mean" : 0.0,
      "min" : 0,
      "p50" : 0.0,
      "p75" : 0.0,
      "p95" : 0.0,
      "p98" : 0.0,
      "p99" : 0.0,
      "p999" : 0.0,
      "values" : [ ],
      "stddev" : 0.0
    },
    "jenkins.executor.in-use.history" : {
      "count" : 0,
      "max" : 0,
      "mean" : 0.0,
      "min" : 0,
      "p50" : 0.0,
      "p75" : 0.0,
      "p95" : 0.0,
      "p98" : 0.0,
      "p99" : 0.0,
      "p999" : 0.0,
      "values" : [ ],
      "stddev" : 0.0
    },
    "jenkins.job.count.history" : {
      "count" : 0,
      "max" : 0,
      "mean" : 0.0,
      "min" : 0,
      "p50" : 0.0,
      "p75" : 0.0,
      "p95" : 0.0,
      "p98" : 0.0,
      "p99" : 0.0,
      "p999" : 0.0,
      "values" : [ ],
      "stddev" : 0.0
    },
    "jenkins.node.count.history" : {
      "count" : 0,
      "max" : 0,
      "mean" : 0.0,
      "min" : 0,
      "p50" : 0.0,
      "p75" : 0.0,
      "p95" : 0.0,
      "p98" : 0.0,
      "p99" : 0.0,
      "p999" : 0.0,
      "values" : [ ],
      "stddev" : 0.0
    },
    "jenkins.node.offline.history" : {
      "count" : 0,
      "max" : 0,
      "mean" : 0.0,
      "min" : 0,
      "p50" : 0.0,
      "p75" : 0.0,
      "p95" : 0.0,
      "p98" : 0.0,
      "p99" : 0.0,
      "p999" : 0.0,
      "values" : [ ],
      "stddev" : 0.0
    },
    "jenkins.node.online.history" : {
      "count" : 0,
      "max" : 0,
      "mean" : 0.0,
      "min" : 0,
      "p50" : 0.0,
      "p75" : 0.0,
      "p95" : 0.0,
      "p98" : 0.0,
      "p99" : 0.0,
      "p999" : 0.0,
      "values" : [ ],
      "stddev" : 0.0
    },
    "jenkins.project.count.history" : {
      "count" : 0,
      "max" : 0,
      "mean" : 0.0,
      "min" : 0,
      "p50" : 0.0,
      "p75" : 0.0,
      "p95" : 0.0,
      "p98" : 0.0,
      "p99" : 0.0,
      "p999" : 0.0,
      "values" : [ ],
      "stddev" : 0.0
    },
    "jenkins.project.disabled.count.history" : {
      "count" : 0,
      "max" : 0,
      "mean" : 0.0,
      "min" : 0,
      "p50" : 0.0,
      "p75" : 0.0,
      "p95" : 0.0,
      "p98" : 0.0,
      "p99" : 0.0,
      "p999" : 0.0,
      "values" : [ ],
      "stddev" : 0.0
    },
    "jenkins.project.enabled.count.history" : {
      "count" : 0,
      "max" : 0,
      "mean" : 0.0,
      "min" : 0,
      "p50" : 0.0,
      "p75" : 0.0,
      "p95" : 0.0,
      "p98" : 0.0,
      "p99" : 0.0,
      "p999" : 0.0,
      "values" : [ ],
      "stddev" : 0.0
    },
    "jenkins.queue.blocked.history" : {
      "count" : 0,
      "max" : 0,
      "mean" : 0.0,
      "min" : 0,
      "p50" : 0.0,
      "p75" : 0.0,
      "p95" : 0.0,
      "p98" : 0.0,
      "p99" : 0.0,
      "p999" : 0.0,
      "values" : [ ],
      "stddev" : 0.0
    },
    "jenkins.queue.buildable.history" : {
      "count" : 0,
      "max" : 0,
      "mean" : 0.0,
      "min" : 0,
      "p50" : 0.0,
      "p75" : 0.0,
      "p95" : 0.0,
      "p98" : 0.0,
      "p99" : 0.0,
      "p999" : 0.0,
      "values" : [ ],
      "stddev" : 0.0
    },
    "jenkins.queue.pending.history" : {
      "count" : 0,
      "max" : 0,
      "mean" : 0.0,
      "min" : 0,
      "p50" : 0.0,
      "p75" : 0.0,
      "p95" : 0.0,
      "p98" : 0.0,
      "p99" : 0.0,
      "p999" : 0.0,
      "values" : [ ],
      "stddev" : 0.0
    },
    "jenkins.queue.size.history" : {
      "count" : 0,
      "max" : 0,
      "mean" : 0.0,
      "min" : 0,
      "p50" : 0.0,
      "p75" : 0.0,
      "p95" : 0.0,
      "p98" : 0.0,
      "p99" : 0.0,
      "p999" : 0.0,
      "values" : [ ],
      "stddev" : 0.0
    },
    "jenkins.queue.stuck.history" : {
      "count" : 0,
      "max" : 0,
      "mean" : 0.0,
      "min" : 0,
      "p50" : 0.0,
      "p75" : 0.0,
      "p95" : 0.0,
      "p98" : 0.0,
      "p99" : 0.0,
      "p999" : 0.0,
      "values" : [ ],
      "stddev" : 0.0
    },
    "system.cpu.load.x100.history" : {
      "count" : 0,
      "max" : 0,
      "mean" : 0.0,
      "min" : 0,
      "p50" : 0.0,
      "p75" : 0.0,
      "p95" : 0.0,
      "p98" : 0.0,
      "p99" : 0.0,
      "p999" : 0.0,
      "values" : [ ],
      "stddev" : 0.0
    },
    "system.cpu.load.x100.window.15m" : {
      "count" : 0,
      "max" : 0,
      "mean" : 0.0,
      "min" : 0,
      "p50" : 0.0,
      "p75" : 0.0,
      "p95" : 0.0,
      "p98" : 0.0,
      "p99" : 0.0,
      "p999" : 0.0,
      "values" : [ ],
      "stddev" : 0.0
    },
    "system.cpu.load.x100.window.1h" : {
      "count" : 0,
      "max" : 0,
      "mean" : 0.0,
      "min" : 0,
      "p50" : 0.0,
      "p75" : 0.0,
      "p95" : 0.0,
      "p98" : 0.0,
      "p99" : 0.0,
      "p999" : 0.0,
      "values" : [ ],
      "stddev" : 0.0
    },
    "system.cpu.load.x100.window.5m" : {
      "count" : 0,
      "max" : 0,
      "mean" : 0.0,
      "min" : 0,
      "p50" : 0.0,
      "p75" : 0.0,
      "p95" : 0.0,
      "p98" : 0.0,
      "p99" : 0.0,
      "p999" : 0.0,
      "values" : [ ],
      "stddev" : 0.0
    },
    "vm.cpu.load.x100.history" : {
      "count" : 0,
      "max" : 0,
      "mean" : 0.0,
      "min" : 0,
      "p50" : 0.0,
      "p75" : 0.0,
      "p95" : 0.0,
      "p98" : 0.0,
      "p99" : 0.0,
      "p999" : 0.0,
      "values" : [ ],
      "stddev" : 0.0
    },
    "vm.cpu.load.x100.window.15m" : {
      "count" : 0,
      "max" : 0,
      "mean" : 0.0,
      "min" : 0,
      "p50" : 0.0,
      "p75" : 0.0,
      "p95" : 0.0,
      "p98" : 0.0,
      "p99" : 0.0,
      "p999" : 0.0,
      "values" : [ ],
      "stddev" : 0.0
    },
    "vm.cpu.load.x100.window.1h" : {
      "count" : 0,
      "max" : 0,
      "mean" : 0.0,
      "min" : 0,
      "p50" : 0.0,
      "p75" : 0.0,
      "p95" : 0.0,
      "p98" : 0.0,
      "p99" : 0.0,
      "p999" : 0.0,
      "values" : [ ],
      "stddev" : 0.0
    },
    "vm.cpu.load.x100.window.5m" : {
      "count" : 0,
      "max" : 0,
      "mean" : 0.0,
      "min" : 0,
      "p50" : 0.0,
      "p75" : 0.0,
      "p95" : 0.0,
      "p98" : 0.0,
      "p99" : 0.0,
      "p999" : 0.0,
      "values" : [ ],
      "stddev" : 0.0
    },
    "vm.file.descriptor.ratio.x100.history" : {
      "count" : 0,
      "max" : 0,
      "mean" : 0.0,
      "min" : 0,
      "p50" : 0.0,
      "p75" : 0.0,
      "p95" : 0.0,
      "p98" : 0.0,
      "p99" : 0.0,
      "p999" : 0.0,
      "values" : [ ],
      "stddev" : 0.0
    },
    "vm.file.descriptor.ratio.x100.window.15m" : {
      "count" : 0,
      "max" : 0,
      "mean" : 0.0,
      "min" : 0,
      "p50" : 0.0,
      "p75" : 0.0,
      "p95" : 0.0,
      "p98" : 0.0,
      "p99" : 0.0,
      "p999" : 0.0,
      "values" : [ ],
      "stddev" : 0.0
    },
    "vm.file.descriptor.ratio.x100.window.1h" : {
      "count" : 0,
      "max" : 0,
      "mean" : 0.0,
      "min" : 0,
      "p50" : 0.0,
      "p75" : 0.0,
      "p95" : 0.0,
      "p98" : 0.0,
      "p99" : 0.0,
      "p999" : 0.0,
      "values" : [ ],
      "stddev" : 0.0
    },
    "vm.file.descriptor.ratio.x100.window.5m" : {
      "count" : 0,
      "max" : 0,
      "mean" : 0.0,
      "min" : 0,
      "p50" : 0.0,
      "p75" : 0.0,
      "p95" : 0.0,
      "p98" : 0.0,
      "p99" : 0.0,
      "p999" : 0.0,
      "values" : [ ],
      "stddev" : 0.0
    },
    "vm.memory.heap.committed.history" : {
      "count" : 0,
      "max" : 0,
      "mean" : 0.0,
      "min" : 0,
      "p50" : 0.0,
      "p75" : 0.0,
      "p95" : 0.0,
      "p98" : 0.0,
      "p99" : 0.0,
      "p999" : 0.0,
      "values" : [ ],
      "stddev" : 0.0
    },
    "vm.memory.heap.committed.window.15m" : {
      "count" : 0,
      "max" : 0,
      "mean" : 0.0,
      "min" : 0,
      "p50" : 0.0,
      "p75" : 0.0,
      "p95" : 0.0,
      "p98" : 0.0,
      "p99" : 0.0,
      "p999" : 0.0,
      "values" : [ ],
      "stddev" : 0.0
    },
    "vm.memory.heap.committed.window.1h" : {
      "count" : 0,
      "max" : 0,
      "mean" : 0.0,
      "min" : 0,
      "p50" : 0.0,
      "p75" : 0.0,
      "p95" : 0.0,
      "p98" : 0.0,
      "p99" : 0.0,
      "p999" : 0.0,
      "values" : [ ],
      "stddev" : 0.0
    },
    "vm.memory.heap.committed.window.5m" : {
      "count" : 0,
      "max" : 0,
      "mean" : 0.0,
      "min" : 0,
      "p50" : 0.0,
      "p75" : 0.0,
      "p95" : 0.0,
      "p98" : 0.0,
      "p99" : 0.0,
      "p999" : 0.0,
      "values" : [ ],
      "stddev" : 0.0
    },
    "vm.memory.heap.usage.x100.history" : {
      "count" : 0,
      "max" : 0,
      "mean" : 0.0,
      "min" : 0,
      "p50" : 0.0,
      "p75" : 0.0,
      "p95" : 0.0,
      "p98" : 0.0,
      "p99" : 0.0,
      "p999" : 0.0,
      "values" : [ ],
      "stddev" : 0.0
    },
    "vm.memory.heap.usage.x100.window.15m" : {
      "count" : 0,
      "max" : 0,
      "mean" : 0.0,
      "min" : 0,
      "p50" : 0.0,
      "p75" : 0.0,
      "p95" : 0.0,
      "p98" : 0.0,
      "p99" : 0.0,
      "p999" : 0.0,
      "values" : [ ],
      "stddev" : 0.0
    },
    "vm.memory.heap.usage.x100.window.1h" : {
      "count" : 0,
      "max" : 0,
      "mean" : 0.0,
      "min" : 0,
      "p50" : 0.0,
      "p75" : 0.0,
      "p95" : 0.0,
      "p98" : 0.0,
      "p99" : 0.0,
      "p999" : 0.0,
      "values" : [ ],
      "stddev" : 0.0
    },
    "vm.memory.heap.usage.x100.window.5m" : {
      "count" : 0,
      "max" : 0,
      "mean" : 0.0,
      "min" : 0,
      "p50" : 0.0,
      "p75" : 0.0,
      "p95" : 0.0,
      "p98" : 0.0,
      "p99" : 0.0,
      "p999" : 0.0,
      "values" : [ ],
      "stddev" : 0.0
    },
    "vm.memory.heap.used.history" : {
      "count" : 0,
      "max" : 0,
      "mean" : 0.0,
      "min" : 0,
      "p50" : 0.0,
      "p75" : 0.0,
      "p95" : 0.0,
      "p98" : 0.0,
      "p99" : 0.0,
      "p999" : 0.0,
      "values" : [ ],
      "stddev" : 0.0
    },
    "vm.memory.heap.used.window.15m" : {
      "count" : 0,
      "max" : 0,
      "mean" : 0.0,
      "min" : 0,
      "p50" : 0.0,
      "p75" : 0.0,
      "p95" : 0.0,
      "p98" : 0.0,
      "p99" : 0.0,
      "p999" : 0.0,
      "values" : [ ],
      "stddev" : 0.0
    },
    "vm.memory.heap.used.window.1h" : {
      "count" : 0,
      "max" : 0,
      "mean" : 0.0,
      "min" : 0,
      "p50" : 0.0,
      "p75" : 0.0,
      "p95" : 0.0,
      "p98" : 0.0,
      "p99" : 0.0,
      "p999" : 0.0,
      "values" : [ ],
      "stddev" : 0.0
    },
    "vm.memory.heap.used.window.5m" : {
      "count" : 0,
      "max" : 0,
      "mean" : 0.0,
      "min" : 0,
      "p50" : 0.0,
      "p75" : 0.0,
      "p95" : 0.0,
      "p98" : 0.0,
      "p99" : 0.0,
      "p999" : 0.0,
      "values" : [ ],
      "stddev" : 0.0
    },
    "vm.memory.non-heap.committed.history" : {
      "count" : 0,
      "max" : 0,
      "mean" : 0.0,
      "min" : 0,
      "p50" : 0.0,
      "p75" : 0.0,
      "p95" : 0.0,
      "p98" : 0.0,
      "p99" : 0.0,
      "p999" : 0.0,
      "values" : [ ],
      "stddev" : 0.0
    },
    "vm.memory.non-heap.committed.window.15m" : {
      "count" : 0,
      "max" : 0,
      "mean" : 0.0,
      "min" : 0,
      "p50" : 0.0,
      "p75" : 0.0,
      "p95" : 0.0,
      "p98" : 0.0,
      "p99" : 0.0,
      "p999" : 0.0,
      "values" : [ ],
      "stddev" : 0.0
    },
    "vm.memory.non-heap.committed.window.1h" : {
      "count" : 0,
      "max" : 0,
      "mean" : 0.0,
      "min" : 0,
      "p50" : 0.0,
      "p75" : 0.0,
      "p95" : 0.0,
      "p98" : 0.0,
      "p99" : 0.0,
      "p999" : 0.0,
      "values" : [ ],
      "stddev" : 0.0
    },
    "vm.memory.non-heap.committed.window.5m" : {
      "count" : 0,
      "max" : 0,
      "mean" : 0.0,
      "min" : 0,
      "p50" : 0.0,
      "p75" : 0.0,
      "p95" : 0.0,
      "p98" : 0.0,
      "p99" : 0.0,
      "p999" : 0.0,
      "values" : [ ],
      "stddev" : 0.0
    },
    "vm.memory.non-heap.usage.x100.history" : {
      "count" : 0,
      "max" : 0,
      "mean" : 0.0,
      "min" : 0,
      "p50" : 0.0,
      "p75" : 0.0,
      "p95" : 0.0,
      "p98" : 0.0,
      "p99" : 0.0,
      "p999" : 0.0,
      "values" : [ ],
      "stddev" : 0.0
    },
    "vm.memory.non-heap.usage.x100.window.15m" : {
      "count" : 0,
      "max" : 0,
      "mean" : 0.0,
      "min" : 0,
      "p50" : 0.0,
      "p75" : 0.0,
      "p95" : 0.0,
      "p98" : 0.0,
      "p99" : 0.0,
      "p999" : 0.0,
      "values" : [ ],
      "stddev" : 0.0
    },
    "vm.memory.non-heap.usage.x100.window.1h" : {
      "count" : 0,
      "max" : 0,
      "mean" : 0.0,
      "min" : 0,
      "p50" : 0.0,
      "p75" : 0.0,
      "p95" : 0.0,
      "p98" : 0.0,
      "p99" : 0.0,
      "p999" : 0.0,
      "values" : [ ],
      "stddev" : 0.0
    },
    "vm.memory.non-heap.usage.x100.window.5m" : {
      "count" : 0,
      "max" : 0,
      "mean" : 0.0,
      "min" : 0,
      "p50" : 0.0,
      "p75" : 0.0,
      "p95" : 0.0,
      "p98" : 0.0,
      "p99" : 0.0,
      "p999" : 0.0,
      "values" : [ ],
      "stddev" : 0.0
    },
    "vm.memory.non-heap.used.history" : {
      "count" : 0,
      "max" : 0,
      "mean" : 0.0,
      "min" : 0,
      "p50" : 0.0,
      "p75" : 0.0,
      "p95" : 0.0,
      "p98" : 0.0,
      "p99" : 0.0,
      "p999" : 0.0,
      "values" : [ ],
      "stddev" : 0.0
    },
    "vm.memory.non-heap.used.window.15m" : {
      "count" : 0,
      "max" : 0,
      "mean" : 0.0,
      "min" : 0,
      "p50" : 0.0,
      "p75" : 0.0,
      "p95" : 0.0,
      "p98" : 0.0,
      "p99" : 0.0,
      "p999" : 0.0,
      "values" : [ ],
      "stddev" : 0.0
    },
    "vm.memory.non-heap.used.window.1h" : {
      "count" : 0,
      "max" : 0,
      "mean" : 0.0,
      "min" : 0,
      "p50" : 0.0,
      "p75" : 0.0,
      "p95" : 0.0,
      "p98" : 0.0,
      "p99" : 0.0,
      "p999" : 0.0,
      "values" : [ ],
      "stddev" : 0.0
    },
    "vm.memory.non-heap.used.window.5m" : {
      "count" : 0,
      "max" : 0,
      "mean" : 0.0,
      "min" : 0,
      "p50" : 0.0,
      "p75" : 0.0,
      "p95" : 0.0,
      "p98" : 0.0,
      "p99" : 0.0,
      "p999" : 0.0,
      "values" : [ ],
      "stddev" : 0.0
    },
    "vm.memory.pools.Code-Cache.committed.history" : {
      "count" : 0,
      "max" : 0,
      "mean" : 0.0,
      "min" : 0,
      "p50" : 0.0,
      "p75" : 0.0,
      "p95" : 0.0,
      "p98" : 0.0,
      "p99" : 0.0,
      "p999" : 0.0,
      "values" : [ ],
      "stddev" : 0.0
    },
    "vm.memory.pools.Code-Cache.committed.window.15m" : {
      "count" : 0,
      "max" : 0,
      "mean" : 0.0,
      "min" : 0,
      "p50" : 0.0,
      "p75" : 0.0,
      "p95" : 0.0,
      "p98" : 0.0,
      "p99" : 0.0,
      "p999" : 0.0,
      "values" : [ ],
      "stddev" : 0.0
    },
    "vm.memory.pools.Code-Cache.committed.window.1h" : {
      "count" : 0,
      "max" : 0,
      "mean" : 0.0,
      "min" : 0,
      "p50" : 0.0,
      "p75" : 0.0,
      "p95" : 0.0,
      "p98" : 0.0,
      "p99" : 0.0,
      "p999" : 0.0,
      "values" : [ ],
      "stddev" : 0.0
    },
    "vm.memory.pools.Code-Cache.committed.window.5m" : {
      "count" : 0,
      "max" : 0,
      "mean" : 0.0,
      "min" : 0,
      "p50" : 0.0,
      "p75" : 0.0,
      "p95" : 0.0,
      "p98" : 0.0,
      "p99" : 0.0,
      "p999" : 0.0,
      "values" : [ ],
      "stddev" : 0.0
    },
    "vm.memory.pools.Code-Cache.usage.x100.history" : {
      "count" : 0,
      "max" : 0,
      "mean" : 0.0,
      "min" : 0,
      "p50" : 0.0,
      "p75" : 0.0,
      "p95" : 0.0,
      "p98" : 0.0,
      "p99" : 0.0,
      "p999" : 0.0,
      "values" : [ ],
      "stddev" : 0.0
    },
    "vm.memory.pools.Code-Cache.usage.x100.window.15m" : {
      "count" : 0,
      "max" : 0,
      "mean" : 0.0,
      "min" : 0,
      "p50" : 0.0,
      "p75" : 0.0,
      "p95" : 0.0,
      "p98" : 0.0,
      "p99" : 0.0,
      "p999" : 0.0,
      "values" : [ ],
      "stddev" : 0.0
    },
    "vm.memory.pools.Code-Cache.usage.x100.window.1h" : {
      "count" : 0,
      "max" : 0,
      "mean" : 0.0,
      "min" : 0,
      "p50" : 0.0,
      "p75" : 0.0,
      "p95" : 0.0,
      "p98" : 0.0,
      "p99" : 0.0,
      "p999" : 0.0,
      "values" : [ ],
      "stddev" : 0.0
    },
    "vm.memory.pools.Code-Cache.usage.x100.window.5m" : {
      "count" : 0,
      "max" : 0,
      "mean" : 0.0,
      "min" : 0,
      "p50" : 0.0,
      "p75" : 0.0,
      "p95" : 0.0,
      "p98" : 0.0,
      "p99" : 0.0,
      "p999" : 0.0,
      "values" : [ ],
      "stddev" : 0.0
    },
    "vm.memory.pools.Code-Cache.used.history" : {
      "count" : 0,
      "max" : 0,
      "mean" : 0.0,
      "min" : 0,
      "p50" : 0.0,
      "p75" : 0.0,
      "p95" : 0.0,
      "p98" : 0.0,
      "p99" : 0.0,
      "p999" : 0.0,
      "values" : [ ],
      "stddev" : 0.0
    },
    "vm.memory.pools.Code-Cache.used.window.15m" : {
      "count" : 0,
      "max" : 0,
      "mean" : 0.0,
      "min" : 0,
      "p50" : 0.0,
      "p75" : 0.0,
      "p95" : 0.0,
      "p98" : 0.0,
      "p99" : 0.0,
      "p999" : 0.0,
      "values" : [ ],
      "stddev" : 0.0
    },
    "vm.memory.pools.Code-Cache.used.window.1h" : {
      "count" : 0,
      "max" : 0,
      "mean" : 0.0,
      "min" : 0,
      "p50" : 0.0,
      "p75" : 0.0,
      "p95" : 0.0,
      "p98" : 0.0,
      "p99" : 0.0,
      "p999" : 0.0,
      "values" : [ ],
      "stddev" : 0.0
    },
    "vm.memory.pools.Code-Cache.used.window.5m" : {
      "count" : 0,
      "max" : 0,
      "mean" : 0.0,
      "min" : 0,
      "p50" : 0.0,
      "p75" : 0.0,
      "p95" : 0.0,
      "p98" : 0.0,
      "p99" : 0.0,
      "p999" : 0.0,
      "values" : [ ],
      "stddev" : 0.0
    },
    "vm.memory.pools.Compressed-Class-Space.committed.history" : {
      "count" : 0,
      "max" : 0,
      "mean" : 0.0,
      "min" : 0,
      "p50" : 0.0,
      "p75" : 0.0,
      "p95" : 0.0,
      "p98" : 0.0,
      "p99" : 0.0,
      "p999" : 0.0,
      "values" : [ ],
      "stddev" : 0.0
    },
    "vm.memory.pools.Compressed-Class-Space.committed.window.15m" : {
      "count" : 0,
      "max" : 0,
      "mean" : 0.0,
      "min" : 0,
      "p50" : 0.0,
      "p75" : 0.0,
      "p95" : 0.0,
      "p98" : 0.0,
      "p99" : 0.0,
      "p999" : 0.0,
      "values" : [ ],
      "stddev" : 0.0
    },
    "vm.memory.pools.Compressed-Class-Space.committed.window.1h" : {
      "count" : 0,
      "max" : 0,
      "mean" : 0.0,
      "min" : 0,
      "p50" : 0.0,
      "p75" : 0.0,
      "p95" : 0.0,
      "p98" : 0.0,
      "p99" : 0.0,
      "p999" : 0.0,
      "values" : [ ],
      "stddev" : 0.0
    },
    "vm.memory.pools.Compressed-Class-Space.committed.window.5m" : {
      "count" : 0,
      "max" : 0,
      "mean" : 0.0,
      "min" : 0,
      "p50" : 0.0,
      "p75" : 0.0,
      "p95" : 0.0,
      "p98" : 0.0,
      "p99" : 0.0,
      "p999" : 0.0,
      "values" : [ ],
      "stddev" : 0.0
    },
    "vm.memory.pools.Compressed-Class-Space.usage.x100.history" : {
      "count" : 0,
      "max" : 0,
      "mean" : 0.0,
      "min" : 0,
      "p50" : 0.0,
      "p75" : 0.0,
      "p95" : 0.0,
      "p98" : 0.0,
      "p99" : 0.0,
      "p999" : 0.0,
      "values" : [ ],
      "stddev" : 0.0
    },
    "vm.memory.pools.Compressed-Class-Space.usage.x100.window.15m" : {
      "count" : 0,
      "max" : 0,
      "mean" : 0.0,
      "min" : 0,
      "p50" : 0.0,
      "p75" : 0.0,
      "p95" : 0.0,
      "p98" : 0.0,
      "p99" : 0.0,
      "p999" : 0.0,
      "values" : [ ],
      "stddev" : 0.0
    },
    "vm.memory.pools.Compressed-Class-Space.usage.x100.window.1h" : {
      "count" : 0,
      "max" : 0,
      "mean" : 0.0,
      "min" : 0,
      "p50" : 0.0,
      "p75" : 0.0,
      "p95" : 0.0,
      "p98" : 0.0,
      "p99" : 0.0,
      "p999" : 0.0,
      "values" : [ ],
      "stddev" : 0.0
    },
    "vm.memory.pools.Compressed-Class-Space.usage.x100.window.5m" : {
      "count" : 0,
      "max" : 0,
      "mean" : 0.0,
      "min" : 0,
      "p50" : 0.0,
      "p75" : 0.0,
      "p95" : 0.0,
      "p98" : 0.0,
      "p99" : 0.0,
      "p999" : 0.0,
      "values" : [ ],
      "stddev" : 0.0
    },
    "vm.memory.pools.Compressed-Class-Space.used.history" : {
      "count" : 0,
      "max" : 0,
      "mean" : 0.0,
      "min" : 0,
      "p50" : 0.0,
      "p75" : 0.0,
      "p95" : 0.0,
      "p98" : 0.0,
      "p99" : 0.0,
      "p999" : 0.0,
      "values" : [ ],
      "stddev" : 0.0
    },
    "vm.memory.pools.Compressed-Class-Space.used.window.15m" : {
      "count" : 0,
      "max" : 0,
      "mean" : 0.0,
      "min" : 0,
      "p50" : 0.0,
      "p75" : 0.0,
      "p95" : 0.0,
      "p98" : 0.0,
      "p99" : 0.0,
      "p999" : 0.0,
      "values" : [ ],
      "stddev" : 0.0
    },
    "vm.memory.pools.Compressed-Class-Space.used.window.1h" : {
      "count" : 0,
      "max" : 0,
      "mean" : 0.0,
      "min" : 0,
      "p50" : 0.0,
      "p75" : 0.0,
      "p95" : 0.0,
      "p98" : 0.0,
      "p99" : 0.0,
      "p999" : 0.0,
      "values" : [ ],
      "stddev" : 0.0
    },
    "vm.memory.pools.Compressed-Class-Space.used.window.5m" : {
      "count" : 0,
      "max" : 0,
      "mean" : 0.0,
      "min" : 0,
      "p50" : 0.0,
      "p75" : 0.0,
      "p95" : 0.0,
      "p98" : 0.0,
      "p99" : 0.0,
      "p999" : 0.0,
      "values" : [ ],
      "stddev" : 0.0
    },
    "vm.memory.pools.Metaspace.committed.history" : {
      "count" : 0,
      "max" : 0,
      "mean" : 0.0,
      "min" : 0,
      "p50" : 0.0,
      "p75" : 0.0,
      "p95" : 0.0,
      "p98" : 0.0,
      "p99" : 0.0,
      "p999" : 0.0,
      "values" : [ ],
      "stddev" : 0.0
    },
    "vm.memory.pools.Metaspace.committed.window.15m" : {
      "count" : 0,
      "max" : 0,
      "mean" : 0.0,
      "min" : 0,
      "p50" : 0.0,
      "p75" : 0.0,
      "p95" : 0.0,
      "p98" : 0.0,
      "p99" : 0.0,
      "p999" : 0.0,
      "values" : [ ],
      "stddev" : 0.0
    },
    "vm.memory.pools.Metaspace.committed.window.1h" : {
      "count" : 0,
      "max" : 0,
      "mean" : 0.0,
      "min" : 0,
      "p50" : 0.0,
      "p75" : 0.0,
      "p95" : 0.0,
      "p98" : 0.0,
      "p99" : 0.0,
      "p999" : 0.0,
      "values" : [ ],
      "stddev" : 0.0
    },
    "vm.memory.pools.Metaspace.committed.window.5m" : {
      "count" : 0,
      "max" : 0,
      "mean" : 0.0,
      "min" : 0,
      "p50" : 0.0,
      "p75" : 0.0,
      "p95" : 0.0,
      "p98" : 0.0,
      "p99" : 0.0,
      "p999" : 0.0,
      "values" : [ ],
      "stddev" : 0.0
    },
    "vm.memory.pools.Metaspace.usage.x100.history" : {
      "count" : 0,
      "max" : 0,
      "mean" : 0.0,
      "min" : 0,
      "p50" : 0.0,
      "p75" : 0.0,
      "p95" : 0.0,
      "p98" : 0.0,
      "p99" : 0.0,
      "p999" : 0.0,
      "values" : [ ],
      "stddev" : 0.0
    },
    "vm.memory.pools.Metaspace.usage.x100.window.15m" : {
      "count" : 0,
      "max" : 0,
      "mean" : 0.0,
      "min" : 0,
      "p50" : 0.0,
      "p75" : 0.0,
      "p95" : 0.0,
      "p98" : 0.0,
      "p99" : 0.0,
      "p999" : 0.0,
      "values" : [ ],
      "stddev" : 0.0
    },
    "vm.memory.pools.Metaspace.usage.x100.window.1h" : {
      "count" : 0,
      "max" : 0,
      "mean" : 0.0,
      "min" : 0,
      "p50" : 0.0,
      "p75" : 0.0,
      "p95" : 0.0,
      "p98" : 0.0,
      "p99" : 0.0,
      "p999" : 0.0,
      "values" : [ ],
      "stddev" : 0.0
    },
    "vm.memory.pools.Metaspace.usage.x100.window.5m" : {
      "count" : 0,
      "max" : 0,
      "mean" : 0.0,
      "min" : 0,
      "p50" : 0.0,
      "p75" : 0.0,
      "p95" : 0.0,
      "p98" : 0.0,
      "p99" : 0.0,
      "p999" : 0.0,
      "values" : [ ],
      "stddev" : 0.0
    },
    "vm.memory.pools.Metaspace.used.history" : {
      "count" : 0,
      "max" : 0,
      "mean" : 0.0,
      "min" : 0,
      "p50" : 0.0,
      "p75" : 0.0,
      "p95" : 0.0,
      "p98" : 0.0,
      "p99" : 0.0,
      "p999" : 0.0,
      "values" : [ ],
      "stddev" : 0.0
    },
    "vm.memory.pools.Metaspace.used.window.15m" : {
      "count" : 0,
      "max" : 0,
      "mean" : 0.0,
      "min" : 0,
      "p50" : 0.0,
      "p75" : 0.0,
      "p95" : 0.0,
      "p98" : 0.0,
      "p99" : 0.0,
      "p999" : 0.0,
      "values" : [ ],
      "stddev" : 0.0
    },
    "vm.memory.pools.Metaspace.used.window.1h" : {
      "count" : 0,
      "max" : 0,
      "mean" : 0.0,
      "min" : 0,
      "p50" : 0.0,
      "p75" : 0.0,
      "p95" : 0.0,
      "p98" : 0.0,
      "p99" : 0.0,
      "p999" : 0.0,
      "values" : [ ],
      "stddev" : 0.0
    },
    "vm.memory.pools.Metaspace.used.window.5m" : {
      "count" : 0,
      "max" : 0,
      "mean" : 0.0,
      "min" : 0,
      "p50" : 0.0,
      "p75" : 0.0,
      "p95" : 0.0,
      "p98" : 0.0,
      "p99" : 0.0,
      "p999" : 0.0,
      "values" : [ ],
      "stddev" : 0.0
    },
    "vm.memory.pools.PS-Eden-Space.committed.history" : {
      "count" : 0,
      "max" : 0,
      "mean" : 0.0,
      "min" : 0,
      "p50" : 0.0,
      "p75" : 0.0,
      "p95" : 0.0,
      "p98" : 0.0,
      "p99" : 0.0,
      "p999" : 0.0,
      "values" : [ ],
      "stddev" : 0.0
    },
    "vm.memory.pools.PS-Eden-Space.committed.window.15m" : {
      "count" : 0,
      "max" : 0,
      "mean" : 0.0,
      "min" : 0,
      "p50" : 0.0,
      "p75" : 0.0,
      "p95" : 0.0,
      "p98" : 0.0,
      "p99" : 0.0,
      "p999" : 0.0,
      "values" : [ ],
      "stddev" : 0.0
    },
    "vm.memory.pools.PS-Eden-Space.committed.window.1h" : {
      "count" : 0,
      "max" : 0,
      "mean" : 0.0,
      "min" : 0,
      "p50" : 0.0,
      "p75" : 0.0,
      "p95" : 0.0,
      "p98" : 0.0,
      "p99" : 0.0,
      "p999" : 0.0,
      "values" : [ ],
      "stddev" : 0.0
    },
    "vm.memory.pools.PS-Eden-Space.committed.window.5m" : {
      "count" : 0,
      "max" : 0,
      "mean" : 0.0,
      "min" : 0,
      "p50" : 0.0,
      "p75" : 0.0,
      "p95" : 0.0,
      "p98" : 0.0,
      "p99" : 0.0,
      "p999" : 0.0,
      "values" : [ ],
      "stddev" : 0.0
    },
    "vm.memory.pools.PS-Eden-Space.usage.x100.history" : {
      "count" : 0,
      "max" : 0,
      "mean" : 0.0,
      "min" : 0,
      "p50" : 0.0,
      "p75" : 0.0,
      "p95" : 0.0,
      "p98" : 0.0,
      "p99" : 0.0,
      "p999" : 0.0,
      "values" : [ ],
      "stddev" : 0.0
    },
    "vm.memory.pools.PS-Eden-Space.usage.x100.window.15m" : {
      "count" : 0,
      "max" : 0,
      "mean" : 0.0,
      "min" : 0,
      "p50" : 0.0,
      "p75" : 0.0,
      "p95" : 0.0,
      "p98" : 0.0,
      "p99" : 0.0,
      "p999" : 0.0,
      "values" : [ ],
      "stddev" : 0.0
    },
    "vm.memory.pools.PS-Eden-Space.usage.x100.window.1h" : {
      "count" : 0,
      "max" : 0,
      "mean" : 0.0,
      "min" : 0,
      "p50" : 0.0,
      "p75" : 0.0,
      "p95" : 0.0,
      "p98" : 0.0,
      "p99" : 0.0,
      "p999" : 0.0,
      "values" : [ ],
      "stddev" : 0.0
    },
    "vm.memory.pools.PS-Eden-Space.usage.x100.window.5m" : {
      "count" : 0,
      "max" : 0,
      "mean" : 0.0,
      "min" : 0,
      "p50" : 0.0,
      "p75" : 0.0,
      "p95" : 0.0,
      "p98" : 0.0,
      "p99" : 0.0,
      "p999" : 0.0,
      "values" : [ ],
      "stddev" : 0.0
    },
    "vm.memory.pools.PS-Eden-Space.used.history" : {
      "count" : 0,
      "max" : 0,
      "mean" : 0.0,
      "min" : 0,
      "p50" : 0.0,
      "p75" : 0.0,
      "p95" : 0.0,
      "p98" : 0.0,
      "p99" : 0.0,
      "p999" : 0.0,
      "values" : [ ],
      "stddev" : 0.0
    },
    "vm.memory.pools.PS-Eden-Space.used.window.15m" : {
      "count" : 0,
      "max" : 0,
      "mean" : 0.0,
      "min" : 0,
      "p50" : 0.0,
      "p75" : 0.0,
      "p95" : 0.0,
      "p98" : 0.0,
      "p99" : 0.0,
      "p999" : 0.0,
      "values" : [ ],
      "stddev" : 0.0
    },
    "vm.memory.pools.PS-Eden-Space.used.window.1h" : {
      "count" : 0,
      "max" : 0,
      "mean" : 0.0,
      "min" : 0,
      "p50" : 0.0,
      "p75" : 0.0,
      "p95" : 0.0,
      "p98" : 0.0,
      "p99" : 0.0,
      "p999" : 0.0,
      "values" : [ ],
      "stddev" : 0.0
    },
    "vm.memory.pools.PS-Eden-Space.used.window.5m" : {
      "count" : 0,
      "max" : 0,
      "mean" : 0.0,
      "min" : 0,
      "p50" : 0.0,
      "p75" : 0.0,
      "p95" : 0.0,
      "p98" : 0.0,
      "p99" : 0.0,
      "p999" : 0.0,
      "values" : [ ],
      "stddev" : 0.0
    },
    "vm.memory.pools.PS-Old-Gen.committed.history" : {
      "count" : 0,
      "max" : 0,
      "mean" : 0.0,
      "min" : 0,
      "p50" : 0.0,
      "p75" : 0.0,
      "p95" : 0.0,
      "p98" : 0.0,
      "p99" : 0.0,
      "p999" : 0.0,
      "values" : [ ],
      "stddev" : 0.0
    },
    "vm.memory.pools.PS-Old-Gen.committed.window.15m" : {
      "count" : 0,
      "max" : 0,
      "mean" : 0.0,
      "min" : 0,
      "p50" : 0.0,
      "p75" : 0.0,
      "p95" : 0.0,
      "p98" : 0.0,
      "p99" : 0.0,
      "p999" : 0.0,
      "values" : [ ],
      "stddev" : 0.0
    },
    "vm.memory.pools.PS-Old-Gen.committed.window.1h" : {
      "count" : 0,
      "max" : 0,
      "mean" : 0.0,
      "min" : 0,
      "p50" : 0.0,
      "p75" : 0.0,
      "p95" : 0.0,
      "p98" : 0.0,
      "p99" : 0.0,
      "p999" : 0.0,
      "values" : [ ],
      "stddev" : 0.0
    },
    "vm.memory.pools.PS-Old-Gen.committed.window.5m" : {
      "count" : 0,
      "max" : 0,
      "mean" : 0.0,
      "min" : 0,
      "p50" : 0.0,
      "p75" : 0.0,
      "p95" : 0.0,
      "p98" : 0.0,
      "p99" : 0.0,
      "p999" : 0.0,
      "values" : [ ],
      "stddev" : 0.0
    },
    "vm.memory.pools.PS-Old-Gen.usage.x100.history" : {
      "count" : 0,
      "max" : 0,
      "mean" : 0.0,
      "min" : 0,
      "p50" : 0.0,
      "p75" : 0.0,
      "p95" : 0.0,
      "p98" : 0.0,
      "p99" : 0.0,
      "p999" : 0.0,
      "values" : [ ],
      "stddev" : 0.0
    },
    "vm.memory.pools.PS-Old-Gen.usage.x100.window.15m" : {
      "count" : 0,
      "max" : 0,
      "mean" : 0.0,
      "min" : 0,
      "p50" : 0.0,
      "p75" : 0.0,
      "p95" : 0.0,
      "p98" : 0.0,
      "p99" : 0.0,
      "p999" : 0.0,
      "values" : [ ],
      "stddev" : 0.0
    },
    "vm.memory.pools.PS-Old-Gen.usage.x100.window.1h" : {
      "count" : 0,
      "max" : 0,
      "mean" : 0.0,
      "min" : 0,
      "p50" : 0.0,
      "p75" : 0.0,
      "p95" : 0.0,
      "p98" : 0.0,
      "p99" : 0.0,
      "p999" : 0.0,
      "values" : [ ],
      "stddev" : 0.0
    },
    "vm.memory.pools.PS-Old-Gen.usage.x100.window.5m" : {
      "count" : 0,
      "max" : 0,
      "mean" : 0.0,
      "min" : 0,
      "p50" : 0.0,
      "p75" : 0.0,
      "p95" : 0.0,
      "p98" : 0.0,
      "p99" : 0.0,
      "p999" : 0.0,
      "values" : [ ],
      "stddev" : 0.0
    },
    "vm.memory.pools.PS-Old-Gen.used.history" : {
      "count" : 0,
      "max" : 0,
      "mean" : 0.0,
      "min" : 0,
      "p50" : 0.0,
      "p75" : 0.0,
      "p95" : 0.0,
      "p98" : 0.0,
      "p99" : 0.0,
      "p999" : 0.0,
      "values" : [ ],
      "stddev" : 0.0
    },
    "vm.memory.pools.PS-Old-Gen.used.window.15m" : {
      "count" : 0,
      "max" : 0,
      "mean" : 0.0,
      "min" : 0,
      "p50" : 0.0,
      "p75" : 0.0,
      "p95" : 0.0,
      "p98" : 0.0,
      "p99" : 0.0,
      "p999" : 0.0,
      "values" : [ ],
      "stddev" : 0.0
    },
    "vm.memory.pools.PS-Old-Gen.used.window.1h" : {
      "count" : 0,
      "max" : 0,
      "mean" : 0.0,
      "min" : 0,
      "p50" : 0.0,
      "p75" : 0.0,
      "p95" : 0.0,
      "p98" : 0.0,
      "p99" : 0.0,
      "p999" : 0.0,
      "values" : [ ],
      "stddev" : 0.0
    },
    "vm.memory.pools.PS-Old-Gen.used.window.5m" : {
      "count" : 0,
      "max" : 0,
      "mean" : 0.0,
      "min" : 0,
      "p50" : 0.0,
      "p75" : 0.0,
      "p95" : 0.0,
      "p98" : 0.0,
      "p99" : 0.0,
      "p999" : 0.0,
      "values" : [ ],
      "stddev" : 0.0
    },
    "vm.memory.pools.PS-Survivor-Space.committed.history" : {
      "count" : 0,
      "max" : 0,
      "mean" : 0.0,
      "min" : 0,
      "p50" : 0.0,
      "p75" : 0.0,
      "p95" : 0.0,
      "p98" : 0.0,
      "p99" : 0.0,
      "p999" : 0.0,
      "values" : [ ],
      "stddev" : 0.0
    },
    "vm.memory.pools.PS-Survivor-Space.committed.window.15m" : {
      "count" : 0,
      "max" : 0,
      "mean" : 0.0,
      "min" : 0,
      "p50" : 0.0,
      "p75" : 0.0,
      "p95" : 0.0,
      "p98" : 0.0,
      "p99" : 0.0,
      "p999" : 0.0,
      "values" : [ ],
      "stddev" : 0.0
    },
    "vm.memory.pools.PS-Survivor-Space.committed.window.1h" : {
      "count" : 0,
      "max" : 0,
      "mean" : 0.0,
      "min" : 0,
      "p50" : 0.0,
      "p75" : 0.0,
      "p95" : 0.0,
      "p98" : 0.0,
      "p99" : 0.0,
      "p999" : 0.0,
      "values" : [ ],
      "stddev" : 0.0
    },
    "vm.memory.pools.PS-Survivor-Space.committed.window.5m" : {
      "count" : 0,
      "max" : 0,
      "mean" : 0.0,
      "min" : 0,
      "p50" : 0.0,
      "p75" : 0.0,
      "p95" : 0.0,
      "p98" : 0.0,
      "p99" : 0.0,
      "p999" : 0.0,
      "values" : [ ],
      "stddev" : 0.0
    },
    "vm.memory.pools.PS-Survivor-Space.usage.x100.history" : {
      "count" : 0,
      "max" : 0,
      "mean" : 0.0,
      "min" : 0,
      "p50" : 0.0,
      "p75" : 0.0,
      "p95" : 0.0,
      "p98" : 0.0,
      "p99" : 0.0,
      "p999" : 0.0,
      "values" : [ ],
      "stddev" : 0.0
    },
    "vm.memory.pools.PS-Survivor-Space.usage.x100.window.15m" : {
      "count" : 0,
      "max" : 0,
      "mean" : 0.0,
      "min" : 0,
      "p50" : 0.0,
      "p75" : 0.0,
      "p95" : 0.0,
      "p98" : 0.0,
      "p99" : 0.0,
      "p999" : 0.0,
      "values" : [ ],
      "stddev" : 0.0
    },
    "vm.memory.pools.PS-Survivor-Space.usage.x100.window.1h" : {
      "count" : 0,
      "max" : 0,
      "mean" : 0.0,
      "min" : 0,
      "p50" : 0.0,
      "p75" : 0.0,
      "p95" : 0.0,
      "p98" : 0.0,
      "p99" : 0.0,
      "p999" : 0.0,
      "values" : [ ],
      "stddev" : 0.0
    },
    "vm.memory.pools.PS-Survivor-Space.usage.x100.window.5m" : {
      "count" : 0,
      "max" : 0,
      "mean" : 0.0,
      "min" : 0,
      "p50" : 0.0,
      "p75" : 0.0,
      "p95" : 0.0,
      "p98" : 0.0,
      "p99" : 0.0,
      "p999" : 0.0,
      "values" : [ ],
      "stddev" : 0.0
    },
    "vm.memory.pools.PS-Survivor-Space.used.history" : {
      "count" : 0,
      "max" : 0,
      "mean" : 0.0,
      "min" : 0,
      "p50" : 0.0,
      "p75" : 0.0,
      "p95" : 0.0,
      "p98" : 0.0,
      "p99" : 0.0,
      "p999" : 0.0,
      "values" : [ ],
      "stddev" : 0.0
    },
    "vm.memory.pools.PS-Survivor-Space.used.window.15m" : {
      "count" : 0,
      "max" : 0,
      "mean" : 0.0,
      "min" : 0,
      "p50" : 0.0,
      "p75" : 0.0,
      "p95" : 0.0,
      "p98" : 0.0,
      "p99" : 0.0,
      "p999" : 0.0,
      "values" : [ ],
      "stddev" : 0.0
    },
    "vm.memory.pools.PS-Survivor-Space.used.window.1h" : {
      "count" : 0,
      "max" : 0,
      "mean" : 0.0,
      "min" : 0,
      "p50" : 0.0,
      "p75" : 0.0,
      "p95" : 0.0,
      "p98" : 0.0,
      "p99" : 0.0,
      "p999" : 0.0,
      "values" : [ ],
      "stddev" : 0.0
    },
    "vm.memory.pools.PS-Survivor-Space.used.window.5m" : {
      "count" : 0,
      "max" : 0,
      "mean" : 0.0,
      "min" : 0,
      "p50" : 0.0,
      "p75" : 0.0,
      "p95" : 0.0,
      "p98" : 0.0,
      "p99" : 0.0,
      "p999" : 0.0,
      "values" : [ ],
      "stddev" : 0.0
    },
    "vm.memory.total.committed.history" : {
      "count" : 0,
      "max" : 0,
      "mean" : 0.0,
      "min" : 0,
      "p50" : 0.0,
      "p75" : 0.0,
      "p95" : 0.0,
      "p98" : 0.0,
      "p99" : 0.0,
      "p999" : 0.0,
      "values" : [ ],
      "stddev" : 0.0
    },
    "vm.memory.total.committed.window.15m" : {
      "count" : 0,
      "max" : 0,
      "mean" : 0.0,
      "min" : 0,
      "p50" : 0.0,
      "p75" : 0.0,
      "p95" : 0.0,
      "p98" : 0.0,
      "p99" : 0.0,
      "p999" : 0.0,
      "values" : [ ],
      "stddev" : 0.0
    },
    "vm.memory.total.committed.window.1h" : {
      "count" : 0,
      "max" : 0,
      "mean" : 0.0,
      "min" : 0,
      "p50" : 0.0,
      "p75" : 0.0,
      "p95" : 0.0,
      "p98" : 0.0,
      "p99" : 0.0,
      "p999" : 0.0,
      "values" : [ ],
      "stddev" : 0.0
    },
    "vm.memory.total.committed.window.5m" : {
      "count" : 0,
      "max" : 0,
      "mean" : 0.0,
      "min" : 0,
      "p50" : 0.0,
      "p75" : 0.0,
      "p95" : 0.0,
      "p98" : 0.0,
      "p99" : 0.0,
      "p999" : 0.0,
      "values" : [ ],
      "stddev" : 0.0
    },
    "vm.memory.total.used.history" : {
      "count" : 0,
      "max" : 0,
      "mean" : 0.0,
      "min" : 0,
      "p50" : 0.0,
      "p75" : 0.0,
      "p95" : 0.0,
      "p98" : 0.0,
      "p99" : 0.0,
      "p999" : 0.0,
      "values" : [ ],
      "stddev" : 0.0
    },
    "vm.memory.total.used.window.15m" : {
      "count" : 0,
      "max" : 0,
      "mean" : 0.0,
      "min" : 0,
      "p50" : 0.0,
      "p75" : 0.0,
      "p95" : 0.0,
      "p98" : 0.0,
      "p99" : 0.0,
      "p999" : 0.0,
      "values" : [ ],
      "stddev" : 0.0
    },
    "vm.memory.total.used.window.1h" : {
      "count" : 0,
      "max" : 0,
      "mean" : 0.0,
      "min" : 0,
      "p50" : 0.0,
      "p75" : 0.0,
      "p95" : 0.0,
      "p98" : 0.0,
      "p99" : 0.0,
      "p999" : 0.0,
      "values" : [ ],
      "stddev" : 0.0
    },
    "vm.memory.total.used.window.5m" : {
      "count" : 0,
      "max" : 0,
      "mean" : 0.0,
      "min" : 0,
      "p50" : 0.0,
      "p75" : 0.0,
      "p95" : 0.0,
      "p98" : 0.0,
      "p99" : 0.0,
      "p999" : 0.0,
      "values" : [ ],
      "stddev" : 0.0
    }
  },
  "meters" : {
    "http.responseCodes.badRequest" : {
      "count" : 0,
      "m15_rate" : 0.0,
      "m1_rate" : 0.0,
      "m5_rate" : 0.0,
      "mean_rate" : 0.0,
      "units" : "events/minute"
    },
    "http.responseCodes.created" : {
      "count" : 0,
      "m15_rate" : 0.0,
      "m1_rate" : 0.0,
      "m5_rate" : 0.0,
      "mean_rate" : 0.0,
      "units" : "events/minute"
    },
    "http.responseCodes.forbidden" : {
      "count" : 0,
      "m15_rate" : 0.0,
      "m1_rate" : 0.0,
      "m5_rate" : 0.0,
      "mean_rate" : 0.0,
      "units" : "events/minute"
    },
    "http.responseCodes.noContent" : {
      "count" : 0,
      "m15_rate" : 0.0,
      "m1_rate" : 0.0,
      "m5_rate" : 0.0,
      "mean_rate" : 0.0,
      "units" : "events/minute"
    },
    "http.responseCodes.notFound" : {
      "count" : 21,
      "m15_rate" : 1.088818506722694,
      "m1_rate" : 0.003435823934482172,
      "m5_rate" : 0.4806296161420762,
      "mean_rate" : 0.4426773485470665,
      "units" : "events/minute"
    },
    "http.responseCodes.notModified" : {
      "count" : 13177,
      "m15_rate" : 110.3648742655214,
      "m1_rate" : 9.29712092000838,
      "m5_rate" : 18.837382897668306,
      "mean_rate" : 277.76948313614014,
      "units" : "events/minute"
    },
    "http.responseCodes.ok" : {
      "count" : 5998,
      "m15_rate" : 125.65325059976819,
      "m1_rate" : 133.57115132972723,
      "m5_rate" : 130.8279976287501,
      "mean_rate" : 126.43708031613336,
      "units" : "events/minute"
    },
    "http.responseCodes.other" : {
      "count" : 0,
      "m15_rate" : 0.0,
      "m1_rate" : 0.0,
      "m5_rate" : 0.0,
      "mean_rate" : 0.0,
      "units" : "events/minute"
    },
    "http.responseCodes.serverError" : {
      "count" : 0,
      "m15_rate" : 0.0,
      "m1_rate" : 0.0,
      "m5_rate" : 0.0,
      "mean_rate" : 0.0,
      "units" : "events/minute"
    },
    "http.responseCodes.serviceUnavailable" : {
      "count" : 0,
      "m15_rate" : 0.0,
      "m1_rate" : 0.0,
      "m5_rate" : 0.0,
      "mean_rate" : 0.0,
      "units" : "events/minute"
    },
    "jenkins.job.scheduled" : {
      "count" : 3,
      "m15_rate" : 0.03265146333266302,
      "m1_rate" : 6.213462564624837E-7,
      "m5_rate" : 0.011529413363131723,
      "mean_rate" : 0.06325074019534833,
      "units" : "events/minute"
    },
    "jenkins.runs.aborted" : {
      "count" : 0,
      "m15_rate" : 0.0,
      "m1_rate" : 0.0,
      "m5_rate" : 0.0,
      "mean_rate" : 0.0,
      "units" : "events/minute"
    },
    "jenkins.runs.failure" : {
      "count" : 1,
      "m15_rate" : 0.0035776507283994527,
      "m1_rate" : 8.819729450394131E-20,
      "m5_rate" : 3.091013796503529E-5,
      "mean_rate" : 0.021083621160313874,
      "units" : "events/minute"
    },
    "jenkins.runs.not_built" : {
      "count" : 0,
      "m15_rate" : 0.0,
      "m1_rate" : 0.0,
      "m5_rate" : 0.0,
      "mean_rate" : 0.0,
      "units" : "events/minute"
    },
    "jenkins.runs.success" : {
      "count" : 5,
      "m15_rate" : 0.0886929629922911,
      "m1_rate" : 0.0014433674877690284,
      "m5_rate" : 0.0670922625771844,
      "mean_rate" : 0.10541810037714033,
      "units" : "events/minute"
    },
    "jenkins.runs.total" : {
      "count" : 10,
      "m15_rate" : 0.1601233931096189,
      "m1_rate" : 0.0014442360662050354,
      "m5_rate" : 0.08566303007591435,
      "mean_rate" : 0.21083619971588421,
      "units" : "events/minute"
    },
    "jenkins.runs.unstable" : {
      "count" : 4,
      "m15_rate" : 0.06785277938892824,
      "m1_rate" : 8.685784360056034E-7,
      "m5_rate" : 0.0185398573607649,
      "mean_rate" : 0.08433447796523137,
      "units" : "events/minute"
    }
  },
  "timers" : {
    "http.requests" : {
      "count" : 19196,
      "max" : 0.504273105,
      "mean" : 0.004414049586492037,
      "min" : 9.81396E-4,
      "p50" : 0.0037210560000000004,
      "p75" : 0.004500822000000001,
      "p95" : 0.006370988,
      "p98" : 0.010491198,
      "p99" : 0.015588441000000001,
      "p999" : 0.048215815,
      "values" : [ 9.81396E-4, 0.001287661, 0.0013578610000000001, 0.001361858, 0.001442679, 0.0014938380000000002, 0.001524764, 0.001572522, 0.0016634730000000002, 0.001666553, 0.0016784920000000002, 0.001719819, 0.00179461, 0.0017970710000000001, 0.0018348750000000001, 0.0018380900000000001, 0.0018513440000000002, 0.001896936, 0.001925611, 0.001995512, 0.002035424, 0.002083038, 0.0021217280000000002, 0.0022193810000000003, 0.002263113, 0.002267671, 0.002298533, 0.0023188040000000003, 0.002326601, 0.002340869, 0.002342499, 0.002354363, 0.0023807290000000003, 0.0023869810000000003, 0.002391804, 0.00239382, 0.002401259, 0.002408368, 0.002418097, 0.0024222840000000002, 0.0024314550000000003, 0.002432989, 0.0024332620000000003, 0.002459297, 0.0024691910000000004, 0.0024706570000000002, 0.0024816160000000003, 0.0024826320000000002, 0.002484521, 0.002486419, 0.002506224, 0.0025083230000000002, 0.002518347, 0.002528937, 0.002537239, 0.0025434940000000003, 0.0025466810000000003, 0.002555644, 0.00258221, 0.00258535, 0.0025875610000000004, 0.0025875720000000002, 0.0025950160000000003, 0.0026021620000000003, 0.002605469, 0.002615095, 0.002620381, 0.0026212600000000003, 0.00262419, 0.0026478810000000004, 0.002648917, 0.0026550090000000003, 0.002655541, 0.002664337, 0.002670898, 0.002679828, 0.0026893620000000003, 0.002690781, 0.0027144260000000003, 0.0027221800000000003, 0.002729023, 0.00273797, 0.0027491160000000002, 0.0027495460000000003, 0.0027511970000000004, 0.0027521900000000003, 0.00275669, 0.0027585910000000003, 0.002759276, 0.0027637530000000003, 0.002766619, 0.002776979, 0.002782676, 0.0027861350000000003, 0.0028022340000000002, 0.002803271, 0.0028040770000000003, 0.002805791, 0.0028078400000000002, 0.002812517, 0.002817402, 0.002819494, 0.002821796, 0.002825864, 0.002838188, 0.002840514, 0.0028462310000000003, 0.002851254, 0.002851868, 0.0028541070000000003, 0.002857325, 0.0028648970000000004, 0.0028658480000000003, 0.002878041, 0.0028794280000000003, 0.002881474, 0.002883825, 0.002884633, 0.0028956940000000003, 0.0029104010000000004, 0.002913274, 0.00291558, 0.002917921, 0.002922867, 0.00292668, 0.0029281790000000004, 0.002934987, 0.002935053, 0.0029357240000000002, 0.002947734, 0.002948712, 0.00295026, 0.002958127, 0.0029583160000000003, 0.0029584900000000003, 0.002960396, 0.002960622, 0.0029645490000000004, 0.002967387, 0.0029720500000000004, 0.002972609, 0.0029736650000000003, 0.002975358, 0.002978423, 0.002980378, 0.002981608, 0.002982803, 0.002989255, 0.002990239, 0.0029902410000000003, 0.002992792, 0.002993522, 0.002995265, 0.002996266, 0.002998198, 0.0030012660000000003, 0.003001956, 0.0030049210000000002, 0.0030051920000000003, 0.0030114710000000004, 0.0030183280000000002, 0.003023331, 0.00302345, 0.0030312000000000004, 0.003032641, 0.0030337100000000002, 0.003034957, 0.00303733, 0.0030390630000000003, 0.0030446410000000003, 0.003049108, 0.003050248, 0.00305053, 0.003051729, 0.00305361, 0.003057343, 0.0030617250000000004, 0.0030658110000000003, 0.0030689940000000002, 0.003072819, 0.0030731290000000004, 0.003074746, 0.0030815200000000004, 0.003084565, 0.0030893390000000004, 0.003092637, 0.003093732, 0.0030939260000000003, 0.00309413, 0.0030960930000000003, 0.003103067, 0.0031122040000000004, 0.0031128930000000003, 0.003114149, 0.00311521, 0.003117809, 0.003120377, 0.003124616, 0.0031318780000000003, 0.003132764, 0.0031332020000000003, 0.003137824, 0.003138885, 0.00314173, 0.003143608, 0.0031437720000000004, 0.003145718, 0.0031501650000000003, 0.003150873, 0.003152274, 0.003154169, 0.003156289, 0.0031577690000000004, 0.0031585700000000003, 0.003162405, 0.003163762, 0.003164706, 0.003170083, 0.003173744, 0.003174048, 0.003176398, 0.0031795300000000003, 0.0031812700000000004, 0.00319395, 0.0031965550000000002, 0.0031975640000000004, 0.0031976160000000003, 0.003204521, 0.003207882, 0.00320893, 0.003209111, 0.003218325, 0.003219518, 0.00321965, 0.003219875, 0.0032200680000000004, 0.0032209160000000003, 0.003227396, 0.0032278040000000003, 0.0032293900000000004, 0.0032299520000000003, 0.003230133, 0.0032315100000000004, 0.0032332990000000002, 0.003233824, 0.003234563, 0.003240302, 0.0032404060000000004, 0.003241283, 0.0032421050000000003, 0.003243048, 0.003251326, 0.0032531400000000003, 0.003253712, 0.0032547450000000003, 0.0032571120000000004, 0.003258651, 0.0032598960000000004, 0.0032619190000000003, 0.003266653, 0.0032686800000000004, 0.0032696070000000003, 0.003270377, 0.003271908, 0.0032743620000000003, 0.003274472, 0.0032767710000000004, 0.0032777020000000004, 0.003278834, 0.003280508, 0.003281688, 0.0032832810000000003, 0.003284627, 0.0032862330000000004, 0.003288182, 0.003288262, 0.0032896160000000004, 0.0032905810000000003, 0.0032918950000000004, 0.0032962750000000004, 0.003297864, 0.0032991590000000003, 0.003299592, 0.0033003430000000003, 0.003303598, 0.003304556, 0.0033069740000000003, 0.003307631, 0.003312138, 0.003314392, 0.003314562, 0.003316275, 0.0033190000000000003, 0.0033219070000000002, 0.003323869, 0.003327581, 0.0033307830000000004, 0.003330791, 0.003331464, 0.003332268, 0.0033335030000000002, 0.0033368010000000004, 0.003338693, 0.00333992, 0.0033410600000000003, 0.003342504, 0.003342831, 0.003343047, 0.003343379, 0.003344786, 0.0033460760000000003, 0.0033473210000000003, 0.003347745, 0.0033488000000000003, 0.003349049, 0.0033518220000000004, 0.003352196, 0.003353022, 0.0033547340000000003, 0.0033550420000000004, 0.0033556190000000002, 0.0033577060000000002, 0.0033610660000000002, 0.0033623180000000004, 0.003362715, 0.003363267, 0.003363501, 0.0033670880000000003, 0.003370268, 0.0033729370000000003, 0.003377146, 0.0033779350000000003, 0.0033787390000000004, 0.003382687, 0.003384939, 0.003385374, 0.0033881690000000003, 0.003390674, 0.003390872, 0.003394138, 0.0033943700000000003, 0.0033964760000000003, 0.0033969990000000004, 0.0034014040000000002, 0.0034037720000000002, 0.00340507, 0.0034073930000000003, 0.003408575, 0.00341301, 0.003414968, 0.003415916, 0.0034161820000000002, 0.0034188060000000004, 0.003419388, 0.003419491, 0.003419511, 0.0034203920000000004, 0.003422253, 0.003429553, 0.003431613, 0.0034319280000000003, 0.003432459, 0.003433942, 0.0034342350000000003, 0.0034353680000000003, 0.0034353900000000004, 0.0034358270000000002, 0.003436582, 0.003436976, 0.003438196, 0.0034383630000000003, 0.0034384270000000004, 0.00344289, 0.0034430370000000004, 0.003443939, 0.003444351, 0.003448533, 0.003455937, 0.0034566460000000003, 0.0034578800000000004, 0.0034582370000000003, 0.003459854, 0.0034599440000000004, 0.003463649, 0.0034661030000000003, 0.003466915, 0.003467645, 0.003468623, 0.003471024, 0.003471249, 0.0034717180000000004, 0.0034722650000000004, 0.003472643, 0.003473971, 0.0034751120000000003, 0.0034754660000000004, 0.003479957, 0.003480318, 0.003480571, 0.0034806610000000003, 0.003481211, 0.003484631, 0.003485157, 0.0034905970000000002, 0.0034909060000000002, 0.0034952420000000004, 0.003495929, 0.0035013460000000002, 0.0035015930000000003, 0.0035016540000000003, 0.003502504, 0.0035046020000000003, 0.003504871, 0.0035079000000000004, 0.003508877, 0.003509901, 0.003512148, 0.0035136010000000003, 0.0035154730000000003, 0.003517834, 0.0035221640000000004, 0.0035277240000000003, 0.0035301490000000002, 0.003532191, 0.0035351880000000003, 0.003535461, 0.003537517, 0.003539607, 0.0035398590000000002, 0.00354002, 0.0035410520000000003, 0.0035428290000000004, 0.003544488, 0.0035470030000000004, 0.0035480610000000004, 0.0035520660000000004, 0.0035529420000000003, 0.003557338, 0.003558196, 0.003559121, 0.003559515, 0.0035596910000000002, 0.003559777, 0.003560179, 0.0035610930000000004, 0.003564006, 0.003564171, 0.003566285, 0.003566478, 0.0035665890000000002, 0.003568007, 0.003568691, 0.0035708970000000004, 0.003571466, 0.003573058, 0.00357587, 0.0035764610000000004, 0.0035778010000000002, 0.0035798820000000004, 0.0035801210000000003, 0.003580408, 0.0035804310000000002, 0.003580892, 0.0035813810000000002, 0.0035816740000000004, 0.003581706, 0.0035827560000000003, 0.003584026, 0.0035842160000000003, 0.003586132, 0.003592809, 0.003592982, 0.0035930180000000003, 0.003597836, 0.003599249, 0.0035994910000000002, 0.0036033280000000003, 0.003603675, 0.003605917, 0.00360675, 0.0036114080000000004, 0.003613863, 0.003621139, 0.003621373, 0.0036277180000000003, 0.003629759, 0.003630035, 0.003633882, 0.003635801, 0.003636873, 0.0036385230000000003, 0.003639648, 0.0036399590000000003, 0.003645857, 0.003649284, 0.003652747, 0.0036536340000000002, 0.003654697, 0.003659086, 0.003661951, 0.0036670680000000003, 0.003667921, 0.0036685190000000003, 0.003669074, 0.0036701420000000004, 0.003670398, 0.0036737560000000002, 0.003676121, 0.0036762670000000004, 0.0036768240000000004, 0.003677566, 0.0036781910000000004, 0.0036791370000000003, 0.0036809050000000004, 0.003681353, 0.0036838760000000004, 0.003684408, 0.003685839, 0.0036867920000000004, 0.003688558, 0.003690516, 0.003690622, 0.0036912370000000004, 0.0036955940000000004, 0.0036981500000000003, 0.0036993150000000003, 0.0036993700000000004, 0.003700422, 0.003700876, 0.0037053380000000003, 0.0037059600000000003, 0.003707049, 0.0037070590000000004, 0.003707133, 0.003707628, 0.0037089170000000004, 0.003709341, 0.003709514, 0.003711371, 0.0037122410000000002, 0.0037124640000000004, 0.003712911, 0.00371308, 0.003713599, 0.003714115, 0.0037169150000000003, 0.0037191650000000004, 0.003719912, 0.0037210560000000004, 0.003721128, 0.003721194, 0.0037229940000000003, 0.003724719, 0.003725032, 0.003725462, 0.0037288280000000004, 0.003728925, 0.0037319960000000004, 0.0037332740000000004, 0.003734587, 0.0037365880000000003, 0.003736769, 0.003737469, 0.003737727, 0.0037377910000000003, 0.003739159, 0.003739754, 0.003740272, 0.003743909, 0.003746787, 0.00374733, 0.0037493780000000003, 0.0037495930000000003, 0.003751523, 0.00375252, 0.00375449, 0.0037565700000000003, 0.003756707, 0.003756933, 0.0037575000000000004, 0.003759852, 0.0037610020000000003, 0.0037615810000000004, 0.0037624320000000004, 0.0037648470000000004, 0.0037665290000000002, 0.003767452, 0.0037676700000000003, 0.003770031, 0.0037703140000000003, 0.0037749050000000003, 0.0037772, 0.0037792890000000003, 0.00378156, 0.0037875060000000004, 0.0037880270000000002, 0.003789048, 0.0037891340000000004, 0.003792459, 0.003794875, 0.003797444, 0.003799269, 0.0038032380000000005, 0.0038076370000000004, 0.003811744, 0.0038126030000000003, 0.0038196560000000003, 0.003821371, 0.003822087, 0.0038224010000000004, 0.003824145, 0.0038256230000000002, 0.003827351, 0.0038328710000000003, 0.0038340440000000004, 0.0038390610000000004, 0.0038443870000000003, 0.0038486260000000004, 0.003849246, 0.003849868, 0.003855695, 0.003864301, 0.0038663210000000003, 0.0038675880000000004, 0.0038703, 0.0038721410000000004, 0.0038775690000000004, 0.003878835, 0.003882663, 0.003884531, 0.0038853750000000004, 0.0038856100000000003, 0.0038864990000000003, 0.0038977520000000004, 0.0038985, 0.003898976, 0.0038994750000000003, 0.003899848, 0.003900311, 0.0039006910000000004, 0.003903819, 0.003903923, 0.0039055350000000003, 0.0039067, 0.003911965, 0.00391412, 0.003916024000000001, 0.003918438000000001, 0.003919304, 0.003919325, 0.003919969000000001, 0.003924119, 0.003924674, 0.003926022, 0.003930319, 0.003930558000000001, 0.003933624, 0.003935681, 0.003936033, 0.003936078, 0.003937951, 0.003943163, 0.003949541, 0.0039496850000000005, 0.003950052, 0.003952209, 0.003954662, 0.003955924, 0.00396506, 0.003966766, 0.003968465, 0.003977161, 0.003977773, 0.003981041, 0.003983583000000001, 0.003986086000000001, 0.003986717, 0.0039883340000000005, 0.003989589, 0.003992623, 0.003994755, 0.003996808, 0.003996817000000001, 0.00399866, 0.0040057750000000005, 0.004006303, 0.004009175, 0.004013577, 0.004018191, 0.004024266, 0.0040281430000000005, 0.004028564, 0.0040331230000000004, 0.00403329, 0.004034677, 0.004038257, 0.0040384010000000005, 0.004040432, 0.004040478, 0.0040418270000000004, 0.0040498520000000005, 0.00405505, 0.004059952, 0.004063843, 0.004075723, 0.0040770400000000005, 0.004080993000000001, 0.004085139000000001, 0.004086513, 0.004087803, 0.004090802, 0.0040937610000000004, 0.004095373, 0.0040955950000000005, 0.004095696, 0.004098254, 0.00410545, 0.004107305, 0.004109838, 0.004117073000000001, 0.004121162, 0.004122908000000001, 0.004124876, 0.004125671, 0.004127059000000001, 0.0041284320000000005, 0.0041290960000000005, 0.004130274000000001, 0.004144443, 0.004147748000000001, 0.004148434, 0.004150381, 0.004154952, 0.004158127, 0.004162351, 0.00416649, 0.004170351, 0.004171476, 0.004173298000000001, 0.004185136, 0.004188833, 0.004194547, 0.004195916, 0.004200983, 0.004201758, 0.00420953, 0.004211272, 0.004221381000000001, 0.004221470000000001, 0.004227125, 0.004238139, 0.004240183000000001, 0.004247089, 0.004251221, 0.004258904, 0.004268311, 0.004269331, 0.0042744160000000005, 0.004279641000000001, 0.0042854270000000005, 0.00428742, 0.004290201, 0.004299261, 0.004304751, 0.00430943, 0.004329123000000001, 0.004330901, 0.004331782, 0.004360773, 0.004360805000000001, 0.004363981, 0.004366806, 0.00437007, 0.004370949, 0.004393973000000001, 0.004396058, 0.004400437, 0.00440266, 0.004406083, 0.004408562, 0.0044091370000000005, 0.004427049000000001, 0.004440165, 0.004471282, 0.004478672, 0.004484636, 0.004488402000000001, 0.004500822000000001, 0.004501218, 0.00450873, 0.0045163040000000005, 0.004527484, 0.004530285, 0.004536307000000001, 0.004539937, 0.004548782, 0.004549813000000001, 0.00455016, 0.00455046, 0.004556288, 0.004560574, 0.004566428, 0.004568375, 0.004569191, 0.004575685, 0.004576686, 0.004579763000000001, 0.004583978000000001, 0.004588044, 0.004593142000000001, 0.004593861, 0.004596831, 0.004634888, 0.004637846, 0.004642767, 0.0046497380000000005, 0.004651534000000001, 0.004652104000000001, 0.0046525740000000005, 0.004657344, 0.004658715, 0.004675727, 0.004683909, 0.004684606, 0.004689540000000001, 0.004694853000000001, 0.004703938, 0.004705669, 0.004719494, 0.004732326, 0.004734858000000001, 0.004742406, 0.004755581, 0.004761555000000001, 0.004779142, 0.004779991, 0.004786693000000001, 0.004792373, 0.0047947860000000005, 0.004795919, 0.004809467, 0.004810011, 0.004810783, 0.004811473, 0.004817496, 0.004829947, 0.004833686, 0.0048362660000000005, 0.0048365050000000005, 0.004840536, 0.004842159, 0.004843060000000001, 0.004843352, 0.004843363000000001, 0.004844804, 0.004847798, 0.004857846000000001, 0.004864549, 0.004881001, 0.004882603, 0.004903622000000001, 0.0049071440000000004, 0.004909903, 0.004913107, 0.004914831000000001, 0.004919583, 0.00492492, 0.004933685, 0.004934471, 0.004937601000000001, 0.004948307, 0.004954774, 0.0049602890000000005, 0.004963638, 0.004991336000000001, 0.004999967, 0.005003789000000001, 0.005010405, 0.005029352, 0.005030849, 0.005034397, 0.00503625, 0.005058597000000001, 0.005065325000000001, 0.005066660000000001, 0.005082585000000001, 0.005082637, 0.0050833070000000005, 0.005087712, 0.005093442, 0.005113547, 0.005120634000000001, 0.005125137, 0.005129219, 0.005132804, 0.0051471550000000005, 0.005153915, 0.005168209, 0.005172833, 0.005180357, 0.005184794, 0.005186383, 0.0051952380000000005, 0.00521158, 0.005222414000000001, 0.005223915, 0.005234933000000001, 0.005241577000000001, 0.0052444860000000005, 0.005247504, 0.005250549, 0.005280543, 0.005282955000000001, 0.005283847, 0.005291906000000001, 0.005297971, 0.005299423, 0.0053025220000000005, 0.005306247, 0.005323934000000001, 0.005357598000000001, 0.0053603290000000005, 0.005362849, 0.005372577, 0.005397055, 0.005412516, 0.005425611, 0.0054276820000000005, 0.005434892, 0.005444975, 0.0054459700000000005, 0.005450625000000001, 0.005452948, 0.005456591, 0.005458521, 0.00546022, 0.005465116000000001, 0.005473120000000001, 0.0054841460000000005, 0.005495117000000001, 0.005527535, 0.005534819000000001, 0.005536791, 0.005540476000000001, 0.005544806, 0.005545269, 0.005571464, 0.0055745130000000006, 0.005581046, 0.005583727, 0.005583847, 0.005609528000000001, 0.005623876000000001, 0.005635036, 0.005635571000000001, 0.005640662, 0.005647773, 0.005662304, 0.005733839, 0.0057713040000000005, 0.005831323, 0.005846927, 0.005848463000000001, 0.005886714, 0.005906097000000001, 0.00590899, 0.005918287, 0.0060017840000000005, 0.006009973, 0.006018848, 0.0060334310000000006, 0.006083321, 0.0061034950000000004, 0.006120523, 0.006128924, 0.006153689, 0.006175965, 0.006190199, 0.006207422000000001, 0.006275757000000001, 0.006322173, 0.006335228, 0.006358527, 0.006370988, 0.006450028, 0.0065296600000000005, 0.006595742000000001, 0.006609803, 0.006732823000000001, 0.006733838000000001, 0.006834317, 0.006857384, 0.006860785, 0.006898461000000001, 0.007075346000000001, 0.007077988, 0.0070786830000000005, 0.007207787, 0.007260296, 0.007267676000000001, 0.007402548, 0.007594381000000001, 0.007805100000000001, 0.008044551, 0.008049314, 0.008825561, 0.009881855, 0.010097236, 0.010287327, 0.010491198, 0.010513259, 0.010879635, 0.010965624, 0.011093462, 0.01158716, 0.011643837, 0.014193441000000001, 0.014781101000000001, 0.015588441000000001, 0.019569309, 0.025756138, 0.027797031000000003, 0.045856902000000005, 0.04593204, 0.048215815, 0.055529516, 0.10674973600000001, 0.504273105 ],
      "stddev" : 0.0045784848265166865,
      "m15_rate" : 237.10678763908712,
      "m1_rate" : 142.87170807367005,
      "m5_rate" : 150.1459925800637,
      "mean_rate" : 404.6485950855586,
      "duration_units" : "seconds",
      "rate_units" : "calls/minute"
    },
    "jenkins.health-check.duration" : {
      "count" : 0,
      "max" : 0.0,
      "mean" : 0.0,
      "min" : 0.0,
      "p50" : 0.0,
      "p75" : 0.0,
      "p95" : 0.0,
      "p98" : 0.0,
      "p99" : 0.0,
      "p999" : 0.0,
      "values" : [ ],
      "stddev" : 0.0,
      "m15_rate" : 0.0,
      "m1_rate" : 0.0,
      "m5_rate" : 0.0,
      "mean_rate" : 0.0,
      "duration_units" : "seconds",
      "rate_units" : "calls/minute"
    },
    "jenkins.job.blocked.duration" : {
      "count" : 0,
      "max" : 0.0,
      "mean" : 0.0,
      "min" : 0.0,
      "p50" : 0.0,
      "p75" : 0.0,
      "p95" : 0.0,
      "p98" : 0.0,
      "p99" : 0.0,
      "p999" : 0.0,
      "values" : [ ],
      "stddev" : 0.0,
      "m15_rate" : 0.0,
      "m1_rate" : 0.0,
      "m5_rate" : 0.0,
      "mean_rate" : 0.0,
      "duration_units" : "seconds",
      "rate_units" : "calls/minute"
    },
    "jenkins.job.buildable.duration" : {
      "count" : 3,
      "max" : 1257.4119464,
      "mean" : 309.8048625638249,
      "min" : 309.800570456,
      "p50" : 309.800570456,
      "p75" : 309.800570456,
      "p95" : 309.800570456,
      "p98" : 309.800570456,
      "p99" : 309.800570456,
      "p999" : 309.800570456,
      "values" : [ 309.800570456, 1242.1895292250001, 1257.4119464 ],
      "stddev" : 2.0086881705131034,
      "m15_rate" : 0.0640386689662373,
      "m1_rate" : 1.0894040498215045E-4,
      "m5_rate" : 0.03585186299817573,
      "mean_rate" : 0.06325060994089834,
      "duration_units" : "seconds",
      "rate_units" : "calls/minute"
    },
    "jenkins.job.building.duration" : {
      "count" : 13,
      "max" : 11028.347000000002,
      "mean" : 1945.3708439034679,
      "min" : 570.968311832,
      "p50" : 1948.8737142960001,
      "p75" : 1948.8770000000002,
      "p95" : 1948.8770000000002,
      "p98" : 1948.8770000000002,
      "p99" : 1948.8770000000002,
      "p999" : 1948.8770000000002,
      "values" : [ 570.968311832, 570.9920000000001, 574.297058355, 574.336, 639.9350000000001, 778.7900000000001, 1499.0110000000002, 1635.3120000000001, 1948.8737142960001, 1948.8770000000002, 2958.88, 5111.405000000001, 11028.347000000002 ],
      "stddev" : 70.43252091343173,
      "m15_rate" : 0.25580451835607165,
      "m1_rate" : 0.002888470712241514,
      "m5_rate" : 0.1642455380697223,
      "mean_rate" : 0.2740859532107113,
      "duration_units" : "seconds",
      "rate_units" : "calls/minute"
    },
    "jenkins.job.queuing.duration" : {
      "count" : 6,
      "max" : 2071.2760000000003,
      "mean" : 309.81527111556545,
      "min" : 309.805,
      "p50" : 309.805,
      "p75" : 309.805,
      "p95" : 309.805,
      "p98" : 309.805,
      "p99" : 309.805,
      "p999" : 309.805,
      "values" : [ 309.805, 1242.192, 1257.4180000000001, 1446.067, 1877.6090000000002, 2071.2760000000003 ],
      "stddev" : 3.74450407315375,
      "m15_rate" : 0.0962725736609379,
      "m1_rate" : 1.0894049799997017E-4,
      "m5_rate" : 0.03936512952889301,
      "mean_rate" : 0.12650119081484476,
      "duration_units" : "seconds",
      "rate_units" : "calls/minute"
    },
    "jenkins.job.total.duration" : {
      "count" : 3,
      "max" : 3394.9440000000004,
      "mean" : 3390.9240641943993,
      "min" : 1813.1840000000002,
      "p50" : 3394.9440000000004,
      "p75" : 3394.9440000000004,
      "p95" : 3394.9440000000004,
      "p98" : 3394.9440000000004,
      "p99" : 3394.9440000000004,
      "p999" : 3394.9440000000004,
      "values" : [ 1813.1840000000002, 1831.7540000000001, 3394.9440000000004 ],
      "stddev" : 79.39892624707214,
      "m15_rate" : 0.09568112524645284,
      "m1_rate" : 0.0014442346460364804,
      "m5_rate" : 0.07858250799380795,
      "mean_rate" : 0.06325059216528343,
      "duration_units" : "seconds",
      "rate_units" : "calls/minute"
    },
    "jenkins.job.waiting.duration" : {
      "count" : 3,
      "max" : 0.003284496,
      "mean" : 0.003109849999995626,
      "min" : 7.119E-4,
      "p50" : 0.0031098500000000004,
      "p75" : 0.0031098500000000004,
      "p95" : 0.0031098500000000004,
      "p98" : 0.0031098500000000004,
      "p99" : 0.0031098500000000004,
      "p999" : 0.0031098500000000004,
      "values" : [ 7.119E-4, 0.0031098500000000004, 0.003284496 ],
      "stddev" : 3.3442355072618193E-9,
      "m15_rate" : 0.03265146333266302,
      "m1_rate" : 6.213462564624837E-7,
      "m5_rate" : 0.011529413363131723,
      "mean_rate" : 0.06325058665316124,
      "duration_units" : "seconds",
      "rate_units" : "calls/minute"
    },
    "jenkins.node.centos7-robot-2c-2g-1027.builds" : {
      "count" : 0,
      "max" : 0.0,
      "mean" : 0.0,
      "min" : 0.0,
      "p50" : 0.0,
      "p75" : 0.0,
      "p95" : 0.0,
      "p98" : 0.0,
      "p99" : 0.0,
      "p999" : 0.0,
      "values" : [ ],
      "stddev" : 0.0,
      "m15_rate" : 0.0,
      "m1_rate" : 0.0,
      "m5_rate" : 0.0,
      "mean_rate" : 0.0,
      "duration_units" : "seconds",
      "rate_units" : "calls/minute"
    },
    "jenkins.node.centos7-robot-2c-2g-2613.builds" : {
      "count" : 0,
      "max" : 0.0,
      "mean" : 0.0,
      "min" : 0.0,
      "p50" : 0.0,
      "p75" : 0.0,
      "p95" : 0.0,
      "p98" : 0.0,
      "p99" : 0.0,
      "p999" : 0.0,
      "values" : [ ],
      "stddev" : 0.0,
      "m15_rate" : 0.0,
      "m1_rate" : 0.0,
      "m5_rate" : 0.0,
      "mean_rate" : 0.0,
      "duration_units" : "seconds",
      "rate_units" : "calls/minute"
    },
    "jenkins.node.centos7-robot-2c-2g-4004.builds" : {
      "count" : 1,
      "max" : 574.296985757,
      "mean" : 574.296985757,
      "min" : 574.296985757,
      "p50" : 574.296985757,
      "p75" : 574.296985757,
      "p95" : 574.296985757,
      "p98" : 574.296985757,
      "p99" : 574.296985757,
      "p999" : 574.296985757,
      "values" : [ 574.296985757 ],
      "stddev" : 0.0,
      "m15_rate" : 0.026289005457345815,
      "m1_rate" : 8.671585557996141E-7,
      "m5_rate" : 0.012263928039463606,
      "mean_rate" : 0.042511909675480915,
      "duration_units" : "seconds",
      "rate_units" : "calls/minute"
    },
    "jenkins.node.centos7-robot-2c-2g-5413.builds" : {
      "count" : 0,
      "max" : 0.0,
      "mean" : 0.0,
      "min" : 0.0,
      "p50" : 0.0,
      "p75" : 0.0,
      "p95" : 0.0,
      "p98" : 0.0,
      "p99" : 0.0,
      "p999" : 0.0,
      "values" : [ ],
      "stddev" : 0.0,
      "m15_rate" : 0.0,
      "m1_rate" : 0.0,
      "m5_rate" : 0.0,
      "mean_rate" : 0.0,
      "duration_units" : "seconds",
      "rate_units" : "calls/minute"
    },
    "jenkins.node.centos7-robot-2c-2g-9341.builds" : {
      "count" : 1,
      "max" : 1948.8735026430002,
      "mean" : 1948.8735026430002,
      "min" : 1948.8735026430002,
      "p50" : 1948.8735026430002,
      "p75" : 1948.8735026430002,
      "p95" : 1948.8735026430002,
      "p98" : 1948.8735026430002,
      "p99" : 1948.8735026430002,
      "p999" : 1948.8735026430002,
      "values" : [ 1948.8735026430002 ],
      "stddev" : 0.0,
      "m15_rate" : 0.04310311433176106,
      "m1_rate" : 0.0014425003289248808,
      "m5_rate" : 0.05405465191488073,
      "mean_rate" : 0.025603930007623028,
      "duration_units" : "seconds",
      "rate_units" : "calls/minute"
    },
    "jenkins.node.centos7-robot-2c-2g-9565.builds" : {
      "count" : 1,
      "max" : 570.9682089380001,
      "mean" : 570.9682089380001,
      "min" : 570.9682089380001,
      "p50" : 570.9682089380001,
      "p75" : 570.9682089380001,
      "p95" : 570.9682089380001,
      "p98" : 570.9682089380001,
      "p99" : 570.9682089380001,
      "p999" : 570.9682089380001,
      "values" : [ 570.9682089380001 ],
      "stddev" : 0.0,
      "m15_rate" : 0.026289005457345815,
      "m1_rate" : 8.671585557996141E-7,
      "m5_rate" : 0.012263928039463606,
      "mean_rate" : 0.04251142572899437,
      "duration_units" : "seconds",
      "rate_units" : "calls/minute"
    }
  }
}