<?xml version='1.1' encoding='UTF-8'?>
<Tag plugin="workflow-support@2.18">
  <node class="cps.n.StepEndNode" plugin="workflow-cps@2.49-SNAPSHOT">
    <parentIds>
      <string>26</string>
      <string>22</string>
      <string>24</string>
      <string>23</string>
      <string>25</string>
      <string>21</string>
    </parentIds>
    <id>27</id>
    <startId>3</startId>
  </node>
  <actions>
    <wf.a.TimingAction plugin="workflow-api@2.27">
      <startTime>1524153947960</startTime>
    </wf.a.TimingAction>
  </actions>
</Tag>