<project xmlns="http://maven.apache.org/POM/4.0.0" xmlns:xsi="http://www.w3.org/2001/XMLSchema-instance" xsi:schemaLocation="http://maven.apache.org/POM/4.0.0 http://maven.apache.org/xsd/maven-4.0.0.xsd">
    <modelVersion>4.0.0</modelVersion>
    <groupId>com.mycompany</groupId>
    <artifactId>parent</artifactId>
    <version>1.12</version>
    <packaging>pom</packaging>
    <properties>
        <project.build.sourceEncoding>ISO-8859-1</project.build.sourceEncoding>
        <project.reporting.outputEncoding>ISO-8859-1</project.reporting.outputEncoding>
    </properties>
    <distributionManagement>
        <repository>
            <id>releases</id>
            <url>http://xxxxxxxxxxxx/nexus/content/repositories/releases</url>
        </repository>
        <snapshotRepository>
            <id>snapshots</id>
            <url>http://xxxxxxxxxxxx/nexus/content/repositories/snapshots</url>
        </snapshotRepository>
    </distributionManagement>
    <scm>
        <developerConnection>scm:svn:http://xxxxxxxxxxxx/trunk</developerConnection>
        <url>http://xxxxxxxxxxxx/trunk</url>
    </scm>
    <build>
        <pluginManagement>
            <plugins>
                <plugin>
                    <groupId>org.apache.maven.plugins</groupId>
                    <artifactId>maven-scm-plugin</artifactId>
                    <version>1.5</version>
                </plugin>
                <plugin>
                    <groupId>org.apache.maven.plugins</groupId>
                    <artifactId>maven-source-plugin</artifactId>
                    <version>2.1.2</version>
                </plugin>
                <plugin>
                    <groupId>org.apache.maven.plugins</groupId>
                    <artifactId>maven-deploy-plugin</artifactId>
                    <version>2.7</version>
                </plugin>
                <plugin>
                    <groupId>org.apache.maven.plugins</groupId>
                    <artifactId>maven-jar-plugin</artifactId>
                    <version>2.3.2</version>
                    <inherited>true</inherited>
                    <configuration>
                        <archive>
                            <manifest>
                                <addDefaultImplementationEntries>true</addDefaultImplementationEntries>
                                <addDefaultSpecificationEntries>true</addDefaultSpecificationEntries>
                            </manifest>
                            <manifestEntries>
                                <Implementation-Build>r${buildNumber}</Implementation-Build>
                                <Implementation-Origin>${scmBranch}</Implementation-Origin>
                            </manifestEntries>
                        </archive>
                    </configuration>
                </plugin>
                <plugin>
                    <groupId>org.apache.maven.plugins</groupId>
                    <artifactId>maven-war-plugin</artifactId>
                    <version>2.1.1</version>
                    <inherited>true</inherited>
                    <configuration>
                        <archive>
                            <manifest>
                                <addDefaultImplementationEntries>true</addDefaultImplementationEntries>
                                <addDefaultSpecificationEntries>true</addDefaultSpecificationEntries>
                            </manifest>
                            <manifestEntries>
                                <Implementation-Build>r${buildNumber}</Implementation-Build>
                                <Implementation-Origin>${scmBranch}</Implementation-Origin>
                            </manifestEntries>
                        </archive>
                    </configuration>
                </plugin>
                <plugin>
                    <groupId>org.apache.maven.plugins</groupId>
                    <artifactId>maven-resources-plugin</artifactId>
                    <version>2.5</version>
                </plugin>
                <plugin>
                    <groupId>org.apache.maven.plugins</groupId>
                    <artifactId>maven-surefire-plugin</artifactId>
                    <version>2.10</version>
                    <configuration>
                        <parallel>classes</parallel>
                        <threadCount>4</threadCount>
                        <perCoreThreadCount>true</perCoreThreadCount>
                        <systemPropertyVariables>
                            <net.sourceforge.cobertura.datafile>target/cobertura/cobertura.ser</net.sourceforge.cobertura.datafile>
                        </systemPropertyVariables>
                        <!-- for JDK6 Support -->
                        <argLine>-Dsun.lang.ClassLoader.allowArraySyntax=true</argLine>
                        <excludes>
                            <exclude>**/IT*.java</exclude>
                            <exclude>**/*IT.java</exclude>
                            <exclude>**/*ITCase.java</exclude>
                            <exclude>**/integrationtest/**</exclude>
                        </excludes>
                    </configuration>
                </plugin>
                <plugin>
                    <groupId>org.apache.maven.plugins</groupId>
                    <artifactId>maven-compiler-plugin</artifactId>
                    <version>2.3.2</version>
                    <configuration>
                        <source>1.6</source>
                        <target>1.6</target>
                        <debug>true</debug>
                        <debuglevel>lines,vars,source</debuglevel>
                    </configuration>
                </plugin>
                <plugin>
                    <groupId>org.codehaus.mojo</groupId>
                    <artifactId>appassembler-maven-plugin</artifactId>
                    <version>1.1.1</version>
                    <configuration>
                        <binFileExtensions>
                            <unix>.sh</unix>
                        </binFileExtensions>
                    </configuration>
                </plugin>
                <plugin>
                    <groupId>org.apache.maven.plugins</groupId>
                    <artifactId>maven-enforcer-plugin</artifactId>
                    <version>1.0.1</version>
                </plugin>

                <plugin>
                    <groupId>org.apache.maven.plugins</groupId>
                    <artifactId>maven-site-plugin</artifactId>
                    <version>3.0</version>
                    <inherited>true</inherited>
                    <executions>
                        <!-- site plugin 3.0 final attaches this only by packaging=pom projects -->
                        <execution>
                            <id>attach-descriptor</id>
                            <goals>
                                <goal>attach-descriptor</goal>
                            </goals>
                        </execution>
                    </executions>
                    <configuration>
                        <reportPlugins>
                            <plugin>
                                <groupId>org.apache.maven.plugins</groupId>
                                <artifactId>maven-jxr-plugin</artifactId>
                                <version>2.3</version>
                            </plugin>
                            <plugin>
                                <groupId>org.apache.maven.plugins</groupId>
                                <artifactId>maven-javadoc-plugin</artifactId>
                                <version>2.8</version>
                                <configuration>
                                    <quiet>true</quiet>
                                    <aggregate>false</aggregate>
                                    <!-- http://jira.codehaus.org/browse/MJAVADOC-286 -->
                                    <detectLinks>false</detectLinks>
                                    <detectOfflineLinks>true</detectOfflineLinks>
                                    <failOnError>false</failOnError>
                                    <doctitle>${project.name} ${project.version} API</doctitle>
                                    <links>
                                        <link>http://download.oracle.com/javase/6/docs/api/</link>
                                        <link>http://static.springsource.org/spring/docs/3.0.x/javadoc-api/</link>
                                        <link>http://docs.jboss.org/hibernate/core/3.5/api/</link>
                                        <link>http://download.oracle.com/javase/1.5.0/docs/api/</link>
                                        <link>http://commons.apache.org/collections/apidocs-COLLECTIONS_3_0/</link>
                                        <link>http://commons.apache.org/dbcp/apidocs/</link>
                                        <link>http://commons.apache.org/fileupload/apidocs/</link>
                                        <link>http://commons.apache.org/logging/apidocs/</link>
                                        <link>http://commons.apache.org/pool/apidocs/</link>
                                        <link>http://hc.apache.org/httpcomponents-client-ga/httpclient/apidocs/</link>
                                        <link>http://junit.sourceforge.net/javadoc/</link>
                                        <link>http://logging.apache.org/log4j/1.2/apidocs/</link>
                                        <link>http://jakarta.apache.org/regexp/apidocs/</link>
                                        <link>http://velocity.apache.org/engine/releases/velocity-1.5/apidocs/</link>
                                        <link>http://tomcat.apache.org/tomcat-6.0-doc/api/</link>
                                        <link>http://jetty.mortbay.org/jetty/jetty-6/apidocs/</link>
                                        <link>http://logback.qos.ch/apidocs/</link>
                                    </links>
                                </configuration>
                                <reportSets>
                                    <reportSet>
                                        <id>default</id>
                                        <reports>
                                            <report>javadoc</report>
                                        </reports>
                                    </reportSet>
                                </reportSets>
                            </plugin>
                            <plugin>
                                <groupId>org.apache.maven.plugins</groupId>
                                <artifactId>maven-project-info-reports-plugin</artifactId>
                                <version>2.4</version>
                            </plugin>
                            <plugin>
                                <groupId>org.apache.maven.plugins</groupId>
                                <artifactId>maven-plugin-plugin</artifactId>
                                <version>2.9</version>
                            </plugin>
                            <plugin>
                                <groupId>org.apache.maven.plugins</groupId>
                                <artifactId>maven-pmd-plugin</artifactId>
                                <version>2.5</version>
                                <configuration>
                                    <rulesets>
                                        <ruleset>rulesets/unusedcode.xml</ruleset>
                                        <ruleset>rulesets/basic.xml</ruleset>
                                        <ruleset>rulesets/logging-java.xml</ruleset>
                                        <ruleset>rulesets/logging-jakarta-commons.xml</ruleset>
                                        <ruleset>rulesets/migrating.xml</ruleset>
                                        <ruleset>rulesets/finalizers.xml</ruleset>
                                        <ruleset>rulesets/strings.xml</ruleset>
                                        <ruleset>rulesets/imports.xml</ruleset>
                                    </rulesets>
                                    <linkXref>true</linkXref>
                                    <minimumTokens>100</minimumTokens>
                                    <targetJdk>1.6</targetJdk>
                                    <includes>
                                        <include>com\/mycomp*\/**\/*.java</include>
                                    </includes>
                                </configuration>
                            </plugin>
                            <plugin>
                                <groupId>org.codehaus.mojo</groupId>
                                <artifactId>cobertura-maven-plugin</artifactId>
                                <version>2.5.1</version>
                                <configuration>
                                    <formats>
                                        <format>html</format>
                                        <format>xml</format>
                                    </formats>
                                </configuration>
                            </plugin>
                            <plugin>
                                <groupId>org.codehaus.mojo</groupId>
                                <artifactId>findbugs-maven-plugin</artifactId>
                                <version>2.3.2</version>
                                <configuration>
                                    <xmlOutput>true</xmlOutput>
                                    <onlyAnalyze>com.mycompany.-</onlyAnalyze>
                                    <!-- Optional derectory to put findbugs xdoc xml report -->
                                    <xmlOutputDirectory>target/site</xmlOutputDirectory>
                                </configuration>
                            </plugin>
                            <plugin>
                                <groupId>org.codehaus.sonar-plugins</groupId>
                                <artifactId>maven-report</artifactId>
                                <version>0.1</version>
                            </plugin>
                        </reportPlugins>
                    </configuration>
                </plugin>
            </plugins>
        </pluginManagement>
        <plugins>
            <plugin>
                <groupId>org.codehaus.mojo</groupId>
                <artifactId>build-helper-maven-plugin</artifactId>
                <version>1.7</version>
                <executions>
                    <execution>
                        <id>parse-version</id>
                        <goals>
                            <goal>parse-version</goal>
                        </goals>
                    </execution>
                </executions>
            </plugin>
            <plugin>
                <groupId>org.codehaus.mojo</groupId>
                <artifactId>buildnumber-maven-plugin</artifactId>
                <version>1.0</version>
                <configuration>
                    <getRevisionOnlyOnce>true</getRevisionOnlyOnce>
                </configuration>
                <executions>
                    <execution>
                        <phase>validate</phase>
                        <goals>
                            <goal>create</goal>
                        </goals>
                    </execution>
                </executions>
            </plugin>
            <plugin>
                <groupId>org.apache.maven.plugins</groupId>
                <artifactId>maven-failsafe-plugin</artifactId>
                <version>2.10</version>
                <configuration>
                    <includes>
                        <include>**/IT*.java</include>
                        <include>**/*IT.java</include>
                        <include>**/*ITCase.java</include>
                        <include>**/integrationtest/**</include>
                    </includes>
                </configuration>
                <executions>
                    <execution>
                        <id>integration-test</id>
                        <goals>
                            <goal>integration-test</goal>
                        </goals>
                    </execution>
                </executions>
            </plugin>
            <plugin>
                <groupId>org.apache.maven.plugins</groupId>
                <artifactId>maven-release-plugin</artifactId>
                <version>2.2.1</version>
            </plugin>
            <plugin>
                <groupId>org.apache.maven.plugins</groupId>
                <artifactId>maven-surefire-plugin</artifactId>
            </plugin>
            <plugin>
                <groupId>org.codehaus.mojo</groupId>
                <artifactId>cobertura-maven-plugin</artifactId>
                <version>2.5.1</version>
                <executions>
                    <execution>
                        <goals>
                            <goal>clean</goal>
                        </goals>
                    </execution>
                </executions>
            </plugin>
        </plugins>
    </build>
    <!-- workaround, jxr needs to get executed first; use it "the old style" -->
    <reporting>
        <plugins>
            <plugin>
                <groupId>org.apache.maven.plugins</groupId>
                <artifactId>maven-jxr-plugin</artifactId>
                <version>2.3</version>
            </plugin>
        </plugins>
    </reporting>
</project>