<?xml version="1.0" encoding="UTF-8"?>

<BugCollection version="1.3.9" sequence="0" timestamp="1282302614963" analysisTimestamp="1282302617339" release="">
  <Project projectName="">
    </Project>
  <BugInstance type="DRE_DECLARED_RUNTIME_EXCEPTION" priority="2" abbrev="DRE" category="STYLE">
    <Class classname="gti.module.CustomerDAOInterface">
      <SourceLine classname="gti.module.CustomerDAOInterface" start="18" end="113" sourcefile="CustomerDAOInterface.java" sourcepath="gti/module/CustomerDAOInterface.java"/>
    </Class>
    <Method classname="gti.module.CustomerDAOInterface" name="remove" signature="(Ljava/lang/Object;)V" isStatic="false">
      <SourceLine classname="gti.module.CustomerDAOInterface" start="18" end="18" startBytecode="0" endBytecode="60" sourcefile="CustomerDAOInterface.java" sourcepath="gti/module/CustomerDAOInterface.java"/>
    </Method>
    <String value="java.lang.UnsupportedOperationException"/>
  </BugInstance>
  <Errors errors="0" missingClasses="0"></Errors>
  <FindBugsSummary timestamp="Fri, 20 Aug 2010 13:10:14 +0200" total_classes="18" referenced_classes="297" total_bugs="1" total_size="412" num_packages="6" vm_version="17.0-b16" cpu_seconds="30.62" clock_seconds="15.61" peak_mbytes="171.14" alloc_mbytes="439.12" gc_seconds="0.29" priority_2="1">
    <PackageStats package="gti.domain" total_bugs="0" total_types="1" total_size="22">
      <ClassStats class="gti.domain.Customer" sourceFile="Customer.java" interface="false" size="22" bugs="0"/>
    </PackageStats>
    <PackageStats package="gti.domain.dao" total_bugs="0" total_types="1" total_size="13">
      <ClassStats class="gti.domain.dao.CustomerDAO" sourceFile="CustomerDAO.java" interface="false" size="13" bugs="0"/>
    </PackageStats>
    <PackageStats package="gti.module" total_bugs="1" total_types="3" total_size="59" priority_2="1">
      <ClassStats class="gti.module.CustomerDAOInterface" sourceFile="CustomerDAOInterface.java" interface="false" size="42" bugs="1" priority_2="1"/>
      <ClassStats class="gti.module.CustomerModule" sourceFile="CustomerModule.java" interface="false" size="10" bugs="0"/>
      <ClassStats class="gti.module.CustomerModuleInterface" sourceFile="CustomerModuleInterface.java" interface="false" size="7" bugs="0"/>
    </PackageStats>
    <PackageStats package="gti.ui.browser.ui" total_bugs="0" total_types="1" total_size="16">
      <ClassStats class="gti.ui.browser.ui.BrowserCustomerUI" sourceFile="BrowserCustomerUI.java" interface="false" size="16" bugs="0"/>
    </PackageStats>
    <PackageStats package="gti.ui.main" total_bugs="0" total_types="11" total_size="276">
      <ClassStats class="gti.ui.main.CustomerForm" sourceFile="CustomerForm.java" interface="false" size="14" bugs="0"/>
      <ClassStats class="gti.ui.main.CustomerModel" sourceFile="CustomerModel.java" interface="false" size="60" bugs="0"/>
      <ClassStats class="gti.ui.main.CustomerModel$1" sourceFile="CustomerModel.java" interface="false" size="9" bugs="0"/>
      <ClassStats class="gti.ui.main.CustomerModel$Customer_CoordinateEast_ModelAdapter" sourceFile="CustomerModel.java" interface="false" size="14" bugs="0"/>
      <ClassStats class="gti.ui.main.CustomerModel$Customer_CoordinateNorth_ModelAdapter" sourceFile="CustomerModel.java" interface="false" size="14" bugs="0"/>
      <ClassStats class="gti.ui.main.CustomerModel$Customer_Delete_ModelAdapter" sourceFile="CustomerModel.java" interface="false" size="16" bugs="0"/>
      <ClassStats class="gti.ui.main.CustomerModel$Customer_New_ModelAdapter" sourceFile="CustomerModel.java" interface="false" size="8" bugs="0"/>
      <ClassStats class="gti.ui.main.CustomerModel$Customer_New_OK_ModelAdapter" sourceFile="CustomerModel.java" interface="false" size="17" bugs="0"/>
      <ClassStats class="gti.ui.main.CustomerModel$Customer_Number_ModelAdapter" sourceFile="CustomerModel.java" interface="false" size="18" bugs="0"/>
      <ClassStats class="gti.ui.main.CustomerModel$Customer_ToDetail_ModelAdapter" sourceFile="CustomerModel.java" interface="false" size="16" bugs="0"/>
      <ClassStats class="gti.ui.main.CustomerView" sourceFile="CustomerView.java" interface="false" size="90" bugs="0"/>
    </PackageStats>
    <PackageStats package="gti.ui.main.pickAndSelect" total_bugs="0" total_types="1" total_size="26">
      <ClassStats class="gti.ui.main.pickAndSelect.CustomerPickAndSelect" sourceFile="CustomerPickAndSelect.java" interface="false" size="26" bugs="0"/>
    </PackageStats>
    <FindBugsProfile>
      <ClassProfile name="com.mebigfatguy.fbcontrib.detect.DeletingWhileIterating" totalMilliseconds="11" invocations="18" avgMicrosecondsPerInvocation="644" maxMicrosecondsPerInvocation="2411" standardDeviationMircosecondsPerInvocation="568"/>
      <ClassProfile name="edu.umd.cs.findbugs.detect.DumbMethods" totalMilliseconds="11" invocations="18" avgMicrosecondsPerInvocation="663" maxMicrosecondsPerInvocation="2280" standardDeviationMircosecondsPerInvocation="599"/>
      <ClassProfile name="com.mebigfatguy.fbcontrib.detect.LocalSynchronizedCollection" totalMilliseconds="12" invocations="18" avgMicrosecondsPerInvocation="721" maxMicrosecondsPerInvocation="2624" standardDeviationMircosecondsPerInvocation="640"/>
      <ClassProfile name="com.mebigfatguy.fbcontrib.detect.SillynessPotPourri" totalMilliseconds="13" invocations="18" avgMicrosecondsPerInvocation="732" maxMicrosecondsPerInvocation="2242" standardDeviationMircosecondsPerInvocation="698"/>
      <ClassProfile name="com.mebigfatguy.fbcontrib.detect.BloatedAssignmentScope" totalMilliseconds="14" invocations="18" avgMicrosecondsPerInvocation="800" maxMicrosecondsPerInvocation="3574" standardDeviationMircosecondsPerInvocation="834"/>
      <ClassProfile name="edu.umd.cs.findbugs.classfile.engine.bcel.MethodFactory" totalMilliseconds="14" invocations="257" avgMicrosecondsPerInvocation="57" maxMicrosecondsPerInvocation="554" standardDeviationMircosecondsPerInvocation="72"/>
      <ClassProfile name="edu.umd.cs.findbugs.detect.FindNullDeref" totalMilliseconds="15" invocations="18" avgMicrosecondsPerInvocation="835" maxMicrosecondsPerInvocation="4429" standardDeviationMircosecondsPerInvocation="1005"/>
      <ClassProfile name="gti.findbugs.TranslationFormatStringChecker" totalMilliseconds="15" invocations="18" avgMicrosecondsPerInvocation="867" maxMicrosecondsPerInvocation="5601" standardDeviationMircosecondsPerInvocation="1273"/>
      <ClassProfile name="edu.umd.cs.findbugs.detect.URLProblems" totalMilliseconds="16" invocations="18" avgMicrosecondsPerInvocation="943" maxMicrosecondsPerInvocation="3820" standardDeviationMircosecondsPerInvocation="907"/>
      <ClassProfile name="com.mebigfatguy.fbcontrib.detect.PossiblyRedundantMethodCalls" totalMilliseconds="17" invocations="18" avgMicrosecondsPerInvocation="950" maxMicrosecondsPerInvocation="6189" standardDeviationMircosecondsPerInvocation="1412"/>
      <ClassProfile name="edu.umd.cs.findbugs.detect.FindDeadLocalStores" totalMilliseconds="17" invocations="18" avgMicrosecondsPerInvocation="974" maxMicrosecondsPerInvocation="4655" standardDeviationMircosecondsPerInvocation="1208"/>
      <ClassProfile name="edu.umd.cs.findbugs.classfile.engine.asm.ClassReaderAnalysisEngine" totalMilliseconds="20" invocations="1196" avgMicrosecondsPerInvocation="17" maxMicrosecondsPerInvocation="8290" standardDeviationMircosecondsPerInvocation="239"/>
      <ClassProfile name="edu.umd.cs.findbugs.detect.FormatStringChecker" totalMilliseconds="20" invocations="18" avgMicrosecondsPerInvocation="1142" maxMicrosecondsPerInvocation="12585" standardDeviationMircosecondsPerInvocation="2799"/>
      <ClassProfile name="com.mebigfatguy.fbcontrib.detect.UseCharacterParameterizedMethod" totalMilliseconds="23" invocations="18" avgMicrosecondsPerInvocation="1285" maxMicrosecondsPerInvocation="17649" standardDeviationMircosecondsPerInvocation="3978"/>
      <ClassProfile name="com.mebigfatguy.fbcontrib.detect.SuspiciousClusteredSessionSupport" totalMilliseconds="24" invocations="18" avgMicrosecondsPerInvocation="1336" maxMicrosecondsPerInvocation="12410" standardDeviationMircosecondsPerInvocation="2766"/>
      <ClassProfile name="edu.umd.cs.findbugs.detect.NoteCheckReturnValueAnnotations" totalMilliseconds="24" invocations="297" avgMicrosecondsPerInvocation="81" maxMicrosecondsPerInvocation="1017" standardDeviationMircosecondsPerInvocation="134"/>
      <ClassProfile name="edu.umd.cs.findbugs.detect.FindRefComparison" totalMilliseconds="24" invocations="18" avgMicrosecondsPerInvocation="1346" maxMicrosecondsPerInvocation="4513" standardDeviationMircosecondsPerInvocation="1181"/>
      <ClassProfile name="edu.umd.cs.findbugs.detect.NoteCheckReturnValue" totalMilliseconds="25" invocations="297" avgMicrosecondsPerInvocation="85" maxMicrosecondsPerInvocation="1011" standardDeviationMircosecondsPerInvocation="127"/>
      <ClassProfile name="com.mebigfatguy.fbcontrib.detect.StaticArrayCreatedInMethod" totalMilliseconds="25" invocations="18" avgMicrosecondsPerInvocation="1435" maxMicrosecondsPerInvocation="22251" standardDeviationMircosecondsPerInvocation="5052"/>
      <ClassProfile name="edu.umd.cs.findbugs.detect.NoteAnnotationRetention" totalMilliseconds="25" invocations="297" avgMicrosecondsPerInvocation="87" maxMicrosecondsPerInvocation="969" standardDeviationMircosecondsPerInvocation="123"/>
      <ClassProfile name="edu.umd.cs.findbugs.detect.NoteNonNullAnnotations" totalMilliseconds="27" invocations="297" avgMicrosecondsPerInvocation="91" maxMicrosecondsPerInvocation="957" standardDeviationMircosecondsPerInvocation="128"/>
      <ClassProfile name="edu.umd.cs.findbugs.detect.VolatileUsage" totalMilliseconds="27" invocations="18" avgMicrosecondsPerInvocation="1544" maxMicrosecondsPerInvocation="24585" standardDeviationMircosecondsPerInvocation="5590"/>
      <ClassProfile name="edu.umd.cs.findbugs.detect.BadUseOfReturnValue" totalMilliseconds="28" invocations="18" avgMicrosecondsPerInvocation="1558" maxMicrosecondsPerInvocation="24644" standardDeviationMircosecondsPerInvocation="5601"/>
      <ClassProfile name="edu.umd.cs.findbugs.detect.NoteJCIPAnnotation" totalMilliseconds="29" invocations="297" avgMicrosecondsPerInvocation="100" maxMicrosecondsPerInvocation="1034" standardDeviationMircosecondsPerInvocation="132"/>
      <ClassProfile name="edu.umd.cs.findbugs.ba.npe.TypeQualifierNullnessAnnotationDatabase" totalMilliseconds="30" invocations="862" avgMicrosecondsPerInvocation="35" maxMicrosecondsPerInvocation="3493" standardDeviationMircosecondsPerInvocation="142"/>
      <ClassProfile name="com.mebigfatguy.fbcontrib.detect.UseAddAll" totalMilliseconds="30" invocations="18" avgMicrosecondsPerInvocation="1691" maxMicrosecondsPerInvocation="20491" standardDeviationMircosecondsPerInvocation="4587"/>
      <ClassProfile name="edu.umd.cs.findbugs.detect.LostLoggerDueToWeakReference" totalMilliseconds="30" invocations="18" avgMicrosecondsPerInvocation="1705" maxMicrosecondsPerInvocation="22970" standardDeviationMircosecondsPerInvocation="5171"/>
      <ClassProfile name="com.mebigfatguy.fbcontrib.detect.TailRecursion" totalMilliseconds="31" invocations="18" avgMicrosecondsPerInvocation="1755" maxMicrosecondsPerInvocation="25287" standardDeviationMircosecondsPerInvocation="5716"/>
      <ClassProfile name="edu.umd.cs.findbugs.detect.FindMaskedFields" totalMilliseconds="32" invocations="18" avgMicrosecondsPerInvocation="1809" maxMicrosecondsPerInvocation="28337" standardDeviationMircosecondsPerInvocation="6436"/>
      <ClassProfile name="edu.umd.cs.findbugs.detect.ReadOfInstanceFieldInMethodInvokedByConstructorInSuperclass" totalMilliseconds="33" invocations="18" avgMicrosecondsPerInvocation="1834" maxMicrosecondsPerInvocation="24541" standardDeviationMircosecondsPerInvocation="5523"/>
      <ClassProfile name="com.mebigfatguy.fbcontrib.detect.CustomBuiltXML" totalMilliseconds="33" invocations="18" avgMicrosecondsPerInvocation="1883" maxMicrosecondsPerInvocation="26170" standardDeviationMircosecondsPerInvocation="5907"/>
      <ClassProfile name="com.mebigfatguy.fbcontrib.detect.ConfusingFunctionSemantics" totalMilliseconds="34" invocations="18" avgMicrosecondsPerInvocation="1902" maxMicrosecondsPerInvocation="33386" standardDeviationMircosecondsPerInvocation="7636"/>
      <ClassProfile name="edu.umd.cs.findbugs.detect.NoteSuppressedWarnings" totalMilliseconds="34" invocations="297" avgMicrosecondsPerInvocation="116" maxMicrosecondsPerInvocation="1466" standardDeviationMircosecondsPerInvocation="152"/>
      <ClassProfile name="edu.umd.cs.findbugs.classfile.engine.bcel.ConstantPoolGenFactory" totalMilliseconds="35" invocations="18" avgMicrosecondsPerInvocation="1947" maxMicrosecondsPerInvocation="23325" standardDeviationMircosecondsPerInvocation="5392"/>
      <ClassProfile name="edu.umd.cs.findbugs.detect.RuntimeExceptionCapture" totalMilliseconds="35" invocations="18" avgMicrosecondsPerInvocation="1994" maxMicrosecondsPerInvocation="26418" standardDeviationMircosecondsPerInvocation="5950"/>
      <ClassProfile name="edu.umd.cs.findbugs.detect.FindFloatEquality" totalMilliseconds="37" invocations="18" avgMicrosecondsPerInvocation="2079" maxMicrosecondsPerInvocation="20362" standardDeviationMircosecondsPerInvocation="5044"/>
      <ClassProfile name="com.mebigfatguy.fbcontrib.detect.SloppyClassReflection" totalMilliseconds="38" invocations="18" avgMicrosecondsPerInvocation="2137" maxMicrosecondsPerInvocation="29208" standardDeviationMircosecondsPerInvocation="6581"/>
      <ClassProfile name="edu.umd.cs.findbugs.detect.NoteNonnullReturnValues" totalMilliseconds="40" invocations="18" avgMicrosecondsPerInvocation="2249" maxMicrosecondsPerInvocation="21535" standardDeviationMircosecondsPerInvocation="4852"/>
      <ClassProfile name="edu.umd.cs.findbugs.detect.SwitchFallthrough" totalMilliseconds="44" invocations="18" avgMicrosecondsPerInvocation="2483" maxMicrosecondsPerInvocation="32562" standardDeviationMircosecondsPerInvocation="7326"/>
      <ClassProfile name="com.mebigfatguy.fbcontrib.detect.JUnitAssertionOddities" totalMilliseconds="45" invocations="18" avgMicrosecondsPerInvocation="2501" maxMicrosecondsPerInvocation="44152" standardDeviationMircosecondsPerInvocation="10101"/>
      <ClassProfile name="edu.umd.cs.findbugs.detect.Methods" totalMilliseconds="45" invocations="297" avgMicrosecondsPerInvocation="152" maxMicrosecondsPerInvocation="24116" standardDeviationMircosecondsPerInvocation="1398"/>
      <ClassProfile name="edu.umd.cs.findbugs.detect.FindNullDeref$CheckCallSitesAndReturnInstructions" totalMilliseconds="50" invocations="74" avgMicrosecondsPerInvocation="686" maxMicrosecondsPerInvocation="27803" standardDeviationMircosecondsPerInvocation="3191"/>
      <ClassProfile name="gti.findbugs.ObjectUtilEqualsChecker" totalMilliseconds="55" invocations="18" avgMicrosecondsPerInvocation="3082" maxMicrosecondsPerInvocation="49362" standardDeviationMircosecondsPerInvocation="11228"/>
      <ClassProfile name="edu.umd.cs.findbugs.detect.QuestionableBooleanAssignment" totalMilliseconds="55" invocations="18" avgMicrosecondsPerInvocation="3093" maxMicrosecondsPerInvocation="52268" standardDeviationMircosecondsPerInvocation="11928"/>
      <ClassProfile name="edu.umd.cs.findbugs.detect.UnreadFields" totalMilliseconds="56" invocations="18" avgMicrosecondsPerInvocation="3118" maxMicrosecondsPerInvocation="42619" standardDeviationMircosecondsPerInvocation="9594"/>
      <ClassProfile name="com.mebigfatguy.fbcontrib.detect.CopiedOverriddenMethod" totalMilliseconds="57" invocations="18" avgMicrosecondsPerInvocation="3174" maxMicrosecondsPerInvocation="25542" standardDeviationMircosecondsPerInvocation="5913"/>
      <ClassProfile name="edu.umd.cs.findbugs.detect.FindInconsistentSync2" totalMilliseconds="58" invocations="18" avgMicrosecondsPerInvocation="3271" maxMicrosecondsPerInvocation="22531" standardDeviationMircosecondsPerInvocation="6485"/>
      <ClassProfile name="com.mebigfatguy.fbcontrib.detect.MoreDumbMethods" totalMilliseconds="74" invocations="18" avgMicrosecondsPerInvocation="4166" maxMicrosecondsPerInvocation="51402" standardDeviationMircosecondsPerInvocation="11501"/>
      <ClassProfile name="edu.umd.cs.findbugs.DetectorToDetector2Adapter" totalMilliseconds="76" invocations="3915" avgMicrosecondsPerInvocation="19" maxMicrosecondsPerInvocation="36770" standardDeviationMircosecondsPerInvocation="587"/>
      <ClassProfile name="edu.umd.cs.findbugs.detect.LoadOfKnownNullValue" totalMilliseconds="86" invocations="18" avgMicrosecondsPerInvocation="4793" maxMicrosecondsPerInvocation="53154" standardDeviationMircosecondsPerInvocation="12024"/>
      <ClassProfile name="edu.umd.cs.findbugs.classfile.engine.bcel.LiveLocalStoreDataflowFactory" totalMilliseconds="97" invocations="72" avgMicrosecondsPerInvocation="1357" maxMicrosecondsPerInvocation="40357" standardDeviationMircosecondsPerInvocation="4714"/>
      <ClassProfile name="edu.umd.cs.findbugs.classfile.impl.ZipCodeBaseFactory" totalMilliseconds="109" invocations="169" avgMicrosecondsPerInvocation="649" maxMicrosecondsPerInvocation="51207" standardDeviationMircosecondsPerInvocation="3992"/>
      <ClassProfile name="edu.umd.cs.findbugs.classfile.engine.bcel.MethodGenFactory" totalMilliseconds="119" invocations="83" avgMicrosecondsPerInvocation="1441" maxMicrosecondsPerInvocation="74405" standardDeviationMircosecondsPerInvocation="8072"/>
      <ClassProfile name="edu.umd.cs.findbugs.detect.ReflectiveClasses" totalMilliseconds="161" invocations="297" avgMicrosecondsPerInvocation="545" maxMicrosecondsPerInvocation="9284" standardDeviationMircosecondsPerInvocation="969"/>
      <ClassProfile name="edu.umd.cs.findbugs.classfile.engine.bcel.CFGFactory" totalMilliseconds="178" invocations="83" avgMicrosecondsPerInvocation="2148" maxMicrosecondsPerInvocation="33048" standardDeviationMircosecondsPerInvocation="5329"/>
      <ClassProfile name="edu.umd.cs.findbugs.NonReportingDetectorToDetector2Adapter" totalMilliseconds="182" invocations="4194" avgMicrosecondsPerInvocation="43" maxMicrosecondsPerInvocation="44070" standardDeviationMircosecondsPerInvocation="991"/>
      <ClassProfile name="edu.umd.cs.findbugs.classfile.engine.bcel.ConstantDataflowFactory" totalMilliseconds="186" invocations="83" avgMicrosecondsPerInvocation="2245" maxMicrosecondsPerInvocation="48526" standardDeviationMircosecondsPerInvocation="6841"/>
      <ClassProfile name="com.mebigfatguy.fbcontrib.detect.FinalParameters" totalMilliseconds="225" invocations="18" avgMicrosecondsPerInvocation="12527" maxMicrosecondsPerInvocation="47360" standardDeviationMircosecondsPerInvocation="14426"/>
      <ClassProfile name="edu.umd.cs.findbugs.classfile.engine.bcel.JavaClassAnalysisEngine" totalMilliseconds="255" invocations="389" avgMicrosecondsPerInvocation="655" maxMicrosecondsPerInvocation="31860" standardDeviationMircosecondsPerInvocation="2056"/>
      <ClassProfile name="com.mebigfatguy.fbcontrib.collect.CollectStatistics" totalMilliseconds="291" invocations="297" avgMicrosecondsPerInvocation="980" maxMicrosecondsPerInvocation="54573" standardDeviationMircosecondsPerInvocation="3855"/>
      <ClassProfile name="edu.umd.cs.findbugs.detect.BuildObligationPolicyDatabase" totalMilliseconds="349" invocations="297" avgMicrosecondsPerInvocation="1176" maxMicrosecondsPerInvocation="52336" standardDeviationMircosecondsPerInvocation="4529"/>
      <ClassProfile name="edu.umd.cs.findbugs.detect.FindRefComparison$SpecialTypeAnalysis" totalMilliseconds="358" invocations="75" avgMicrosecondsPerInvocation="4781" maxMicrosecondsPerInvocation="93452" standardDeviationMircosecondsPerInvocation="13191"/>
      <ClassProfile name="edu.umd.cs.findbugs.classfile.engine.bcel.TypeDataflowFactory" totalMilliseconds="369" invocations="83" avgMicrosecondsPerInvocation="4449" maxMicrosecondsPerInvocation="62267" standardDeviationMircosecondsPerInvocation="10510"/>
      <ClassProfile name="edu.umd.cs.findbugs.detect.CalledMethods" totalMilliseconds="371" invocations="297" avgMicrosecondsPerInvocation="1251" maxMicrosecondsPerInvocation="41489" standardDeviationMircosecondsPerInvocation="3775"/>
      <ClassProfile name="edu.umd.cs.findbugs.detect.EqualsOperandShouldHaveClassCompatibleWithThis" totalMilliseconds="445" invocations="297" avgMicrosecondsPerInvocation="1501" maxMicrosecondsPerInvocation="244753" standardDeviationMircosecondsPerInvocation="14267"/>
      <ClassProfile name="edu.umd.cs.findbugs.classfile.engine.bcel.ValueNumberDataflowFactory" totalMilliseconds="455" invocations="102" avgMicrosecondsPerInvocation="4463" maxMicrosecondsPerInvocation="64764" standardDeviationMircosecondsPerInvocation="9341"/>
      <ClassProfile name="edu.umd.cs.findbugs.classfile.engine.bcel.UnconditionalValueDerefDataflowFactory" totalMilliseconds="478" invocations="79" avgMicrosecondsPerInvocation="6053" maxMicrosecondsPerInvocation="65005" standardDeviationMircosecondsPerInvocation="10434"/>
      <ClassProfile name="edu.umd.cs.findbugs.ba.npe.NullDerefAndRedundantComparisonFinder" totalMilliseconds="635" invocations="74" avgMicrosecondsPerInvocation="8591" maxMicrosecondsPerInvocation="78192" standardDeviationMircosecondsPerInvocation="16030"/>
      <ClassProfile name="edu.umd.cs.findbugs.classfile.engine.ClassDataAnalysisEngine" totalMilliseconds="637" invocations="1340" avgMicrosecondsPerInvocation="475" maxMicrosecondsPerInvocation="35944" standardDeviationMircosecondsPerInvocation="1231"/>
      <ClassProfile name="edu.umd.cs.findbugs.classfile.engine.bcel.IsNullValueDataflowFactory" totalMilliseconds="665" invocations="83" avgMicrosecondsPerInvocation="8018" maxMicrosecondsPerInvocation="53149" standardDeviationMircosecondsPerInvocation="12533"/>
      <ClassProfile name="edu.umd.cs.findbugs.detect.OverridingEqualsNotSymmetrical" totalMilliseconds="670" invocations="297" avgMicrosecondsPerInvocation="2258" maxMicrosecondsPerInvocation="73841" standardDeviationMircosecondsPerInvocation="8103"/>
      <ClassProfile name="edu.umd.cs.findbugs.detect.NoteDirectlyRelevantTypeQualifiers" totalMilliseconds="853" invocations="297" avgMicrosecondsPerInvocation="2874" maxMicrosecondsPerInvocation="72656" standardDeviationMircosecondsPerInvocation="7701"/>
      <ClassProfile name="edu.umd.cs.findbugs.classfile.engine.ClassInfoAnalysisEngine" totalMilliseconds="927" invocations="1336" avgMicrosecondsPerInvocation="694" maxMicrosecondsPerInvocation="58463" standardDeviationMircosecondsPerInvocation="2931"/>
      <ClassProfile name="edu.umd.cs.findbugs.OpcodeStack$JumpInfoFactory" totalMilliseconds="1333" invocations="4167" avgMicrosecondsPerInvocation="320" maxMicrosecondsPerInvocation="41447" standardDeviationMircosecondsPerInvocation="1631"/>
      <ClassProfile name="edu.umd.cs.findbugs.detect.FieldItemSummary" totalMilliseconds="1448" invocations="297" avgMicrosecondsPerInvocation="4877" maxMicrosecondsPerInvocation="78803" standardDeviationMircosecondsPerInvocation="11592"/>
    </FindBugsProfile>
  </FindBugsSummary>
  <ClassFeatures></ClassFeatures>
  <History></History>
</BugCollection>
