<?xml version="1.0" encoding="UTF-8"?>

<BugCollection version="1.3.9" sequence="0" timestamp="1282302562506" analysisTimestamp="1282302564970" release="">
  <Project projectName="">
   </Project>
  <BugInstance type="SPP_USE_ISEMPTY" priority="2" abbrev="SPP" category="STYLE">
    <Class classname="gti.configuration.client.ConfigurationManager">
      <SourceLine classname="gti.configuration.client.ConfigurationManager" start="24" end="478" sourcefile="ConfigurationManager.java" sourcepath="gti/configuration/client/ConfigurationManager.java"/>
    </Class>
    <Method classname="gti.configuration.client.ConfigurationManager" name="removeListener" signature="(Ljava/lang/Class;Lgti/module/configuration/ConfigurationListenerIF;)V" isStatic="false">
      <SourceLine classname="gti.configuration.client.ConfigurationManager" start="118" end="148" startBytecode="0" endBytecode="526" sourcefile="ConfigurationManager.java" sourcepath="gti/configuration/client/ConfigurationManager.java"/>
    </Method>
    <SourceLine classname="gti.configuration.client.ConfigurationManager" start="143" end="143" startBytecode="112" endBytecode="112" sourcefile="ConfigurationManager.java" sourcepath="gti/configuration/client/ConfigurationManager.java"/>
  </BugInstance>
  <BugInstance type="BC_UNCONFIRMED_CAST" priority="2" abbrev="BC" category="STYLE">
    <Class classname="gti.configuration.client.ConfigurationManager$CallBack">
      <SourceLine classname="gti.configuration.client.ConfigurationManager$CallBack" start="480" end="488" sourcefile="ConfigurationManager.java" sourcepath="gti/configuration/client/ConfigurationManager.java"/>
    </Class>
    <Method classname="gti.configuration.client.ConfigurationManager$CallBack" name="fireEvent" signature="(Ljava/util/EventObject;Lgti/module/configuration/ConfigurationListenerIF;)V" isStatic="false">
      <SourceLine classname="gti.configuration.client.ConfigurationManager$CallBack" start="487" end="488" startBytecode="0" endBytecode="4" sourcefile="ConfigurationManager.java" sourcepath="gti/configuration/client/ConfigurationManager.java"/>
    </Method>
    <Type descriptor="Ljava/util/EventObject;" role="TYPE_FOUND">
      <SourceLine classname="java.util.EventObject" start="36" end="58" sourcefile="EventObject.java" sourcepath="java/util/EventObject.java"/>
    </Type>
    <Type descriptor="Lgti/module/configuration/ConfigurationChangeEvent;" role="TYPE_EXPECTED">
      <SourceLine classname="gti.module.configuration.ConfigurationChangeEvent" start="23" end="52" sourcefile="ConfigurationChangeEvent.java" sourcepath="gti/module/configuration/ConfigurationChangeEvent.java"/>
    </Type>
    <LocalVariable name="event" register="1" pc="1" role="LOCAL_VARIABLE_VALUE_OF"/>
    <SourceLine classname="gti.configuration.client.ConfigurationManager$CallBack" start="487" end="487" startBytecode="2" endBytecode="2" sourcefile="ConfigurationManager.java" sourcepath="gti/configuration/client/ConfigurationManager.java"/>
  </BugInstance>
  <BugInstance type="OBL_UNSATISFIED_OBLIGATION" priority="2" abbrev="OBL" category="EXPERIMENTAL">
    <Class classname="gti.configuration.server.ConfigurationServerLocal">
      <SourceLine classname="gti.configuration.server.ConfigurationServerLocal" start="31" end="700" sourcefile="ConfigurationServerLocal.java" sourcepath="gti/configuration/server/ConfigurationServerLocal.java"/>
    </Class>
    <Method classname="gti.configuration.server.ConfigurationServerLocal" name="updateCurrentConfigurationFile" signature="(Lgti/configuration/conf/ConfigurationItem;Ljava/lang/String;Lgti/util/CompressedData;)V" isStatic="false">
      <SourceLine classname="gti.configuration.server.ConfigurationServerLocal" start="364" end="417" startBytecode="0" endBytecode="541" sourcefile="ConfigurationServerLocal.java" sourcepath="gti/configuration/server/ConfigurationServerLocal.java"/>
    </Method>
    <Class classname="java.io.OutputStream" role="CLASS_REFTYPE">
      <SourceLine classname="java.io.OutputStream" start="29" end="135" sourcefile="OutputStream.java" sourcepath="java/io/OutputStream.java"/>
    </Class>
    <Int value="1" role="INT_OBLIGATIONS_REMAINING"/>
    <SourceLine classname="gti.configuration.server.ConfigurationServerLocal" start="388" end="388" startBytecode="98" endBytecode="98" sourcefile="ConfigurationServerLocal.java" sourcepath="gti/configuration/server/ConfigurationServerLocal.java" role="SOURCE_LINE_OBLIGATION_CREATED"/>
    <SourceLine classname="gti.configuration.server.ConfigurationServerLocal" start="389" end="389" startBytecode="103" endBytecode="103" sourcefile="ConfigurationServerLocal.java" sourcepath="gti/configuration/server/ConfigurationServerLocal.java" role="SOURCE_LINE_PATH_CONTINUES"/>
    <SourceLine classname="gti.configuration.server.ConfigurationServerLocal" start="411" end="411" startBytecode="205" endBytecode="205" sourcefile="ConfigurationServerLocal.java" sourcepath="gti/configuration/server/ConfigurationServerLocal.java" role="SOURCE_LINE_PATH_CONTINUES"/>
    <SourceLine classname="gti.configuration.server.ConfigurationServerLocal" start="413" end="413" startBytecode="207" endBytecode="207" sourcefile="ConfigurationServerLocal.java" sourcepath="gti/configuration/server/ConfigurationServerLocal.java" role="SOURCE_LINE_PATH_CONTINUES"/>
    <String value="{OutputStream x 1}" role="STRING_REMAINING_OBLIGATIONS"/>
  </BugInstance>
  <BugInstance type="OBL_UNSATISFIED_OBLIGATION" priority="2" abbrev="OBL" category="EXPERIMENTAL">
    <Class classname="gti.configuration.server.ConfigurationServerLocal">
      <SourceLine classname="gti.configuration.server.ConfigurationServerLocal" start="31" end="700" sourcefile="ConfigurationServerLocal.java" sourcepath="gti/configuration/server/ConfigurationServerLocal.java"/>
    </Class>
    <Method classname="gti.configuration.server.ConfigurationServerLocal" name="updateVersionControl" signature="(Lgti/configuration/conf/ConfigurationItem;Ljava/lang/String;Lgti/util/CompressedData;Ljava/util/Date;Ljava/lang/String;Ljava/lang/String;)V" isStatic="false">
      <SourceLine classname="gti.configuration.server.ConfigurationServerLocal" start="441" end="516" startBytecode="0" endBytecode="1104" sourcefile="ConfigurationServerLocal.java" sourcepath="gti/configuration/server/ConfigurationServerLocal.java"/>
    </Method>
    <Class classname="java.io.OutputStream" role="CLASS_REFTYPE">
      <SourceLine classname="java.io.OutputStream" start="29" end="135" sourcefile="OutputStream.java" sourcepath="java/io/OutputStream.java"/>
    </Class>
    <Int value="1" role="INT_OBLIGATIONS_REMAINING"/>
    <SourceLine classname="gti.configuration.server.ConfigurationServerLocal" start="460" end="460" startBytecode="101" endBytecode="101" sourcefile="ConfigurationServerLocal.java" sourcepath="gti/configuration/server/ConfigurationServerLocal.java" role="SOURCE_LINE_OBLIGATION_CREATED"/>
    <SourceLine classname="gti.configuration.server.ConfigurationServerLocal" start="461" end="461" startBytecode="106" endBytecode="106" sourcefile="ConfigurationServerLocal.java" sourcepath="gti/configuration/server/ConfigurationServerLocal.java" role="SOURCE_LINE_PATH_CONTINUES"/>
    <SourceLine classname="gti.configuration.server.ConfigurationServerLocal" start="511" end="511" startBytecode="417" endBytecode="417" sourcefile="ConfigurationServerLocal.java" sourcepath="gti/configuration/server/ConfigurationServerLocal.java" role="SOURCE_LINE_PATH_CONTINUES"/>
    <SourceLine classname="gti.configuration.server.ConfigurationServerLocal" start="513" end="513" startBytecode="419" endBytecode="419" sourcefile="ConfigurationServerLocal.java" sourcepath="gti/configuration/server/ConfigurationServerLocal.java" role="SOURCE_LINE_PATH_CONTINUES"/>
    <String value="{OutputStream x 1}" role="STRING_REMAINING_OBLIGATIONS"/>
  </BugInstance>
  <BugInstance type="PCAIL_POSSIBLE_CONSTANT_ALLOCATION_IN_LOOP" priority="2" abbrev="PCAIL" category="PERFORMANCE">
    <Class classname="gti.configuration.server.ConfigurationServerLocal">
      <SourceLine classname="gti.configuration.server.ConfigurationServerLocal" start="31" end="700" sourcefile="ConfigurationServerLocal.java" sourcepath="gti/configuration/server/ConfigurationServerLocal.java"/>
    </Class>
    <Method classname="gti.configuration.server.ConfigurationServerLocal" name="initDatabaseStore" signature="()V" isStatic="false">
      <SourceLine classname="gti.configuration.server.ConfigurationServerLocal" start="653" end="696" startBytecode="0" endBytecode="530" sourcefile="ConfigurationServerLocal.java" sourcepath="gti/configuration/server/ConfigurationServerLocal.java"/>
    </Method>
    <SourceLine classname="gti.configuration.server.ConfigurationServerLocal" start="673" end="673" startBytecode="80" endBytecode="80" sourcefile="ConfigurationServerLocal.java" sourcepath="gti/configuration/server/ConfigurationServerLocal.java"/>
  </BugInstance>
  <BugInstance type="REC_CATCH_EXCEPTION" priority="2" abbrev="REC" category="STYLE">
    <Class classname="gti.configuration.server.ConfigurationServerLocal">
      <SourceLine classname="gti.configuration.server.ConfigurationServerLocal" start="31" end="700" sourcefile="ConfigurationServerLocal.java" sourcepath="gti/configuration/server/ConfigurationServerLocal.java"/>
    </Class>
    <Method classname="gti.configuration.server.ConfigurationServerLocal" name="updateVersionControl" signature="(Lgti/configuration/conf/ConfigurationItem;Ljava/lang/String;Lgti/util/CompressedData;Ljava/util/Date;Ljava/lang/String;Ljava/lang/String;)V" isStatic="false">
      <SourceLine classname="gti.configuration.server.ConfigurationServerLocal" start="441" end="516" startBytecode="0" endBytecode="1104" sourcefile="ConfigurationServerLocal.java" sourcepath="gti/configuration/server/ConfigurationServerLocal.java"/>
    </Method>
    <SourceLine classname="gti.configuration.server.ConfigurationServerLocal" start="511" end="511" startBytecode="417" endBytecode="417" sourcefile="ConfigurationServerLocal.java" sourcepath="gti/configuration/server/ConfigurationServerLocal.java"/>
  </BugInstance>
  <BugInstance type="PCAIL_POSSIBLE_CONSTANT_ALLOCATION_IN_LOOP" priority="2" abbrev="PCAIL" category="PERFORMANCE">
    <Class classname="gti.configuration.server.command.InstallConfigurationCmd">
      <SourceLine classname="gti.configuration.server.command.InstallConfigurationCmd" start="20" end="134" sourcefile="InstallConfigurationCmd.java" sourcepath="gti/configuration/server/command/InstallConfigurationCmd.java"/>
    </Class>
    <Method classname="gti.configuration.server.command.InstallConfigurationCmd" name="main" signature="([Ljava/lang/String;)V" isStatic="true">
      <SourceLine classname="gti.configuration.server.command.InstallConfigurationCmd" start="67" end="134" startBytecode="0" endBytecode="899" sourcefile="InstallConfigurationCmd.java" sourcepath="gti/configuration/server/command/InstallConfigurationCmd.java"/>
    </Method>
    <SourceLine classname="gti.configuration.server.command.InstallConfigurationCmd" start="94" end="94" startBytecode="143" endBytecode="143" sourcefile="InstallConfigurationCmd.java" sourcepath="gti/configuration/server/command/InstallConfigurationCmd.java"/>
  </BugInstance>
  <BugInstance type="PCAIL_POSSIBLE_CONSTANT_ALLOCATION_IN_LOOP" priority="2" abbrev="PCAIL" category="PERFORMANCE">
    <Class classname="gti.configuration.server.command.InstallConfigurationCmd">
      <SourceLine classname="gti.configuration.server.command.InstallConfigurationCmd" start="20" end="134" sourcefile="InstallConfigurationCmd.java" sourcepath="gti/configuration/server/command/InstallConfigurationCmd.java"/>
    </Class>
    <Method classname="gti.configuration.server.command.InstallConfigurationCmd" name="main" signature="([Ljava/lang/String;)V" isStatic="true">
      <SourceLine classname="gti.configuration.server.command.InstallConfigurationCmd" start="67" end="134" startBytecode="0" endBytecode="899" sourcefile="InstallConfigurationCmd.java" sourcepath="gti/configuration/server/command/InstallConfigurationCmd.java"/>
    </Method>
    <SourceLine classname="gti.configuration.server.command.InstallConfigurationCmd" start="99" end="99" startBytecode="172" endBytecode="172" sourcefile="InstallConfigurationCmd.java" sourcepath="gti/configuration/server/command/InstallConfigurationCmd.java"/>
  </BugInstance>
  <BugInstance type="S508C_SET_COMP_COLOR" priority="2" abbrev="S508C" category="CORRECTNESS">
    <Class classname="gti.configuration.ui.ConfigurationButton">
      <SourceLine classname="gti.configuration.ui.ConfigurationButton" start="110" end="138" sourcefile="ConfigurationPanel.java" sourcepath="gti/configuration/ui/ConfigurationPanel.java"/>
    </Class>
    <Method classname="gti.configuration.ui.ConfigurationButton" name="setChanged" signature="(Z)V" isStatic="false">
      <SourceLine classname="gti.configuration.ui.ConfigurationButton" start="128" end="129" startBytecode="0" endBytecode="102" sourcefile="ConfigurationPanel.java" sourcepath="gti/configuration/ui/ConfigurationPanel.java"/>
    </Method>
    <SourceLine classname="gti.configuration.ui.ConfigurationButton" start="128" end="128" startBytecode="14" endBytecode="14" sourcefile="ConfigurationPanel.java" sourcepath="gti/configuration/ui/ConfigurationPanel.java"/>
  </BugInstance>
  <BugInstance type="FCBL_FIELD_COULD_BE_LOCAL" priority="2" abbrev="FCBL" category="CORRECTNESS">
    <Class classname="gti.configuration.util.ConfigurationObjectExporter">
      <SourceLine classname="gti.configuration.util.ConfigurationObjectExporter" start="12" end="23" sourcefile="ConfigurationObjectExporter.java" sourcepath="gti/configuration/util/ConfigurationObjectExporter.java"/>
    </Class>
    <Field classname="gti.configuration.util.ConfigurationObjectExporter" name="m_data" signature="Lgti/module/configuration/ConfigurationDataRoot;" isStatic="false">
      <SourceLine classname="gti.configuration.util.ConfigurationObjectExporter" sourcefile="ConfigurationObjectExporter.java" sourcepath="gti/configuration/util/ConfigurationObjectExporter.java"/>
    </Field>
    <SourceLine classname="gti.configuration.util.ConfigurationObjectExporter" start="13" end="13" startBytecode="6" endBytecode="6" sourcefile="ConfigurationObjectExporter.java" sourcepath="gti/configuration/util/ConfigurationObjectExporter.java"/>
  </BugInstance>
  <BugInstance type="URF_UNREAD_FIELD" priority="2" abbrev="UrF" category="PERFORMANCE">
    <Class classname="gti.configuration.util.ConfigurationObjectExporter">
      <SourceLine classname="gti.configuration.util.ConfigurationObjectExporter" start="12" end="23" sourcefile="ConfigurationObjectExporter.java" sourcepath="gti/configuration/util/ConfigurationObjectExporter.java"/>
    </Class>
    <Field classname="gti.configuration.util.ConfigurationObjectExporter" name="m_data" signature="Lgti/module/configuration/ConfigurationDataRoot;" isStatic="false">
      <SourceLine classname="gti.configuration.util.ConfigurationObjectExporter" sourcefile="ConfigurationObjectExporter.java" sourcepath="gti/configuration/util/ConfigurationObjectExporter.java"/>
    </Field>
    <SourceLine classname="gti.configuration.util.ConfigurationObjectExporter" start="13" end="13" startBytecode="6" endBytecode="6" sourcefile="ConfigurationObjectExporter.java" sourcepath="gti/configuration/util/ConfigurationObjectExporter.java"/>
  </BugInstance>
  <BugInstance type="UCPM_USE_CHARACTER_PARAMETERIZED_METHOD" priority="2" abbrev="UCPM" category="PERFORMANCE">
    <Class classname="gti.configuration.util.ConfigurationUtil">
      <SourceLine classname="gti.configuration.util.ConfigurationUtil" start="14" end="240" sourcefile="ConfigurationUtil.java" sourcepath="gti/configuration/util/ConfigurationUtil.java"/>
    </Class>
    <Method classname="gti.configuration.util.ConfigurationUtil" name="getBackupDir" signature="(Ljava/io/File;)Ljava/io/File;" isStatic="true">
      <SourceLine classname="gti.configuration.util.ConfigurationUtil" start="157" end="185" startBytecode="0" endBytecode="283" sourcefile="ConfigurationUtil.java" sourcepath="gti/configuration/util/ConfigurationUtil.java"/>
    </Method>
    <SourceLine classname="gti.configuration.util.ConfigurationUtil" start="178" end="178" startBytecode="53" endBytecode="53" sourcefile="ConfigurationUtil.java" sourcepath="gti/configuration/util/ConfigurationUtil.java"/>
  </BugInstance>
  <BugInstance type="UCPM_USE_CHARACTER_PARAMETERIZED_METHOD" priority="2" abbrev="UCPM" category="PERFORMANCE">
    <Class classname="gti.configuration.util.ConfigurationUtil">
      <SourceLine classname="gti.configuration.util.ConfigurationUtil" start="14" end="240" sourcefile="ConfigurationUtil.java" sourcepath="gti/configuration/util/ConfigurationUtil.java"/>
    </Class>
    <Method classname="gti.configuration.util.ConfigurationUtil" name="getConfigurationNameFromClassName" signature="(Ljava/lang/String;)Ljava/lang/String;" isStatic="true">
      <SourceLine classname="gti.configuration.util.ConfigurationUtil" start="224" end="232" startBytecode="0" endBytecode="116" sourcefile="ConfigurationUtil.java" sourcepath="gti/configuration/util/ConfigurationUtil.java"/>
    </Method>
    <SourceLine classname="gti.configuration.util.ConfigurationUtil" start="226" end="226" startBytecode="5" endBytecode="5" sourcefile="ConfigurationUtil.java" sourcepath="gti/configuration/util/ConfigurationUtil.java"/>
  </BugInstance>
  <BugInstance type="UCPM_USE_CHARACTER_PARAMETERIZED_METHOD" priority="2" abbrev="UCPM" category="PERFORMANCE">
    <Class classname="gti.configuration.util.ConfigurationUtil">
      <SourceLine classname="gti.configuration.util.ConfigurationUtil" start="14" end="240" sourcefile="ConfigurationUtil.java" sourcepath="gti/configuration/util/ConfigurationUtil.java"/>
    </Class>
    <Method classname="gti.configuration.util.ConfigurationUtil" name="getConfigurationNameFromFileName" signature="(Ljava/lang/String;)Ljava/lang/String;" isStatic="true">
      <SourceLine classname="gti.configuration.util.ConfigurationUtil" start="195" end="216" startBytecode="0" endBytecode="204" sourcefile="ConfigurationUtil.java" sourcepath="gti/configuration/util/ConfigurationUtil.java"/>
    </Method>
    <SourceLine classname="gti.configuration.util.ConfigurationUtil" start="204" end="204" startBytecode="31" endBytecode="31" sourcefile="ConfigurationUtil.java" sourcepath="gti/configuration/util/ConfigurationUtil.java"/>
  </BugInstance>
  <BugInstance type="SPP_USE_ISEMPTY" priority="2" abbrev="SPP" category="STYLE">
    <Class classname="gti.ui.main.ConfigurationModel$Configuration_Install_ModelAdapter">
      <SourceLine classname="gti.ui.main.ConfigurationModel$Configuration_Install_ModelAdapter" start="263" end="302" sourcefile="ConfigurationModel.java" sourcepath="gti/ui/main/ConfigurationModel.java"/>
    </Class>
    <Method classname="gti.ui.main.ConfigurationModel$Configuration_Install_ModelAdapter" name="setValueAt" signature="(Lgti/ui/base/CurrentRow;Ljava/lang/Object;)V" isStatic="false">
      <SourceLine classname="gti.ui.main.ConfigurationModel$Configuration_Install_ModelAdapter" start="283" end="302" startBytecode="0" endBytecode="285" sourcefile="ConfigurationModel.java" sourcepath="gti/ui/main/ConfigurationModel.java"/>
    </Method>
    <SourceLine classname="gti.ui.main.ConfigurationModel$Configuration_Install_ModelAdapter" start="295" end="295" startBytecode="76" endBytecode="76" sourcefile="ConfigurationModel.java" sourcepath="gti/ui/main/ConfigurationModel.java"/>
  </BugInstance>
  <Errors errors="0" missingClasses="0"></Errors>
  <FindBugsSummary timestamp="Fri, 20 Aug 2010 13:09:22 +0200" total_classes="57" referenced_classes="658" total_bugs="15" total_size="1813" num_packages="14" vm_version="17.0-b16" cpu_seconds="39.14" clock_seconds="21.89" peak_mbytes="209.72" alloc_mbytes="439.12" gc_seconds="1.29" priority_2="15">
    <PackageStats package="gti.configuration.change" total_bugs="0" total_types="4" total_size="111">
      <ClassStats class="gti.configuration.change.ConfigurationChangeItem" sourceFile="ConfigurationChangeItem.java" interface="false" size="18" bugs="0"/>
      <ClassStats class="gti.configuration.change.ConfigurationChangeListenerIF" sourceFile="ConfigurationChangeListenerIF.java" interface="true" size="2" bugs="0"/>
      <ClassStats class="gti.configuration.change.ConfigurationChangeSupervisor" sourceFile="ConfigurationChangeSupervisor.java" interface="false" size="69" bugs="0"/>
      <ClassStats class="gti.configuration.change.ConfigurationChangeSupervisor$1" sourceFile="ConfigurationChangeSupervisor.java" interface="false" size="22" bugs="0"/>
    </PackageStats>
    <PackageStats package="gti.configuration.client" total_bugs="2" total_types="5" total_size="221" priority_2="2">
      <ClassStats class="gti.configuration.client.ConfigurationManager" sourceFile="ConfigurationManager.java" interface="false" size="175" bugs="1" priority_2="1"/>
      <ClassStats class="gti.configuration.client.ConfigurationManager$1" sourceFile="ConfigurationManager.java" interface="false" size="6" bugs="0"/>
      <ClassStats class="gti.configuration.client.ConfigurationManager$CallBack" sourceFile="ConfigurationManager.java" interface="false" size="7" bugs="1" priority_2="1"/>
      <ClassStats class="gti.configuration.client.ConfigurationMap" sourceFile="ConfigurationMap.java" interface="false" size="22" bugs="0"/>
      <ClassStats class="gti.configuration.client.UpdateConfigurationMessage" sourceFile="UpdateConfigurationMessage.java" interface="false" size="11" bugs="0"/>
    </PackageStats>
    <PackageStats package="gti.configuration.conf" total_bugs="0" total_types="3" total_size="68">
      <ClassStats class="gti.configuration.conf.Configuration" sourceFile="Configuration.java" interface="false" size="26" bugs="0"/>
      <ClassStats class="gti.configuration.conf.ConfigurationItem" sourceFile="ConfigurationItem.java" interface="false" size="31" bugs="0"/>
      <ClassStats class="gti.configuration.conf.ConfigurationItem$StoreType" sourceFile="ConfigurationItem.java" interface="false" size="11" bugs="0"/>
    </PackageStats>
    <PackageStats package="gti.configuration.info" total_bugs="0" total_types="3" total_size="86">
      <ClassStats class="gti.configuration.info.ConfigurationElement" sourceFile="ConfigurationElement.java" interface="false" size="27" bugs="0"/>
      <ClassStats class="gti.configuration.info.ConfigurationElementVersion" sourceFile="ConfigurationElementVersion.java" interface="false" size="33" bugs="0"/>
      <ClassStats class="gti.configuration.info.ConfigurationInfo" sourceFile="ConfigurationInfo.java" interface="false" size="26" bugs="0"/>
    </PackageStats>
    <PackageStats package="gti.configuration.server" total_bugs="4" total_types="5" total_size="305" priority_2="4">
      <ClassStats class="gti.configuration.server.ConfigurationServer" sourceFile="ConfigurationServer.java" interface="false" size="7" bugs="0"/>
      <ClassStats class="gti.configuration.server.ConfigurationServerLocal" sourceFile="ConfigurationServerLocal.java" interface="false" size="253" bugs="4" priority_2="4"/>
      <ClassStats class="gti.configuration.server.ConfigurationServerLocal$1" sourceFile="ConfigurationServerLocal.java" interface="false" size="1" bugs="0"/>
      <ClassStats class="gti.configuration.server.ConfigurationServerLocal$InstallData" sourceFile="ConfigurationServerLocal.java" interface="false" size="21" bugs="0"/>
      <ClassStats class="gti.configuration.server.ConfigurationServerLocal$InstallItem" sourceFile="ConfigurationServerLocal.java" interface="false" size="23" bugs="0"/>
    </PackageStats>
    <PackageStats package="gti.configuration.server.command" total_bugs="2" total_types="3" total_size="76" priority_2="2">
      <ClassStats class="gti.configuration.server.command.ConfigurationServerCmd" sourceFile="ConfigurationServerCmd.java" interface="false" size="6" bugs="0"/>
      <ClassStats class="gti.configuration.server.command.GetConfigurationCmd" sourceFile="GetConfigurationCmd.java" interface="false" size="16" bugs="0"/>
      <ClassStats class="gti.configuration.server.command.InstallConfigurationCmd" sourceFile="InstallConfigurationCmd.java" interface="false" size="54" bugs="2" priority_2="2"/>
    </PackageStats>
    <PackageStats package="gti.configuration.ui" total_bugs="1" total_types="4" total_size="99" priority_2="1">
      <ClassStats class="gti.configuration.ui.ConfigurationButton" sourceFile="ConfigurationPanel.java" interface="false" size="20" bugs="1" priority_2="1"/>
      <ClassStats class="gti.configuration.ui.ConfigurationChangeChecker" sourceFile="ConfigurationChangeChecker.java" interface="false" size="34" bugs="0"/>
      <ClassStats class="gti.configuration.ui.ConfigurationPanel" sourceFile="ConfigurationPanel.java" interface="false" size="36" bugs="0"/>
      <ClassStats class="gti.configuration.ui.ConfigurationPanel$1" sourceFile="ConfigurationPanel.java" interface="false" size="9" bugs="0"/>
    </PackageStats>
    <PackageStats package="gti.configuration.util" total_bugs="5" total_types="8" total_size="334" priority_2="5">
      <ClassStats class="gti.configuration.util.ConfigurationDataItem" sourceFile="ConfigurationDataItem.java" interface="false" size="98" bugs="0"/>
      <ClassStats class="gti.configuration.util.ConfigurationDataItem$StoreByteArrayInputStream" sourceFile="ConfigurationDataItem.java" interface="false" size="8" bugs="0"/>
      <ClassStats class="gti.configuration.util.ConfigurationLoader" sourceFile="ConfigurationLoader.java" interface="false" size="50" bugs="0"/>
      <ClassStats class="gti.configuration.util.ConfigurationObjectExporter" sourceFile="ConfigurationObjectExporter.java" interface="false" size="8" bugs="2" priority_2="2"/>
      <ClassStats class="gti.configuration.util.ConfigurationObjectPrinter" sourceFile="ConfigurationObjectPrinter.java" interface="false" size="19" bugs="0"/>
      <ClassStats class="gti.configuration.util.ConfigurationStore" sourceFile="ConfigurationStore.java" interface="false" size="58" bugs="0"/>
      <ClassStats class="gti.configuration.util.ConfigurationUtil" sourceFile="ConfigurationUtil.java" interface="false" size="88" bugs="3" priority_2="3"/>
      <ClassStats class="gti.configuration.util.ConfigurationUtil$1" sourceFile="ConfigurationUtil.java" interface="false" size="5" bugs="0"/>
    </PackageStats>
    <PackageStats package="gti.configuration.util.log" total_bugs="0" total_types="1" total_size="10">
      <ClassStats class="gti.configuration.util.log.ConfigurationLog" sourceFile="ConfigurationLog.java" interface="false" size="10" bugs="0"/>
    </PackageStats>
    <PackageStats package="gti.domain" total_bugs="0" total_types="1" total_size="30">
      <ClassStats class="gti.domain.DbConfigurationItem" sourceFile="DbConfigurationItem.java" interface="false" size="30" bugs="0"/>
    </PackageStats>
    <PackageStats package="gti.domain.dao" total_bugs="0" total_types="1" total_size="9">
      <ClassStats class="gti.domain.dao.DbConfigurationItemDAO" sourceFile="DbConfigurationItemDAO.java" interface="false" size="9" bugs="0"/>
    </PackageStats>
    <PackageStats package="gti.module" total_bugs="0" total_types="4" total_size="92">
      <ClassStats class="gti.module.ConfigurationDesignModuleInterface" sourceFile="ConfigurationDesignModuleInterface.java" interface="false" size="5" bugs="0"/>
      <ClassStats class="gti.module.ConfigurationModule" sourceFile="ConfigurationModule.java" interface="false" size="10" bugs="0"/>
      <ClassStats class="gti.module.ConfigurationModuleInterface" sourceFile="ConfigurationModuleInterface.java" interface="false" size="51" bugs="0"/>
      <ClassStats class="gti.module.ConfigurationPersistModuleInterface" sourceFile="ConfigurationPersistModuleInterface.java" interface="false" size="26" bugs="0"/>
    </PackageStats>
    <PackageStats package="gti.ui.browser.ui" total_bugs="0" total_types="1" total_size="17">
      <ClassStats class="gti.ui.browser.ui.BrowserConfigurationUI" sourceFile="BrowserConfigurationUI.java" interface="false" size="17" bugs="0"/>
    </PackageStats>
    <PackageStats package="gti.ui.main" total_bugs="1" total_types="14" total_size="355" priority_2="1">
      <ClassStats class="gti.ui.main.ConfigurationForm" sourceFile="ConfigurationForm.java" interface="false" size="8" bugs="0"/>
      <ClassStats class="gti.ui.main.ConfigurationModel" sourceFile="ConfigurationModel.java" interface="false" size="86" bugs="0"/>
      <ClassStats class="gti.ui.main.ConfigurationModel$1" sourceFile="ConfigurationModel.java" interface="false" size="11" bugs="0"/>
      <ClassStats class="gti.ui.main.ConfigurationModel$2" sourceFile="ConfigurationModel.java" interface="false" size="14" bugs="0"/>
      <ClassStats class="gti.ui.main.ConfigurationModel$Conf" sourceFile="ConfigurationModel.java" interface="false" size="45" bugs="0"/>
      <ClassStats class="gti.ui.main.ConfigurationModel$ConfComparator" sourceFile="ConfigurationModel.java" interface="false" size="8" bugs="0"/>
      <ClassStats class="gti.ui.main.ConfigurationModel$Configuration_Description_ModelAdapter" sourceFile="ConfigurationModel.java" interface="false" size="21" bugs="0"/>
      <ClassStats class="gti.ui.main.ConfigurationModel$Configuration_EditFiles_ModelAdapter" sourceFile="ConfigurationModel.java" interface="false" size="28" bugs="0"/>
      <ClassStats class="gti.ui.main.ConfigurationModel$Configuration_Edit_ModelAdapter" sourceFile="ConfigurationModel.java" interface="false" size="28" bugs="0"/>
      <ClassStats class="gti.ui.main.ConfigurationModel$Configuration_InstallEnabled_ModelAdapter" sourceFile="ConfigurationModel.java" interface="false" size="20" bugs="0"/>
      <ClassStats class="gti.ui.main.ConfigurationModel$Configuration_Install_ModelAdapter" sourceFile="ConfigurationModel.java" interface="false" size="21" bugs="1" priority_2="1"/>
      <ClassStats class="gti.ui.main.ConfigurationModel$Configuration_Name_ModelAdapter" sourceFile="ConfigurationModel.java" interface="false" size="16" bugs="0"/>
      <ClassStats class="gti.ui.main.ConfigurationModel$Configuration_Store_Name_ModelAdapter" sourceFile="ConfigurationModel.java" interface="false" size="14" bugs="0"/>
      <ClassStats class="gti.ui.main.ConfigurationView" sourceFile="ConfigurationView.java" interface="false" size="35" bugs="0"/>
    </PackageStats>
    <FindBugsProfile>
      <ClassProfile name="com.mebigfatguy.fbcontrib.detect.InconsistentKeyNameCasing" totalMilliseconds="11" invocations="57" avgMicrosecondsPerInvocation="194" maxMicrosecondsPerInvocation="1919" standardDeviationMircosecondsPerInvocation="300"/>
      <ClassProfile name="edu.umd.cs.findbugs.detect.FindFieldSelfAssignment" totalMilliseconds="11" invocations="57" avgMicrosecondsPerInvocation="195" maxMicrosecondsPerInvocation="1736" standardDeviationMircosecondsPerInvocation="283"/>
      <ClassProfile name="edu.umd.cs.findbugs.detect.FindBugsSummaryStats" totalMilliseconds="11" invocations="658" avgMicrosecondsPerInvocation="17" maxMicrosecondsPerInvocation="2357" standardDeviationMircosecondsPerInvocation="92"/>
      <ClassProfile name="com.mebigfatguy.fbcontrib.detect.UnnecessaryNewNullCheck" totalMilliseconds="11" invocations="57" avgMicrosecondsPerInvocation="200" maxMicrosecondsPerInvocation="2661" standardDeviationMircosecondsPerInvocation="390"/>
      <ClassProfile name="com.mebigfatguy.fbcontrib.detect.StaticMethodInstanceInvocation" totalMilliseconds="11" invocations="57" avgMicrosecondsPerInvocation="203" maxMicrosecondsPerInvocation="2798" standardDeviationMircosecondsPerInvocation="402"/>
      <ClassProfile name="edu.umd.cs.findbugs.detect.ReadOfInstanceFieldInMethodInvokedByConstructorInSuperclass" totalMilliseconds="11" invocations="57" avgMicrosecondsPerInvocation="208" maxMicrosecondsPerInvocation="1863" standardDeviationMircosecondsPerInvocation="314"/>
      <ClassProfile name="edu.umd.cs.findbugs.detect.FindFloatEquality" totalMilliseconds="11" invocations="57" avgMicrosecondsPerInvocation="209" maxMicrosecondsPerInvocation="2063" standardDeviationMircosecondsPerInvocation="315"/>
      <ClassProfile name="edu.umd.cs.findbugs.detect.SynchronizingOnContentsOfFieldToProtectField" totalMilliseconds="12" invocations="57" avgMicrosecondsPerInvocation="211" maxMicrosecondsPerInvocation="1978" standardDeviationMircosecondsPerInvocation="313"/>
      <ClassProfile name="com.mebigfatguy.fbcontrib.detect.TailRecursion" totalMilliseconds="12" invocations="57" avgMicrosecondsPerInvocation="211" maxMicrosecondsPerInvocation="2107" standardDeviationMircosecondsPerInvocation="332"/>
      <ClassProfile name="edu.umd.cs.findbugs.detect.AppendingToAnObjectOutputStream" totalMilliseconds="12" invocations="57" avgMicrosecondsPerInvocation="211" maxMicrosecondsPerInvocation="2097" standardDeviationMircosecondsPerInvocation="317"/>
      <ClassProfile name="edu.umd.cs.findbugs.detect.NoteUnconditionalParamDerefs" totalMilliseconds="12" invocations="57" avgMicrosecondsPerInvocation="214" maxMicrosecondsPerInvocation="890" standardDeviationMircosecondsPerInvocation="210"/>
      <ClassProfile name="edu.umd.cs.findbugs.detect.FindBadForLoop" totalMilliseconds="12" invocations="57" avgMicrosecondsPerInvocation="215" maxMicrosecondsPerInvocation="2164" standardDeviationMircosecondsPerInvocation="331"/>
      <ClassProfile name="com.mebigfatguy.fbcontrib.detect.DubiousSetOfCollections" totalMilliseconds="12" invocations="57" avgMicrosecondsPerInvocation="216" maxMicrosecondsPerInvocation="2073" standardDeviationMircosecondsPerInvocation="349"/>
      <ClassProfile name="com.mebigfatguy.fbcontrib.detect.SuspiciousWaitOnConcurrentObject" totalMilliseconds="12" invocations="57" avgMicrosecondsPerInvocation="219" maxMicrosecondsPerInvocation="2239" standardDeviationMircosecondsPerInvocation="331"/>
      <ClassProfile name="com.mebigfatguy.fbcontrib.detect.SpuriousThreadStates" totalMilliseconds="12" invocations="57" avgMicrosecondsPerInvocation="221" maxMicrosecondsPerInvocation="2027" standardDeviationMircosecondsPerInvocation="308"/>
      <ClassProfile name="edu.umd.cs.findbugs.detect.LostLoggerDueToWeakReference" totalMilliseconds="12" invocations="57" avgMicrosecondsPerInvocation="223" maxMicrosecondsPerInvocation="2141" standardDeviationMircosecondsPerInvocation="340"/>
      <ClassProfile name="edu.umd.cs.findbugs.detect.BadResultSetAccess" totalMilliseconds="13" invocations="57" avgMicrosecondsPerInvocation="230" maxMicrosecondsPerInvocation="1996" standardDeviationMircosecondsPerInvocation="313"/>
      <ClassProfile name="edu.umd.cs.findbugs.detect.CrossSiteScripting" totalMilliseconds="13" invocations="57" avgMicrosecondsPerInvocation="232" maxMicrosecondsPerInvocation="2290" standardDeviationMircosecondsPerInvocation="352"/>
      <ClassProfile name="com.mebigfatguy.fbcontrib.detect.SloppyClassReflection" totalMilliseconds="13" invocations="57" avgMicrosecondsPerInvocation="233" maxMicrosecondsPerInvocation="2151" standardDeviationMircosecondsPerInvocation="342"/>
      <ClassProfile name="edu.umd.cs.findbugs.detect.BadSyntaxForRegularExpression" totalMilliseconds="13" invocations="57" avgMicrosecondsPerInvocation="236" maxMicrosecondsPerInvocation="2140" standardDeviationMircosecondsPerInvocation="334"/>
      <ClassProfile name="com.mebigfatguy.fbcontrib.detect.InappropriateToStringUse" totalMilliseconds="13" invocations="57" avgMicrosecondsPerInvocation="238" maxMicrosecondsPerInvocation="2387" standardDeviationMircosecondsPerInvocation="364"/>
      <ClassProfile name="com.mebigfatguy.fbcontrib.detect.DubiousListCollection" totalMilliseconds="13" invocations="57" avgMicrosecondsPerInvocation="240" maxMicrosecondsPerInvocation="2208" standardDeviationMircosecondsPerInvocation="359"/>
      <ClassProfile name="edu.umd.cs.findbugs.detect.FindNonShortCircuit" totalMilliseconds="13" invocations="57" avgMicrosecondsPerInvocation="241" maxMicrosecondsPerInvocation="2482" standardDeviationMircosecondsPerInvocation="383"/>
      <ClassProfile name="com.mebigfatguy.fbcontrib.detect.ConstantListIndex" totalMilliseconds="13" invocations="57" avgMicrosecondsPerInvocation="244" maxMicrosecondsPerInvocation="2415" standardDeviationMircosecondsPerInvocation="383"/>
      <ClassProfile name="edu.umd.cs.findbugs.detect.Methods" totalMilliseconds="14" invocations="658" avgMicrosecondsPerInvocation="22" maxMicrosecondsPerInvocation="1032" standardDeviationMircosecondsPerInvocation="53"/>
      <ClassProfile name="edu.umd.cs.findbugs.detect.DuplicateBranches" totalMilliseconds="14" invocations="57" avgMicrosecondsPerInvocation="256" maxMicrosecondsPerInvocation="6090" standardDeviationMircosecondsPerInvocation="803"/>
      <ClassProfile name="edu.umd.cs.findbugs.detect.DumbMethodInvocations" totalMilliseconds="14" invocations="57" avgMicrosecondsPerInvocation="259" maxMicrosecondsPerInvocation="1436" standardDeviationMircosecondsPerInvocation="262"/>
      <ClassProfile name="com.mebigfatguy.fbcontrib.detect.UseEnumCollections" totalMilliseconds="15" invocations="57" avgMicrosecondsPerInvocation="265" maxMicrosecondsPerInvocation="2494" standardDeviationMircosecondsPerInvocation="412"/>
      <ClassProfile name="edu.umd.cs.findbugs.classfile.engine.bcel.ObligationDataflowFactory" totalMilliseconds="15" invocations="19" avgMicrosecondsPerInvocation="795" maxMicrosecondsPerInvocation="12800" standardDeviationMircosecondsPerInvocation="2831"/>
      <ClassProfile name="com.mebigfatguy.fbcontrib.detect.CopiedOverriddenMethod" totalMilliseconds="15" invocations="57" avgMicrosecondsPerInvocation="274" maxMicrosecondsPerInvocation="1432" standardDeviationMircosecondsPerInvocation="359"/>
      <ClassProfile name="edu.umd.cs.findbugs.detect.FindUnsatisfiedObligation" totalMilliseconds="15" invocations="57" avgMicrosecondsPerInvocation="276" maxMicrosecondsPerInvocation="8806" standardDeviationMircosecondsPerInvocation="1194"/>
      <ClassProfile name="com.mebigfatguy.fbcontrib.detect.PartiallyConstructedObjectAccess" totalMilliseconds="15" invocations="57" avgMicrosecondsPerInvocation="276" maxMicrosecondsPerInvocation="2965" standardDeviationMircosecondsPerInvocation="424"/>
      <ClassProfile name="edu.umd.cs.findbugs.detect.InfiniteLoop" totalMilliseconds="15" invocations="57" avgMicrosecondsPerInvocation="278" maxMicrosecondsPerInvocation="2376" standardDeviationMircosecondsPerInvocation="412"/>
      <ClassProfile name="com.mebigfatguy.fbcontrib.detect.ReflectionOnObjectMethods" totalMilliseconds="16" invocations="57" avgMicrosecondsPerInvocation="285" maxMicrosecondsPerInvocation="2231" standardDeviationMircosecondsPerInvocation="371"/>
      <ClassProfile name="edu.umd.cs.findbugs.classfile.engine.bcel.LockDataflowFactory" totalMilliseconds="16" invocations="9" avgMicrosecondsPerInvocation="1817" maxMicrosecondsPerInvocation="6905" standardDeviationMircosecondsPerInvocation="1934"/>
      <ClassProfile name="edu.umd.cs.findbugs.detect.MethodReturnCheck" totalMilliseconds="16" invocations="57" avgMicrosecondsPerInvocation="288" maxMicrosecondsPerInvocation="2697" standardDeviationMircosecondsPerInvocation="416"/>
      <ClassProfile name="edu.umd.cs.findbugs.classfile.engine.bcel.ReverseDepthFirstSearchFactory" totalMilliseconds="16" invocations="308" avgMicrosecondsPerInvocation="53" maxMicrosecondsPerInvocation="718" standardDeviationMircosecondsPerInvocation="74"/>
      <ClassProfile name="com.mebigfatguy.fbcontrib.detect.UseSplit" totalMilliseconds="16" invocations="57" avgMicrosecondsPerInvocation="291" maxMicrosecondsPerInvocation="2471" standardDeviationMircosecondsPerInvocation="433"/>
      <ClassProfile name="edu.umd.cs.findbugs.classfile.engine.bcel.ClassContextClassAnalysisEngine" totalMilliseconds="16" invocations="791" avgMicrosecondsPerInvocation="21" maxMicrosecondsPerInvocation="3160" standardDeviationMircosecondsPerInvocation="112"/>
      <ClassProfile name="edu.umd.cs.findbugs.detect.RepeatedConditionals" totalMilliseconds="16" invocations="57" avgMicrosecondsPerInvocation="296" maxMicrosecondsPerInvocation="2527" standardDeviationMircosecondsPerInvocation="427"/>
      <ClassProfile name="com.mebigfatguy.fbcontrib.detect.WriteOnlyCollection" totalMilliseconds="17" invocations="57" avgMicrosecondsPerInvocation="302" maxMicrosecondsPerInvocation="2815" standardDeviationMircosecondsPerInvocation="448"/>
      <ClassProfile name="com.mebigfatguy.fbcontrib.detect.PossibleConstantAllocationInLoop" totalMilliseconds="17" invocations="57" avgMicrosecondsPerInvocation="303" maxMicrosecondsPerInvocation="2835" standardDeviationMircosecondsPerInvocation="462"/>
      <ClassProfile name="com.mebigfatguy.fbcontrib.detect.CustomBuiltXML" totalMilliseconds="17" invocations="57" avgMicrosecondsPerInvocation="310" maxMicrosecondsPerInvocation="3838" standardDeviationMircosecondsPerInvocation="570"/>
      <ClassProfile name="edu.umd.cs.findbugs.detect.FindSqlInjection" totalMilliseconds="18" invocations="57" avgMicrosecondsPerInvocation="316" maxMicrosecondsPerInvocation="2374" standardDeviationMircosecondsPerInvocation="389"/>
      <ClassProfile name="com.mebigfatguy.fbcontrib.detect.OverlyConcreteParameter" totalMilliseconds="18" invocations="57" avgMicrosecondsPerInvocation="316" maxMicrosecondsPerInvocation="2368" standardDeviationMircosecondsPerInvocation="343"/>
      <ClassProfile name="edu.umd.cs.findbugs.detect.FindSelfComparison" totalMilliseconds="18" invocations="57" avgMicrosecondsPerInvocation="321" maxMicrosecondsPerInvocation="3383" standardDeviationMircosecondsPerInvocation="534"/>
      <ClassProfile name="com.mebigfatguy.fbcontrib.detect.JDBCVendorReliance" totalMilliseconds="18" invocations="57" avgMicrosecondsPerInvocation="322" maxMicrosecondsPerInvocation="3283" standardDeviationMircosecondsPerInvocation="491"/>
      <ClassProfile name="com.mebigfatguy.fbcontrib.detect.InefficientStringBuffering" totalMilliseconds="18" invocations="57" avgMicrosecondsPerInvocation="322" maxMicrosecondsPerInvocation="2571" standardDeviationMircosecondsPerInvocation="392"/>
      <ClassProfile name="com.mebigfatguy.fbcontrib.detect.SuspiciousClusteredSessionSupport" totalMilliseconds="18" invocations="57" avgMicrosecondsPerInvocation="326" maxMicrosecondsPerInvocation="2735" standardDeviationMircosecondsPerInvocation="441"/>
      <ClassProfile name="edu.umd.cs.findbugs.detect.NoteCheckReturnValue" totalMilliseconds="18" invocations="658" avgMicrosecondsPerInvocation="28" maxMicrosecondsPerInvocation="1151" standardDeviationMircosecondsPerInvocation="61"/>
      <ClassProfile name="edu.umd.cs.findbugs.detect.FormatStringChecker" totalMilliseconds="19" invocations="57" avgMicrosecondsPerInvocation="333" maxMicrosecondsPerInvocation="6174" standardDeviationMircosecondsPerInvocation="851"/>
      <ClassProfile name="com.mebigfatguy.fbcontrib.detect.OrphanedDOMNode" totalMilliseconds="19" invocations="57" avgMicrosecondsPerInvocation="334" maxMicrosecondsPerInvocation="3735" standardDeviationMircosecondsPerInvocation="544"/>
      <ClassProfile name="edu.umd.cs.findbugs.detect.FindPuzzlers" totalMilliseconds="19" invocations="57" avgMicrosecondsPerInvocation="341" maxMicrosecondsPerInvocation="3527" standardDeviationMircosecondsPerInvocation="565"/>
      <ClassProfile name="edu.umd.cs.findbugs.detect.FindBadCast2" totalMilliseconds="20" invocations="57" avgMicrosecondsPerInvocation="353" maxMicrosecondsPerInvocation="3693" standardDeviationMircosecondsPerInvocation="713"/>
      <ClassProfile name="gti.findbugs.SwitchOnEnum" totalMilliseconds="20" invocations="57" avgMicrosecondsPerInvocation="355" maxMicrosecondsPerInvocation="3381" standardDeviationMircosecondsPerInvocation="539"/>
      <ClassProfile name="com.mebigfatguy.fbcontrib.detect.Section508Compliance" totalMilliseconds="20" invocations="57" avgMicrosecondsPerInvocation="362" maxMicrosecondsPerInvocation="3370" standardDeviationMircosecondsPerInvocation="524"/>
      <ClassProfile name="edu.umd.cs.findbugs.detect.NoteNonNullAnnotations" totalMilliseconds="21" invocations="658" avgMicrosecondsPerInvocation="32" maxMicrosecondsPerInvocation="577" standardDeviationMircosecondsPerInvocation="50"/>
      <ClassProfile name="edu.umd.cs.findbugs.detect.SwitchFallthrough" totalMilliseconds="22" invocations="57" avgMicrosecondsPerInvocation="386" maxMicrosecondsPerInvocation="3663" standardDeviationMircosecondsPerInvocation="575"/>
      <ClassProfile name="com.mebigfatguy.fbcontrib.detect.UseAddAll" totalMilliseconds="23" invocations="57" avgMicrosecondsPerInvocation="404" maxMicrosecondsPerInvocation="3570" standardDeviationMircosecondsPerInvocation="610"/>
      <ClassProfile name="com.mebigfatguy.fbcontrib.detect.LocalSynchronizedCollection" totalMilliseconds="23" invocations="57" avgMicrosecondsPerInvocation="408" maxMicrosecondsPerInvocation="2903" standardDeviationMircosecondsPerInvocation="574"/>
      <ClassProfile name="com.mebigfatguy.fbcontrib.detect.FieldCouldBeLocal" totalMilliseconds="23" invocations="57" avgMicrosecondsPerInvocation="413" maxMicrosecondsPerInvocation="5619" standardDeviationMircosecondsPerInvocation="867"/>
      <ClassProfile name="com.mebigfatguy.fbcontrib.detect.PossiblyRedundantMethodCalls" totalMilliseconds="23" invocations="57" avgMicrosecondsPerInvocation="419" maxMicrosecondsPerInvocation="5543" standardDeviationMircosecondsPerInvocation="789"/>
      <ClassProfile name="edu.umd.cs.findbugs.detect.StaticCalendarDetector" totalMilliseconds="24" invocations="57" avgMicrosecondsPerInvocation="423" maxMicrosecondsPerInvocation="19776" standardDeviationMircosecondsPerInvocation="2586"/>
      <ClassProfile name="edu.umd.cs.findbugs.detect.RuntimeExceptionCapture" totalMilliseconds="25" invocations="57" avgMicrosecondsPerInvocation="438" maxMicrosecondsPerInvocation="5037" standardDeviationMircosecondsPerInvocation="736"/>
      <ClassProfile name="edu.umd.cs.findbugs.detect.SerializableIdiom" totalMilliseconds="25" invocations="57" avgMicrosecondsPerInvocation="441" maxMicrosecondsPerInvocation="7035" standardDeviationMircosecondsPerInvocation="1077"/>
      <ClassProfile name="com.mebigfatguy.fbcontrib.detect.SillynessPotPourri" totalMilliseconds="25" invocations="57" avgMicrosecondsPerInvocation="450" maxMicrosecondsPerInvocation="4191" standardDeviationMircosecondsPerInvocation="764"/>
      <ClassProfile name="edu.umd.cs.findbugs.classfile.engine.bcel.MethodFactory" totalMilliseconds="26" invocations="585" avgMicrosecondsPerInvocation="45" maxMicrosecondsPerInvocation="891" standardDeviationMircosecondsPerInvocation="74"/>
      <ClassProfile name="edu.umd.cs.findbugs.detect.NoteJCIPAnnotation" totalMilliseconds="26" invocations="658" avgMicrosecondsPerInvocation="40" maxMicrosecondsPerInvocation="2048" standardDeviationMircosecondsPerInvocation="97"/>
      <ClassProfile name="com.mebigfatguy.fbcontrib.detect.LoggerOddities" totalMilliseconds="26" invocations="57" avgMicrosecondsPerInvocation="469" maxMicrosecondsPerInvocation="14717" standardDeviationMircosecondsPerInvocation="1929"/>
      <ClassProfile name="com.mebigfatguy.fbcontrib.detect.BloatedAssignmentScope" totalMilliseconds="27" invocations="57" avgMicrosecondsPerInvocation="478" maxMicrosecondsPerInvocation="4991" standardDeviationMircosecondsPerInvocation="787"/>
      <ClassProfile name="edu.umd.cs.findbugs.detect.FindUncalledPrivateMethods" totalMilliseconds="27" invocations="57" avgMicrosecondsPerInvocation="487" maxMicrosecondsPerInvocation="20609" standardDeviationMircosecondsPerInvocation="2692"/>
      <ClassProfile name="edu.umd.cs.findbugs.detect.DumbMethods" totalMilliseconds="28" invocations="57" avgMicrosecondsPerInvocation="503" maxMicrosecondsPerInvocation="5360" standardDeviationMircosecondsPerInvocation="859"/>
      <ClassProfile name="com.mebigfatguy.fbcontrib.detect.ArrayWrappedCallByReference" totalMilliseconds="28" invocations="57" avgMicrosecondsPerInvocation="505" maxMicrosecondsPerInvocation="26309" standardDeviationMircosecondsPerInvocation="3448"/>
      <ClassProfile name="edu.umd.cs.findbugs.detect.StreamResourceTracker" totalMilliseconds="29" invocations="18" avgMicrosecondsPerInvocation="1619" maxMicrosecondsPerInvocation="5302" standardDeviationMircosecondsPerInvocation="1380"/>
      <ClassProfile name="edu.umd.cs.findbugs.detect.CloneIdiom" totalMilliseconds="29" invocations="57" avgMicrosecondsPerInvocation="512" maxMicrosecondsPerInvocation="26947" standardDeviationMircosecondsPerInvocation="3532"/>
      <ClassProfile name="edu.umd.cs.findbugs.detect.UnreadFields" totalMilliseconds="29" invocations="57" avgMicrosecondsPerInvocation="512" maxMicrosecondsPerInvocation="3516" standardDeviationMircosecondsPerInvocation="597"/>
      <ClassProfile name="com.mebigfatguy.fbcontrib.detect.DeletingWhileIterating" totalMilliseconds="29" invocations="57" avgMicrosecondsPerInvocation="522" maxMicrosecondsPerInvocation="4114" standardDeviationMircosecondsPerInvocation="755"/>
      <ClassProfile name="edu.umd.cs.findbugs.detect.FindNullDeref" totalMilliseconds="30" invocations="57" avgMicrosecondsPerInvocation="533" maxMicrosecondsPerInvocation="4443" standardDeviationMircosecondsPerInvocation="652"/>
      <ClassProfile name="edu.umd.cs.findbugs.detect.NoteSuppressedWarnings" totalMilliseconds="33" invocations="658" avgMicrosecondsPerInvocation="51" maxMicrosecondsPerInvocation="2422" standardDeviationMircosecondsPerInvocation="118"/>
      <ClassProfile name="edu.umd.cs.findbugs.detect.LazyInit" totalMilliseconds="34" invocations="57" avgMicrosecondsPerInvocation="598" maxMicrosecondsPerInvocation="30772" standardDeviationMircosecondsPerInvocation="4038"/>
      <ClassProfile name="com.mebigfatguy.fbcontrib.detect.ImproperPropertiesUse" totalMilliseconds="35" invocations="57" avgMicrosecondsPerInvocation="616" maxMicrosecondsPerInvocation="24623" standardDeviationMircosecondsPerInvocation="3220"/>
      <ClassProfile name="com.mebigfatguy.fbcontrib.detect.ArrayBasedCollections" totalMilliseconds="35" invocations="57" avgMicrosecondsPerInvocation="628" maxMicrosecondsPerInvocation="22650" standardDeviationMircosecondsPerInvocation="2960"/>
      <ClassProfile name="edu.umd.cs.findbugs.classfile.engine.bcel.LoadedFieldSetFactory" totalMilliseconds="37" invocations="309" avgMicrosecondsPerInvocation="120" maxMicrosecondsPerInvocation="24069" standardDeviationMircosecondsPerInvocation="1383"/>
      <ClassProfile name="edu.umd.cs.findbugs.detect.URLProblems" totalMilliseconds="37" invocations="57" avgMicrosecondsPerInvocation="663" maxMicrosecondsPerInvocation="7213" standardDeviationMircosecondsPerInvocation="1076"/>
      <ClassProfile name="edu.umd.cs.findbugs.detect.FindHEmismatch" totalMilliseconds="38" invocations="57" avgMicrosecondsPerInvocation="669" maxMicrosecondsPerInvocation="20499" standardDeviationMircosecondsPerInvocation="2680"/>
      <ClassProfile name="edu.umd.cs.findbugs.detect.NumberConstructor" totalMilliseconds="39" invocations="57" avgMicrosecondsPerInvocation="697" maxMicrosecondsPerInvocation="28302" standardDeviationMircosecondsPerInvocation="3702"/>
      <ClassProfile name="com.mebigfatguy.fbcontrib.detect.UseToArray" totalMilliseconds="41" invocations="57" avgMicrosecondsPerInvocation="731" maxMicrosecondsPerInvocation="24720" standardDeviationMircosecondsPerInvocation="3248"/>
      <ClassProfile name="edu.umd.cs.findbugs.detect.FindDeadLocalStores" totalMilliseconds="42" invocations="57" avgMicrosecondsPerInvocation="741" maxMicrosecondsPerInvocation="6053" standardDeviationMircosecondsPerInvocation="1234"/>
      <ClassProfile name="edu.umd.cs.findbugs.detect.FindOpenStream" totalMilliseconds="42" invocations="57" avgMicrosecondsPerInvocation="742" maxMicrosecondsPerInvocation="10938" standardDeviationMircosecondsPerInvocation="2157"/>
      <ClassProfile name="com.mebigfatguy.fbcontrib.detect.SyncCollectionIterators" totalMilliseconds="44" invocations="57" avgMicrosecondsPerInvocation="777" maxMicrosecondsPerInvocation="30721" standardDeviationMircosecondsPerInvocation="4011"/>
      <ClassProfile name="edu.umd.cs.findbugs.detect.NoteAnnotationRetention" totalMilliseconds="48" invocations="658" avgMicrosecondsPerInvocation="73" maxMicrosecondsPerInvocation="28327" standardDeviationMircosecondsPerInvocation="1103"/>
      <ClassProfile name="gti.findbugs.TranslationFormatStringChecker" totalMilliseconds="49" invocations="57" avgMicrosecondsPerInvocation="871" maxMicrosecondsPerInvocation="38779" standardDeviationMircosecondsPerInvocation="5070"/>
      <ClassProfile name="edu.umd.cs.findbugs.detect.NoteCheckReturnValueAnnotations" totalMilliseconds="52" invocations="658" avgMicrosecondsPerInvocation="79" maxMicrosecondsPerInvocation="28971" standardDeviationMircosecondsPerInvocation="1172"/>
      <ClassProfile name="com.mebigfatguy.fbcontrib.detect.ConfusingAutoboxedOverloading" totalMilliseconds="56" invocations="57" avgMicrosecondsPerInvocation="985" maxMicrosecondsPerInvocation="26731" standardDeviationMircosecondsPerInvocation="4682"/>
      <ClassProfile name="edu.umd.cs.findbugs.detect.InfiniteRecursiveLoop" totalMilliseconds="56" invocations="57" avgMicrosecondsPerInvocation="987" maxMicrosecondsPerInvocation="44313" standardDeviationMircosecondsPerInvocation="5798"/>
      <ClassProfile name="edu.umd.cs.findbugs.ba.npe.TypeQualifierNullnessAnnotationDatabase" totalMilliseconds="58" invocations="4453" avgMicrosecondsPerInvocation="13" maxMicrosecondsPerInvocation="3313" standardDeviationMircosecondsPerInvocation="57"/>
      <ClassProfile name="com.mebigfatguy.fbcontrib.detect.MoreDumbMethods" totalMilliseconds="59" invocations="57" avgMicrosecondsPerInvocation="1048" maxMicrosecondsPerInvocation="9570" standardDeviationMircosecondsPerInvocation="1538"/>
      <ClassProfile name="edu.umd.cs.findbugs.detect.LoadOfKnownNullValue" totalMilliseconds="63" invocations="57" avgMicrosecondsPerInvocation="1106" maxMicrosecondsPerInvocation="10137" standardDeviationMircosecondsPerInvocation="1605"/>
      <ClassProfile name="edu.umd.cs.findbugs.classfile.engine.asm.ClassReaderAnalysisEngine" totalMilliseconds="65" invocations="2097" avgMicrosecondsPerInvocation="31" maxMicrosecondsPerInvocation="38985" standardDeviationMircosecondsPerInvocation="866"/>
      <ClassProfile name="edu.umd.cs.findbugs.detect.FindInconsistentSync2" totalMilliseconds="68" invocations="57" avgMicrosecondsPerInvocation="1197" maxMicrosecondsPerInvocation="21228" standardDeviationMircosecondsPerInvocation="2865"/>
      <ClassProfile name="edu.umd.cs.findbugs.detect.FindUnrelatedTypesInGenericContainer" totalMilliseconds="73" invocations="57" avgMicrosecondsPerInvocation="1281" maxMicrosecondsPerInvocation="52515" standardDeviationMircosecondsPerInvocation="6894"/>
      <ClassProfile name="edu.umd.cs.findbugs.detect.FindNullDeref$CheckCallSitesAndReturnInstructions" totalMilliseconds="87" invocations="304" avgMicrosecondsPerInvocation="288" maxMicrosecondsPerInvocation="40809" standardDeviationMircosecondsPerInvocation="2339"/>
      <ClassProfile name="edu.umd.cs.findbugs.DetectorToDetector2Adapter" totalMilliseconds="88" invocations="12115" avgMicrosecondsPerInvocation="7" maxMicrosecondsPerInvocation="32023" standardDeviationMircosecondsPerInvocation="290"/>
      <ClassProfile name="edu.umd.cs.findbugs.detect.NoteNonnullReturnValues" totalMilliseconds="98" invocations="57" avgMicrosecondsPerInvocation="1727" maxMicrosecondsPerInvocation="28768" standardDeviationMircosecondsPerInvocation="5103"/>
      <ClassProfile name="edu.umd.cs.findbugs.classfile.engine.bcel.LiveLocalStoreDataflowFactory" totalMilliseconds="102" invocations="291" avgMicrosecondsPerInvocation="352" maxMicrosecondsPerInvocation="37863" standardDeviationMircosecondsPerInvocation="2253"/>
      <ClassProfile name="edu.umd.cs.findbugs.classfile.engine.bcel.ConstantDataflowFactory" totalMilliseconds="111" invocations="309" avgMicrosecondsPerInvocation="360" maxMicrosecondsPerInvocation="14712" standardDeviationMircosecondsPerInvocation="998"/>
      <ClassProfile name="edu.umd.cs.findbugs.classfile.engine.bcel.DepthFirstSearchFactory" totalMilliseconds="120" invocations="394" avgMicrosecondsPerInvocation="305" maxMicrosecondsPerInvocation="53745" standardDeviationMircosecondsPerInvocation="3620"/>
      <ClassProfile name="edu.umd.cs.findbugs.ba.obl.ObligationAnalysis" totalMilliseconds="124" invocations="19" avgMicrosecondsPerInvocation="6545" maxMicrosecondsPerInvocation="49252" standardDeviationMircosecondsPerInvocation="11147"/>
      <ClassProfile name="edu.umd.cs.findbugs.NonReportingDetectorToDetector2Adapter" totalMilliseconds="138" invocations="9326" avgMicrosecondsPerInvocation="14" maxMicrosecondsPerInvocation="36389" standardDeviationMircosecondsPerInvocation="494"/>
      <ClassProfile name="com.mebigfatguy.fbcontrib.detect.UnrelatedCollectionContents" totalMilliseconds="140" invocations="57" avgMicrosecondsPerInvocation="2466" maxMicrosecondsPerInvocation="124171" standardDeviationMircosecondsPerInvocation="16269"/>
      <ClassProfile name="edu.umd.cs.findbugs.classfile.impl.ZipCodeBaseFactory" totalMilliseconds="167" invocations="169" avgMicrosecondsPerInvocation="993" maxMicrosecondsPerInvocation="111550" standardDeviationMircosecondsPerInvocation="8617"/>
      <ClassProfile name="com.mebigfatguy.fbcontrib.collect.CollectStatistics" totalMilliseconds="248" invocations="658" avgMicrosecondsPerInvocation="377" maxMicrosecondsPerInvocation="45168" standardDeviationMircosecondsPerInvocation="2419"/>
      <ClassProfile name="edu.umd.cs.findbugs.detect.ReflectiveClasses" totalMilliseconds="270" invocations="658" avgMicrosecondsPerInvocation="411" maxMicrosecondsPerInvocation="120658" standardDeviationMircosecondsPerInvocation="4905"/>
      <ClassProfile name="edu.umd.cs.findbugs.detect.CalledMethods" totalMilliseconds="275" invocations="658" avgMicrosecondsPerInvocation="419" maxMicrosecondsPerInvocation="53246" standardDeviationMircosecondsPerInvocation="2853"/>
      <ClassProfile name="edu.umd.cs.findbugs.classfile.engine.bcel.JavaClassAnalysisEngine" totalMilliseconds="285" invocations="816" avgMicrosecondsPerInvocation="350" maxMicrosecondsPerInvocation="42367" standardDeviationMircosecondsPerInvocation="2004"/>
      <ClassProfile name="edu.umd.cs.findbugs.detect.EqualsOperandShouldHaveClassCompatibleWithThis" totalMilliseconds="313" invocations="658" avgMicrosecondsPerInvocation="477" maxMicrosecondsPerInvocation="51777" standardDeviationMircosecondsPerInvocation="2996"/>
      <ClassProfile name="edu.umd.cs.findbugs.classfile.engine.bcel.MethodGenFactory" totalMilliseconds="320" invocations="310" avgMicrosecondsPerInvocation="1034" maxMicrosecondsPerInvocation="56993" standardDeviationMircosecondsPerInvocation="4779"/>
      <ClassProfile name="edu.umd.cs.findbugs.detect.BuildObligationPolicyDatabase" totalMilliseconds="321" invocations="658" avgMicrosecondsPerInvocation="488" maxMicrosecondsPerInvocation="40758" standardDeviationMircosecondsPerInvocation="2647"/>
      <ClassProfile name="edu.umd.cs.findbugs.classfile.engine.bcel.CFGFactory" totalMilliseconds="359" invocations="309" avgMicrosecondsPerInvocation="1164" maxMicrosecondsPerInvocation="49230" standardDeviationMircosecondsPerInvocation="3961"/>
      <ClassProfile name="edu.umd.cs.findbugs.detect.FindRefComparison$SpecialTypeAnalysis" totalMilliseconds="366" invocations="251" avgMicrosecondsPerInvocation="1460" maxMicrosecondsPerInvocation="48910" standardDeviationMircosecondsPerInvocation="4425"/>
      <ClassProfile name="edu.umd.cs.findbugs.detect.FindRefComparison" totalMilliseconds="458" invocations="57" avgMicrosecondsPerInvocation="8039" maxMicrosecondsPerInvocation="368536" standardDeviationMircosecondsPerInvocation="48819"/>
      <ClassProfile name="edu.umd.cs.findbugs.ba.npe.NullDerefAndRedundantComparisonFinder" totalMilliseconds="536" invocations="304" avgMicrosecondsPerInvocation="1765" maxMicrosecondsPerInvocation="39719" standardDeviationMircosecondsPerInvocation="4233"/>
      <ClassProfile name="com.mebigfatguy.fbcontrib.detect.FinalParameters" totalMilliseconds="559" invocations="57" avgMicrosecondsPerInvocation="9807" maxMicrosecondsPerInvocation="41595" standardDeviationMircosecondsPerInvocation="12848"/>
      <ClassProfile name="edu.umd.cs.findbugs.detect.OverridingEqualsNotSymmetrical" totalMilliseconds="664" invocations="658" avgMicrosecondsPerInvocation="1010" maxMicrosecondsPerInvocation="67229" standardDeviationMircosecondsPerInvocation="5006"/>
      <ClassProfile name="edu.umd.cs.findbugs.detect.NoteDirectlyRelevantTypeQualifiers" totalMilliseconds="692" invocations="658" avgMicrosecondsPerInvocation="1052" maxMicrosecondsPerInvocation="55281" standardDeviationMircosecondsPerInvocation="4736"/>
      <ClassProfile name="edu.umd.cs.findbugs.classfile.engine.bcel.ValueNumberDataflowFactory" totalMilliseconds="804" invocations="400" avgMicrosecondsPerInvocation="2011" maxMicrosecondsPerInvocation="81234" standardDeviationMircosecondsPerInvocation="7372"/>
      <ClassProfile name="edu.umd.cs.findbugs.classfile.engine.bcel.UnconditionalValueDerefDataflowFactory" totalMilliseconds="835" invocations="308" avgMicrosecondsPerInvocation="2711" maxMicrosecondsPerInvocation="64586" standardDeviationMircosecondsPerInvocation="7201"/>
      <ClassProfile name="edu.umd.cs.findbugs.classfile.engine.bcel.TypeDataflowFactory" totalMilliseconds="864" invocations="317" avgMicrosecondsPerInvocation="2727" maxMicrosecondsPerInvocation="60359" standardDeviationMircosecondsPerInvocation="8690"/>
      <ClassProfile name="edu.umd.cs.findbugs.classfile.engine.bcel.IsNullValueDataflowFactory" totalMilliseconds="947" invocations="309" avgMicrosecondsPerInvocation="3065" maxMicrosecondsPerInvocation="92201" standardDeviationMircosecondsPerInvocation="9727"/>
      <ClassProfile name="edu.umd.cs.findbugs.classfile.engine.ClassInfoAnalysisEngine" totalMilliseconds="1468" invocations="2290" avgMicrosecondsPerInvocation="641" maxMicrosecondsPerInvocation="61905" standardDeviationMircosecondsPerInvocation="3410"/>
      <ClassProfile name="edu.umd.cs.findbugs.OpcodeStack$JumpInfoFactory" totalMilliseconds="1583" invocations="9457" avgMicrosecondsPerInvocation="167" maxMicrosecondsPerInvocation="52321" standardDeviationMircosecondsPerInvocation="1570"/>
      <ClassProfile name="edu.umd.cs.findbugs.detect.FieldItemSummary" totalMilliseconds="1673" invocations="658" avgMicrosecondsPerInvocation="2543" maxMicrosecondsPerInvocation="95513" standardDeviationMircosecondsPerInvocation="9118"/>
      <ClassProfile name="edu.umd.cs.findbugs.classfile.engine.ClassDataAnalysisEngine" totalMilliseconds="2011" invocations="2295" avgMicrosecondsPerInvocation="876" maxMicrosecondsPerInvocation="352024" standardDeviationMircosecondsPerInvocation="10022"/>
    </FindBugsProfile>
  </FindBugsSummary>
  <ClassFeatures></ClassFeatures>
  <History></History>
</BugCollection>
