{
  "version" : "3.0.0",
  "gauges" : {
    "jenkins.executor.count.value" : {
      "value" : 58
    },
    "jenkins.executor.free.value" : {
      "value" : 58
    },
    "jenkins.executor.in-use.value" : {
      "value" : 0
    },
    "jenkins.health-check.count" : {
      "value" : 4
    },
    "jenkins.health-check.inverse-score" : {
      "value" : 0.0
    },
    "jenkins.health-check.score" : {
      "value" : 1.0
    },
    "jenkins.job.averageDepth" : {
      "value" : 2.522332506203474
    },
    "jenkins.job.count.value" : {
      "value" : 806
    },
    "jenkins.node.count.value" : {
      "value" : 16
    },
    "jenkins.node.offline.value" : {
      "value" : 0
    },
    "jenkins.node.online.value" : {
      "value" : 16
    },
    "jenkins.plugins.active" : {
      "value" : 166
    },
    "jenkins.plugins.failed" : {
      "value" : 0
    },
    "jenkins.plugins.inactive" : {
      "value" : 0
    },
    "jenkins.plugins.withUpdate" : {
      "value" : 30
    },
    "jenkins.project.count.value" : {
      "value" : 145
    },
    "jenkins.project.disabled.count.value" : {
      "value" : 72
    },
    "jenkins.project.enabled.count.value" : {
      "value" : 73
    },
    "jenkins.queue.blocked.value" : {
      "value" : 0
    },
    "jenkins.queue.buildable.value" : {
      "value" : 0
    },
    "jenkins.queue.pending.value" : {
      "value" : 0
    },
    "jenkins.queue.size.value" : {
      "value" : 0
    },
    "jenkins.queue.stuck.value" : {
      "value" : 0
    },
    "jenkins.versions.core" : {
      "value" : "2.106"
    },
    "jenkins.versions.plugin.ace-editor" : {
      "value" : "1.1"
    },
    "jenkins.versions.plugin.analysis-collector" : {
      "value" : "1.52"
    },
    "jenkins.versions.plugin.analysis-core" : {
      "value" : "1.94"
    },
    "jenkins.versions.plugin.ant" : {
      "value" : "1.8"
    },
    "jenkins.versions.plugin.antisamy-markup-formatter" : {
      "value" : "1.5"
    },
    "jenkins.versions.plugin.apache-httpcomponents-client-4-api" : {
      "value" : "4.5.3-2.1"
    },
    "jenkins.versions.plugin.authentication-tokens" : {
      "value" : "1.3"
    },
    "jenkins.versions.plugin.bitbucket" : {
      "value" : "1.1.8"
    },
    "jenkins.versions.plugin.blueocean" : {
      "value" : "1.4.1"
    },
    "jenkins.versions.plugin.blueocean-autofavorite" : {
      "value" : "1.2.1"
    },
    "jenkins.versions.plugin.blueocean-bitbucket-pipeline" : {
      "value" : "1.4.1"
    },
    "jenkins.versions.plugin.blueocean-commons" : {
      "value" : "1.4.1"
    },
    "jenkins.versions.plugin.blueocean-config" : {
      "value" : "1.4.1"
    },
    "jenkins.versions.plugin.blueocean-core-js" : {
      "value" : "1.4.1"
    },
    "jenkins.versions.plugin.blueocean-dashboard" : {
      "value" : "1.4.1"
    },
    "jenkins.versions.plugin.blueocean-display-url" : {
      "value" : "2.2.0"
    },
    "jenkins.versions.plugin.blueocean-events" : {
      "value" : "1.4.1"
    },
    "jenkins.versions.plugin.blueocean-git-pipeline" : {
      "value" : "1.4.1"
    },
    "jenkins.versions.plugin.blueocean-github-pipeline" : {
      "value" : "1.4.1"
    },
    "jenkins.versions.plugin.blueocean-i18n" : {
      "value" : "1.4.1"
    },
    "jenkins.versions.plugin.blueocean-jira" : {
      "value" : "1.4.1"
    },
    "jenkins.versions.plugin.blueocean-jwt" : {
      "value" : "1.4.1"
    },
    "jenkins.versions.plugin.blueocean-personalization" : {
      "value" : "1.4.1"
    },
    "jenkins.versions.plugin.blueocean-pipeline-api-impl" : {
      "value" : "1.4.1"
    },
    "jenkins.versions.plugin.blueocean-pipeline-editor" : {
      "value" : "1.4.1"
    },
    "jenkins.versions.plugin.blueocean-pipeline-scm-api" : {
      "value" : "1.4.1"
    },
    "jenkins.versions.plugin.blueocean-rest" : {
      "value" : "1.4.1"
    },
    "jenkins.versions.plugin.blueocean-rest-impl" : {
      "value" : "1.4.1"
    },
    "jenkins.versions.plugin.blueocean-web" : {
      "value" : "1.4.1"
    },
    "jenkins.versions.plugin.bouncycastle-api" : {
      "value" : "2.16.2"
    },
    "jenkins.versions.plugin.branch-api" : {
      "value" : "2.0.18"
    },
    "jenkins.versions.plugin.build-timeout" : {
      "value" : "1.19"
    },
    "jenkins.versions.plugin.built-on-column" : {
      "value" : "1.1"
    },
    "jenkins.versions.plugin.checkstyle" : {
      "value" : "3.50"
    },
    "jenkins.versions.plugin.chucknorris" : {
      "value" : "1.1"
    },
    "jenkins.versions.plugin.cloudbees-bitbucket-branch-source" : {
      "value" : "2.2.9"
    },
    "jenkins.versions.plugin.cloudbees-folder" : {
      "value" : "6.3"
    },
    "jenkins.versions.plugin.command-launcher" : {
      "value" : "1.2"
    },
    "jenkins.versions.plugin.conditional-buildstep" : {
      "value" : "1.3.6"
    },
    "jenkins.versions.plugin.config-file-provider" : {
      "value" : "2.17"
    },
    "jenkins.versions.plugin.convert-to-pipeline" : {
      "value" : "1.0"
    },
    "jenkins.versions.plugin.cppcheck" : {
      "value" : "1.21"
    },
    "jenkins.versions.plugin.credentials" : {
      "value" : "2.1.16"
    },
    "jenkins.versions.plugin.credentials-binding" : {
      "value" : "1.15"
    },
    "jenkins.versions.plugin.custom-view-tabs" : {
      "value" : "1.3"
    },
    "jenkins.versions.plugin.cvs" : {
      "value" : "2.13"
    },
    "jenkins.versions.plugin.display-url-api" : {
      "value" : "2.2.0"
    },
    "jenkins.versions.plugin.docker-commons" : {
      "value" : "1.11"
    },
    "jenkins.versions.plugin.docker-workflow" : {
      "value" : "1.15"
    },
    "jenkins.versions.plugin.durable-task" : {
      "value" : "1.17"
    },
    "jenkins.versions.plugin.email-ext" : {
      "value" : "2.61"
    },
    "jenkins.versions.plugin.envinject" : {
      "value" : "2.1.5"
    },
    "jenkins.versions.plugin.envinject-api" : {
      "value" : "1.5"
    },
    "jenkins.versions.plugin.extensible-choice-parameter" : {
      "value" : "1.4.2"
    },
    "jenkins.versions.plugin.external-monitor-job" : {
      "value" : "1.7"
    },
    "jenkins.versions.plugin.favorite" : {
      "value" : "2.3.1"
    },
    "jenkins.versions.plugin.git" : {
      "value" : "3.7.0"
    },
    "jenkins.versions.plugin.git-client" : {
      "value" : "2.7.1"
    },
    "jenkins.versions.plugin.git-server" : {
      "value" : "1.7"
    },
    "jenkins.versions.plugin.github" : {
      "value" : "1.29.0"
    },
    "jenkins.versions.plugin.github-api" : {
      "value" : "1.90"
    },
    "jenkins.versions.plugin.github-branch-source" : {
      "value" : "2.3.2"
    },
    "jenkins.versions.plugin.gradle" : {
      "value" : "1.28"
    },
    "jenkins.versions.plugin.greenballs" : {
      "value" : "1.15"
    },
    "jenkins.versions.plugin.groovy" : {
      "value" : "2.0"
    },
    "jenkins.versions.plugin.groovy-postbuild" : {
      "value" : "2.3.1"
    },
    "jenkins.versions.plugin.handlebars" : {
      "value" : "1.1.1"
    },
    "jenkins.versions.plugin.handy-uri-templates-2-api" : {
      "value" : "2.1.6-1.0"
    },
    "jenkins.versions.plugin.htmlpublisher" : {
      "value" : "1.14"
    },
    "jenkins.versions.plugin.icon-shim" : {
      "value" : "2.0.3"
    },
    "jenkins.versions.plugin.instant-messaging" : {
      "value" : "1.35"
    },
    "jenkins.versions.plugin.ircbot" : {
      "value" : "2.30"
    },
    "jenkins.versions.plugin.jackson2-api" : {
      "value" : "2.8.11.1"
    },
    "jenkins.versions.plugin.javadoc" : {
      "value" : "1.4"
    },
    "jenkins.versions.plugin.jenkins-design-language" : {
      "value" : "1.4.1"
    },
    "jenkins.versions.plugin.jenkins-multijob-plugin" : {
      "value" : "1.28"
    },
    "jenkins.versions.plugin.jira" : {
      "value" : "2.5"
    },
    "jenkins.versions.plugin.job-restrictions" : {
      "value" : "0.6"
    },
    "jenkins.versions.plugin.jquery-detached" : {
      "value" : "1.2.1"
    },
    "jenkins.versions.plugin.jsch" : {
      "value" : "0.1.54.1"
    },
    "jenkins.versions.plugin.junit" : {
      "value" : "1.24"
    },
    "jenkins.versions.plugin.ldap" : {
      "value" : "1.19"
    },
    "jenkins.versions.plugin.lockable-resources" : {
      "value" : "2.1"
    },
    "jenkins.versions.plugin.log-parser" : {
      "value" : "2.0"
    },
    "jenkins.versions.plugin.mailer" : {
      "value" : "1.20"
    },
    "jenkins.versions.plugin.mapdb-api" : {
      "value" : "1.0.9.0"
    },
    "jenkins.versions.plugin.matrix-auth" : {
      "value" : "2.2"
    },
    "jenkins.versions.plugin.matrix-project" : {
      "value" : "1.12"
    },
    "jenkins.versions.plugin.maven-plugin" : {
      "value" : "3.1"
    },
    "jenkins.versions.plugin.mercurial" : {
      "value" : "2.2"
    },
    "jenkins.versions.plugin.metadata" : {
      "value" : "1.1.0b"
    },
    "jenkins.versions.plugin.metrics" : {
      "value" : "3.1.2.10"
    },
    "jenkins.versions.plugin.momentjs" : {
      "value" : "1.1.1"
    },
    "jenkins.versions.plugin.multiple-scms" : {
      "value" : "0.6"
    },
    "jenkins.versions.plugin.nested-view" : {
      "value" : "1.14"
    },
    "jenkins.versions.plugin.pam-auth" : {
      "value" : "1.3"
    },
    "jenkins.versions.plugin.parameterized-trigger" : {
      "value" : "2.35.2"
    },
    "jenkins.versions.plugin.pipeline-aggregator-view" : {
      "value" : "1.8"
    },
    "jenkins.versions.plugin.pipeline-build-step" : {
      "value" : "2.7"
    },
    "jenkins.versions.plugin.pipeline-github" : {
      "value" : "1.0"
    },
    "jenkins.versions.plugin.pipeline-github-lib" : {
      "value" : "1.0"
    },
    "jenkins.versions.plugin.pipeline-graph-analysis" : {
      "value" : "1.6"
    },
    "jenkins.versions.plugin.pipeline-input-step" : {
      "value" : "2.8"
    },
    "jenkins.versions.plugin.pipeline-maven" : {
      "value" : "3.3.0"
    },
    "jenkins.versions.plugin.pipeline-milestone-step" : {
      "value" : "1.3.1"
    },
    "jenkins.versions.plugin.pipeline-model-api" : {
      "value" : "1.2.7"
    },
    "jenkins.versions.plugin.pipeline-model-declarative-agent" : {
      "value" : "1.1.1"
    },
    "jenkins.versions.plugin.pipeline-model-definition" : {
      "value" : "1.2.7"
    },
    "jenkins.versions.plugin.pipeline-model-extensions" : {
      "value" : "1.2.7"
    },
    "jenkins.versions.plugin.pipeline-multibranch-defaults" : {
      "value" : "1.1"
    },
    "jenkins.versions.plugin.pipeline-npm" : {
      "value" : "0.9.2"
    },
    "jenkins.versions.plugin.pipeline-rest-api" : {
      "value" : "2.9"
    },
    "jenkins.versions.plugin.pipeline-stage-step" : {
      "value" : "2.3"
    },
    "jenkins.versions.plugin.pipeline-stage-tags-metadata" : {
      "value" : "1.2.7"
    },
    "jenkins.versions.plugin.pipeline-stage-view" : {
      "value" : "2.9"
    },
    "jenkins.versions.plugin.pipeline-utility-steps" : {
      "value" : "1.5.1"
    },
    "jenkins.versions.plugin.plain-credentials" : {
      "value" : "1.4"
    },
    "jenkins.versions.plugin.postbuild-task" : {
      "value" : "1.8"
    },
    "jenkins.versions.plugin.preSCMbuildstep" : {
      "value" : "0.3"
    },
    "jenkins.versions.plugin.publish-over" : {
      "value" : "0.21"
    },
    "jenkins.versions.plugin.publish-over-ssh" : {
      "value" : "1.18"
    },
    "jenkins.versions.plugin.pubsub-light" : {
      "value" : "1.12"
    },
    "jenkins.versions.plugin.rebuild" : {
      "value" : "1.27"
    },
    "jenkins.versions.plugin.resource-disposer" : {
      "value" : "0.8"
    },
    "jenkins.versions.plugin.run-condition" : {
      "value" : "1.0"
    },
    "jenkins.versions.plugin.run-selector" : {
      "value" : "1.0.0"
    },
    "jenkins.versions.plugin.scm-api" : {
      "value" : "2.2.6"
    },
    "jenkins.versions.plugin.script-security" : {
      "value" : "1.41"
    },
    "jenkins.versions.plugin.simple-build-for-pipeline" : {
      "value" : "0.2"
    },
    "jenkins.versions.plugin.simple-theme-plugin" : {
      "value" : "0.3"
    },
    "jenkins.versions.plugin.simple-travis-runner" : {
      "value" : "1.0"
    },
    "jenkins.versions.plugin.sse-gateway" : {
      "value" : "1.15"
    },
    "jenkins.versions.plugin.ssh" : {
      "value" : "2.5"
    },
    "jenkins.versions.plugin.ssh-agent" : {
      "value" : "1.15"
    },
    "jenkins.versions.plugin.ssh-credentials" : {
      "value" : "1.13"
    },
    "jenkins.versions.plugin.ssh-slaves" : {
      "value" : "1.25.1"
    },
    "jenkins.versions.plugin.stash-pullrequest-builder" : {
      "value" : "1.7.1-SNAPSHOT"
    },
    "jenkins.versions.plugin.stashNotifier" : {
      "value" : "1.13"
    },
    "jenkins.versions.plugin.structs" : {
      "value" : "1.13"
    },
    "jenkins.versions.plugin.subversion" : {
      "value" : "2.10.2"
    },
    "jenkins.versions.plugin.tasks" : {
      "value" : "4.52"
    },
    "jenkins.versions.plugin.thinBackup" : {
      "value" : "1.9"
    },
    "jenkins.versions.plugin.throttle-concurrents" : {
      "value" : "2.0.1"
    },
    "jenkins.versions.plugin.timestamper" : {
      "value" : "1.8.9"
    },
    "jenkins.versions.plugin.token-macro" : {
      "value" : "2.3"
    },
    "jenkins.versions.plugin.translation" : {
      "value" : "1.16"
    },
    "jenkins.versions.plugin.variant" : {
      "value" : "1.1"
    },
    "jenkins.versions.plugin.view-job-filters" : {
      "value" : "1.27"
    },
    "jenkins.versions.plugin.violations" : {
      "value" : "0.7.11"
    },
    "jenkins.versions.plugin.warnings" : {
      "value" : "4.65"
    },
    "jenkins.versions.plugin.webhook-step" : {
      "value" : "1.3"
    },
    "jenkins.versions.plugin.windows-slaves" : {
      "value" : "1.3.1"
    },
    "jenkins.versions.plugin.workflow-aggregator" : {
      "value" : "2.5"
    },
    "jenkins.versions.plugin.workflow-api" : {
      "value" : "2.25"
    },
    "jenkins.versions.plugin.workflow-basic-steps" : {
      "value" : "2.6"
    },
    "jenkins.versions.plugin.workflow-cps" : {
      "value" : "2.44"
    },
    "jenkins.versions.plugin.workflow-cps-global-lib" : {
      "value" : "2.9"
    },
    "jenkins.versions.plugin.workflow-durable-task-step" : {
      "value" : "2.18"
    },
    "jenkins.versions.plugin.workflow-job" : {
      "value" : "2.17"
    },
    "jenkins.versions.plugin.workflow-multibranch" : {
      "value" : "2.17"
    },
    "jenkins.versions.plugin.workflow-remote-loader" : {
      "value" : "1.4"
    },
    "jenkins.versions.plugin.workflow-scm-step" : {
      "value" : "2.6"
    },
    "jenkins.versions.plugin.workflow-step-api" : {
      "value" : "2.14"
    },
    "jenkins.versions.plugin.workflow-support" : {
      "value" : "2.18"
    },
    "jenkins.versions.plugin.ws-cleanup" : {
      "value" : "0.34"
    },
    "system.cpu.load" : {
      "value" : 2.12
    },
    "vm.blocked.count" : {
      "value" : 1
    },
    "vm.class.loaded" : {
      "value" : 67560
    },
    "vm.class.unloaded" : {
      "value" : 41897
    },
    "vm.count" : {
      "value" : 172
    },
    "vm.cpu.load" : {
      "value" : 0.08801515573777516
    },
    "vm.daemon.count" : {
      "value" : 97
    },
    "vm.deadlock.count" : {
      "value" : 0
    },
    "vm.deadlocks" : {
      "value" : [ ]
    },
    "vm.file.descriptor.ratio" : {
      "value" : 0.229248046875
    },
    "vm.gc.PS-MarkSweep.count" : {
      "value" : 351
    },
    "vm.gc.PS-MarkSweep.time" : {
      "value" : 346992
    },
    "vm.gc.PS-Scavenge.count" : {
      "value" : 11527
    },
    "vm.gc.PS-Scavenge.time" : {
      "value" : 296206
    },
    "vm.memory.heap.committed" : {
      "value" : 785907712
    },
    "vm.memory.heap.init" : {
      "value" : 62914560
    },
    "vm.memory.heap.max" : {
      "value" : 883949568
    },
    "vm.memory.heap.usage" : {
      "value" : 0.38381154342054047
    },
    "vm.memory.heap.used" : {
      "value" : 339270048
    },
    "vm.memory.non-heap.committed" : {
      "value" : 414580736
    },
    "vm.memory.non-heap.init" : {
      "value" : 2555904
    },
    "vm.memory.non-heap.max" : {
      "value" : -1
    },
    "vm.memory.non-heap.usage" : {
      "value" : -3.22024832E8
    },
    "vm.memory.non-heap.used" : {
      "value" : 322024896
    },
    "vm.memory.pools.Code-Cache.committed" : {
      "value" : 145883136
    },
    "vm.memory.pools.Code-Cache.init" : {
      "value" : 2555904
    },
    "vm.memory.pools.Code-Cache.max" : {
      "value" : 251658240
    },
    "vm.memory.pools.Code-Cache.usage" : {
      "value" : 0.575494384765625
    },
    "vm.memory.pools.Code-Cache.used" : {
      "value" : 144827904
    },
    "vm.memory.pools.Compressed-Class-Space.committed" : {
      "value" : 40632320
    },
    "vm.memory.pools.Compressed-Class-Space.init" : {
      "value" : 0
    },
    "vm.memory.pools.Compressed-Class-Space.max" : {
      "value" : 1073741824
    },
    "vm.memory.pools.Compressed-Class-Space.usage" : {
      "value" : 0.016123689711093903
    },
    "vm.memory.pools.Compressed-Class-Space.used" : {
      "value" : 17312680
    },
    "vm.memory.pools.Metaspace.committed" : {
      "value" : 228065280
    },
    "vm.memory.pools.Metaspace.init" : {
      "value" : 0
    },
    "vm.memory.pools.Metaspace.max" : {
      "value" : -1
    },
    "vm.memory.pools.Metaspace.usage" : {
      "value" : 0.7010478052599677
    },
    "vm.memory.pools.Metaspace.used" : {
      "value" : 159884664
    },
    "vm.memory.pools.PS-Eden-Space.committed" : {
      "value" : 107479040
    },
    "vm.memory.pools.PS-Eden-Space.init" : {
      "value" : 15728640
    },
    "vm.memory.pools.PS-Eden-Space.max" : {
      "value" : 188219392
    },
    "vm.memory.pools.PS-Eden-Space.usage" : {
      "value" : 0.0050380781168393104
    },
    "vm.memory.pools.PS-Eden-Space.used" : {
      "value" : 948264
    },
    "vm.memory.pools.PS-Old-Gen.committed" : {
      "value" : 607125504
    },
    "vm.memory.pools.PS-Old-Gen.init" : {
      "value" : 41943040
    },
    "vm.memory.pools.PS-Old-Gen.max" : {
      "value" : 662700032
    },
    "vm.memory.pools.PS-Old-Gen.usage" : {
      "value" : 0.5096796615214287
    },
    "vm.memory.pools.PS-Old-Gen.used" : {
      "value" : 337764728
    },
    "vm.memory.pools.PS-Survivor-Space.committed" : {
      "value" : 71303168
    },
    "vm.memory.pools.PS-Survivor-Space.init" : {
      "value" : 2621440
    },
    "vm.memory.pools.PS-Survivor-Space.max" : {
      "value" : 71303168
    },
    "vm.memory.pools.PS-Survivor-Space.usage" : {
      "value" : 0.0078125
    },
    "vm.memory.pools.PS-Survivor-Space.used" : {
      "value" : 557056
    },
    "vm.memory.total.committed" : {
      "value" : 1200488448
    },
    "vm.memory.total.init" : {
      "value" : 65470464
    },
    "vm.memory.total.max" : {
      "value" : 883949567
    },
    "vm.memory.total.used" : {
      "value" : 661295552
    },
    "vm.new.count" : {
      "value" : 0
    },
    "vm.runnable.count" : {
      "value" : 33
    },
    "vm.terminated.count" : {
      "value" : 0
    },
    "vm.timed_waiting.count" : {
      "value" : 38
    },
    "vm.uptime.milliseconds" : {
      "value" : 275428415
    },
    "vm.waiting.count" : {
      "value" : 100
    }
  },
  "counters" : {
    "http.activeRequests" : {
      "count" : 1
    }
  },
  "histograms" : {
    "jenkins.executor.count.history" : {
      "count" : 0,
      "max" : 0,
      "mean" : 0.0,
      "min" : 0,
      "p50" : 0.0,
      "p75" : 0.0,
      "p95" : 0.0,
      "p98" : 0.0,
      "p99" : 0.0,
      "p999" : 0.0,
      "values" : [ ],
      "stddev" : 0.0
    },
    "jenkins.executor.free.history" : {
      "count" : 0,
      "max" : 0,
      "mean" : 0.0,
      "min" : 0,
      "p50" : 0.0,
      "p75" : 0.0,
      "p95" : 0.0,
      "p98" : 0.0,
      "p99" : 0.0,
      "p999" : 0.0,
      "values" : [ ],
      "stddev" : 0.0
    },
    "jenkins.executor.in-use.history" : {
      "count" : 0,
      "max" : 0,
      "mean" : 0.0,
      "min" : 0,
      "p50" : 0.0,
      "p75" : 0.0,
      "p95" : 0.0,
      "p98" : 0.0,
      "p99" : 0.0,
      "p999" : 0.0,
      "values" : [ ],
      "stddev" : 0.0
    },
    "jenkins.job.count.history" : {
      "count" : 0,
      "max" : 0,
      "mean" : 0.0,
      "min" : 0,
      "p50" : 0.0,
      "p75" : 0.0,
      "p95" : 0.0,
      "p98" : 0.0,
      "p99" : 0.0,
      "p999" : 0.0,
      "values" : [ ],
      "stddev" : 0.0
    },
    "jenkins.node.count.history" : {
      "count" : 0,
      "max" : 0,
      "mean" : 0.0,
      "min" : 0,
      "p50" : 0.0,
      "p75" : 0.0,
      "p95" : 0.0,
      "p98" : 0.0,
      "p99" : 0.0,
      "p999" : 0.0,
      "values" : [ ],
      "stddev" : 0.0
    },
    "jenkins.node.offline.history" : {
      "count" : 0,
      "max" : 0,
      "mean" : 0.0,
      "min" : 0,
      "p50" : 0.0,
      "p75" : 0.0,
      "p95" : 0.0,
      "p98" : 0.0,
      "p99" : 0.0,
      "p999" : 0.0,
      "values" : [ ],
      "stddev" : 0.0
    },
    "jenkins.node.online.history" : {
      "count" : 0,
      "max" : 0,
      "mean" : 0.0,
      "min" : 0,
      "p50" : 0.0,
      "p75" : 0.0,
      "p95" : 0.0,
      "p98" : 0.0,
      "p99" : 0.0,
      "p999" : 0.0,
      "values" : [ ],
      "stddev" : 0.0
    },
    "jenkins.project.count.history" : {
      "count" : 0,
      "max" : 0,
      "mean" : 0.0,
      "min" : 0,
      "p50" : 0.0,
      "p75" : 0.0,
      "p95" : 0.0,
      "p98" : 0.0,
      "p99" : 0.0,
      "p999" : 0.0,
      "values" : [ ],
      "stddev" : 0.0
    },
    "jenkins.project.disabled.count.history" : {
      "count" : 0,
      "max" : 0,
      "mean" : 0.0,
      "min" : 0,
      "p50" : 0.0,
      "p75" : 0.0,
      "p95" : 0.0,
      "p98" : 0.0,
      "p99" : 0.0,
      "p999" : 0.0,
      "values" : [ ],
      "stddev" : 0.0
    },
    "jenkins.project.enabled.count.history" : {
      "count" : 0,
      "max" : 0,
      "mean" : 0.0,
      "min" : 0,
      "p50" : 0.0,
      "p75" : 0.0,
      "p95" : 0.0,
      "p98" : 0.0,
      "p99" : 0.0,
      "p999" : 0.0,
      "values" : [ ],
      "stddev" : 0.0
    },
    "jenkins.queue.blocked.history" : {
      "count" : 0,
      "max" : 0,
      "mean" : 0.0,
      "min" : 0,
      "p50" : 0.0,
      "p75" : 0.0,
      "p95" : 0.0,
      "p98" : 0.0,
      "p99" : 0.0,
      "p999" : 0.0,
      "values" : [ ],
      "stddev" : 0.0
    },
    "jenkins.queue.buildable.history" : {
      "count" : 0,
      "max" : 0,
      "mean" : 0.0,
      "min" : 0,
      "p50" : 0.0,
      "p75" : 0.0,
      "p95" : 0.0,
      "p98" : 0.0,
      "p99" : 0.0,
      "p999" : 0.0,
      "values" : [ ],
      "stddev" : 0.0
    },
    "jenkins.queue.pending.history" : {
      "count" : 0,
      "max" : 0,
      "mean" : 0.0,
      "min" : 0,
      "p50" : 0.0,
      "p75" : 0.0,
      "p95" : 0.0,
      "p98" : 0.0,
      "p99" : 0.0,
      "p999" : 0.0,
      "values" : [ ],
      "stddev" : 0.0
    },
    "jenkins.queue.size.history" : {
      "count" : 0,
      "max" : 0,
      "mean" : 0.0,
      "min" : 0,
      "p50" : 0.0,
      "p75" : 0.0,
      "p95" : 0.0,
      "p98" : 0.0,
      "p99" : 0.0,
      "p999" : 0.0,
      "values" : [ ],
      "stddev" : 0.0
    },
    "jenkins.queue.stuck.history" : {
      "count" : 0,
      "max" : 0,
      "mean" : 0.0,
      "min" : 0,
      "p50" : 0.0,
      "p75" : 0.0,
      "p95" : 0.0,
      "p98" : 0.0,
      "p99" : 0.0,
      "p999" : 0.0,
      "values" : [ ],
      "stddev" : 0.0
    },
    "system.cpu.load.x100.history" : {
      "count" : 0,
      "max" : 0,
      "mean" : 0.0,
      "min" : 0,
      "p50" : 0.0,
      "p75" : 0.0,
      "p95" : 0.0,
      "p98" : 0.0,
      "p99" : 0.0,
      "p999" : 0.0,
      "values" : [ ],
      "stddev" : 0.0
    },
    "system.cpu.load.x100.window.15m" : {
      "count" : 0,
      "max" : 0,
      "mean" : 0.0,
      "min" : 0,
      "p50" : 0.0,
      "p75" : 0.0,
      "p95" : 0.0,
      "p98" : 0.0,
      "p99" : 0.0,
      "p999" : 0.0,
      "values" : [ ],
      "stddev" : 0.0
    },
    "system.cpu.load.x100.window.1h" : {
      "count" : 0,
      "max" : 0,
      "mean" : 0.0,
      "min" : 0,
      "p50" : 0.0,
      "p75" : 0.0,
      "p95" : 0.0,
      "p98" : 0.0,
      "p99" : 0.0,
      "p999" : 0.0,
      "values" : [ ],
      "stddev" : 0.0
    },
    "system.cpu.load.x100.window.5m" : {
      "count" : 0,
      "max" : 0,
      "mean" : 0.0,
      "min" : 0,
      "p50" : 0.0,
      "p75" : 0.0,
      "p95" : 0.0,
      "p98" : 0.0,
      "p99" : 0.0,
      "p999" : 0.0,
      "values" : [ ],
      "stddev" : 0.0
    },
    "vm.cpu.load.x100.history" : {
      "count" : 0,
      "max" : 0,
      "mean" : 0.0,
      "min" : 0,
      "p50" : 0.0,
      "p75" : 0.0,
      "p95" : 0.0,
      "p98" : 0.0,
      "p99" : 0.0,
      "p999" : 0.0,
      "values" : [ ],
      "stddev" : 0.0
    },
    "vm.cpu.load.x100.window.15m" : {
      "count" : 0,
      "max" : 0,
      "mean" : 0.0,
      "min" : 0,
      "p50" : 0.0,
      "p75" : 0.0,
      "p95" : 0.0,
      "p98" : 0.0,
      "p99" : 0.0,
      "p999" : 0.0,
      "values" : [ ],
      "stddev" : 0.0
    },
    "vm.cpu.load.x100.window.1h" : {
      "count" : 0,
      "max" : 0,
      "mean" : 0.0,
      "min" : 0,
      "p50" : 0.0,
      "p75" : 0.0,
      "p95" : 0.0,
      "p98" : 0.0,
      "p99" : 0.0,
      "p999" : 0.0,
      "values" : [ ],
      "stddev" : 0.0
    },
    "vm.cpu.load.x100.window.5m" : {
      "count" : 0,
      "max" : 0,
      "mean" : 0.0,
      "min" : 0,
      "p50" : 0.0,
      "p75" : 0.0,
      "p95" : 0.0,
      "p98" : 0.0,
      "p99" : 0.0,
      "p999" : 0.0,
      "values" : [ ],
      "stddev" : 0.0
    },
    "vm.file.descriptor.ratio.x100.history" : {
      "count" : 0,
      "max" : 0,
      "mean" : 0.0,
      "min" : 0,
      "p50" : 0.0,
      "p75" : 0.0,
      "p95" : 0.0,
      "p98" : 0.0,
      "p99" : 0.0,
      "p999" : 0.0,
      "values" : [ ],
      "stddev" : 0.0
    },
    "vm.file.descriptor.ratio.x100.window.15m" : {
      "count" : 0,
      "max" : 0,
      "mean" : 0.0,
      "min" : 0,
      "p50" : 0.0,
      "p75" : 0.0,
      "p95" : 0.0,
      "p98" : 0.0,
      "p99" : 0.0,
      "p999" : 0.0,
      "values" : [ ],
      "stddev" : 0.0
    },
    "vm.file.descriptor.ratio.x100.window.1h" : {
      "count" : 0,
      "max" : 0,
      "mean" : 0.0,
      "min" : 0,
      "p50" : 0.0,
      "p75" : 0.0,
      "p95" : 0.0,
      "p98" : 0.0,
      "p99" : 0.0,
      "p999" : 0.0,
      "values" : [ ],
      "stddev" : 0.0
    },
    "vm.file.descriptor.ratio.x100.window.5m" : {
      "count" : 0,
      "max" : 0,
      "mean" : 0.0,
      "min" : 0,
      "p50" : 0.0,
      "p75" : 0.0,
      "p95" : 0.0,
      "p98" : 0.0,
      "p99" : 0.0,
      "p999" : 0.0,
      "values" : [ ],
      "stddev" : 0.0
    },
    "vm.memory.heap.committed.history" : {
      "count" : 0,
      "max" : 0,
      "mean" : 0.0,
      "min" : 0,
      "p50" : 0.0,
      "p75" : 0.0,
      "p95" : 0.0,
      "p98" : 0.0,
      "p99" : 0.0,
      "p999" : 0.0,
      "values" : [ ],
      "stddev" : 0.0
    },
    "vm.memory.heap.committed.window.15m" : {
      "count" : 0,
      "max" : 0,
      "mean" : 0.0,
      "min" : 0,
      "p50" : 0.0,
      "p75" : 0.0,
      "p95" : 0.0,
      "p98" : 0.0,
      "p99" : 0.0,
      "p999" : 0.0,
      "values" : [ ],
      "stddev" : 0.0
    },
    "vm.memory.heap.committed.window.1h" : {
      "count" : 0,
      "max" : 0,
      "mean" : 0.0,
      "min" : 0,
      "p50" : 0.0,
      "p75" : 0.0,
      "p95" : 0.0,
      "p98" : 0.0,
      "p99" : 0.0,
      "p999" : 0.0,
      "values" : [ ],
      "stddev" : 0.0
    },
    "vm.memory.heap.committed.window.5m" : {
      "count" : 0,
      "max" : 0,
      "mean" : 0.0,
      "min" : 0,
      "p50" : 0.0,
      "p75" : 0.0,
      "p95" : 0.0,
      "p98" : 0.0,
      "p99" : 0.0,
      "p999" : 0.0,
      "values" : [ ],
      "stddev" : 0.0
    },
    "vm.memory.heap.usage.x100.history" : {
      "count" : 0,
      "max" : 0,
      "mean" : 0.0,
      "min" : 0,
      "p50" : 0.0,
      "p75" : 0.0,
      "p95" : 0.0,
      "p98" : 0.0,
      "p99" : 0.0,
      "p999" : 0.0,
      "values" : [ ],
      "stddev" : 0.0
    },
    "vm.memory.heap.usage.x100.window.15m" : {
      "count" : 0,
      "max" : 0,
      "mean" : 0.0,
      "min" : 0,
      "p50" : 0.0,
      "p75" : 0.0,
      "p95" : 0.0,
      "p98" : 0.0,
      "p99" : 0.0,
      "p999" : 0.0,
      "values" : [ ],
      "stddev" : 0.0
    },
    "vm.memory.heap.usage.x100.window.1h" : {
      "count" : 0,
      "max" : 0,
      "mean" : 0.0,
      "min" : 0,
      "p50" : 0.0,
      "p75" : 0.0,
      "p95" : 0.0,
      "p98" : 0.0,
      "p99" : 0.0,
      "p999" : 0.0,
      "values" : [ ],
      "stddev" : 0.0
    },
    "vm.memory.heap.usage.x100.window.5m" : {
      "count" : 0,
      "max" : 0,
      "mean" : 0.0,
      "min" : 0,
      "p50" : 0.0,
      "p75" : 0.0,
      "p95" : 0.0,
      "p98" : 0.0,
      "p99" : 0.0,
      "p999" : 0.0,
      "values" : [ ],
      "stddev" : 0.0
    },
    "vm.memory.heap.used.history" : {
      "count" : 0,
      "max" : 0,
      "mean" : 0.0,
      "min" : 0,
      "p50" : 0.0,
      "p75" : 0.0,
      "p95" : 0.0,
      "p98" : 0.0,
      "p99" : 0.0,
      "p999" : 0.0,
      "values" : [ ],
      "stddev" : 0.0
    },
    "vm.memory.heap.used.window.15m" : {
      "count" : 0,
      "max" : 0,
      "mean" : 0.0,
      "min" : 0,
      "p50" : 0.0,
      "p75" : 0.0,
      "p95" : 0.0,
      "p98" : 0.0,
      "p99" : 0.0,
      "p999" : 0.0,
      "values" : [ ],
      "stddev" : 0.0
    },
    "vm.memory.heap.used.window.1h" : {
      "count" : 0,
      "max" : 0,
      "mean" : 0.0,
      "min" : 0,
      "p50" : 0.0,
      "p75" : 0.0,
      "p95" : 0.0,
      "p98" : 0.0,
      "p99" : 0.0,
      "p999" : 0.0,
      "values" : [ ],
      "stddev" : 0.0
    },
    "vm.memory.heap.used.window.5m" : {
      "count" : 0,
      "max" : 0,
      "mean" : 0.0,
      "min" : 0,
      "p50" : 0.0,
      "p75" : 0.0,
      "p95" : 0.0,
      "p98" : 0.0,
      "p99" : 0.0,
      "p999" : 0.0,
      "values" : [ ],
      "stddev" : 0.0
    },
    "vm.memory.non-heap.committed.history" : {
      "count" : 0,
      "max" : 0,
      "mean" : 0.0,
      "min" : 0,
      "p50" : 0.0,
      "p75" : 0.0,
      "p95" : 0.0,
      "p98" : 0.0,
      "p99" : 0.0,
      "p999" : 0.0,
      "values" : [ ],
      "stddev" : 0.0
    },
    "vm.memory.non-heap.committed.window.15m" : {
      "count" : 0,
      "max" : 0,
      "mean" : 0.0,
      "min" : 0,
      "p50" : 0.0,
      "p75" : 0.0,
      "p95" : 0.0,
      "p98" : 0.0,
      "p99" : 0.0,
      "p999" : 0.0,
      "values" : [ ],
      "stddev" : 0.0
    },
    "vm.memory.non-heap.committed.window.1h" : {
      "count" : 0,
      "max" : 0,
      "mean" : 0.0,
      "min" : 0,
      "p50" : 0.0,
      "p75" : 0.0,
      "p95" : 0.0,
      "p98" : 0.0,
      "p99" : 0.0,
      "p999" : 0.0,
      "values" : [ ],
      "stddev" : 0.0
    },
    "vm.memory.non-heap.committed.window.5m" : {
      "count" : 0,
      "max" : 0,
      "mean" : 0.0,
      "min" : 0,
      "p50" : 0.0,
      "p75" : 0.0,
      "p95" : 0.0,
      "p98" : 0.0,
      "p99" : 0.0,
      "p999" : 0.0,
      "values" : [ ],
      "stddev" : 0.0
    },
    "vm.memory.non-heap.usage.x100.history" : {
      "count" : 0,
      "max" : 0,
      "mean" : 0.0,
      "min" : 0,
      "p50" : 0.0,
      "p75" : 0.0,
      "p95" : 0.0,
      "p98" : 0.0,
      "p99" : 0.0,
      "p999" : 0.0,
      "values" : [ ],
      "stddev" : 0.0
    },
    "vm.memory.non-heap.usage.x100.window.15m" : {
      "count" : 0,
      "max" : 0,
      "mean" : 0.0,
      "min" : 0,
      "p50" : 0.0,
      "p75" : 0.0,
      "p95" : 0.0,
      "p98" : 0.0,
      "p99" : 0.0,
      "p999" : 0.0,
      "values" : [ ],
      "stddev" : 0.0
    },
    "vm.memory.non-heap.usage.x100.window.1h" : {
      "count" : 0,
      "max" : 0,
      "mean" : 0.0,
      "min" : 0,
      "p50" : 0.0,
      "p75" : 0.0,
      "p95" : 0.0,
      "p98" : 0.0,
      "p99" : 0.0,
      "p999" : 0.0,
      "values" : [ ],
      "stddev" : 0.0
    },
    "vm.memory.non-heap.usage.x100.window.5m" : {
      "count" : 0,
      "max" : 0,
      "mean" : 0.0,
      "min" : 0,
      "p50" : 0.0,
      "p75" : 0.0,
      "p95" : 0.0,
      "p98" : 0.0,
      "p99" : 0.0,
      "p999" : 0.0,
      "values" : [ ],
      "stddev" : 0.0
    },
    "vm.memory.non-heap.used.history" : {
      "count" : 0,
      "max" : 0,
      "mean" : 0.0,
      "min" : 0,
      "p50" : 0.0,
      "p75" : 0.0,
      "p95" : 0.0,
      "p98" : 0.0,
      "p99" : 0.0,
      "p999" : 0.0,
      "values" : [ ],
      "stddev" : 0.0
    },
    "vm.memory.non-heap.used.window.15m" : {
      "count" : 0,
      "max" : 0,
      "mean" : 0.0,
      "min" : 0,
      "p50" : 0.0,
      "p75" : 0.0,
      "p95" : 0.0,
      "p98" : 0.0,
      "p99" : 0.0,
      "p999" : 0.0,
      "values" : [ ],
      "stddev" : 0.0
    },
    "vm.memory.non-heap.used.window.1h" : {
      "count" : 0,
      "max" : 0,
      "mean" : 0.0,
      "min" : 0,
      "p50" : 0.0,
      "p75" : 0.0,
      "p95" : 0.0,
      "p98" : 0.0,
      "p99" : 0.0,
      "p999" : 0.0,
      "values" : [ ],
      "stddev" : 0.0
    },
    "vm.memory.non-heap.used.window.5m" : {
      "count" : 0,
      "max" : 0,
      "mean" : 0.0,
      "min" : 0,
      "p50" : 0.0,
      "p75" : 0.0,
      "p95" : 0.0,
      "p98" : 0.0,
      "p99" : 0.0,
      "p999" : 0.0,
      "values" : [ ],
      "stddev" : 0.0
    },
    "vm.memory.pools.Code-Cache.committed.history" : {
      "count" : 0,
      "max" : 0,
      "mean" : 0.0,
      "min" : 0,
      "p50" : 0.0,
      "p75" : 0.0,
      "p95" : 0.0,
      "p98" : 0.0,
      "p99" : 0.0,
      "p999" : 0.0,
      "values" : [ ],
      "stddev" : 0.0
    },
    "vm.memory.pools.Code-Cache.committed.window.15m" : {
      "count" : 0,
      "max" : 0,
      "mean" : 0.0,
      "min" : 0,
      "p50" : 0.0,
      "p75" : 0.0,
      "p95" : 0.0,
      "p98" : 0.0,
      "p99" : 0.0,
      "p999" : 0.0,
      "values" : [ ],
      "stddev" : 0.0
    },
    "vm.memory.pools.Code-Cache.committed.window.1h" : {
      "count" : 0,
      "max" : 0,
      "mean" : 0.0,
      "min" : 0,
      "p50" : 0.0,
      "p75" : 0.0,
      "p95" : 0.0,
      "p98" : 0.0,
      "p99" : 0.0,
      "p999" : 0.0,
      "values" : [ ],
      "stddev" : 0.0
    },
    "vm.memory.pools.Code-Cache.committed.window.5m" : {
      "count" : 0,
      "max" : 0,
      "mean" : 0.0,
      "min" : 0,
      "p50" : 0.0,
      "p75" : 0.0,
      "p95" : 0.0,
      "p98" : 0.0,
      "p99" : 0.0,
      "p999" : 0.0,
      "values" : [ ],
      "stddev" : 0.0
    },
    "vm.memory.pools.Code-Cache.usage.x100.history" : {
      "count" : 0,
      "max" : 0,
      "mean" : 0.0,
      "min" : 0,
      "p50" : 0.0,
      "p75" : 0.0,
      "p95" : 0.0,
      "p98" : 0.0,
      "p99" : 0.0,
      "p999" : 0.0,
      "values" : [ ],
      "stddev" : 0.0
    },
    "vm.memory.pools.Code-Cache.usage.x100.window.15m" : {
      "count" : 0,
      "max" : 0,
      "mean" : 0.0,
      "min" : 0,
      "p50" : 0.0,
      "p75" : 0.0,
      "p95" : 0.0,
      "p98" : 0.0,
      "p99" : 0.0,
      "p999" : 0.0,
      "values" : [ ],
      "stddev" : 0.0
    },
    "vm.memory.pools.Code-Cache.usage.x100.window.1h" : {
      "count" : 0,
      "max" : 0,
      "mean" : 0.0,
      "min" : 0,
      "p50" : 0.0,
      "p75" : 0.0,
      "p95" : 0.0,
      "p98" : 0.0,
      "p99" : 0.0,
      "p999" : 0.0,
      "values" : [ ],
      "stddev" : 0.0
    },
    "vm.memory.pools.Code-Cache.usage.x100.window.5m" : {
      "count" : 0,
      "max" : 0,
      "mean" : 0.0,
      "min" : 0,
      "p50" : 0.0,
      "p75" : 0.0,
      "p95" : 0.0,
      "p98" : 0.0,
      "p99" : 0.0,
      "p999" : 0.0,
      "values" : [ ],
      "stddev" : 0.0
    },
    "vm.memory.pools.Code-Cache.used.history" : {
      "count" : 0,
      "max" : 0,
      "mean" : 0.0,
      "min" : 0,
      "p50" : 0.0,
      "p75" : 0.0,
      "p95" : 0.0,
      "p98" : 0.0,
      "p99" : 0.0,
      "p999" : 0.0,
      "values" : [ ],
      "stddev" : 0.0
    },
    "vm.memory.pools.Code-Cache.used.window.15m" : {
      "count" : 0,
      "max" : 0,
      "mean" : 0.0,
      "min" : 0,
      "p50" : 0.0,
      "p75" : 0.0,
      "p95" : 0.0,
      "p98" : 0.0,
      "p99" : 0.0,
      "p999" : 0.0,
      "values" : [ ],
      "stddev" : 0.0
    },
    "vm.memory.pools.Code-Cache.used.window.1h" : {
      "count" : 0,
      "max" : 0,
      "mean" : 0.0,
      "min" : 0,
      "p50" : 0.0,
      "p75" : 0.0,
      "p95" : 0.0,
      "p98" : 0.0,
      "p99" : 0.0,
      "p999" : 0.0,
      "values" : [ ],
      "stddev" : 0.0
    },
    "vm.memory.pools.Code-Cache.used.window.5m" : {
      "count" : 0,
      "max" : 0,
      "mean" : 0.0,
      "min" : 0,
      "p50" : 0.0,
      "p75" : 0.0,
      "p95" : 0.0,
      "p98" : 0.0,
      "p99" : 0.0,
      "p999" : 0.0,
      "values" : [ ],
      "stddev" : 0.0
    },
    "vm.memory.pools.Compressed-Class-Space.committed.history" : {
      "count" : 0,
      "max" : 0,
      "mean" : 0.0,
      "min" : 0,
      "p50" : 0.0,
      "p75" : 0.0,
      "p95" : 0.0,
      "p98" : 0.0,
      "p99" : 0.0,
      "p999" : 0.0,
      "values" : [ ],
      "stddev" : 0.0
    },
    "vm.memory.pools.Compressed-Class-Space.committed.window.15m" : {
      "count" : 0,
      "max" : 0,
      "mean" : 0.0,
      "min" : 0,
      "p50" : 0.0,
      "p75" : 0.0,
      "p95" : 0.0,
      "p98" : 0.0,
      "p99" : 0.0,
      "p999" : 0.0,
      "values" : [ ],
      "stddev" : 0.0
    },
    "vm.memory.pools.Compressed-Class-Space.committed.window.1h" : {
      "count" : 0,
      "max" : 0,
      "mean" : 0.0,
      "min" : 0,
      "p50" : 0.0,
      "p75" : 0.0,
      "p95" : 0.0,
      "p98" : 0.0,
      "p99" : 0.0,
      "p999" : 0.0,
      "values" : [ ],
      "stddev" : 0.0
    },
    "vm.memory.pools.Compressed-Class-Space.committed.window.5m" : {
      "count" : 0,
      "max" : 0,
      "mean" : 0.0,
      "min" : 0,
      "p50" : 0.0,
      "p75" : 0.0,
      "p95" : 0.0,
      "p98" : 0.0,
      "p99" : 0.0,
      "p999" : 0.0,
      "values" : [ ],
      "stddev" : 0.0
    },
    "vm.memory.pools.Compressed-Class-Space.usage.x100.history" : {
      "count" : 0,
      "max" : 0,
      "mean" : 0.0,
      "min" : 0,
      "p50" : 0.0,
      "p75" : 0.0,
      "p95" : 0.0,
      "p98" : 0.0,
      "p99" : 0.0,
      "p999" : 0.0,
      "values" : [ ],
      "stddev" : 0.0
    },
    "vm.memory.pools.Compressed-Class-Space.usage.x100.window.15m" : {
      "count" : 0,
      "max" : 0,
      "mean" : 0.0,
      "min" : 0,
      "p50" : 0.0,
      "p75" : 0.0,
      "p95" : 0.0,
      "p98" : 0.0,
      "p99" : 0.0,
      "p999" : 0.0,
      "values" : [ ],
      "stddev" : 0.0
    },
    "vm.memory.pools.Compressed-Class-Space.usage.x100.window.1h" : {
      "count" : 0,
      "max" : 0,
      "mean" : 0.0,
      "min" : 0,
      "p50" : 0.0,
      "p75" : 0.0,
      "p95" : 0.0,
      "p98" : 0.0,
      "p99" : 0.0,
      "p999" : 0.0,
      "values" : [ ],
      "stddev" : 0.0
    },
    "vm.memory.pools.Compressed-Class-Space.usage.x100.window.5m" : {
      "count" : 0,
      "max" : 0,
      "mean" : 0.0,
      "min" : 0,
      "p50" : 0.0,
      "p75" : 0.0,
      "p95" : 0.0,
      "p98" : 0.0,
      "p99" : 0.0,
      "p999" : 0.0,
      "values" : [ ],
      "stddev" : 0.0
    },
    "vm.memory.pools.Compressed-Class-Space.used.history" : {
      "count" : 0,
      "max" : 0,
      "mean" : 0.0,
      "min" : 0,
      "p50" : 0.0,
      "p75" : 0.0,
      "p95" : 0.0,
      "p98" : 0.0,
      "p99" : 0.0,
      "p999" : 0.0,
      "values" : [ ],
      "stddev" : 0.0
    },
    "vm.memory.pools.Compressed-Class-Space.used.window.15m" : {
      "count" : 0,
      "max" : 0,
      "mean" : 0.0,
      "min" : 0,
      "p50" : 0.0,
      "p75" : 0.0,
      "p95" : 0.0,
      "p98" : 0.0,
      "p99" : 0.0,
      "p999" : 0.0,
      "values" : [ ],
      "stddev" : 0.0
    },
    "vm.memory.pools.Compressed-Class-Space.used.window.1h" : {
      "count" : 0,
      "max" : 0,
      "mean" : 0.0,
      "min" : 0,
      "p50" : 0.0,
      "p75" : 0.0,
      "p95" : 0.0,
      "p98" : 0.0,
      "p99" : 0.0,
      "p999" : 0.0,
      "values" : [ ],
      "stddev" : 0.0
    },
    "vm.memory.pools.Compressed-Class-Space.used.window.5m" : {
      "count" : 0,
      "max" : 0,
      "mean" : 0.0,
      "min" : 0,
      "p50" : 0.0,
      "p75" : 0.0,
      "p95" : 0.0,
      "p98" : 0.0,
      "p99" : 0.0,
      "p999" : 0.0,
      "values" : [ ],
      "stddev" : 0.0
    },
    "vm.memory.pools.Metaspace.committed.history" : {
      "count" : 0,
      "max" : 0,
      "mean" : 0.0,
      "min" : 0,
      "p50" : 0.0,
      "p75" : 0.0,
      "p95" : 0.0,
      "p98" : 0.0,
      "p99" : 0.0,
      "p999" : 0.0,
      "values" : [ ],
      "stddev" : 0.0
    },
    "vm.memory.pools.Metaspace.committed.window.15m" : {
      "count" : 0,
      "max" : 0,
      "mean" : 0.0,
      "min" : 0,
      "p50" : 0.0,
      "p75" : 0.0,
      "p95" : 0.0,
      "p98" : 0.0,
      "p99" : 0.0,
      "p999" : 0.0,
      "values" : [ ],
      "stddev" : 0.0
    },
    "vm.memory.pools.Metaspace.committed.window.1h" : {
      "count" : 0,
      "max" : 0,
      "mean" : 0.0,
      "min" : 0,
      "p50" : 0.0,
      "p75" : 0.0,
      "p95" : 0.0,
      "p98" : 0.0,
      "p99" : 0.0,
      "p999" : 0.0,
      "values" : [ ],
      "stddev" : 0.0
    },
    "vm.memory.pools.Metaspace.committed.window.5m" : {
      "count" : 0,
      "max" : 0,
      "mean" : 0.0,
      "min" : 0,
      "p50" : 0.0,
      "p75" : 0.0,
      "p95" : 0.0,
      "p98" : 0.0,
      "p99" : 0.0,
      "p999" : 0.0,
      "values" : [ ],
      "stddev" : 0.0
    },
    "vm.memory.pools.Metaspace.usage.x100.history" : {
      "count" : 0,
      "max" : 0,
      "mean" : 0.0,
      "min" : 0,
      "p50" : 0.0,
      "p75" : 0.0,
      "p95" : 0.0,
      "p98" : 0.0,
      "p99" : 0.0,
      "p999" : 0.0,
      "values" : [ ],
      "stddev" : 0.0
    },
    "vm.memory.pools.Metaspace.usage.x100.window.15m" : {
      "count" : 0,
      "max" : 0,
      "mean" : 0.0,
      "min" : 0,
      "p50" : 0.0,
      "p75" : 0.0,
      "p95" : 0.0,
      "p98" : 0.0,
      "p99" : 0.0,
      "p999" : 0.0,
      "values" : [ ],
      "stddev" : 0.0
    },
    "vm.memory.pools.Metaspace.usage.x100.window.1h" : {
      "count" : 0,
      "max" : 0,
      "mean" : 0.0,
      "min" : 0,
      "p50" : 0.0,
      "p75" : 0.0,
      "p95" : 0.0,
      "p98" : 0.0,
      "p99" : 0.0,
      "p999" : 0.0,
      "values" : [ ],
      "stddev" : 0.0
    },
    "vm.memory.pools.Metaspace.usage.x100.window.5m" : {
      "count" : 0,
      "max" : 0,
      "mean" : 0.0,
      "min" : 0,
      "p50" : 0.0,
      "p75" : 0.0,
      "p95" : 0.0,
      "p98" : 0.0,
      "p99" : 0.0,
      "p999" : 0.0,
      "values" : [ ],
      "stddev" : 0.0
    },
    "vm.memory.pools.Metaspace.used.history" : {
      "count" : 0,
      "max" : 0,
      "mean" : 0.0,
      "min" : 0,
      "p50" : 0.0,
      "p75" : 0.0,
      "p95" : 0.0,
      "p98" : 0.0,
      "p99" : 0.0,
      "p999" : 0.0,
      "values" : [ ],
      "stddev" : 0.0
    },
    "vm.memory.pools.Metaspace.used.window.15m" : {
      "count" : 0,
      "max" : 0,
      "mean" : 0.0,
      "min" : 0,
      "p50" : 0.0,
      "p75" : 0.0,
      "p95" : 0.0,
      "p98" : 0.0,
      "p99" : 0.0,
      "p999" : 0.0,
      "values" : [ ],
      "stddev" : 0.0
    },
    "vm.memory.pools.Metaspace.used.window.1h" : {
      "count" : 0,
      "max" : 0,
      "mean" : 0.0,
      "min" : 0,
      "p50" : 0.0,
      "p75" : 0.0,
      "p95" : 0.0,
      "p98" : 0.0,
      "p99" : 0.0,
      "p999" : 0.0,
      "values" : [ ],
      "stddev" : 0.0
    },
    "vm.memory.pools.Metaspace.used.window.5m" : {
      "count" : 0,
      "max" : 0,
      "mean" : 0.0,
      "min" : 0,
      "p50" : 0.0,
      "p75" : 0.0,
      "p95" : 0.0,
      "p98" : 0.0,
      "p99" : 0.0,
      "p999" : 0.0,
      "values" : [ ],
      "stddev" : 0.0
    },
    "vm.memory.pools.PS-Eden-Space.committed.history" : {
      "count" : 0,
      "max" : 0,
      "mean" : 0.0,
      "min" : 0,
      "p50" : 0.0,
      "p75" : 0.0,
      "p95" : 0.0,
      "p98" : 0.0,
      "p99" : 0.0,
      "p999" : 0.0,
      "values" : [ ],
      "stddev" : 0.0
    },
    "vm.memory.pools.PS-Eden-Space.committed.window.15m" : {
      "count" : 0,
      "max" : 0,
      "mean" : 0.0,
      "min" : 0,
      "p50" : 0.0,
      "p75" : 0.0,
      "p95" : 0.0,
      "p98" : 0.0,
      "p99" : 0.0,
      "p999" : 0.0,
      "values" : [ ],
      "stddev" : 0.0
    },
    "vm.memory.pools.PS-Eden-Space.committed.window.1h" : {
      "count" : 0,
      "max" : 0,
      "mean" : 0.0,
      "min" : 0,
      "p50" : 0.0,
      "p75" : 0.0,
      "p95" : 0.0,
      "p98" : 0.0,
      "p99" : 0.0,
      "p999" : 0.0,
      "values" : [ ],
      "stddev" : 0.0
    },
    "vm.memory.pools.PS-Eden-Space.committed.window.5m" : {
      "count" : 0,
      "max" : 0,
      "mean" : 0.0,
      "min" : 0,
      "p50" : 0.0,
      "p75" : 0.0,
      "p95" : 0.0,
      "p98" : 0.0,
      "p99" : 0.0,
      "p999" : 0.0,
      "values" : [ ],
      "stddev" : 0.0
    },
    "vm.memory.pools.PS-Eden-Space.usage.x100.history" : {
      "count" : 0,
      "max" : 0,
      "mean" : 0.0,
      "min" : 0,
      "p50" : 0.0,
      "p75" : 0.0,
      "p95" : 0.0,
      "p98" : 0.0,
      "p99" : 0.0,
      "p999" : 0.0,
      "values" : [ ],
      "stddev" : 0.0
    },
    "vm.memory.pools.PS-Eden-Space.usage.x100.window.15m" : {
      "count" : 0,
      "max" : 0,
      "mean" : 0.0,
      "min" : 0,
      "p50" : 0.0,
      "p75" : 0.0,
      "p95" : 0.0,
      "p98" : 0.0,
      "p99" : 0.0,
      "p999" : 0.0,
      "values" : [ ],
      "stddev" : 0.0
    },
    "vm.memory.pools.PS-Eden-Space.usage.x100.window.1h" : {
      "count" : 0,
      "max" : 0,
      "mean" : 0.0,
      "min" : 0,
      "p50" : 0.0,
      "p75" : 0.0,
      "p95" : 0.0,
      "p98" : 0.0,
      "p99" : 0.0,
      "p999" : 0.0,
      "values" : [ ],
      "stddev" : 0.0
    },
    "vm.memory.pools.PS-Eden-Space.usage.x100.window.5m" : {
      "count" : 0,
      "max" : 0,
      "mean" : 0.0,
      "min" : 0,
      "p50" : 0.0,
      "p75" : 0.0,
      "p95" : 0.0,
      "p98" : 0.0,
      "p99" : 0.0,
      "p999" : 0.0,
      "values" : [ ],
      "stddev" : 0.0
    },
    "vm.memory.pools.PS-Eden-Space.used.history" : {
      "count" : 0,
      "max" : 0,
      "mean" : 0.0,
      "min" : 0,
      "p50" : 0.0,
      "p75" : 0.0,
      "p95" : 0.0,
      "p98" : 0.0,
      "p99" : 0.0,
      "p999" : 0.0,
      "values" : [ ],
      "stddev" : 0.0
    },
    "vm.memory.pools.PS-Eden-Space.used.window.15m" : {
      "count" : 0,
      "max" : 0,
      "mean" : 0.0,
      "min" : 0,
      "p50" : 0.0,
      "p75" : 0.0,
      "p95" : 0.0,
      "p98" : 0.0,
      "p99" : 0.0,
      "p999" : 0.0,
      "values" : [ ],
      "stddev" : 0.0
    },
    "vm.memory.pools.PS-Eden-Space.used.window.1h" : {
      "count" : 0,
      "max" : 0,
      "mean" : 0.0,
      "min" : 0,
      "p50" : 0.0,
      "p75" : 0.0,
      "p95" : 0.0,
      "p98" : 0.0,
      "p99" : 0.0,
      "p999" : 0.0,
      "values" : [ ],
      "stddev" : 0.0
    },
    "vm.memory.pools.PS-Eden-Space.used.window.5m" : {
      "count" : 0,
      "max" : 0,
      "mean" : 0.0,
      "min" : 0,
      "p50" : 0.0,
      "p75" : 0.0,
      "p95" : 0.0,
      "p98" : 0.0,
      "p99" : 0.0,
      "p999" : 0.0,
      "values" : [ ],
      "stddev" : 0.0
    },
    "vm.memory.pools.PS-Old-Gen.committed.history" : {
      "count" : 0,
      "max" : 0,
      "mean" : 0.0,
      "min" : 0,
      "p50" : 0.0,
      "p75" : 0.0,
      "p95" : 0.0,
      "p98" : 0.0,
      "p99" : 0.0,
      "p999" : 0.0,
      "values" : [ ],
      "stddev" : 0.0
    },
    "vm.memory.pools.PS-Old-Gen.committed.window.15m" : {
      "count" : 0,
      "max" : 0,
      "mean" : 0.0,
      "min" : 0,
      "p50" : 0.0,
      "p75" : 0.0,
      "p95" : 0.0,
      "p98" : 0.0,
      "p99" : 0.0,
      "p999" : 0.0,
      "values" : [ ],
      "stddev" : 0.0
    },
    "vm.memory.pools.PS-Old-Gen.committed.window.1h" : {
      "count" : 0,
      "max" : 0,
      "mean" : 0.0,
      "min" : 0,
      "p50" : 0.0,
      "p75" : 0.0,
      "p95" : 0.0,
      "p98" : 0.0,
      "p99" : 0.0,
      "p999" : 0.0,
      "values" : [ ],
      "stddev" : 0.0
    },
    "vm.memory.pools.PS-Old-Gen.committed.window.5m" : {
      "count" : 0,
      "max" : 0,
      "mean" : 0.0,
      "min" : 0,
      "p50" : 0.0,
      "p75" : 0.0,
      "p95" : 0.0,
      "p98" : 0.0,
      "p99" : 0.0,
      "p999" : 0.0,
      "values" : [ ],
      "stddev" : 0.0
    },
    "vm.memory.pools.PS-Old-Gen.usage.x100.history" : {
      "count" : 0,
      "max" : 0,
      "mean" : 0.0,
      "min" : 0,
      "p50" : 0.0,
      "p75" : 0.0,
      "p95" : 0.0,
      "p98" : 0.0,
      "p99" : 0.0,
      "p999" : 0.0,
      "values" : [ ],
      "stddev" : 0.0
    },
    "vm.memory.pools.PS-Old-Gen.usage.x100.window.15m" : {
      "count" : 0,
      "max" : 0,
      "mean" : 0.0,
      "min" : 0,
      "p50" : 0.0,
      "p75" : 0.0,
      "p95" : 0.0,
      "p98" : 0.0,
      "p99" : 0.0,
      "p999" : 0.0,
      "values" : [ ],
      "stddev" : 0.0
    },
    "vm.memory.pools.PS-Old-Gen.usage.x100.window.1h" : {
      "count" : 0,
      "max" : 0,
      "mean" : 0.0,
      "min" : 0,
      "p50" : 0.0,
      "p75" : 0.0,
      "p95" : 0.0,
      "p98" : 0.0,
      "p99" : 0.0,
      "p999" : 0.0,
      "values" : [ ],
      "stddev" : 0.0
    },
    "vm.memory.pools.PS-Old-Gen.usage.x100.window.5m" : {
      "count" : 0,
      "max" : 0,
      "mean" : 0.0,
      "min" : 0,
      "p50" : 0.0,
      "p75" : 0.0,
      "p95" : 0.0,
      "p98" : 0.0,
      "p99" : 0.0,
      "p999" : 0.0,
      "values" : [ ],
      "stddev" : 0.0
    },
    "vm.memory.pools.PS-Old-Gen.used.history" : {
      "count" : 0,
      "max" : 0,
      "mean" : 0.0,
      "min" : 0,
      "p50" : 0.0,
      "p75" : 0.0,
      "p95" : 0.0,
      "p98" : 0.0,
      "p99" : 0.0,
      "p999" : 0.0,
      "values" : [ ],
      "stddev" : 0.0
    },
    "vm.memory.pools.PS-Old-Gen.used.window.15m" : {
      "count" : 0,
      "max" : 0,
      "mean" : 0.0,
      "min" : 0,
      "p50" : 0.0,
      "p75" : 0.0,
      "p95" : 0.0,
      "p98" : 0.0,
      "p99" : 0.0,
      "p999" : 0.0,
      "values" : [ ],
      "stddev" : 0.0
    },
    "vm.memory.pools.PS-Old-Gen.used.window.1h" : {
      "count" : 0,
      "max" : 0,
      "mean" : 0.0,
      "min" : 0,
      "p50" : 0.0,
      "p75" : 0.0,
      "p95" : 0.0,
      "p98" : 0.0,
      "p99" : 0.0,
      "p999" : 0.0,
      "values" : [ ],
      "stddev" : 0.0
    },
    "vm.memory.pools.PS-Old-Gen.used.window.5m" : {
      "count" : 0,
      "max" : 0,
      "mean" : 0.0,
      "min" : 0,
      "p50" : 0.0,
      "p75" : 0.0,
      "p95" : 0.0,
      "p98" : 0.0,
      "p99" : 0.0,
      "p999" : 0.0,
      "values" : [ ],
      "stddev" : 0.0
    },
    "vm.memory.pools.PS-Survivor-Space.committed.history" : {
      "count" : 0,
      "max" : 0,
      "mean" : 0.0,
      "min" : 0,
      "p50" : 0.0,
      "p75" : 0.0,
      "p95" : 0.0,
      "p98" : 0.0,
      "p99" : 0.0,
      "p999" : 0.0,
      "values" : [ ],
      "stddev" : 0.0
    },
    "vm.memory.pools.PS-Survivor-Space.committed.window.15m" : {
      "count" : 0,
      "max" : 0,
      "mean" : 0.0,
      "min" : 0,
      "p50" : 0.0,
      "p75" : 0.0,
      "p95" : 0.0,
      "p98" : 0.0,
      "p99" : 0.0,
      "p999" : 0.0,
      "values" : [ ],
      "stddev" : 0.0
    },
    "vm.memory.pools.PS-Survivor-Space.committed.window.1h" : {
      "count" : 0,
      "max" : 0,
      "mean" : 0.0,
      "min" : 0,
      "p50" : 0.0,
      "p75" : 0.0,
      "p95" : 0.0,
      "p98" : 0.0,
      "p99" : 0.0,
      "p999" : 0.0,
      "values" : [ ],
      "stddev" : 0.0
    },
    "vm.memory.pools.PS-Survivor-Space.committed.window.5m" : {
      "count" : 0,
      "max" : 0,
      "mean" : 0.0,
      "min" : 0,
      "p50" : 0.0,
      "p75" : 0.0,
      "p95" : 0.0,
      "p98" : 0.0,
      "p99" : 0.0,
      "p999" : 0.0,
      "values" : [ ],
      "stddev" : 0.0
    },
    "vm.memory.pools.PS-Survivor-Space.usage.x100.history" : {
      "count" : 0,
      "max" : 0,
      "mean" : 0.0,
      "min" : 0,
      "p50" : 0.0,
      "p75" : 0.0,
      "p95" : 0.0,
      "p98" : 0.0,
      "p99" : 0.0,
      "p999" : 0.0,
      "values" : [ ],
      "stddev" : 0.0
    },
    "vm.memory.pools.PS-Survivor-Space.usage.x100.window.15m" : {
      "count" : 0,
      "max" : 0,
      "mean" : 0.0,
      "min" : 0,
      "p50" : 0.0,
      "p75" : 0.0,
      "p95" : 0.0,
      "p98" : 0.0,
      "p99" : 0.0,
      "p999" : 0.0,
      "values" : [ ],
      "stddev" : 0.0
    },
    "vm.memory.pools.PS-Survivor-Space.usage.x100.window.1h" : {
      "count" : 0,
      "max" : 0,
      "mean" : 0.0,
      "min" : 0,
      "p50" : 0.0,
      "p75" : 0.0,
      "p95" : 0.0,
      "p98" : 0.0,
      "p99" : 0.0,
      "p999" : 0.0,
      "values" : [ ],
      "stddev" : 0.0
    },
    "vm.memory.pools.PS-Survivor-Space.usage.x100.window.5m" : {
      "count" : 0,
      "max" : 0,
      "mean" : 0.0,
      "min" : 0,
      "p50" : 0.0,
      "p75" : 0.0,
      "p95" : 0.0,
      "p98" : 0.0,
      "p99" : 0.0,
      "p999" : 0.0,
      "values" : [ ],
      "stddev" : 0.0
    },
    "vm.memory.pools.PS-Survivor-Space.used.history" : {
      "count" : 0,
      "max" : 0,
      "mean" : 0.0,
      "min" : 0,
      "p50" : 0.0,
      "p75" : 0.0,
      "p95" : 0.0,
      "p98" : 0.0,
      "p99" : 0.0,
      "p999" : 0.0,
      "values" : [ ],
      "stddev" : 0.0
    },
    "vm.memory.pools.PS-Survivor-Space.used.window.15m" : {
      "count" : 0,
      "max" : 0,
      "mean" : 0.0,
      "min" : 0,
      "p50" : 0.0,
      "p75" : 0.0,
      "p95" : 0.0,
      "p98" : 0.0,
      "p99" : 0.0,
      "p999" : 0.0,
      "values" : [ ],
      "stddev" : 0.0
    },
    "vm.memory.pools.PS-Survivor-Space.used.window.1h" : {
      "count" : 0,
      "max" : 0,
      "mean" : 0.0,
      "min" : 0,
      "p50" : 0.0,
      "p75" : 0.0,
      "p95" : 0.0,
      "p98" : 0.0,
      "p99" : 0.0,
      "p999" : 0.0,
      "values" : [ ],
      "stddev" : 0.0
    },
    "vm.memory.pools.PS-Survivor-Space.used.window.5m" : {
      "count" : 0,
      "max" : 0,
      "mean" : 0.0,
      "min" : 0,
      "p50" : 0.0,
      "p75" : 0.0,
      "p95" : 0.0,
      "p98" : 0.0,
      "p99" : 0.0,
      "p999" : 0.0,
      "values" : [ ],
      "stddev" : 0.0
    },
    "vm.memory.total.committed.history" : {
      "count" : 0,
      "max" : 0,
      "mean" : 0.0,
      "min" : 0,
      "p50" : 0.0,
      "p75" : 0.0,
      "p95" : 0.0,
      "p98" : 0.0,
      "p99" : 0.0,
      "p999" : 0.0,
      "values" : [ ],
      "stddev" : 0.0
    },
    "vm.memory.total.committed.window.15m" : {
      "count" : 0,
      "max" : 0,
      "mean" : 0.0,
      "min" : 0,
      "p50" : 0.0,
      "p75" : 0.0,
      "p95" : 0.0,
      "p98" : 0.0,
      "p99" : 0.0,
      "p999" : 0.0,
      "values" : [ ],
      "stddev" : 0.0
    },
    "vm.memory.total.committed.window.1h" : {
      "count" : 0,
      "max" : 0,
      "mean" : 0.0,
      "min" : 0,
      "p50" : 0.0,
      "p75" : 0.0,
      "p95" : 0.0,
      "p98" : 0.0,
      "p99" : 0.0,
      "p999" : 0.0,
      "values" : [ ],
      "stddev" : 0.0
    },
    "vm.memory.total.committed.window.5m" : {
      "count" : 0,
      "max" : 0,
      "mean" : 0.0,
      "min" : 0,
      "p50" : 0.0,
      "p75" : 0.0,
      "p95" : 0.0,
      "p98" : 0.0,
      "p99" : 0.0,
      "p999" : 0.0,
      "values" : [ ],
      "stddev" : 0.0
    },
    "vm.memory.total.used.history" : {
      "count" : 0,
      "max" : 0,
      "mean" : 0.0,
      "min" : 0,
      "p50" : 0.0,
      "p75" : 0.0,
      "p95" : 0.0,
      "p98" : 0.0,
      "p99" : 0.0,
      "p999" : 0.0,
      "values" : [ ],
      "stddev" : 0.0
    },
    "vm.memory.total.used.window.15m" : {
      "count" : 0,
      "max" : 0,
      "mean" : 0.0,
      "min" : 0,
      "p50" : 0.0,
      "p75" : 0.0,
      "p95" : 0.0,
      "p98" : 0.0,
      "p99" : 0.0,
      "p999" : 0.0,
      "values" : [ ],
      "stddev" : 0.0
    },
    "vm.memory.total.used.window.1h" : {
      "count" : 0,
      "max" : 0,
      "mean" : 0.0,
      "min" : 0,
      "p50" : 0.0,
      "p75" : 0.0,
      "p95" : 0.0,
      "p98" : 0.0,
      "p99" : 0.0,
      "p999" : 0.0,
      "values" : [ ],
      "stddev" : 0.0
    },
    "vm.memory.total.used.window.5m" : {
      "count" : 0,
      "max" : 0,
      "mean" : 0.0,
      "min" : 0,
      "p50" : 0.0,
      "p75" : 0.0,
      "p95" : 0.0,
      "p98" : 0.0,
      "p99" : 0.0,
      "p999" : 0.0,
      "values" : [ ],
      "stddev" : 0.0
    }
  },
  "meters" : {
    "http.responseCodes.badRequest" : {
      "count" : 0,
      "m15_rate" : 0.0,
      "m1_rate" : 0.0,
      "m5_rate" : 0.0,
      "mean_rate" : 0.0,
      "units" : "events/minute"
    },
    "http.responseCodes.created" : {
      "count" : 0,
      "m15_rate" : 0.0,
      "m1_rate" : 0.0,
      "m5_rate" : 0.0,
      "mean_rate" : 0.0,
      "units" : "events/minute"
    },
    "http.responseCodes.forbidden" : {
      "count" : 0,
      "m15_rate" : 0.0,
      "m1_rate" : 0.0,
      "m5_rate" : 0.0,
      "mean_rate" : 0.0,
      "units" : "events/minute"
    },
    "http.responseCodes.noContent" : {
      "count" : 0,
      "m15_rate" : 0.0,
      "m1_rate" : 0.0,
      "m5_rate" : 0.0,
      "mean_rate" : 0.0,
      "units" : "events/minute"
    },
    "http.responseCodes.notFound" : {
      "count" : 0,
      "m15_rate" : 0.0,
      "m1_rate" : 0.0,
      "m5_rate" : 0.0,
      "mean_rate" : 0.0,
      "units" : "events/minute"
    },
    "http.responseCodes.notModified" : {
      "count" : 2,
      "m15_rate" : 0.12932103922422025,
      "m1_rate" : 1.265039291707447,
      "m5_rate" : 0.36496791824072816,
      "mean_rate" : 0.11716306001485825,
      "units" : "events/minute"
    },
    "http.responseCodes.ok" : {
      "count" : 1334,
      "m15_rate" : 81.0190522178049,
      "m1_rate" : 101.81686280978258,
      "m5_rate" : 84.39269502231254,
      "mean_rate" : 78.14777438192357,
      "units" : "events/minute"
    },
    "http.responseCodes.other" : {
      "count" : 0,
      "m15_rate" : 0.0,
      "m1_rate" : 0.0,
      "m5_rate" : 0.0,
      "mean_rate" : 0.0,
      "units" : "events/minute"
    },
    "http.responseCodes.serverError" : {
      "count" : 0,
      "m15_rate" : 0.0,
      "m1_rate" : 0.0,
      "m5_rate" : 0.0,
      "mean_rate" : 0.0,
      "units" : "events/minute"
    },
    "http.responseCodes.serviceUnavailable" : {
      "count" : 0,
      "m15_rate" : 0.0,
      "m1_rate" : 0.0,
      "m5_rate" : 0.0,
      "mean_rate" : 0.0,
      "units" : "events/minute"
    },
    "jenkins.job.scheduled" : {
      "count" : 8,
      "m15_rate" : 0.29914816814402684,
      "m1_rate" : 0.046844614618712706,
      "m5_rate" : 0.3252052012320266,
      "mean_rate" : 0.46989193315686656,
      "units" : "events/minute"
    },
    "jenkins.runs.aborted" : {
      "count" : 0,
      "m15_rate" : 0.0,
      "m1_rate" : 0.0,
      "m5_rate" : 0.0,
      "mean_rate" : 0.0,
      "units" : "events/minute"
    },
    "jenkins.runs.failure" : {
      "count" : 2,
      "m15_rate" : 0.05778576316629085,
      "m1_rate" : 7.151201660329008E-6,
      "m5_rate" : 0.032561896567381836,
      "mean_rate" : 0.11747480770194328,
      "units" : "events/minute"
    },
    "jenkins.runs.not_built" : {
      "count" : 0,
      "m15_rate" : 0.0,
      "m1_rate" : 0.0,
      "m5_rate" : 0.0,
      "mean_rate" : 0.0,
      "units" : "events/minute"
    },
    "jenkins.runs.success" : {
      "count" : 4,
      "m15_rate" : 0.16032100876486777,
      "m1_rate" : 0.048393697373406486,
      "m5_rate" : 0.20328142278046982,
      "mean_rate" : 0.23494955053614122,
      "units" : "events/minute"
    },
    "jenkins.runs.total" : {
      "count" : 6,
      "m15_rate" : 0.21810677193115868,
      "m1_rate" : 0.048400848575066824,
      "m5_rate" : 0.23584331934785174,
      "mean_rate" : 0.3524243428431263,
      "units" : "events/minute"
    },
    "jenkins.runs.unstable" : {
      "count" : 0,
      "m15_rate" : 0.0,
      "m1_rate" : 0.0,
      "m5_rate" : 0.0,
      "mean_rate" : 0.0,
      "units" : "events/minute"
    }
  },
  "timers" : {
    "http.requests" : {
      "count" : 1336,
      "max" : 106.88313536000001,
      "mean" : 0.29162299595869284,
      "min" : 0.003559725,
      "p50" : 0.013711382000000001,
      "p75" : 0.019930949,
      "p95" : 0.040509579000000004,
      "p98" : 0.0519147,
      "p99" : 21.99856188,
      "p999" : 26.021707062,
      "values" : [ 0.003559725, 0.0035947130000000002, 0.00360623, 0.0036072710000000004, 0.003608548, 0.003613133, 0.003616324, 0.003619035, 0.0036362110000000003, 0.0036362530000000003, 0.003645721, 0.0036553590000000004, 0.0036560100000000003, 0.003656691, 0.0036587000000000004, 0.0036597300000000004, 0.0036624970000000002, 0.0036689390000000004, 0.0036795210000000003, 0.0036822250000000003, 0.003683426, 0.0036944110000000003, 0.0037064880000000004, 0.0037105170000000004, 0.0037182670000000004, 0.0037206300000000004, 0.0037453430000000004, 0.003755594, 0.003769446, 0.0037735040000000004, 0.0037829590000000002, 0.0037986850000000004, 0.003818946, 0.0038376620000000004, 0.0038655940000000004, 0.003886739, 0.0038873140000000002, 0.003935767000000001, 0.003954776, 0.003957696, 0.00398686, 0.004015736000000001, 0.004061051, 0.004112715, 0.004117614, 0.004122357, 0.004159171000000001, 0.004180311, 0.004201112, 0.004227024, 0.004241362, 0.0042423650000000005, 0.004303284, 0.004316157, 0.0043331360000000005, 0.0043701700000000005, 0.004395526, 0.004428308000000001, 0.004432892, 0.004495695, 0.004500047, 0.004519212, 0.0045792440000000005, 0.004602257, 0.004661023, 0.004774527000000001, 0.004830829, 0.004834983, 0.004868048000000001, 0.004880918000000001, 0.004885864, 0.004890232, 0.004919202, 0.004920838, 0.004922524, 0.004923621, 0.004932669000000001, 0.004934865, 0.004935097, 0.004937924000000001, 0.004938677000000001, 0.004939077, 0.004942023, 0.004947489, 0.004948127, 0.0049486090000000005, 0.0049554080000000006, 0.004959538, 0.004962009000000001, 0.004966728, 0.004970666, 0.004972382, 0.004974863, 0.004975933, 0.004980485000000001, 0.004983131, 0.004983784000000001, 0.00498437, 0.0049889570000000005, 0.004998138, 0.004999594, 0.005003507, 0.0050072250000000006, 0.005011229000000001, 0.0050155880000000005, 0.005019714000000001, 0.005021903, 0.005026148, 0.005028945, 0.005029152, 0.0050321160000000005, 0.0050332250000000005, 0.005035808, 0.005042783, 0.005044931, 0.005045040000000001, 0.005045949, 0.005052654, 0.005054305, 0.005057356000000001, 0.0050790010000000005, 0.005080048, 0.005080942000000001, 0.00508597, 0.005092323, 0.005095558, 0.005100946, 0.005111325, 0.0051115940000000006, 0.0051198450000000005, 0.0051249320000000004, 0.00514308, 0.005147391, 0.005154528, 0.005156653000000001, 0.005163513000000001, 0.005164017, 0.005176809, 0.005180706, 0.005189461, 0.005232162, 0.005239381, 0.0052665410000000005, 0.005270618, 0.005299212, 0.0053236970000000005, 0.0053355170000000006, 0.0053411280000000005, 0.005346436, 0.005350265000000001, 0.005413399, 0.005415095, 0.005418414000000001, 0.005419895, 0.005432641, 0.005434754, 0.0054390210000000005, 0.005442726, 0.0054438870000000006, 0.005449016, 0.005460287, 0.005466957000000001, 0.005469148, 0.005489576, 0.005491581000000001, 0.005497226, 0.0054977690000000004, 0.00550434, 0.005517467000000001, 0.005518964, 0.005539196000000001, 0.005547598, 0.0055569650000000005, 0.005578130000000001, 0.005578558, 0.005580226000000001, 0.005583623, 0.005588791, 0.005591266, 0.005597618, 0.005598345, 0.005600224, 0.005611516, 0.005613461, 0.005617572, 0.005637723000000001, 0.005649288000000001, 0.005652638000000001, 0.005653786, 0.005660509, 0.005674111000000001, 0.005678871, 0.005682236, 0.0056831500000000005, 0.005689703, 0.005690644000000001, 0.005699478, 0.005709634000000001, 0.005713023, 0.0057199220000000005, 0.005722553, 0.005738259000000001, 0.005745435, 0.005746679, 0.0057488090000000006, 0.005750922, 0.005758910000000001, 0.005765086, 0.005775529000000001, 0.005776116, 0.00578165, 0.005795504, 0.005796179, 0.005801548, 0.005806561, 0.00580767, 0.005808784, 0.005811364, 0.005821273, 0.005828166, 0.005833886, 0.0058384330000000005, 0.005839137, 0.00584397, 0.005853774, 0.0058677700000000005, 0.005879047, 0.005883622000000001, 0.0058863150000000005, 0.005889982, 0.005894905000000001, 0.005897568000000001, 0.005914017000000001, 0.00591966, 0.005922999, 0.00592828, 0.005939924, 0.005946445000000001, 0.005947829, 0.005950064000000001, 0.005953721, 0.005970793, 0.005978055, 0.005979445000000001, 0.005981177000000001, 0.005984011, 0.005988212000000001, 0.005988566000000001, 0.005997550000000001, 0.005998000000000001, 0.006000964, 0.006004897, 0.006005605000000001, 0.006006438, 0.006011189, 0.006015062000000001, 0.0060280740000000005, 0.00603008, 0.006036404, 0.006051933000000001, 0.006064192, 0.006073569, 0.006079748, 0.006080161000000001, 0.006088757, 0.006107208, 0.006114382000000001, 0.006141904, 0.006146049000000001, 0.0061563040000000005, 0.006188867000000001, 0.0061920610000000004, 0.006195853, 0.0062111300000000005, 0.006220169, 0.006222372, 0.0062496240000000005, 0.006266276, 0.006269253000000001, 0.006271129, 0.006285579, 0.00632773, 0.0063498930000000006, 0.006365502, 0.0063937740000000005, 0.006397882000000001, 0.006405595, 0.006413927000000001, 0.006421573000000001, 0.006423838, 0.0064307340000000004, 0.006445936, 0.006449092, 0.006450346, 0.006468009, 0.006482854000000001, 0.006483101000000001, 0.006492664, 0.006495088, 0.006511027000000001, 0.006514937, 0.006524849, 0.006529257, 0.006561118, 0.0065694920000000006, 0.006571454, 0.006594018, 0.006615706000000001, 0.006641336, 0.006650856, 0.0066635190000000006, 0.006780464000000001, 0.006831218, 0.006860054000000001, 0.006873308000000001, 0.006875547, 0.006876187000000001, 0.006880758000000001, 0.006940705, 0.006944472, 0.0069729860000000005, 0.006999591, 0.007034183, 0.007039964, 0.007061292, 0.007101493, 0.007128669000000001, 0.007129853, 0.007133546, 0.007173663, 0.0071967640000000005, 0.007220729, 0.0073346520000000005, 0.007352507, 0.007436359000000001, 0.007440684, 0.007442591, 0.007453302, 0.007456199, 0.007487973, 0.007496249000000001, 0.007501544000000001, 0.007507033000000001, 0.007532059000000001, 0.007554922, 0.007587435000000001, 0.007611474000000001, 0.00764917, 0.007663851, 0.007672429000000001, 0.007672796000000001, 0.007680052000000001, 0.007686761, 0.007702891000000001, 0.007703894, 0.007721021000000001, 0.007725944, 0.0077448610000000005, 0.007744899, 0.0077452860000000005, 0.007747137, 0.007770329, 0.007790054, 0.007790936000000001, 0.007816279, 0.0078255, 0.007839528, 0.007871473, 0.007909584, 0.007909783, 0.007919044, 0.007919482, 0.007921290000000001, 0.007943798, 0.007953719, 0.007962574, 0.007963856, 0.007968614, 0.007980322, 0.007988933, 0.007995879000000001, 0.007996179, 0.007997667, 0.00800112, 0.008004536000000001, 0.008010645, 0.008018712, 0.008019737, 0.008026179000000001, 0.008047928000000001, 0.00805919, 0.008075029000000001, 0.008076284000000001, 0.008078288000000001, 0.008105423, 0.008111477, 0.008147258000000001, 0.008148513000000001, 0.008157298, 0.008163405, 0.00818117, 0.008196346, 0.008211138, 0.008234863, 0.008279635, 0.008304079, 0.008315626000000001, 0.008321531, 0.008324251000000001, 0.008328285000000001, 0.008333675, 0.008334321, 0.008339673, 0.008353048, 0.008402347000000001, 0.0084153, 0.008420201, 0.008427348000000001, 0.008432899, 0.0084391, 0.008450001, 0.008478331, 0.008506782000000001, 0.008547606000000001, 0.008547862, 0.008650660000000001, 0.008658635000000001, 0.008684268, 0.00869644, 0.008704987, 0.008746337, 0.008747583, 0.008755513000000001, 0.008767818, 0.008811534000000001, 0.008820989000000001, 0.008833569000000001, 0.008959008000000001, 0.008992084000000001, 0.009003811, 0.009283268, 0.009312609000000001, 0.009384188, 0.009416624, 0.009462184, 0.009520386, 0.009530430000000001, 0.009540969, 0.009582366, 0.009586347, 0.009672762000000001, 0.009707887, 0.009710145, 0.009726656, 0.009744742, 0.009855539, 0.009857318, 0.009869735000000001, 0.009926586000000001, 0.009944665, 0.009961534000000001, 0.009994749, 0.010012746000000001, 0.010013627, 0.010016804, 0.010066760000000001, 0.010069784, 0.010097587, 0.010139633, 0.010189369, 0.010210919, 0.010220242000000001, 0.010223503, 0.010224492, 0.01024947, 0.010263898, 0.010265398, 0.010273801, 0.010291097, 0.010293687000000001, 0.010333159000000001, 0.010335003, 0.010345893, 0.010391368, 0.010397293, 0.010397372, 0.010408261, 0.010424706, 0.010452767, 0.010467165, 0.010472925000000001, 0.010487543, 0.010487584000000001, 0.010535305, 0.010540595, 0.010549543000000002, 0.010576353, 0.010591293, 0.010597364000000001, 0.010608610000000001, 0.01064485, 0.010669670000000001, 0.010699773000000001, 0.01071241, 0.010713517, 0.010714075, 0.010729641, 0.010763485000000001, 0.010775696000000001, 0.010788739, 0.010802185, 0.010803839, 0.01080966, 0.01081093, 0.01081722, 0.010822886, 0.010842139, 0.010844620000000001, 0.010860444, 0.010891002, 0.010913276000000001, 0.010933726000000001, 0.010953911, 0.010957004000000001, 0.010984306000000001, 0.010998486, 0.011004775000000001, 0.011011018000000001, 0.011048976, 0.011051779000000001, 0.011054396000000001, 0.011064586000000001, 0.011082697, 0.011085697, 0.011088758, 0.011090371, 0.011126780000000001, 0.011130428000000001, 0.011163605, 0.011168241, 0.011181842, 0.011199019000000001, 0.011204975, 0.011238906, 0.011239826000000001, 0.011296810000000001, 0.011297019, 0.011329723, 0.011351492000000001, 0.011354403, 0.011362711000000001, 0.011369286000000001, 0.011390972000000001, 0.011395730000000001, 0.011399168000000001, 0.011426513000000001, 0.011479379000000001, 0.011486330000000001, 0.011513318000000002, 0.011534373, 0.011550682000000001, 0.011555616000000001, 0.011558710000000002, 0.011601216000000001, 0.011673403, 0.011735167000000001, 0.011779036000000001, 0.011779354, 0.011783799000000001, 0.011811961000000001, 0.011840799, 0.011855893000000001, 0.011864749, 0.011869297000000001, 0.011888634, 0.011902996, 0.011904433, 0.011918699000000001, 0.011919551, 0.01193863, 0.011980145000000001, 0.011980393, 0.011993424, 0.012000699, 0.012004591, 0.012071762000000002, 0.012094147000000001, 0.012129367, 0.012148534, 0.012177046, 0.012275466, 0.012285315000000002, 0.012290917, 0.012337608, 0.01238468, 0.012389106, 0.012397558000000001, 0.012472952, 0.012478053000000001, 0.012490679000000001, 0.012495907, 0.012502693, 0.012615568, 0.012627132000000001, 0.012666666, 0.012699353, 0.012732182000000002, 0.012750914, 0.012809585, 0.012819079, 0.012830139, 0.012840872000000001, 0.012852089, 0.012878294, 0.012975272000000001, 0.012981604, 0.013004956000000002, 0.013029741000000001, 0.013067472, 0.013134097, 0.013134644000000001, 0.013138807, 0.013172288, 0.01319473, 0.013236163, 0.013251775, 0.013301089, 0.013380892, 0.013407501, 0.013441979000000001, 0.013475877, 0.013497422, 0.013508432, 0.013545542, 0.013548570000000001, 0.013588708000000001, 0.013609117, 0.013620934000000001, 0.013633738000000001, 0.013651939, 0.013690259000000001, 0.013711382000000001, 0.013768539000000002, 0.013792966, 0.013819564000000001, 0.013860402, 0.013861620000000002, 0.013944058, 0.013968748000000001, 0.014004433, 0.014035530000000001, 0.014084964, 0.014113562000000001, 0.014226902000000001, 0.014241999000000002, 0.014289038, 0.014489415, 0.014548971, 0.014571362000000001, 0.014711429000000002, 0.014763174, 0.014838268000000002, 0.014861512, 0.014867253, 0.014875614, 0.014907897000000002, 0.014910259, 0.014964481000000002, 0.014973711, 0.015000568, 0.015009581000000001, 0.015033095000000002, 0.015038071, 0.015058909, 0.015064301, 0.015074393, 0.015077582, 0.015083009000000001, 0.015084595000000001, 0.015084767, 0.015114852000000002, 0.015115963000000001, 0.015130974, 0.015135482, 0.015148814000000002, 0.015158856000000002, 0.015164338000000001, 0.015169309, 0.015214505000000001, 0.015214680000000001, 0.015233144, 0.015276136000000001, 0.015314844000000001, 0.01531827, 0.015321877000000001, 0.015332676000000002, 0.015334166000000002, 0.015347954, 0.015350159, 0.015358127000000001, 0.015358365, 0.015362967000000002, 0.015369602000000001, 0.015372403000000001, 0.015377574000000001, 0.015394748000000002, 0.015406790000000002, 0.015409517000000001, 0.015448447, 0.015464235000000002, 0.015469098, 0.015473144000000001, 0.015500612, 0.015537948000000001, 0.015559696000000001, 0.01556617, 0.015566813, 0.015581573000000001, 0.015616545, 0.015643825, 0.015704807, 0.015715197, 0.015719434, 0.015731922000000002, 0.015748161, 0.015767373, 0.015780756, 0.015803048, 0.015806337, 0.015809054, 0.015819976, 0.015820122000000002, 0.015821718000000002, 0.015857036, 0.015873817000000002, 0.015876962, 0.015925148, 0.015926000000000003, 0.015953175, 0.015969509, 0.016003074000000003, 0.016012517, 0.016041852000000002, 0.016058930000000003, 0.016073456, 0.016109549, 0.016125568, 0.016182852, 0.016192629, 0.016205681, 0.016205883, 0.016209195000000003, 0.016236722000000002, 0.01624302, 0.016248097, 0.016318315, 0.016327946, 0.016353703, 0.016358756000000002, 0.016426997000000002, 0.016429529000000002, 0.016453949000000002, 0.016555793000000003, 0.016574779, 0.016587683000000002, 0.016616057, 0.016627032, 0.016633959, 0.016649260000000003, 0.016663048, 0.016705826, 0.016712261000000003, 0.016713156, 0.016778994000000002, 0.016788286, 0.016790117, 0.016799279, 0.01683416, 0.016849417000000002, 0.016861087, 0.016885365, 0.016891574, 0.016898117, 0.016904322, 0.016919039, 0.016969726, 0.016989313000000002, 0.016993745, 0.017012313, 0.017013686, 0.01709985, 0.017118933, 0.017162841, 0.017178193, 0.017233003, 0.017249088000000003, 0.017285996, 0.017290949, 0.017355548000000002, 0.017393789, 0.017401337, 0.017527491000000003, 0.017541150000000002, 0.017551947000000002, 0.017568880000000002, 0.017574495000000002, 0.017589912000000003, 0.017595021000000002, 0.01761863, 0.017645897, 0.017654053, 0.017671184, 0.017781332, 0.017792314, 0.017795662, 0.017813732000000002, 0.017829471, 0.017840103, 0.017846532000000002, 0.017855041000000002, 0.017857361000000002, 0.017860683000000002, 0.017873055000000002, 0.017911593, 0.01793143, 0.017935892000000002, 0.017941638000000003, 0.0179465, 0.017978744, 0.017989781, 0.018006650000000003, 0.018013052, 0.018028447, 0.018170541000000002, 0.018180739, 0.018189365000000002, 0.018206051, 0.018208317, 0.01821011, 0.018232792, 0.018249044000000002, 0.018315367000000003, 0.018320729, 0.018381137000000002, 0.018392894, 0.01839493, 0.018395375000000002, 0.018420269, 0.018520446, 0.018536490000000003, 0.018566519, 0.018585073, 0.018599061, 0.018621790000000003, 0.018665162000000003, 0.018801723000000003, 0.018830101000000002, 0.018880342, 0.01898211, 0.019005960000000002, 0.019034341, 0.01904645, 0.019161311, 0.01924104, 0.019278490000000002, 0.019291629, 0.019325324, 0.0193643, 0.019384043, 0.019400200000000003, 0.019425504, 0.019445831, 0.019452745, 0.019465263, 0.019494822000000002, 0.019511056000000002, 0.019664098, 0.019751594, 0.019802088000000002, 0.019861622000000002, 0.019930949, 0.02001568, 0.020065905000000002, 0.020067461, 0.020258469, 0.020299653, 0.020315319000000002, 0.020397293, 0.020491889000000003, 0.020594827, 0.020701805, 0.020769224000000003, 0.020941396, 0.021023213000000002, 0.021178577, 0.02119255, 0.021203971000000002, 0.02129293, 0.021408946, 0.021446063, 0.021523433, 0.02167714, 0.021725597000000003, 0.021745398000000003, 0.021981254000000002, 0.021990069, 0.022026284, 0.022039678, 0.022084405, 0.022112742, 0.022220860000000002, 0.022287604000000003, 0.022342298, 0.022458167, 0.022480354, 0.022680411, 0.022805729, 0.022962453, 0.023052276, 0.023059450000000002, 0.023215891000000002, 0.023273327, 0.023281781, 0.023317758, 0.023348155000000002, 0.023356408000000002, 0.023725422000000003, 0.024082018, 0.024200366, 0.024235288, 0.024247385000000003, 0.024341271, 0.024356772000000002, 0.024365573, 0.024459756000000003, 0.024487170000000003, 0.024514559000000002, 0.024552447, 0.024635264, 0.024698732, 0.024701873000000003, 0.024723461000000002, 0.024732253000000003, 0.024741699000000002, 0.024751967000000003, 0.024801159000000003, 0.024823418, 0.024836152, 0.024905991000000002, 0.024920946000000003, 0.024940707000000003, 0.024974478, 0.025011508000000002, 0.025013849, 0.02508086, 0.025115661, 0.025126012000000003, 0.025162368, 0.025194702000000003, 0.025196144, 0.025322608, 0.025440684, 0.025463394, 0.025483061, 0.025506619, 0.025550638, 0.025718242000000002, 0.025718303, 0.025738461, 0.025802093, 0.025867159, 0.025942277000000003, 0.026076907000000003, 0.026223417000000002, 0.026245963, 0.026378867, 0.02641378, 0.026523398, 0.026570471000000002, 0.026690664000000003, 0.026879550000000002, 0.026924075000000002, 0.026948613000000003, 0.026976565, 0.027590046, 0.027679256000000003, 0.027961824000000003, 0.027994736000000003, 0.02860963, 0.028823762000000003, 0.028917993000000003, 0.029067263000000003, 0.029097869000000002, 0.029261528000000002, 0.029577595, 0.029630413, 0.030990647000000003, 0.03108713, 0.031325993, 0.03167598, 0.036371261, 0.038288136, 0.038419357, 0.038500844, 0.040509579000000004, 0.0408516, 0.041295580000000005, 0.041423002, 0.041467112, 0.0415688, 0.042121177, 0.042353894, 0.042857942, 0.043924359, 0.049100626, 0.0519147, 0.059345985000000004, 0.07281599200000001, 0.075547536, 0.113742008, 0.171948133, 0.185089521, 0.29835000700000003, 21.99856188, 24.318567366, 26.021707062, 52.906734511, 106.88313536000001 ],
      "stddev" : 2.568024491784459,
      "m15_rate" : 81.14776504260938,
      "m1_rate" : 103.07305767623873,
      "m5_rate" : 84.75397029087331,
      "mean_rate" : 78.26395139303678,
      "duration_units" : "seconds",
      "rate_units" : "calls/minute"
    },
    "jenkins.health-check.duration" : {
      "count" : 0,
      "max" : 0.0,
      "mean" : 0.0,
      "min" : 0.0,
      "p50" : 0.0,
      "p75" : 0.0,
      "p95" : 0.0,
      "p98" : 0.0,
      "p99" : 0.0,
      "p999" : 0.0,
      "values" : [ ],
      "stddev" : 0.0,
      "m15_rate" : 0.0,
      "m1_rate" : 0.0,
      "m5_rate" : 0.0,
      "mean_rate" : 0.0,
      "duration_units" : "seconds",
      "rate_units" : "calls/minute"
    },
    "jenkins.job.blocked.duration" : {
      "count" : 0,
      "max" : 0.0,
      "mean" : 0.0,
      "min" : 0.0,
      "p50" : 0.0,
      "p75" : 0.0,
      "p95" : 0.0,
      "p98" : 0.0,
      "p99" : 0.0,
      "p999" : 0.0,
      "values" : [ ],
      "stddev" : 0.0,
      "m15_rate" : 0.0,
      "m1_rate" : 0.0,
      "m5_rate" : 0.0,
      "mean_rate" : 0.0,
      "duration_units" : "seconds",
      "rate_units" : "calls/minute"
    },
    "jenkins.job.buildable.duration" : {
      "count" : 4,
      "max" : 1.871129626,
      "mean" : 0.008990147989587386,
      "min" : 0.008582765000000001,
      "p50" : 0.008582765000000001,
      "p75" : 0.008582765000000001,
      "p95" : 0.008582765000000001,
      "p98" : 0.008582765000000001,
      "p99" : 0.020279653,
      "p999" : 0.020279653,
      "values" : [ 0.008582765000000001, 0.020279653, 0.09826593, 1.871129626 ],
      "stddev" : 0.02142402990149529,
      "m15_rate" : 0.15050911096402214,
      "m1_rate" : 0.044305877474877464,
      "m5_rate" : 0.17933560384429825,
      "mean_rate" : 0.23494287051259438,
      "duration_units" : "seconds",
      "rate_units" : "calls/minute"
    },
    "jenkins.job.building.duration" : {
      "count" : 10,
      "max" : 2951.05,
      "mean" : 4.538337253062135,
      "min" : 1.7970000000000002,
      "p50" : 1.7971332340000001,
      "p75" : 1.7971332340000001,
      "p95" : 1.7971332340000001,
      "p98" : 3.011826151,
      "p99" : 3.012,
      "p999" : 250.68400000000003,
      "values" : [ 1.7970000000000002, 1.7971332340000001, 3.011826151, 3.012, 3.4480922520000004, 3.4490000000000003, 250.67300762300002, 250.68400000000003, 1192.174, 2951.05 ],
      "stddev" : 39.39868434595631,
      "m15_rate" : 0.37842778069602645,
      "m1_rate" : 0.09679454594847334,
      "m5_rate" : 0.4391247421283215,
      "mean_rate" : 0.5873562698837986,
      "duration_units" : "seconds",
      "rate_units" : "calls/minute"
    },
    "jenkins.job.queuing.duration" : {
      "count" : 8,
      "max" : 5.322,
      "mean" : 0.012060870053457262,
      "min" : 0.003,
      "p50" : 0.011000000000000001,
      "p75" : 0.011000000000000001,
      "p95" : 0.011000000000000001,
      "p98" : 0.015000000000000001,
      "p99" : 0.025,
      "p999" : 0.025,
      "values" : [ 0.003, 0.003, 0.003, 0.011000000000000001, 0.015000000000000001, 0.025, 1.985, 5.322 ],
      "stddev" : 0.07992174891405197,
      "m15_rate" : 0.2993100275833677,
      "m1_rate" : 0.04684495235696385,
      "m5_rate" : 0.32548342282635395,
      "mean_rate" : 0.46988455837969095,
      "duration_units" : "seconds",
      "rate_units" : "calls/minute"
    },
    "jenkins.job.total.duration" : {
      "count" : 4,
      "max" : 256.00600000000003,
      "mean" : 4.20124326093616,
      "min" : 1.808,
      "p50" : 1.808,
      "p75" : 1.808,
      "p95" : 1.808,
      "p98" : 3.0370000000000004,
      "p99" : 3.0370000000000004,
      "p999" : 256.00600000000003,
      "values" : [ 1.808, 3.0370000000000004, 5.434, 256.00600000000003 ],
      "stddev" : 24.46832126388355,
      "m15_rate" : 0.16032100876486777,
      "m1_rate" : 0.048393697373406486,
      "m5_rate" : 0.20328142278046982,
      "mean_rate" : 0.23494217831761294,
      "duration_units" : "seconds",
      "rate_units" : "calls/minute"
    },
    "jenkins.job.waiting.duration" : {
      "count" : 8,
      "max" : 5.217248745,
      "mean" : 0.003304242295715651,
      "min" : 0.001165184,
      "p50" : 0.0022941240000000002,
      "p75" : 0.0022941240000000002,
      "p95" : 0.0022941240000000002,
      "p98" : 0.0022941240000000002,
      "p99" : 0.0022941240000000002,
      "p999" : 0.0022941240000000002,
      "values" : [ 0.001165184, 0.001464379, 0.001519023, 0.0015247700000000002, 0.001806124, 0.001925339, 0.0022941240000000002, 5.217248745 ],
      "stddev" : 0.07545973386816487,
      "m15_rate" : 0.2993100275833677,
      "m1_rate" : 0.04684495235696385,
      "m5_rate" : 0.32548342282635395,
      "mean_rate" : 0.4698836479707112,
      "duration_units" : "seconds",
      "rate_units" : "calls/minute"
    },
    "jenkins.node.master-worker.builds" : {
      "count" : 4,
      "max" : 250.67296517800003,
      "mean" : 4.140111620507846,
      "min" : 1.7970903280000001,
      "p50" : 1.7970903280000001,
      "p75" : 1.7970903280000001,
      "p95" : 1.7970903280000001,
      "p98" : 3.0117780460000003,
      "p99" : 3.0117780460000003,
      "p999" : 250.67296517800003,
      "values" : [ 1.7970903280000001, 3.0117780460000003, 3.4475344050000003, 250.67296517800003 ],
      "stddev" : 23.956020431779297,
      "m15_rate" : 5.2045256228690375,
      "m1_rate" : 0.048420821326290275,
      "m5_rate" : 1.0945643613524767,
      "mean_rate" : 0.30712972363611224,
      "duration_units" : "seconds",
      "rate_units" : "calls/minute"
    }
  }
}