<?xml version='1.1' encoding='UTF-8'?>
<Tag plugin="workflow-support@2.18">
  <node class="org.jenkinsci.plugins.workflow.graph.FlowEndNode" plugin="workflow-api@2.27">
    <parentIds>
      <string>39</string>
    </parentIds>
    <id>40</id>
    <startId>2</startId>
    <result>
      <name>FAILURE</name>
      <ordinal>2</ordinal>
      <color>RED</color>
      <completeBuild>true</completeBuild>
    </result>
  </node>
  <actions>
    <wf.a.ErrorAction plugin="workflow-api@2.27">
      <error class="hudson.AbortException">
        <detailMessage>reproducer #5 completed with status FAILURE (propagate: false to ignore)</detailMessage>
        <stackTrace>
          <trace>org.jenkinsci.plugins.workflow.support.steps.build.BuildTriggerListener.onCompleted(BuildTriggerListener.java:52)</trace>
          <trace>hudson.model.listeners.RunListener.fireCompleted(RunListener.java:211)</trace>
          <trace>org.jenkinsci.plugins.workflow.job.WorkflowRun.finish(WorkflowRun.java:759)</trace>
          <trace>org.jenkinsci.plugins.workflow.job.WorkflowRun.access$1100(WorkflowRun.java:142)</trace>
          <trace>org.jenkinsci.plugins.workflow.job.WorkflowRun$GraphL.onNewHead(WorkflowRun.java:1094)</trace>
          <trace>org.jenkinsci.plugins.workflow.cps.CpsFlowExecution.notifyListeners(CpsFlowExecution.java:1413)</trace>
          <trace>org.jenkinsci.plugins.workflow.cps.CpsThreadGroup$3.run(CpsThreadGroup.java:412)</trace>
          <trace>org.jenkinsci.plugins.workflow.cps.CpsVmExecutorService$1.run(CpsVmExecutorService.java:35)</trace>
          <trace>hudson.remoting.SingleLaneExecutorService$1.run(SingleLaneExecutorService.java:131)</trace>
          <trace>jenkins.util.ContextResettingExecutorService$1.run(ContextResettingExecutorService.java:28)</trace>
          <trace>java.util.concurrent.Executors$RunnableAdapter.call(Executors.java:511)</trace>
          <trace>java.util.concurrent.FutureTask.run(FutureTask.java:266)</trace>
          <trace>java.util.concurrent.ThreadPoolExecutor.runWorker(ThreadPoolExecutor.java:1142)</trace>
          <trace>java.util.concurrent.ThreadPoolExecutor$Worker.run(ThreadPoolExecutor.java:617)</trace>
          <trace>java.lang.Thread.run(Thread.java:748)</trace>
        </stackTrace>
        <suppressedExceptions>
          <hudson.AbortException>
            <detailMessage>reproducer #5 completed with status FAILURE (propagate: false to ignore)</detailMessage>
            <stackTrace>
              <trace>org.jenkinsci.plugins.workflow.support.steps.build.BuildTriggerListener.onCompleted(BuildTriggerListener.java:52)</trace>
              <trace>hudson.model.listeners.RunListener.fireCompleted(RunListener.java:211)</trace>
              <trace>org.jenkinsci.plugins.workflow.job.WorkflowRun.finish(WorkflowRun.java:759)</trace>
              <trace>org.jenkinsci.plugins.workflow.job.WorkflowRun.access$1100(WorkflowRun.java:142)</trace>
              <trace>org.jenkinsci.plugins.workflow.job.WorkflowRun$GraphL.onNewHead(WorkflowRun.java:1094)</trace>
              <trace>org.jenkinsci.plugins.workflow.cps.CpsFlowExecution.notifyListeners(CpsFlowExecution.java:1413)</trace>
              <trace>org.jenkinsci.plugins.workflow.cps.CpsThreadGroup$3.run(CpsThreadGroup.java:412)</trace>
              <trace>org.jenkinsci.plugins.workflow.cps.CpsVmExecutorService$1.run(CpsVmExecutorService.java:35)</trace>
              <trace>hudson.remoting.SingleLaneExecutorService$1.run(SingleLaneExecutorService.java:131)</trace>
              <trace>jenkins.util.ContextResettingExecutorService$1.run(ContextResettingExecutorService.java:28)</trace>
              <trace>java.util.concurrent.Executors$RunnableAdapter.call(Executors.java:511)</trace>
              <trace>java.util.concurrent.FutureTask.run(FutureTask.java:266)</trace>
              <trace>java.util.concurrent.ThreadPoolExecutor.runWorker(ThreadPoolExecutor.java:1142)</trace>
              <trace>java.util.concurrent.ThreadPoolExecutor$Worker.run(ThreadPoolExecutor.java:617)</trace>
              <trace>java.lang.Thread.run(Thread.java:748)</trace>
            </stackTrace>
            <suppressedExceptions class="java.util.Collections$UnmodifiableRandomAccessList" resolves-to="java.util.Collections$UnmodifiableList">
              <c class="list"/>
              <list reference="../c"/>
            </suppressedExceptions>
          </hudson.AbortException>
          <hudson.AbortException>
            <detailMessage>reproducer #5 completed with status FAILURE (propagate: false to ignore)</detailMessage>
            <stackTrace>
              <trace>org.jenkinsci.plugins.workflow.support.steps.build.BuildTriggerListener.onCompleted(BuildTriggerListener.java:52)</trace>
              <trace>hudson.model.listeners.RunListener.fireCompleted(RunListener.java:211)</trace>
              <trace>org.jenkinsci.plugins.workflow.job.WorkflowRun.finish(WorkflowRun.java:759)</trace>
              <trace>org.jenkinsci.plugins.workflow.job.WorkflowRun.access$1100(WorkflowRun.java:142)</trace>
              <trace>org.jenkinsci.plugins.workflow.job.WorkflowRun$GraphL.onNewHead(WorkflowRun.java:1094)</trace>
              <trace>org.jenkinsci.plugins.workflow.cps.CpsFlowExecution.notifyListeners(CpsFlowExecution.java:1413)</trace>
              <trace>org.jenkinsci.plugins.workflow.cps.CpsThreadGroup$3.run(CpsThreadGroup.java:412)</trace>
              <trace>org.jenkinsci.plugins.workflow.cps.CpsVmExecutorService$1.run(CpsVmExecutorService.java:35)</trace>
              <trace>hudson.remoting.SingleLaneExecutorService$1.run(SingleLaneExecutorService.java:131)</trace>
              <trace>jenkins.util.ContextResettingExecutorService$1.run(ContextResettingExecutorService.java:28)</trace>
              <trace>java.util.concurrent.Executors$RunnableAdapter.call(Executors.java:511)</trace>
              <trace>java.util.concurrent.FutureTask.run(FutureTask.java:266)</trace>
              <trace>java.util.concurrent.ThreadPoolExecutor.runWorker(ThreadPoolExecutor.java:1142)</trace>
              <trace>java.util.concurrent.ThreadPoolExecutor$Worker.run(ThreadPoolExecutor.java:617)</trace>
              <trace>java.lang.Thread.run(Thread.java:748)</trace>
            </stackTrace>
            <suppressedExceptions class="java.util.Collections$UnmodifiableRandomAccessList" reference="../../hudson.AbortException/suppressedExceptions"/>
          </hudson.AbortException>
          <hudson.AbortException>
            <detailMessage>reproducer #5 completed with status FAILURE (propagate: false to ignore)</detailMessage>
            <stackTrace>
              <trace>org.jenkinsci.plugins.workflow.support.steps.build.BuildTriggerListener.onCompleted(BuildTriggerListener.java:52)</trace>
              <trace>hudson.model.listeners.RunListener.fireCompleted(RunListener.java:211)</trace>
              <trace>org.jenkinsci.plugins.workflow.job.WorkflowRun.finish(WorkflowRun.java:759)</trace>
              <trace>org.jenkinsci.plugins.workflow.job.WorkflowRun.access$1100(WorkflowRun.java:142)</trace>
              <trace>org.jenkinsci.plugins.workflow.job.WorkflowRun$GraphL.onNewHead(WorkflowRun.java:1094)</trace>
              <trace>org.jenkinsci.plugins.workflow.cps.CpsFlowExecution.notifyListeners(CpsFlowExecution.java:1413)</trace>
              <trace>org.jenkinsci.plugins.workflow.cps.CpsThreadGroup$3.run(CpsThreadGroup.java:412)</trace>
              <trace>org.jenkinsci.plugins.workflow.cps.CpsVmExecutorService$1.run(CpsVmExecutorService.java:35)</trace>
              <trace>hudson.remoting.SingleLaneExecutorService$1.run(SingleLaneExecutorService.java:131)</trace>
              <trace>jenkins.util.ContextResettingExecutorService$1.run(ContextResettingExecutorService.java:28)</trace>
              <trace>java.util.concurrent.Executors$RunnableAdapter.call(Executors.java:511)</trace>
              <trace>java.util.concurrent.FutureTask.run(FutureTask.java:266)</trace>
              <trace>java.util.concurrent.ThreadPoolExecutor.runWorker(ThreadPoolExecutor.java:1142)</trace>
              <trace>java.util.concurrent.ThreadPoolExecutor$Worker.run(ThreadPoolExecutor.java:617)</trace>
              <trace>java.lang.Thread.run(Thread.java:748)</trace>
            </stackTrace>
            <suppressedExceptions class="java.util.Collections$UnmodifiableRandomAccessList" reference="../../hudson.AbortException/suppressedExceptions"/>
          </hudson.AbortException>
          <hudson.AbortException>
            <detailMessage>reproducer #5 completed with status FAILURE (propagate: false to ignore)</detailMessage>
            <stackTrace>
              <trace>org.jenkinsci.plugins.workflow.support.steps.build.BuildTriggerListener.onCompleted(BuildTriggerListener.java:52)</trace>
              <trace>hudson.model.listeners.RunListener.fireCompleted(RunListener.java:211)</trace>
              <trace>org.jenkinsci.plugins.workflow.job.WorkflowRun.finish(WorkflowRun.java:759)</trace>
              <trace>org.jenkinsci.plugins.workflow.job.WorkflowRun.access$1100(WorkflowRun.java:142)</trace>
              <trace>org.jenkinsci.plugins.workflow.job.WorkflowRun$GraphL.onNewHead(WorkflowRun.java:1094)</trace>
              <trace>org.jenkinsci.plugins.workflow.cps.CpsFlowExecution.notifyListeners(CpsFlowExecution.java:1413)</trace>
              <trace>org.jenkinsci.plugins.workflow.cps.CpsThreadGroup$3.run(CpsThreadGroup.java:412)</trace>
              <trace>org.jenkinsci.plugins.workflow.cps.CpsVmExecutorService$1.run(CpsVmExecutorService.java:35)</trace>
              <trace>hudson.remoting.SingleLaneExecutorService$1.run(SingleLaneExecutorService.java:131)</trace>
              <trace>jenkins.util.ContextResettingExecutorService$1.run(ContextResettingExecutorService.java:28)</trace>
              <trace>java.util.concurrent.Executors$RunnableAdapter.call(Executors.java:511)</trace>
              <trace>java.util.concurrent.FutureTask.run(FutureTask.java:266)</trace>
              <trace>java.util.concurrent.ThreadPoolExecutor.runWorker(ThreadPoolExecutor.java:1142)</trace>
              <trace>java.util.concurrent.ThreadPoolExecutor$Worker.run(ThreadPoolExecutor.java:617)</trace>
              <trace>java.lang.Thread.run(Thread.java:748)</trace>
            </stackTrace>
            <suppressedExceptions class="java.util.Collections$UnmodifiableRandomAccessList" reference="../../hudson.AbortException/suppressedExceptions"/>
          </hudson.AbortException>
          <hudson.AbortException>
            <detailMessage>reproducer #5 completed with status FAILURE (propagate: false to ignore)</detailMessage>
            <stackTrace>
              <trace>org.jenkinsci.plugins.workflow.support.steps.build.BuildTriggerListener.onCompleted(BuildTriggerListener.java:52)</trace>
              <trace>hudson.model.listeners.RunListener.fireCompleted(RunListener.java:211)</trace>
              <trace>org.jenkinsci.plugins.workflow.job.WorkflowRun.finish(WorkflowRun.java:759)</trace>
              <trace>org.jenkinsci.plugins.workflow.job.WorkflowRun.access$1100(WorkflowRun.java:142)</trace>
              <trace>org.jenkinsci.plugins.workflow.job.WorkflowRun$GraphL.onNewHead(WorkflowRun.java:1094)</trace>
              <trace>org.jenkinsci.plugins.workflow.cps.CpsFlowExecution.notifyListeners(CpsFlowExecution.java:1413)</trace>
              <trace>org.jenkinsci.plugins.workflow.cps.CpsThreadGroup$3.run(CpsThreadGroup.java:412)</trace>
              <trace>org.jenkinsci.plugins.workflow.cps.CpsVmExecutorService$1.run(CpsVmExecutorService.java:35)</trace>
              <trace>hudson.remoting.SingleLaneExecutorService$1.run(SingleLaneExecutorService.java:131)</trace>
              <trace>jenkins.util.ContextResettingExecutorService$1.run(ContextResettingExecutorService.java:28)</trace>
              <trace>java.util.concurrent.Executors$RunnableAdapter.call(Executors.java:511)</trace>
              <trace>java.util.concurrent.FutureTask.run(FutureTask.java:266)</trace>
              <trace>java.util.concurrent.ThreadPoolExecutor.runWorker(ThreadPoolExecutor.java:1142)</trace>
              <trace>java.util.concurrent.ThreadPoolExecutor$Worker.run(ThreadPoolExecutor.java:617)</trace>
              <trace>java.lang.Thread.run(Thread.java:748)</trace>
            </stackTrace>
            <suppressedExceptions class="java.util.Collections$UnmodifiableRandomAccessList" reference="../../hudson.AbortException/suppressedExceptions"/>
          </hudson.AbortException>
          <hudson.AbortException>
            <detailMessage>reproducer #5 completed with status FAILURE (propagate: false to ignore)</detailMessage>
            <stackTrace>
              <trace>org.jenkinsci.plugins.workflow.support.steps.build.BuildTriggerListener.onCompleted(BuildTriggerListener.java:52)</trace>
              <trace>hudson.model.listeners.RunListener.fireCompleted(RunListener.java:211)</trace>
              <trace>org.jenkinsci.plugins.workflow.job.WorkflowRun.finish(WorkflowRun.java:759)</trace>
              <trace>org.jenkinsci.plugins.workflow.job.WorkflowRun.access$1100(WorkflowRun.java:142)</trace>
              <trace>org.jenkinsci.plugins.workflow.job.WorkflowRun$GraphL.onNewHead(WorkflowRun.java:1094)</trace>
              <trace>org.jenkinsci.plugins.workflow.cps.CpsFlowExecution.notifyListeners(CpsFlowExecution.java:1413)</trace>
              <trace>org.jenkinsci.plugins.workflow.cps.CpsThreadGroup$3.run(CpsThreadGroup.java:412)</trace>
              <trace>org.jenkinsci.plugins.workflow.cps.CpsVmExecutorService$1.run(CpsVmExecutorService.java:35)</trace>
              <trace>hudson.remoting.SingleLaneExecutorService$1.run(SingleLaneExecutorService.java:131)</trace>
              <trace>jenkins.util.ContextResettingExecutorService$1.run(ContextResettingExecutorService.java:28)</trace>
              <trace>java.util.concurrent.Executors$RunnableAdapter.call(Executors.java:511)</trace>
              <trace>java.util.concurrent.FutureTask.run(FutureTask.java:266)</trace>
              <trace>java.util.concurrent.ThreadPoolExecutor.runWorker(ThreadPoolExecutor.java:1142)</trace>
              <trace>java.util.concurrent.ThreadPoolExecutor$Worker.run(ThreadPoolExecutor.java:617)</trace>
              <trace>java.lang.Thread.run(Thread.java:748)</trace>
            </stackTrace>
            <suppressedExceptions class="java.util.Collections$UnmodifiableRandomAccessList" reference="../../hudson.AbortException/suppressedExceptions"/>
          </hudson.AbortException>
          <hudson.AbortException>
            <detailMessage>reproducer #5 completed with status FAILURE (propagate: false to ignore)</detailMessage>
            <stackTrace>
              <trace>org.jenkinsci.plugins.workflow.support.steps.build.BuildTriggerListener.onCompleted(BuildTriggerListener.java:52)</trace>
              <trace>hudson.model.listeners.RunListener.fireCompleted(RunListener.java:211)</trace>
              <trace>org.jenkinsci.plugins.workflow.job.WorkflowRun.finish(WorkflowRun.java:759)</trace>
              <trace>org.jenkinsci.plugins.workflow.job.WorkflowRun.access$1100(WorkflowRun.java:142)</trace>
              <trace>org.jenkinsci.plugins.workflow.job.WorkflowRun$GraphL.onNewHead(WorkflowRun.java:1094)</trace>
              <trace>org.jenkinsci.plugins.workflow.cps.CpsFlowExecution.notifyListeners(CpsFlowExecution.java:1413)</trace>
              <trace>org.jenkinsci.plugins.workflow.cps.CpsThreadGroup$3.run(CpsThreadGroup.java:412)</trace>
              <trace>org.jenkinsci.plugins.workflow.cps.CpsVmExecutorService$1.run(CpsVmExecutorService.java:35)</trace>
              <trace>hudson.remoting.SingleLaneExecutorService$1.run(SingleLaneExecutorService.java:131)</trace>
              <trace>jenkins.util.ContextResettingExecutorService$1.run(ContextResettingExecutorService.java:28)</trace>
              <trace>java.util.concurrent.Executors$RunnableAdapter.call(Executors.java:511)</trace>
              <trace>java.util.concurrent.FutureTask.run(FutureTask.java:266)</trace>
              <trace>java.util.concurrent.ThreadPoolExecutor.runWorker(ThreadPoolExecutor.java:1142)</trace>
              <trace>java.util.concurrent.ThreadPoolExecutor$Worker.run(ThreadPoolExecutor.java:617)</trace>
              <trace>java.lang.Thread.run(Thread.java:748)</trace>
            </stackTrace>
            <suppressedExceptions class="java.util.Collections$UnmodifiableRandomAccessList" reference="../../hudson.AbortException/suppressedExceptions"/>
          </hudson.AbortException>
          <hudson.AbortException>
            <detailMessage>reproducer #5 completed with status FAILURE (propagate: false to ignore)</detailMessage>
            <stackTrace>
              <trace>org.jenkinsci.plugins.workflow.support.steps.build.BuildTriggerListener.onCompleted(BuildTriggerListener.java:52)</trace>
              <trace>hudson.model.listeners.RunListener.fireCompleted(RunListener.java:211)</trace>
              <trace>org.jenkinsci.plugins.workflow.job.WorkflowRun.finish(WorkflowRun.java:759)</trace>
              <trace>org.jenkinsci.plugins.workflow.job.WorkflowRun.access$1100(WorkflowRun.java:142)</trace>
              <trace>org.jenkinsci.plugins.workflow.job.WorkflowRun$GraphL.onNewHead(WorkflowRun.java:1094)</trace>
              <trace>org.jenkinsci.plugins.workflow.cps.CpsFlowExecution.notifyListeners(CpsFlowExecution.java:1413)</trace>
              <trace>org.jenkinsci.plugins.workflow.cps.CpsThreadGroup$3.run(CpsThreadGroup.java:412)</trace>
              <trace>org.jenkinsci.plugins.workflow.cps.CpsVmExecutorService$1.run(CpsVmExecutorService.java:35)</trace>
              <trace>hudson.remoting.SingleLaneExecutorService$1.run(SingleLaneExecutorService.java:131)</trace>
              <trace>jenkins.util.ContextResettingExecutorService$1.run(ContextResettingExecutorService.java:28)</trace>
              <trace>java.util.concurrent.Executors$RunnableAdapter.call(Executors.java:511)</trace>
              <trace>java.util.concurrent.FutureTask.run(FutureTask.java:266)</trace>
              <trace>java.util.concurrent.ThreadPoolExecutor.runWorker(ThreadPoolExecutor.java:1142)</trace>
              <trace>java.util.concurrent.ThreadPoolExecutor$Worker.run(ThreadPoolExecutor.java:617)</trace>
              <trace>java.lang.Thread.run(Thread.java:748)</trace>
            </stackTrace>
            <suppressedExceptions class="java.util.Collections$UnmodifiableRandomAccessList" reference="../../hudson.AbortException/suppressedExceptions"/>
          </hudson.AbortException>
        </suppressedExceptions>
      </error>
    </wf.a.ErrorAction>
    <wf.a.TimingAction plugin="workflow-api@2.27">
      <startTime>1524152612339</startTime>
    </wf.a.TimingAction>
  </actions>
</Tag>