<?xml version="1.0" encoding="UTF-8"?>

<BugCollection version="1.3.9" sequence="0" timestamp="1282302932994" analysisTimestamp="1282302935320" release="">
  <Project projectName="">
     </Project>
  <BugInstance type="DRE_DECLARED_RUNTIME_EXCEPTION" priority="2" abbrev="DRE" category="STYLE">
    <Class classname="gti.domain.dao.RegistrationDAO">
      <SourceLine classname="gti.domain.dao.RegistrationDAO" start="18" end="125" sourcefile="RegistrationDAO.java" sourcepath="gti/domain/dao/RegistrationDAO.java"/>
    </Class>
    <Method classname="gti.domain.dao.RegistrationDAO" name="remove" signature="(Ljava/lang/Object;)V" isStatic="false">
      <SourceLine classname="gti.domain.dao.RegistrationDAO" start="18" end="18" startBytecode="0" endBytecode="60" sourcefile="RegistrationDAO.java" sourcepath="gti/domain/dao/RegistrationDAO.java"/>
    </Method>
    <String value="java.lang.UnsupportedOperationException"/>
  </BugInstance>
  <BugInstance type="OCP_OVERLY_CONCRETE_PARAMETER" priority="2" abbrev="OCP" category="STYLE">
    <Class classname="gti.registration.server.command.UpdateRegistrationCmd">
      <SourceLine classname="gti.registration.server.command.UpdateRegistrationCmd" start="18" end="77" sourcefile="UpdateRegistrationCmd.java" sourcepath="gti/registration/server/command/UpdateRegistrationCmd.java"/>
    </Class>
    <Method classname="gti.registration.server.command.UpdateRegistrationCmd" name="&lt;init&gt;" signature="(Lgti/registration/document/conf/DocumentKey;Lgti/domain/Status;Z)V" isStatic="false">
      <SourceLine classname="gti.registration.server.command.UpdateRegistrationCmd" start="18" end="22" startBytecode="0" endBytecode="168" sourcefile="UpdateRegistrationCmd.java" sourcepath="gti/registration/server/command/UpdateRegistrationCmd.java"/>
    </Method>
    <SourceLine classname="gti.registration.server.command.UpdateRegistrationCmd" start="18" end="18" startBytecode="0" endBytecode="0" sourcefile="UpdateRegistrationCmd.java" sourcepath="gti/registration/server/command/UpdateRegistrationCmd.java"/>
    <String value="Parameter [2] state implements gti.util.MESEnum"/>
  </BugInstance>
  <BugInstance type="BAS_BLOATED_ASSIGNMENT_SCOPE" priority="2" abbrev="BAS" category="PERFORMANCE">
    <Class classname="gti.registration.updater.RegistrationUpdater">
      <SourceLine classname="gti.registration.updater.RegistrationUpdater" start="17" end="154" sourcefile="RegistrationUpdater.java" sourcepath="gti/registration/updater/RegistrationUpdater.java"/>
    </Class>
    <Method classname="gti.registration.updater.RegistrationUpdater" name="update" signature="()V" isStatic="false">
      <SourceLine classname="gti.registration.updater.RegistrationUpdater" start="40" end="93" startBytecode="0" endBytecode="713" sourcefile="RegistrationUpdater.java" sourcepath="gti/registration/updater/RegistrationUpdater.java"/>
    </Method>
    <SourceLine classname="gti.registration.updater.RegistrationUpdater" start="42" end="42" startBytecode="15" endBytecode="15" sourcefile="RegistrationUpdater.java" sourcepath="gti/registration/updater/RegistrationUpdater.java"/>
  </BugInstance>
  <BugInstance type="SPP_USE_ISEMPTY" priority="2" abbrev="SPP" category="STYLE">
    <Class classname="gti.ui.main.RegistrationModel$Registration_ShowChildren_ModelAdapter">
      <SourceLine classname="gti.ui.main.RegistrationModel$Registration_ShowChildren_ModelAdapter" start="892" end="927" sourcefile="RegistrationModel.java" sourcepath="gti/ui/main/RegistrationModel.java"/>
    </Class>
    <Method classname="gti.ui.main.RegistrationModel$Registration_ShowChildren_ModelAdapter" name="setValueAt" signature="(Lgti/ui/base/CurrentRow;Ljava/lang/Object;)V" isStatic="false">
      <SourceLine classname="gti.ui.main.RegistrationModel$Registration_ShowChildren_ModelAdapter" start="909" end="927" startBytecode="0" endBytecode="256" sourcefile="RegistrationModel.java" sourcepath="gti/ui/main/RegistrationModel.java"/>
    </Method>
    <SourceLine classname="gti.ui.main.RegistrationModel$Registration_ShowChildren_ModelAdapter" start="916" end="916" startBytecode="30" endBytecode="30" sourcefile="RegistrationModel.java" sourcepath="gti/ui/main/RegistrationModel.java"/>
  </BugInstance>
  <Errors errors="0" missingClasses="0"></Errors>
  <FindBugsSummary timestamp="Fri, 20 Aug 2010 13:15:32 +0200" total_classes="50" referenced_classes="411" total_bugs="4" total_size="1495" num_packages="11" vm_version="17.0-b16" cpu_seconds="34.87" clock_seconds="17.96" peak_mbytes="187.43" alloc_mbytes="439.12" gc_seconds="0.75" priority_2="4">
    <PackageStats package="gti.domain" total_bugs="0" total_types="1" total_size="234">
      <ClassStats class="gti.domain.Registration" sourceFile="Registration.java" interface="false" size="234" bugs="0"/>
    </PackageStats>
    <PackageStats package="gti.domain.cleanup" total_bugs="0" total_types="1" total_size="34">
      <ClassStats class="gti.domain.cleanup.RegistrationCleanUp" sourceFile="RegistrationCleanUp.java" interface="false" size="34" bugs="0"/>
    </PackageStats>
    <PackageStats package="gti.domain.dao" total_bugs="1" total_types="1" total_size="48" priority_2="1">
      <ClassStats class="gti.domain.dao.RegistrationDAO" sourceFile="RegistrationDAO.java" interface="false" size="48" bugs="1" priority_2="1"/>
    </PackageStats>
    <PackageStats package="gti.domain.util" total_bugs="0" total_types="1" total_size="10">
      <ClassStats class="gti.domain.util.RegistrationUtil" sourceFile="RegistrationUtil.java" interface="false" size="10" bugs="0"/>
    </PackageStats>
    <PackageStats package="gti.module" total_bugs="0" total_types="2" total_size="27">
      <ClassStats class="gti.module.RegistrationInterface" sourceFile="RegistrationInterface.java" interface="false" size="18" bugs="0"/>
      <ClassStats class="gti.module.RegistrationModule" sourceFile="RegistrationModule.java" interface="false" size="9" bugs="0"/>
    </PackageStats>
    <PackageStats package="gti.registration.server" total_bugs="0" total_types="2" total_size="33">
      <ClassStats class="gti.registration.server.RegistrationServer" sourceFile="RegistrationServer.java" interface="false" size="7" bugs="0"/>
      <ClassStats class="gti.registration.server.RegistrationServerLocal" sourceFile="RegistrationServerLocal.java" interface="false" size="26" bugs="0"/>
    </PackageStats>
    <PackageStats package="gti.registration.server.command" total_bugs="1" total_types="2" total_size="36" priority_2="1">
      <ClassStats class="gti.registration.server.command.RegistrationServerCmd" sourceFile="RegistrationServerCmd.java" interface="false" size="4" bugs="0"/>
      <ClassStats class="gti.registration.server.command.UpdateRegistrationCmd" sourceFile="UpdateRegistrationCmd.java" interface="false" size="32" bugs="1" priority_2="1"/>
    </PackageStats>
    <PackageStats package="gti.registration.updater" total_bugs="1" total_types="3" total_size="155" priority_2="1">
      <ClassStats class="gti.registration.updater.RegistrationFieldFiller" sourceFile="RegistrationFieldFiller.java" interface="false" size="48" bugs="0"/>
      <ClassStats class="gti.registration.updater.RegistrationUpdateContext" sourceFile="RegistrationUpdateContext.java" interface="false" size="43" bugs="0"/>
      <ClassStats class="gti.registration.updater.RegistrationUpdater" sourceFile="RegistrationUpdater.java" interface="false" size="64" bugs="1" priority_2="1"/>
    </PackageStats>
    <PackageStats package="gti.registration.util.log" total_bugs="0" total_types="1" total_size="8">
      <ClassStats class="gti.registration.util.log.RegistrationLog" sourceFile="RegistrationLog.java" interface="false" size="8" bugs="0"/>
    </PackageStats>
    <PackageStats package="gti.ui.browser.ui" total_bugs="0" total_types="1" total_size="14">
      <ClassStats class="gti.ui.browser.ui.BrowserRegistrationUI" sourceFile="BrowserRegistrationUI.java" interface="false" size="14" bugs="0"/>
    </PackageStats>
    <PackageStats package="gti.ui.main" total_bugs="1" total_types="35" total_size="896" priority_2="1">
      <ClassStats class="gti.ui.main.RegistrationForm" sourceFile="RegistrationForm.java" interface="false" size="11" bugs="0"/>
      <ClassStats class="gti.ui.main.RegistrationListView" sourceFile="RegistrationListView.java" interface="false" size="62" bugs="0"/>
      <ClassStats class="gti.ui.main.RegistrationListView$1" sourceFile="RegistrationListView.java" interface="false" size="8" bugs="0"/>
      <ClassStats class="gti.ui.main.RegistrationModel" sourceFile="RegistrationModel.java" interface="false" size="258" bugs="0"/>
      <ClassStats class="gti.ui.main.RegistrationModel$1" sourceFile="RegistrationModel.java" interface="false" size="10" bugs="0"/>
      <ClassStats class="gti.ui.main.RegistrationModel$Filter_ArticleCode_ModelAdapter" sourceFile="RegistrationModel.java" interface="false" size="17" bugs="0"/>
      <ClassStats class="gti.ui.main.RegistrationModel$Filter_DocumentKeyId_ModelAdapter" sourceFile="RegistrationModel.java" interface="false" size="15" bugs="0"/>
      <ClassStats class="gti.ui.main.RegistrationModel$Filter_FromDateFilter_ModelAdapter" sourceFile="RegistrationModel.java" interface="false" size="15" bugs="0"/>
      <ClassStats class="gti.ui.main.RegistrationModel$Filter_SearchField_ModelAdapter" sourceFile="RegistrationModel.java" interface="false" size="20" bugs="0"/>
      <ClassStats class="gti.ui.main.RegistrationModel$Filter_ToDateFilter_ModelAdapter" sourceFile="RegistrationModel.java" interface="false" size="15" bugs="0"/>
      <ClassStats class="gti.ui.main.RegistrationModel$MyEnabler" sourceFile="RegistrationModel.java" interface="false" size="11" bugs="0"/>
      <ClassStats class="gti.ui.main.RegistrationModel$RegistrationType_DocumentKeyTypeDescription_ModelAdapter" sourceFile="RegistrationModel.java" interface="false" size="14" bugs="0"/>
      <ClassStats class="gti.ui.main.RegistrationModel$RegistrationType_DocumentKeyType_ModelAdapter" sourceFile="RegistrationModel.java" interface="false" size="14" bugs="0"/>
      <ClassStats class="gti.ui.main.RegistrationModel$RegistrationType_To_Detail_ModelAdapter" sourceFile="RegistrationModel.java" interface="false" size="14" bugs="0"/>
      <ClassStats class="gti.ui.main.RegistrationModel$Registration_ArticleCode_ModelAdapter" sourceFile="RegistrationModel.java" interface="false" size="11" bugs="0"/>
      <ClassStats class="gti.ui.main.RegistrationModel$Registration_ArticleName_ModelAdapter" sourceFile="RegistrationModel.java" interface="false" size="11" bugs="0"/>
      <ClassStats class="gti.ui.main.RegistrationModel$Registration_CreationTime_ModelAdapter" sourceFile="RegistrationModel.java" interface="false" size="13" bugs="0"/>
      <ClassStats class="gti.ui.main.RegistrationModel$Registration_DocumentKeyId_ModelAdapter" sourceFile="RegistrationModel.java" interface="false" size="15" bugs="0"/>
      <ClassStats class="gti.ui.main.RegistrationModel$Registration_DocumentKeyType_ModelAdapter" sourceFile="RegistrationModel.java" interface="false" size="18" bugs="0"/>
      <ClassStats class="gti.ui.main.RegistrationModel$Registration_Line_ModelAdapter" sourceFile="RegistrationModel.java" interface="false" size="11" bugs="0"/>
      <ClassStats class="gti.ui.main.RegistrationModel$Registration_ModelAdapter" sourceFile="RegistrationModel.java" interface="false" size="12" bugs="0"/>
      <ClassStats class="gti.ui.main.RegistrationModel$Registration_OrderId_ModelAdapter" sourceFile="RegistrationModel.java" interface="false" size="11" bugs="0"/>
      <ClassStats class="gti.ui.main.RegistrationModel$Registration_ParticularManualAction_ModelAdapter" sourceFile="RegistrationModel.java" interface="false" size="14" bugs="0"/>
      <ClassStats class="gti.ui.main.RegistrationModel$Registration_ParticularRemark_ModelAdapter" sourceFile="RegistrationModel.java" interface="false" size="14" bugs="0"/>
      <ClassStats class="gti.ui.main.RegistrationModel$Registration_ProductionLineType_ModelAdapter" sourceFile="RegistrationModel.java" interface="false" size="11" bugs="0"/>
      <ClassStats class="gti.ui.main.RegistrationModel$Registration_RegistrationState_ModelAdapter" sourceFile="RegistrationModel.java" interface="false" size="12" bugs="0"/>
      <ClassStats class="gti.ui.main.RegistrationModel$Registration_ReportManager_ModelAdapter" sourceFile="RegistrationModel.java" interface="false" size="17" bugs="0"/>
      <ClassStats class="gti.ui.main.RegistrationModel$Registration_SearchKey_ModelAdapter" sourceFile="RegistrationModel.java" interface="false" size="17" bugs="0"/>
      <ClassStats class="gti.ui.main.RegistrationModel$Registration_ShowChildren_ModelAdapter" sourceFile="RegistrationModel.java" interface="false" size="21" bugs="1" priority_2="1"/>
      <ClassStats class="gti.ui.main.RegistrationModel$Registration_ShowLots_ModelAdapter" sourceFile="RegistrationModel.java" interface="false" size="19" bugs="0"/>
      <ClassStats class="gti.ui.main.RegistrationModel$Registration_Special_ModelAdapter" sourceFile="RegistrationModel.java" interface="false" size="11" bugs="0"/>
      <ClassStats class="gti.ui.main.RegistrationModel$Registration_StartTime_ModelAdapter" sourceFile="RegistrationModel.java" interface="false" size="16" bugs="0"/>
      <ClassStats class="gti.ui.main.RegistrationModel$Registration_StopTime_ModelAdapter" sourceFile="RegistrationModel.java" interface="false" size="16" bugs="0"/>
      <ClassStats class="gti.ui.main.RegistrationModel$Registration_To_Detail_ModelAdapter" sourceFile="RegistrationModel.java" interface="false" size="14" bugs="0"/>
      <ClassStats class="gti.ui.main.RegistrationView" sourceFile="RegistrationView.java" interface="false" size="128" bugs="0"/>
    </PackageStats>
    <FindBugsProfile>
      <ClassProfile name="gti.findbugs.TranslationFormatStringChecker" totalMilliseconds="11" invocations="50" avgMicrosecondsPerInvocation="222" maxMicrosecondsPerInvocation="2295" standardDeviationMircosecondsPerInvocation="394"/>
      <ClassProfile name="edu.umd.cs.findbugs.detect.DumbMethodInvocations" totalMilliseconds="11" invocations="50" avgMicrosecondsPerInvocation="230" maxMicrosecondsPerInvocation="1896" standardDeviationMircosecondsPerInvocation="310"/>
      <ClassProfile name="edu.umd.cs.findbugs.detect.FindFloatEquality" totalMilliseconds="11" invocations="50" avgMicrosecondsPerInvocation="233" maxMicrosecondsPerInvocation="2870" standardDeviationMircosecondsPerInvocation="480"/>
      <ClassProfile name="com.mebigfatguy.fbcontrib.detect.UnrelatedCollectionContents" totalMilliseconds="11" invocations="50" avgMicrosecondsPerInvocation="239" maxMicrosecondsPerInvocation="2019" standardDeviationMircosecondsPerInvocation="347"/>
      <ClassProfile name="com.mebigfatguy.fbcontrib.detect.UseToArray" totalMilliseconds="12" invocations="50" avgMicrosecondsPerInvocation="245" maxMicrosecondsPerInvocation="2519" standardDeviationMircosecondsPerInvocation="406"/>
      <ClassProfile name="com.mebigfatguy.fbcontrib.detect.ReflectionOnObjectMethods" totalMilliseconds="12" invocations="50" avgMicrosecondsPerInvocation="252" maxMicrosecondsPerInvocation="2342" standardDeviationMircosecondsPerInvocation="381"/>
      <ClassProfile name="edu.umd.cs.findbugs.classfile.engine.bcel.ClassContextClassAnalysisEngine" totalMilliseconds="12" invocations="509" avgMicrosecondsPerInvocation="24" maxMicrosecondsPerInvocation="2256" standardDeviationMircosecondsPerInvocation="99"/>
      <ClassProfile name="com.mebigfatguy.fbcontrib.detect.SyncCollectionIterators" totalMilliseconds="12" invocations="50" avgMicrosecondsPerInvocation="253" maxMicrosecondsPerInvocation="2310" standardDeviationMircosecondsPerInvocation="432"/>
      <ClassProfile name="edu.umd.cs.findbugs.detect.FindHEmismatch" totalMilliseconds="12" invocations="50" avgMicrosecondsPerInvocation="253" maxMicrosecondsPerInvocation="1862" standardDeviationMircosecondsPerInvocation="365"/>
      <ClassProfile name="com.mebigfatguy.fbcontrib.detect.PossibleConstantAllocationInLoop" totalMilliseconds="12" invocations="50" avgMicrosecondsPerInvocation="254" maxMicrosecondsPerInvocation="2502" standardDeviationMircosecondsPerInvocation="413"/>
      <ClassProfile name="com.mebigfatguy.fbcontrib.detect.UseSplit" totalMilliseconds="12" invocations="50" avgMicrosecondsPerInvocation="256" maxMicrosecondsPerInvocation="2187" standardDeviationMircosecondsPerInvocation="434"/>
      <ClassProfile name="edu.umd.cs.findbugs.detect.RepeatedConditionals" totalMilliseconds="12" invocations="50" avgMicrosecondsPerInvocation="258" maxMicrosecondsPerInvocation="2263" standardDeviationMircosecondsPerInvocation="397"/>
      <ClassProfile name="edu.umd.cs.findbugs.detect.FindSelfComparison" totalMilliseconds="13" invocations="50" avgMicrosecondsPerInvocation="271" maxMicrosecondsPerInvocation="2513" standardDeviationMircosecondsPerInvocation="435"/>
      <ClassProfile name="edu.umd.cs.findbugs.detect.FindPuzzlers" totalMilliseconds="14" invocations="50" avgMicrosecondsPerInvocation="288" maxMicrosecondsPerInvocation="3247" standardDeviationMircosecondsPerInvocation="524"/>
      <ClassProfile name="com.mebigfatguy.fbcontrib.detect.Section508Compliance" totalMilliseconds="14" invocations="50" avgMicrosecondsPerInvocation="290" maxMicrosecondsPerInvocation="2169" standardDeviationMircosecondsPerInvocation="394"/>
      <ClassProfile name="com.mebigfatguy.fbcontrib.detect.OrphanedDOMNode" totalMilliseconds="14" invocations="50" avgMicrosecondsPerInvocation="293" maxMicrosecondsPerInvocation="2436" standardDeviationMircosecondsPerInvocation="444"/>
      <ClassProfile name="gti.findbugs.SwitchOnEnum" totalMilliseconds="14" invocations="50" avgMicrosecondsPerInvocation="299" maxMicrosecondsPerInvocation="2331" standardDeviationMircosecondsPerInvocation="439"/>
      <ClassProfile name="edu.umd.cs.findbugs.detect.FindSqlInjection" totalMilliseconds="15" invocations="50" avgMicrosecondsPerInvocation="300" maxMicrosecondsPerInvocation="2209" standardDeviationMircosecondsPerInvocation="445"/>
      <ClassProfile name="edu.umd.cs.findbugs.detect.SerializableIdiom" totalMilliseconds="15" invocations="50" avgMicrosecondsPerInvocation="307" maxMicrosecondsPerInvocation="6816" standardDeviationMircosecondsPerInvocation="934"/>
      <ClassProfile name="edu.umd.cs.findbugs.classfile.engine.bcel.ReverseDepthFirstSearchFactory" totalMilliseconds="15" invocations="230" avgMicrosecondsPerInvocation="67" maxMicrosecondsPerInvocation="548" standardDeviationMircosecondsPerInvocation="75"/>
      <ClassProfile name="com.mebigfatguy.fbcontrib.detect.SuspiciousClusteredSessionSupport" totalMilliseconds="15" invocations="50" avgMicrosecondsPerInvocation="314" maxMicrosecondsPerInvocation="2554" standardDeviationMircosecondsPerInvocation="448"/>
      <ClassProfile name="com.mebigfatguy.fbcontrib.detect.JDBCVendorReliance" totalMilliseconds="15" invocations="50" avgMicrosecondsPerInvocation="316" maxMicrosecondsPerInvocation="2455" standardDeviationMircosecondsPerInvocation="497"/>
      <ClassProfile name="edu.umd.cs.findbugs.classfile.engine.bcel.DepthFirstSearchFactory" totalMilliseconds="16" invocations="273" avgMicrosecondsPerInvocation="59" maxMicrosecondsPerInvocation="499" standardDeviationMircosecondsPerInvocation="63"/>
      <ClassProfile name="edu.umd.cs.findbugs.detect.SwitchFallthrough" totalMilliseconds="17" invocations="50" avgMicrosecondsPerInvocation="341" maxMicrosecondsPerInvocation="3217" standardDeviationMircosecondsPerInvocation="554"/>
      <ClassProfile name="edu.umd.cs.findbugs.detect.NoteCheckReturnValue" totalMilliseconds="17" invocations="411" avgMicrosecondsPerInvocation="41" maxMicrosecondsPerInvocation="751" standardDeviationMircosecondsPerInvocation="77"/>
      <ClassProfile name="edu.umd.cs.findbugs.detect.NoteAnnotationRetention" totalMilliseconds="17" invocations="411" avgMicrosecondsPerInvocation="42" maxMicrosecondsPerInvocation="627" standardDeviationMircosecondsPerInvocation="73"/>
      <ClassProfile name="edu.umd.cs.findbugs.detect.RuntimeExceptionCapture" totalMilliseconds="17" invocations="50" avgMicrosecondsPerInvocation="348" maxMicrosecondsPerInvocation="2917" standardDeviationMircosecondsPerInvocation="524"/>
      <ClassProfile name="com.mebigfatguy.fbcontrib.detect.PossiblyRedundantMethodCalls" totalMilliseconds="17" invocations="50" avgMicrosecondsPerInvocation="352" maxMicrosecondsPerInvocation="2824" standardDeviationMircosecondsPerInvocation="515"/>
      <ClassProfile name="com.mebigfatguy.fbcontrib.detect.OverlyConcreteParameter" totalMilliseconds="18" invocations="50" avgMicrosecondsPerInvocation="378" maxMicrosecondsPerInvocation="2622" standardDeviationMircosecondsPerInvocation="409"/>
      <ClassProfile name="edu.umd.cs.findbugs.detect.NoteNonNullAnnotations" totalMilliseconds="19" invocations="411" avgMicrosecondsPerInvocation="47" maxMicrosecondsPerInvocation="665" standardDeviationMircosecondsPerInvocation="78"/>
      <ClassProfile name="com.mebigfatguy.fbcontrib.detect.SillynessPotPourri" totalMilliseconds="19" invocations="50" avgMicrosecondsPerInvocation="390" maxMicrosecondsPerInvocation="4216" standardDeviationMircosecondsPerInvocation="691"/>
      <ClassProfile name="com.mebigfatguy.fbcontrib.detect.BloatedAssignmentScope" totalMilliseconds="20" invocations="50" avgMicrosecondsPerInvocation="410" maxMicrosecondsPerInvocation="3642" standardDeviationMircosecondsPerInvocation="634"/>
      <ClassProfile name="edu.umd.cs.findbugs.detect.DumbMethods" totalMilliseconds="20" invocations="50" avgMicrosecondsPerInvocation="419" maxMicrosecondsPerInvocation="4708" standardDeviationMircosecondsPerInvocation="749"/>
      <ClassProfile name="edu.umd.cs.findbugs.detect.NoteJCIPAnnotation" totalMilliseconds="21" invocations="411" avgMicrosecondsPerInvocation="53" maxMicrosecondsPerInvocation="651" standardDeviationMircosecondsPerInvocation="81"/>
      <ClassProfile name="edu.umd.cs.findbugs.classfile.engine.asm.ClassReaderAnalysisEngine" totalMilliseconds="23" invocations="1685" avgMicrosecondsPerInvocation="13" maxMicrosecondsPerInvocation="7036" standardDeviationMircosecondsPerInvocation="171"/>
      <ClassProfile name="edu.umd.cs.findbugs.detect.DoInsideDoPrivileged" totalMilliseconds="24" invocations="50" avgMicrosecondsPerInvocation="486" maxMicrosecondsPerInvocation="20783" standardDeviationMircosecondsPerInvocation="2900"/>
      <ClassProfile name="com.mebigfatguy.fbcontrib.detect.ExceptionSoftening" totalMilliseconds="27" invocations="50" avgMicrosecondsPerInvocation="540" maxMicrosecondsPerInvocation="25341" standardDeviationMircosecondsPerInvocation="3543"/>
      <ClassProfile name="edu.umd.cs.findbugs.detect.NoteSuppressedWarnings" totalMilliseconds="28" invocations="411" avgMicrosecondsPerInvocation="68" maxMicrosecondsPerInvocation="1163" standardDeviationMircosecondsPerInvocation="102"/>
      <ClassProfile name="edu.umd.cs.findbugs.detect.FindDeadLocalStores" totalMilliseconds="29" invocations="50" avgMicrosecondsPerInvocation="598" maxMicrosecondsPerInvocation="6312" standardDeviationMircosecondsPerInvocation="1159"/>
      <ClassProfile name="edu.umd.cs.findbugs.detect.FindSelfComparison2" totalMilliseconds="30" invocations="50" avgMicrosecondsPerInvocation="607" maxMicrosecondsPerInvocation="24129" standardDeviationMircosecondsPerInvocation="3364"/>
      <ClassProfile name="edu.umd.cs.findbugs.detect.FindBugsSummaryStats" totalMilliseconds="33" invocations="411" avgMicrosecondsPerInvocation="81" maxMicrosecondsPerInvocation="23889" standardDeviationMircosecondsPerInvocation="1181"/>
      <ClassProfile name="com.mebigfatguy.fbcontrib.detect.WriteOnlyCollection" totalMilliseconds="36" invocations="50" avgMicrosecondsPerInvocation="724" maxMicrosecondsPerInvocation="25491" standardDeviationMircosecondsPerInvocation="3549"/>
      <ClassProfile name="edu.umd.cs.findbugs.detect.InfiniteLoop" totalMilliseconds="36" invocations="50" avgMicrosecondsPerInvocation="727" maxMicrosecondsPerInvocation="25548" standardDeviationMircosecondsPerInvocation="3562"/>
      <ClassProfile name="edu.umd.cs.findbugs.detect.Methods" totalMilliseconds="36" invocations="411" avgMicrosecondsPerInvocation="88" maxMicrosecondsPerInvocation="24158" standardDeviationMircosecondsPerInvocation="1190"/>
      <ClassProfile name="com.mebigfatguy.fbcontrib.detect.PartiallyConstructedObjectAccess" totalMilliseconds="37" invocations="50" avgMicrosecondsPerInvocation="751" maxMicrosecondsPerInvocation="24577" standardDeviationMircosecondsPerInvocation="3429"/>
      <ClassProfile name="edu.umd.cs.findbugs.classfile.engine.bcel.LoadedFieldSetFactory" totalMilliseconds="37" invocations="232" avgMicrosecondsPerInvocation="162" maxMicrosecondsPerInvocation="28901" standardDeviationMircosecondsPerInvocation="1893"/>
      <ClassProfile name="com.mebigfatguy.fbcontrib.detect.FieldCouldBeLocal" totalMilliseconds="39" invocations="50" avgMicrosecondsPerInvocation="795" maxMicrosecondsPerInvocation="28631" standardDeviationMircosecondsPerInvocation="4039"/>
      <ClassProfile name="edu.umd.cs.findbugs.detect.FindInconsistentSync2" totalMilliseconds="40" invocations="50" avgMicrosecondsPerInvocation="808" maxMicrosecondsPerInvocation="10062" standardDeviationMircosecondsPerInvocation="1727"/>
      <ClassProfile name="edu.umd.cs.findbugs.classfile.engine.bcel.MethodFactory" totalMilliseconds="40" invocations="379" avgMicrosecondsPerInvocation="107" maxMicrosecondsPerInvocation="23136" standardDeviationMircosecondsPerInvocation="1186"/>
      <ClassProfile name="com.mebigfatguy.fbcontrib.detect.LocalSynchronizedCollection" totalMilliseconds="43" invocations="50" avgMicrosecondsPerInvocation="865" maxMicrosecondsPerInvocation="24349" standardDeviationMircosecondsPerInvocation="3400"/>
      <ClassProfile name="edu.umd.cs.findbugs.detect.NoteCheckReturnValueAnnotations" totalMilliseconds="43" invocations="411" avgMicrosecondsPerInvocation="105" maxMicrosecondsPerInvocation="24532" standardDeviationMircosecondsPerInvocation="1221"/>
      <ClassProfile name="edu.umd.cs.findbugs.detect.FindNullDeref$CheckCallSitesAndReturnInstructions" totalMilliseconds="44" invocations="228" avgMicrosecondsPerInvocation="195" maxMicrosecondsPerInvocation="5353" standardDeviationMircosecondsPerInvocation="445"/>
      <ClassProfile name="com.mebigfatguy.fbcontrib.detect.UseAddAll" totalMilliseconds="44" invocations="50" avgMicrosecondsPerInvocation="892" maxMicrosecondsPerInvocation="31340" standardDeviationMircosecondsPerInvocation="4369"/>
      <ClassProfile name="edu.umd.cs.findbugs.detect.UnreadFields" totalMilliseconds="46" invocations="50" avgMicrosecondsPerInvocation="939" maxMicrosecondsPerInvocation="26001" standardDeviationMircosecondsPerInvocation="3627"/>
      <ClassProfile name="com.mebigfatguy.fbcontrib.detect.MoreDumbMethods" totalMilliseconds="47" invocations="50" avgMicrosecondsPerInvocation="952" maxMicrosecondsPerInvocation="5985" standardDeviationMircosecondsPerInvocation="1423"/>
      <ClassProfile name="edu.umd.cs.findbugs.detect.URLProblems" totalMilliseconds="49" invocations="50" avgMicrosecondsPerInvocation="992" maxMicrosecondsPerInvocation="23431" standardDeviationMircosecondsPerInvocation="3282"/>
      <ClassProfile name="edu.umd.cs.findbugs.detect.FindNullDeref" totalMilliseconds="49" invocations="50" avgMicrosecondsPerInvocation="997" maxMicrosecondsPerInvocation="28552" standardDeviationMircosecondsPerInvocation="4016"/>
      <ClassProfile name="com.mebigfatguy.fbcontrib.detect.DeclaredRuntimeException" totalMilliseconds="50" invocations="50" avgMicrosecondsPerInvocation="1003" maxMicrosecondsPerInvocation="48045" standardDeviationMircosecondsPerInvocation="6721"/>
      <ClassProfile name="com.mebigfatguy.fbcontrib.detect.ArrayWrappedCallByReference" totalMilliseconds="51" invocations="50" avgMicrosecondsPerInvocation="1020" maxMicrosecondsPerInvocation="27860" standardDeviationMircosecondsPerInvocation="4758"/>
      <ClassProfile name="com.mebigfatguy.fbcontrib.detect.CopiedOverriddenMethod" totalMilliseconds="51" invocations="50" avgMicrosecondsPerInvocation="1036" maxMicrosecondsPerInvocation="33855" standardDeviationMircosecondsPerInvocation="4710"/>
      <ClassProfile name="edu.umd.cs.findbugs.util.TopologicalSort" totalMilliseconds="52" invocations="51" avgMicrosecondsPerInvocation="1024" maxMicrosecondsPerInvocation="47528" standardDeviationMircosecondsPerInvocation="6577"/>
      <ClassProfile name="edu.umd.cs.findbugs.detect.FindBadCast2" totalMilliseconds="53" invocations="50" avgMicrosecondsPerInvocation="1060" maxMicrosecondsPerInvocation="44236" standardDeviationMircosecondsPerInvocation="6186"/>
      <ClassProfile name="com.mebigfatguy.fbcontrib.detect.NonOwnedSynchronization" totalMilliseconds="53" invocations="50" avgMicrosecondsPerInvocation="1071" maxMicrosecondsPerInvocation="52094" standardDeviationMircosecondsPerInvocation="7289"/>
      <ClassProfile name="edu.umd.cs.findbugs.classfile.engine.bcel.LockDataflowFactory" totalMilliseconds="54" invocations="23" avgMicrosecondsPerInvocation="2364" maxMicrosecondsPerInvocation="36662" standardDeviationMircosecondsPerInvocation="7386"/>
      <ClassProfile name="edu.umd.cs.findbugs.detect.MutableStaticFields" totalMilliseconds="54" invocations="50" avgMicrosecondsPerInvocation="1096" maxMicrosecondsPerInvocation="52485" standardDeviationMircosecondsPerInvocation="7341"/>
      <ClassProfile name="edu.umd.cs.findbugs.NonReportingDetectorToDetector2Adapter" totalMilliseconds="61" invocations="5854" avgMicrosecondsPerInvocation="10" maxMicrosecondsPerInvocation="134" standardDeviationMircosecondsPerInvocation="7"/>
      <ClassProfile name="edu.umd.cs.findbugs.detect.FindUnrelatedTypesInGenericContainer" totalMilliseconds="68" invocations="50" avgMicrosecondsPerInvocation="1361" maxMicrosecondsPerInvocation="56581" standardDeviationMircosecondsPerInvocation="7894"/>
      <ClassProfile name="edu.umd.cs.findbugs.detect.BadUseOfReturnValue" totalMilliseconds="68" invocations="50" avgMicrosecondsPerInvocation="1372" maxMicrosecondsPerInvocation="65962" standardDeviationMircosecondsPerInvocation="9227"/>
      <ClassProfile name="edu.umd.cs.findbugs.detect.MethodReturnCheck" totalMilliseconds="69" invocations="50" avgMicrosecondsPerInvocation="1387" maxMicrosecondsPerInvocation="36523" standardDeviationMircosecondsPerInvocation="5906"/>
      <ClassProfile name="edu.umd.cs.findbugs.detect.BadResultSetAccess" totalMilliseconds="69" invocations="50" avgMicrosecondsPerInvocation="1399" maxMicrosecondsPerInvocation="37587" standardDeviationMircosecondsPerInvocation="6208"/>
      <ClassProfile name="edu.umd.cs.findbugs.detect.ReflectiveClasses" totalMilliseconds="82" invocations="411" avgMicrosecondsPerInvocation="199" maxMicrosecondsPerInvocation="10782" standardDeviationMircosecondsPerInvocation="758"/>
      <ClassProfile name="com.mebigfatguy.fbcontrib.detect.InefficientStringBuffering" totalMilliseconds="82" invocations="50" avgMicrosecondsPerInvocation="1656" maxMicrosecondsPerInvocation="36592" standardDeviationMircosecondsPerInvocation="6798"/>
      <ClassProfile name="edu.umd.cs.findbugs.detect.LoadOfKnownNullValue" totalMilliseconds="95" invocations="50" avgMicrosecondsPerInvocation="1903" maxMicrosecondsPerInvocation="45013" standardDeviationMircosecondsPerInvocation="6299"/>
      <ClassProfile name="edu.umd.cs.findbugs.detect.NoteNonnullReturnValues" totalMilliseconds="96" invocations="50" avgMicrosecondsPerInvocation="1923" maxMicrosecondsPerInvocation="51206" standardDeviationMircosecondsPerInvocation="7348"/>
      <ClassProfile name="com.mebigfatguy.fbcontrib.detect.DeletingWhileIterating" totalMilliseconds="97" invocations="50" avgMicrosecondsPerInvocation="1946" maxMicrosecondsPerInvocation="78569" standardDeviationMircosecondsPerInvocation="10964"/>
      <ClassProfile name="edu.umd.cs.findbugs.detect.FindRefComparison" totalMilliseconds="98" invocations="50" avgMicrosecondsPerInvocation="1971" maxMicrosecondsPerInvocation="46854" standardDeviationMircosecondsPerInvocation="7154"/>
      <ClassProfile name="edu.umd.cs.findbugs.classfile.engine.bcel.LiveLocalStoreDataflowFactory" totalMilliseconds="107" invocations="220" avgMicrosecondsPerInvocation="487" maxMicrosecondsPerInvocation="23250" standardDeviationMircosecondsPerInvocation="2146"/>
      <ClassProfile name="edu.umd.cs.findbugs.DetectorToDetector2Adapter" totalMilliseconds="109" invocations="10461" avgMicrosecondsPerInvocation="10" maxMicrosecondsPerInvocation="27915" standardDeviationMircosecondsPerInvocation="343"/>
      <ClassProfile name="edu.umd.cs.findbugs.classfile.engine.bcel.ConstantDataflowFactory" totalMilliseconds="120" invocations="232" avgMicrosecondsPerInvocation="517" maxMicrosecondsPerInvocation="24175" standardDeviationMircosecondsPerInvocation="1671"/>
      <ClassProfile name="edu.umd.cs.findbugs.classfile.impl.ZipCodeBaseFactory" totalMilliseconds="153" invocations="169" avgMicrosecondsPerInvocation="906" maxMicrosecondsPerInvocation="50715" standardDeviationMircosecondsPerInvocation="4977"/>
      <ClassProfile name="edu.umd.cs.findbugs.ba.npe.TypeQualifierNullnessAnnotationDatabase" totalMilliseconds="160" invocations="2874" avgMicrosecondsPerInvocation="55" maxMicrosecondsPerInvocation="44039" standardDeviationMircosecondsPerInvocation="1201"/>
      <ClassProfile name="com.mebigfatguy.fbcontrib.collect.CollectStatistics" totalMilliseconds="179" invocations="411" avgMicrosecondsPerInvocation="437" maxMicrosecondsPerInvocation="45842" standardDeviationMircosecondsPerInvocation="2636"/>
      <ClassProfile name="com.mebigfatguy.fbcontrib.detect.FinalParameters" totalMilliseconds="263" invocations="50" avgMicrosecondsPerInvocation="5277" maxMicrosecondsPerInvocation="54897" standardDeviationMircosecondsPerInvocation="10653"/>
      <ClassProfile name="edu.umd.cs.findbugs.detect.CalledMethods" totalMilliseconds="271" invocations="411" avgMicrosecondsPerInvocation="661" maxMicrosecondsPerInvocation="49010" standardDeviationMircosecondsPerInvocation="4072"/>
      <ClassProfile name="edu.umd.cs.findbugs.classfile.engine.bcel.CFGFactory" totalMilliseconds="274" invocations="232" avgMicrosecondsPerInvocation="1181" maxMicrosecondsPerInvocation="37657" standardDeviationMircosecondsPerInvocation="3703"/>
      <ClassProfile name="edu.umd.cs.findbugs.detect.EqualsOperandShouldHaveClassCompatibleWithThis" totalMilliseconds="296" invocations="411" avgMicrosecondsPerInvocation="720" maxMicrosecondsPerInvocation="48940" standardDeviationMircosecondsPerInvocation="4061"/>
      <ClassProfile name="edu.umd.cs.findbugs.classfile.engine.bcel.MethodGenFactory" totalMilliseconds="303" invocations="233" avgMicrosecondsPerInvocation="1303" maxMicrosecondsPerInvocation="132311" standardDeviationMircosecondsPerInvocation="9254"/>
      <ClassProfile name="edu.umd.cs.findbugs.detect.BuildObligationPolicyDatabase" totalMilliseconds="316" invocations="411" avgMicrosecondsPerInvocation="770" maxMicrosecondsPerInvocation="43492" standardDeviationMircosecondsPerInvocation="3941"/>
      <ClassProfile name="edu.umd.cs.findbugs.classfile.engine.bcel.JavaClassAnalysisEngine" totalMilliseconds="432" invocations="519" avgMicrosecondsPerInvocation="832" maxMicrosecondsPerInvocation="94836" standardDeviationMircosecondsPerInvocation="5368"/>
      <ClassProfile name="edu.umd.cs.findbugs.classfile.engine.bcel.ValueNumberDataflowFactory" totalMilliseconds="433" invocations="273" avgMicrosecondsPerInvocation="1588" maxMicrosecondsPerInvocation="44643" standardDeviationMircosecondsPerInvocation="4279"/>
      <ClassProfile name="edu.umd.cs.findbugs.detect.FindRefComparison$SpecialTypeAnalysis" totalMilliseconds="483" invocations="185" avgMicrosecondsPerInvocation="2616" maxMicrosecondsPerInvocation="40373" standardDeviationMircosecondsPerInvocation="7025"/>
      <ClassProfile name="edu.umd.cs.findbugs.detect.NoteDirectlyRelevantTypeQualifiers" totalMilliseconds="493" invocations="411" avgMicrosecondsPerInvocation="1200" maxMicrosecondsPerInvocation="64493" standardDeviationMircosecondsPerInvocation="5023"/>
      <ClassProfile name="edu.umd.cs.findbugs.detect.OverridingEqualsNotSymmetrical" totalMilliseconds="493" invocations="411" avgMicrosecondsPerInvocation="1200" maxMicrosecondsPerInvocation="39119" standardDeviationMircosecondsPerInvocation="4415"/>
      <ClassProfile name="edu.umd.cs.findbugs.classfile.engine.bcel.TypeDataflowFactory" totalMilliseconds="525" invocations="233" avgMicrosecondsPerInvocation="2257" maxMicrosecondsPerInvocation="65478" standardDeviationMircosecondsPerInvocation="6964"/>
      <ClassProfile name="edu.umd.cs.findbugs.classfile.engine.bcel.UnconditionalValueDerefDataflowFactory" totalMilliseconds="625" invocations="230" avgMicrosecondsPerInvocation="2720" maxMicrosecondsPerInvocation="42383" standardDeviationMircosecondsPerInvocation="5933"/>
      <ClassProfile name="edu.umd.cs.findbugs.classfile.engine.bcel.IsNullValueDataflowFactory" totalMilliseconds="643" invocations="232" avgMicrosecondsPerInvocation="2775" maxMicrosecondsPerInvocation="57331" standardDeviationMircosecondsPerInvocation="6544"/>
      <ClassProfile name="edu.umd.cs.findbugs.ba.npe.NullDerefAndRedundantComparisonFinder" totalMilliseconds="999" invocations="228" avgMicrosecondsPerInvocation="4385" maxMicrosecondsPerInvocation="495926" standardDeviationMircosecondsPerInvocation="33149"/>
      <ClassProfile name="edu.umd.cs.findbugs.detect.FieldItemSummary" totalMilliseconds="1087" invocations="411" avgMicrosecondsPerInvocation="2645" maxMicrosecondsPerInvocation="87504" standardDeviationMircosecondsPerInvocation="9553"/>
      <ClassProfile name="edu.umd.cs.findbugs.OpcodeStack$JumpInfoFactory" totalMilliseconds="1237" invocations="6216" avgMicrosecondsPerInvocation="199" maxMicrosecondsPerInvocation="49176" standardDeviationMircosecondsPerInvocation="1696"/>
      <ClassProfile name="edu.umd.cs.findbugs.classfile.engine.ClassDataAnalysisEngine" totalMilliseconds="1334" invocations="1869" avgMicrosecondsPerInvocation="714" maxMicrosecondsPerInvocation="68772" standardDeviationMircosecondsPerInvocation="3474"/>
      <ClassProfile name="edu.umd.cs.findbugs.classfile.engine.ClassInfoAnalysisEngine" totalMilliseconds="1335" invocations="1864" avgMicrosecondsPerInvocation="716" maxMicrosecondsPerInvocation="201391" standardDeviationMircosecondsPerInvocation="5493"/>
    </FindBugsProfile>
  </FindBugsSummary>
  <ClassFeatures></ClassFeatures>
  <History></History>
</BugCollection>
