<?xml version='1.1' encoding='UTF-8'?>
<Tag plugin="workflow-support@2.18">
  <node class="cps.n.StepStartNode" plugin="workflow-cps@2.49-SNAPSHOT">
    <parentIds>
      <string>2</string>
    </parentIds>
    <id>3</id>
    <descriptorId>org.jenkinsci.plugins.workflow.support.steps.ExecutorStep</descriptorId>
  </node>
  <actions>
    <wf.a.TimingAction plugin="workflow-api@2.27">
      <startTime>1524153818301</startTime>
    </wf.a.TimingAction>
    <s.a.LogActionImpl>
      <charset>UTF-8</charset>
    </s.a.LogActionImpl>
    <cps.a.ArgumentsActionImpl plugin="workflow-cps@2.49-SNAPSHOT">
      <arguments>
        <entry>
          <string>label</string>
          <string>agent1</string>
        </entry>
      </arguments>
      <isUnmodifiedBySanitization>true</isUnmodifiedBySanitization>
    </cps.a.ArgumentsActionImpl>
    <org.jenkinsci.plugins.workflow.support.steps.ExecutorStepExecution_-QueueItemActionImpl plugin="workflow-durable-task-step@2.19">
      <id>85</id>
    </org.jenkinsci.plugins.workflow.support.steps.ExecutorStepExecution_-QueueItemActionImpl>
    <s.a.WorkspaceActionImpl>
      <node>agent1</node>
      <path>/tmp/workspace/reproducer4</path>
      <labels class="sorted-set"/>
    </s.a.WorkspaceActionImpl>
  </actions>
</Tag>