<com.cloudbees.jenkins.plugins.customtools.CustomTool_-DescriptorImpl plugin="custom-tools-plugin@0.4.4">
  <installations class="com.cloudbees.jenkins.plugins.customtools.CustomTool-array">
    <com.cloudbees.jenkins.plugins.customtools.CustomTool>
      <name>ZAP (release)</name>
      <home/>
      <properties>
        <hudson.tools.InstallSourceProperty>
          <installers>
            <hudson.tools.ZipExtractionInstaller>
              <url>https://github.com/zaproxy/zaproxy/releases/download/2.4.1/ZAP_2.4.1_Linux.tar.gz</url>
              <subdir>ZAP_2.4.1</subdir>
            </hudson.tools.ZipExtractionInstaller>
          </installers>
        </hudson.tools.InstallSourceProperty>
      </properties>
      <exportedPaths/>
      <additionalVariables/>
    </com.cloudbees.jenkins.plugins.customtools.CustomTool>
    <com.cloudbees.jenkins.plugins.customtools.CustomTool>
      <name>ZAP (weekly)</name>
      <home/>
      <properties>
        <hudson.tools.InstallSourceProperty>
          <installers>
            <hudson.tools.ZipExtractionInstaller>
              <url>https://github.com/zaproxy/zaproxy/releases/download/w2015-08-12/ZAP_WEEKLY_D-2015-08-12.zip</url>
              <subdir>ZAP_D-2015-08-12</subdir>
            </hudson.tools.ZipExtractionInstaller>
          </installers>
        </hudson.tools.InstallSourceProperty>
      </properties>
      <exportedPaths/>
      <additionalVariables/>
    </com.cloudbees.jenkins.plugins.customtools.CustomTool>
  </installations>
</com.cloudbees.jenkins.plugins.customtools.CustomTool_-DescriptorImpl>