<org.jenkinsci.plugins.workflow.libs.GlobalLibraries plugin="workflow-cps-global-lib@2.6">
  <libraries>
    <org.jenkinsci.plugins.workflow.libs.LibraryConfiguration>
      <name>fxtest</name>
      <retriever class="org.jenkinsci.plugins.workflow.libs.SCMSourceRetriever">
        <scm class="jenkins.plugins.git.GitSCMSource" plugin="git@3.0.5">
          <id>57ee5036-c4fc-4b50-83f2-633321e06f3b</id>
          <remote>https://github.com/mozilla/fxtest-jenkins-pipeline.git</remote>
          <credentialsId/>
          <includes>*</includes>
          <excludes/>
          <ignoreOnPushNotifications>false</ignoreOnPushNotifications>
          <extensions>
            <hudson.plugins.git.extensions.impl.WipeWorkspace/>
          </extensions>
        </scm>
      </retriever>
      <defaultVersion>1.2</defaultVersion>
      <implicit>false</implicit>
      <allowVersionOverride>true</allowVersionOverride>
    </org.jenkinsci.plugins.workflow.libs.LibraryConfiguration>
  </libraries>
</org.jenkinsci.plugins.workflow.libs.GlobalLibraries>