<org.jenkinsci.plugins.configfiles.GlobalConfigFiles plugin="config-file-provider@2.15.3">
  <configs class="list">
    <org.jenkinsci.plugins.configfiles.json.JsonConfig>
      <id>org.jenkinsci.plugins.configfiles.json.JsonConfig1439561205318</id>
      <name>affiliates.json</name>
      <comment>Variables for Affiliates</comment>
      <content>{
  "users": {
    "default": {
      "email": "webqabrowserid@aol.com",
      "password": "Password123",
      "name": "affiliates webqa"
    }
  }
}</content>
      <providerId>org.jenkinsci.plugins.configfiles.json.JsonConfig</providerId>
    </org.jenkinsci.plugins.configfiles.json.JsonConfig>
    <org.jenkinsci.plugins.configfiles.json.JsonConfig>
      <id>org.jenkinsci.plugins.configfiles.json.JsonConfig1432210559780</id>
      <name>mozillians.json</name>
      <comment>Variables for Mozillians</comment>
      <content>{
  "users": {
    "private": {
      "email": "986e3441-e2f7-4998-b20e-ed469afdd932@restmail.net",
      "password": "41f25247-a34b-48a2-bf78-b02630460c32",
      "name": "986e3441"
    },
    "unvouched": {
      "email": "3f0d1d7e-3f17-4596-bce7-70c2d6dad7a8@restmail.net",
      "password": "8a98907b-d65f-4c1c-8505-e98e975fb6d8",
      "name": "3f0d1d7e"
    },
    "vouched": {
      "email": "77ae49b1-364e-401b-9c38-8f38a02a6755@restmail.net",
      "password": "1f72a184-bc07-4e52-a8f4-2f0da91c291c",
      "name": "77ae49b1"
    }
  },
  "api": {
    "application": "test_automation",
    "key": "77fa427d3ae4056710f52d59d7c297ab8f9ce5d6"
  }
}</content>
      <providerId>org.jenkinsci.plugins.configfiles.json.JsonConfig</providerId>
    </org.jenkinsci.plugins.configfiles.json.JsonConfig>
    <org.jenkinsci.plugins.configfiles.json.JsonConfig>
      <id>org.jenkinsci.plugins.configfiles.json.JsonConfig1440488697488</id>
      <name>testdroid.json</name>
      <comment>Testdroid specific test variables for Firefox OS</comment>
      <content>{
  "wifi": {
    "ssid": "FXOS-01",
    "keyManagement": "WPA-PSK",
    "psk": "QBOFnY33cnXd"
  }
}</content>
      <providerId>org.jenkinsci.plugins.configfiles.json.JsonConfig</providerId>
    </org.jenkinsci.plugins.configfiles.json.JsonConfig>
    <org.jenkinsci.plugins.configfiles.json.JsonConfig>
      <id>org.jenkinsci.plugins.configfiles.json.JsonConfig1440488730131</id>
      <name>common.json</name>
      <comment>Common test variables for Firefox OS</comment>
      <content>{
  "acknowledged_risks": true,
  "skip_warning": true,
  "remote_phone_number": "+18007072533",
  "settings": {
    "ril.cellbroadcast.disabled": true,
    "time.timezone": "America/Los_Angeles",
    "time.timezone.user-selected": "America/Los_Angeles"
  },
  "email": {
    "gmail": {
      "email": "fxos.email.import@gmail.com",
      "password": "testFireFoxOS"
    },
    "imap": {
      "email": "fxos.email.import@gmail.com",
      "hostname": "imap.gmail.com",
      "port": 993,
      "username": "fxos.email.import@gmail.com",
      "password": "testFireFoxOS"
    },
    "activesync": {
      "hostname": "outlook.office365.com"
    },
    "smtp": {
      "hostname": "smtp.gmail.com",
      "port": 465,
      "username": "fxos.email.import@gmail.com",
      "password": "testFireFoxOS"
    }
  },
  "host": {
    "smtp": {
      "email": "webqa@mozilla.com",
      "ssl": false,
      "hostname": "smtp.mail.scl3.mozilla.com",
      "port": 25
    }
  },
  "plivo": {
    "auth_id": "MAMJCXYZM4OWQ4NDM5MD",
    "auth_token": "M2Y5ZWI2YzkyZTdlOWVkNzg1ZjNkNWI5OTRmNzE4",
    "phone_number": "14842125265"
  },
  "facebook": {
    "username": "gaia_dxnzuri_tests@tfbnw.net",
    "password": "GaiaUITests"
  },
  "marketplace": {
    "username": "moz.marketplace@aol.com",
    "password": "mozwebqa"
  }
}</content>
      <providerId>org.jenkinsci.plugins.configfiles.json.JsonConfig</providerId>
    </org.jenkinsci.plugins.configfiles.json.JsonConfig>
    <org.jenkinsci.plugins.configfiles.json.JsonConfig>
      <id>org.jenkinsci.plugins.configfiles.json.JsonConfig1432286629641</id>
      <name>marketplace.json</name>
      <comment>Variables for Marketplace</comment>
      <content>{
  "users": {
    "default": {
      "email": "mozilla.mp@gmail.com",
      "password": "mozwebqa",
      "aol_pass": "mozwebqa",
      "name": "mozilla.mp",
      "api": {
        "marketplace.allizom.org": {
          "key": "mkt:10909603:mozilla.mp@gmail.com:0",
          "secret": "109c64d92f53b08a4abf82a52c1956b4e2c1cb69b97d61ba5ffb0c768ae2c38838d6d4bdd2061c6f4e680ccbea4fc9c488c1f4faf45806eb34e7d36f8b2e068e"},
        "marketplace-dev.allizom.org": {
          "key": "mkt:10925822:mozilla.mp@gmail.com:0",
          "secret": "8N3OGCn8G9XA"
        }
      }
    }
  }
}</content>
      <providerId>org.jenkinsci.plugins.configfiles.json.JsonConfig</providerId>
    </org.jenkinsci.plugins.configfiles.json.JsonConfig>
    <org.jenkinsci.plugins.configfiles.json.JsonConfig>
      <id>org.jenkinsci.plugins.configfiles.json.JsonConfig1431527373793</id>
      <name>sumo.json</name>
      <comment>Variables for SUMO</comment>
      <content>{
  "users": {
    "default": {
      "username": "Sumo_User",
      "password": "T6Dbk6W2krsGEt9E9q0IdGiv3k1kVGhu",
      "email": "moz.sumo.user@aol.com"},
    "admin": {
      "username": "Sumo_Admin",
      "email": "moz.sumo.sudo@aol.com",
      "password": "2ZAVM9gbK4kNJmQh"}
  }
}</content>
      <providerId>org.jenkinsci.plugins.configfiles.json.JsonConfig</providerId>
    </org.jenkinsci.plugins.configfiles.json.JsonConfig>
    <org.jenkinsci.plugins.configfiles.json.JsonConfig>
      <id>org.jenkinsci.plugins.configfiles.json.JsonConfig1432560130233</id>
      <name>amo.json</name>
      <comment>Variables for AMO</comment>
      <content>{
  "api": {
    "addons-dev.allizom.org": {
      "jwt_issuer": "user:10621564:589",
      "jwt_secret": "093ad938f1ccd6109359463c9ee80dacd0db71fa2476a3b83bb4b6b922a1600b"
    },
    "addons.allizom.org": {
      "jwt_issuer": "user:11673838:658",
      "jwt_secret": "40718e69ed428a453061daad4f0009cfe249ea64cf5ad1e0abe55c8dd419a0cf"
    }
  },
  "users": {
    "default": {
      "email": "amo.testing@gmail.com",
      "password": "mozwebqa",
      "name": "amo.account"
    },
    "editable": {
      "email": "webqabrowserid@gmail.com",
      "password": "Password12345",
      "name": "WebqaAccount",
      "gmail_password": "webqa123"
    }
  },
  "paypal": {
    "email": "amo.te_1327961025_per@gmail.com",
    "password": "mozwebqa"
  }
}</content>
      <providerId>org.jenkinsci.plugins.configfiles.json.JsonConfig</providerId>
    </org.jenkinsci.plugins.configfiles.json.JsonConfig>
    <org.jenkinsci.plugins.configfiles.json.JsonConfig>
      <id>org.jenkinsci.plugins.configfiles.json.JsonConfig1433258808811</id>
      <name>moztrap.json</name>
      <comment>Variables for MozTrap</comment>
      <content>{
  "users": {
    "default": {
      "email": "webqabrowserid@aol.com",
      "password": "EW48Xy8ag",
      "name": "Moztrap.User"
    }
  },
  "api": {
    "user": "webqa_api_user",
    "key": "a0c050d8-84c8-49f5-963f-97eae922bc48"
  }
}</content>
      <providerId>org.jenkinsci.plugins.configfiles.json.JsonConfig</providerId>
    </org.jenkinsci.plugins.configfiles.json.JsonConfig>
    <org.jenkinsci.plugins.managedscripts.ScriptConfig plugin="managed-scripts@1.3">
      <id>org.jenkinsci.plugins.managedscripts.ScriptConfig1429801884194</id>
      <name>Create virtual environment</name>
      <comment/>
      <content>#!/bin/bash -ex
virtualenv .venv</content>
      <args/>
    </org.jenkinsci.plugins.managedscripts.ScriptConfig>
    <org.jenkinsci.plugins.managedscripts.ScriptConfig plugin="managed-scripts@1.3">
      <id>org.jenkinsci.plugins.managedscripts.ScriptConfig1429801921335</id>
      <name>Install infrastructure requirements</name>
      <comment/>
      <content>#!/bin/bash -ex
pip install pytest-rerunfailures==1.0.1
pip install pytest-xdist==1.8
</content>
      <args/>
    </org.jenkinsci.plugins.managedscripts.ScriptConfig>
    <org.jenkinsci.plugins.configfiles.custom.CustomConfig>
      <id>org.jenkinsci.plugins.configfiles.custom.CustomConfig1429802001874</id>
      <name>saucelabs.yaml</name>
      <comment>Credentials for Sauce Labs</comment>
      <content>username: mozilla-webqa
api-key: c2097522-8051-4f28-a390-d76b08d58d93</content>
      <providerId>org.jenkinsci.plugins.configfiles.custom.CustomConfig</providerId>
    </org.jenkinsci.plugins.configfiles.custom.CustomConfig>
  </configs>
</org.jenkinsci.plugins.configfiles.GlobalConfigFiles>