<?xml version="1.0" encoding="UTF-8"?>

<BugCollection version="1.3.9" sequence="0" timestamp="1282302867518" analysisTimestamp="1282302869906" release="">
  <Project projectName="">
    </Project>
  <BugInstance type="ISB_EMPTY_STRING_APPENDING" priority="2" abbrev="ISB" category="PERFORMANCE">
    <Class classname="gti.message.ReceiverAttributes">
      <SourceLine classname="gti.message.ReceiverAttributes" start="12" end="46" sourcefile="ReceiverAttributes.java" sourcepath="gti/message/ReceiverAttributes.java"/>
    </Class>
    <Method classname="gti.message.ReceiverAttributes" name="toString" signature="()Ljava/lang/String;" isStatic="false">
      <SourceLine classname="gti.message.ReceiverAttributes" start="46" end="46" startBytecode="0" endBytecode="64" sourcefile="ReceiverAttributes.java" sourcepath="gti/message/ReceiverAttributes.java"/>
    </Method>
    <SourceLine classname="gti.message.ReceiverAttributes" start="46" end="46" startBytecode="9" endBytecode="9" sourcefile="ReceiverAttributes.java" sourcepath="gti/message/ReceiverAttributes.java"/>
  </BugInstance>
  <BugInstance type="ST_WRITE_TO_STATIC_FROM_INSTANCE_METHOD" priority="2" abbrev="ST" category="STYLE">
    <Class classname="gti.module.MessageModuleInterface">
      <SourceLine classname="gti.module.MessageModuleInterface" start="12" end="112" sourcefile="MessageModuleInterface.java" sourcepath="gti/module/MessageModuleInterface.java"/>
    </Class>
    <Method classname="gti.module.MessageModuleInterface" name="put" signature="(Ljava/lang/String;Ljava/lang/String;Ljava/util/Map;Lgti/module/message/MessageTaskIF;)Z" isStatic="false">
      <SourceLine classname="gti.module.MessageModuleInterface" start="52" end="68" startBytecode="0" endBytecode="241" sourcefile="MessageModuleInterface.java" sourcepath="gti/module/MessageModuleInterface.java"/>
    </Method>
    <Field classname="gti.module.MessageModuleInterface" name="m_sendSequenceNumber" signature="Ljava/lang/Long;" isStatic="true">
      <SourceLine classname="gti.module.MessageModuleInterface" sourcefile="MessageModuleInterface.java" sourcepath="gti/module/MessageModuleInterface.java"/>
    </Field>
    <SourceLine classname="gti.module.MessageModuleInterface" start="65" end="65" startBytecode="64" endBytecode="64" sourcefile="MessageModuleInterface.java" sourcepath="gti/module/MessageModuleInterface.java"/>
  </BugInstance>
  <Errors errors="0" missingClasses="0"></Errors>
  <FindBugsSummary timestamp="Fri, 20 Aug 2010 13:14:27 +0200" total_classes="26" referenced_classes="152" total_bugs="2" total_size="652" num_packages="7" vm_version="17.0-b16" cpu_seconds="27.27" clock_seconds="14.01" peak_mbytes="168.01" alloc_mbytes="439.12" gc_seconds="0.32" priority_2="2">
    <PackageStats package="gti.message" total_bugs="1" total_types="2" total_size="38" priority_2="1">
      <ClassStats class="gti.message.Message" sourceFile="Message.java" interface="false" size="17" bugs="0"/>
      <ClassStats class="gti.message.ReceiverAttributes" sourceFile="ReceiverAttributes.java" interface="false" size="21" bugs="1" priority_2="1"/>
    </PackageStats>
    <PackageStats package="gti.message.client" total_bugs="0" total_types="4" total_size="126">
      <ClassStats class="gti.message.client.MessagePoller" sourceFile="MessagePoller.java" interface="false" size="89" bugs="0"/>
      <ClassStats class="gti.message.client.MessagePoller$CallBack" sourceFile="MessagePoller.java" interface="false" size="7" bugs="0"/>
      <ClassStats class="gti.message.client.MessagePoller$ExecuteMessages" sourceFile="MessagePoller.java" interface="false" size="19" bugs="0"/>
      <ClassStats class="gti.message.client.MessagePoller$PollerTask" sourceFile="MessagePoller.java" interface="false" size="11" bugs="0"/>
    </PackageStats>
    <PackageStats package="gti.message.server" total_bugs="0" total_types="4" total_size="194">
      <ClassStats class="gti.message.server.MessageServer" sourceFile="MessageServer.java" interface="false" size="7" bugs="0"/>
      <ClassStats class="gti.message.server.MessageServerLocal" sourceFile="MessageServerLocal.java" interface="false" size="124" bugs="0"/>
      <ClassStats class="gti.message.server.MessageServerLocal$MessageReceiver" sourceFile="MessageServerLocal.java" interface="false" size="47" bugs="0"/>
      <ClassStats class="gti.message.server.MessageServerLocal$SMessage" sourceFile="MessageServerLocal.java" interface="false" size="16" bugs="0"/>
    </PackageStats>
    <PackageStats package="gti.message.server.command" total_bugs="0" total_types="10" total_size="188">
      <ClassStats class="gti.message.server.command.GetInfoCmd" sourceFile="GetInfoCmd.java" interface="false" size="24" bugs="0"/>
      <ClassStats class="gti.message.server.command.GetInfoResult" sourceFile="GetInfoResult.java" interface="false" size="12" bugs="0"/>
      <ClassStats class="gti.message.server.command.GetInfoResult$Receiver" sourceFile="GetInfoResult.java" interface="false" size="13" bugs="0"/>
      <ClassStats class="gti.message.server.command.GetMessageCmd" sourceFile="GetMessageCmd.java" interface="false" size="21" bugs="0"/>
      <ClassStats class="gti.message.server.command.GetMessageResult" sourceFile="GetMessageResult.java" interface="false" size="32" bugs="0"/>
      <ClassStats class="gti.message.server.command.GetMessageResult$ConnectionState" sourceFile="GetMessageResult.java" interface="false" size="13" bugs="0"/>
      <ClassStats class="gti.message.server.command.MessageServerCmd" sourceFile="MessageServerCmd.java" interface="false" size="7" bugs="0"/>
      <ClassStats class="gti.message.server.command.PutMessageCmd" sourceFile="PutMessageCmd.java" interface="false" size="34" bugs="0"/>
      <ClassStats class="gti.message.server.command.ReceiverPurgeCmd" sourceFile="ReceiverPurgeCmd.java" interface="false" size="10" bugs="0"/>
      <ClassStats class="gti.message.server.command.ReceiverRegistrationCmd" sourceFile="ReceiverRegistrationCmd.java" interface="false" size="22" bugs="0"/>
    </PackageStats>
    <PackageStats package="gti.message.test" total_bugs="0" total_types="3" total_size="44">
      <ClassStats class="gti.message.test.Get" sourceFile="Get.java" interface="false" size="14" bugs="0"/>
      <ClassStats class="gti.message.test.Put" sourceFile="Put.java" interface="false" size="20" bugs="0"/>
      <ClassStats class="gti.message.test.Put$Task" sourceFile="Put.java" interface="false" size="10" bugs="0"/>
    </PackageStats>
    <PackageStats package="gti.message.util.log" total_bugs="0" total_types="1" total_size="14">
      <ClassStats class="gti.message.util.log.MessageLog" sourceFile="MessageLog.java" interface="false" size="14" bugs="0"/>
    </PackageStats>
    <PackageStats package="gti.module" total_bugs="1" total_types="2" total_size="48" priority_2="1">
      <ClassStats class="gti.module.MessageModule" sourceFile="MessageModule.java" interface="false" size="7" bugs="0"/>
      <ClassStats class="gti.module.MessageModuleInterface" sourceFile="MessageModuleInterface.java" interface="false" size="41" bugs="1" priority_2="1"/>
    </PackageStats>
    <FindBugsProfile>
      <ClassProfile name="edu.umd.cs.findbugs.detect.BadResultSetAccess" totalMilliseconds="11" invocations="26" avgMicrosecondsPerInvocation="425" maxMicrosecondsPerInvocation="1437" standardDeviationMircosecondsPerInvocation="332"/>
      <ClassProfile name="com.mebigfatguy.fbcontrib.detect.InappropriateToStringUse" totalMilliseconds="11" invocations="26" avgMicrosecondsPerInvocation="431" maxMicrosecondsPerInvocation="1768" standardDeviationMircosecondsPerInvocation="398"/>
      <ClassProfile name="edu.umd.cs.findbugs.detect.ReadOfInstanceFieldInMethodInvokedByConstructorInSuperclass" totalMilliseconds="11" invocations="26" avgMicrosecondsPerInvocation="436" maxMicrosecondsPerInvocation="1944" standardDeviationMircosecondsPerInvocation="440"/>
      <ClassProfile name="edu.umd.cs.findbugs.detect.CrossSiteScripting" totalMilliseconds="11" invocations="26" avgMicrosecondsPerInvocation="438" maxMicrosecondsPerInvocation="1620" standardDeviationMircosecondsPerInvocation="382"/>
      <ClassProfile name="gti.findbugs.TranslationFormatStringChecker" totalMilliseconds="11" invocations="26" avgMicrosecondsPerInvocation="439" maxMicrosecondsPerInvocation="1676" standardDeviationMircosecondsPerInvocation="391"/>
      <ClassProfile name="edu.umd.cs.findbugs.detect.SynchronizingOnContentsOfFieldToProtectField" totalMilliseconds="11" invocations="26" avgMicrosecondsPerInvocation="441" maxMicrosecondsPerInvocation="1667" standardDeviationMircosecondsPerInvocation="363"/>
      <ClassProfile name="edu.umd.cs.findbugs.classfile.engine.bcel.ReverseDepthFirstSearchFactory" totalMilliseconds="11" invocations="135" avgMicrosecondsPerInvocation="85" maxMicrosecondsPerInvocation="894" standardDeviationMircosecondsPerInvocation="103"/>
      <ClassProfile name="edu.umd.cs.findbugs.detect.BadSyntaxForRegularExpression" totalMilliseconds="11" invocations="26" avgMicrosecondsPerInvocation="442" maxMicrosecondsPerInvocation="1591" standardDeviationMircosecondsPerInvocation="340"/>
      <ClassProfile name="com.mebigfatguy.fbcontrib.detect.ConstantListIndex" totalMilliseconds="11" invocations="26" avgMicrosecondsPerInvocation="455" maxMicrosecondsPerInvocation="1960" standardDeviationMircosecondsPerInvocation="449"/>
      <ClassProfile name="com.mebigfatguy.fbcontrib.detect.UseEnumCollections" totalMilliseconds="11" invocations="26" avgMicrosecondsPerInvocation="456" maxMicrosecondsPerInvocation="1986" standardDeviationMircosecondsPerInvocation="405"/>
      <ClassProfile name="com.mebigfatguy.fbcontrib.detect.PartiallyConstructedObjectAccess" totalMilliseconds="11" invocations="26" avgMicrosecondsPerInvocation="459" maxMicrosecondsPerInvocation="1982" standardDeviationMircosecondsPerInvocation="439"/>
      <ClassProfile name="edu.umd.cs.findbugs.classfile.engine.bcel.LockDataflowFactory" totalMilliseconds="12" invocations="6" avgMicrosecondsPerInvocation="2036" maxMicrosecondsPerInvocation="3482" standardDeviationMircosecondsPerInvocation="1084"/>
      <ClassProfile name="com.mebigfatguy.fbcontrib.detect.UseToArray" totalMilliseconds="12" invocations="26" avgMicrosecondsPerInvocation="475" maxMicrosecondsPerInvocation="2424" standardDeviationMircosecondsPerInvocation="476"/>
      <ClassProfile name="edu.umd.cs.findbugs.detect.FindNonShortCircuit" totalMilliseconds="12" invocations="26" avgMicrosecondsPerInvocation="477" maxMicrosecondsPerInvocation="2059" standardDeviationMircosecondsPerInvocation="431"/>
      <ClassProfile name="com.mebigfatguy.fbcontrib.detect.PossibleConstantAllocationInLoop" totalMilliseconds="12" invocations="26" avgMicrosecondsPerInvocation="488" maxMicrosecondsPerInvocation="1891" standardDeviationMircosecondsPerInvocation="431"/>
      <ClassProfile name="com.mebigfatguy.fbcontrib.detect.ReflectionOnObjectMethods" totalMilliseconds="12" invocations="26" avgMicrosecondsPerInvocation="489" maxMicrosecondsPerInvocation="1832" standardDeviationMircosecondsPerInvocation="386"/>
      <ClassProfile name="com.mebigfatguy.fbcontrib.detect.UnrelatedCollectionContents" totalMilliseconds="12" invocations="26" avgMicrosecondsPerInvocation="490" maxMicrosecondsPerInvocation="2089" standardDeviationMircosecondsPerInvocation="437"/>
      <ClassProfile name="edu.umd.cs.findbugs.detect.Methods" totalMilliseconds="12" invocations="152" avgMicrosecondsPerInvocation="84" maxMicrosecondsPerInvocation="1381" standardDeviationMircosecondsPerInvocation="174"/>
      <ClassProfile name="edu.umd.cs.findbugs.detect.MethodReturnCheck" totalMilliseconds="12" invocations="26" avgMicrosecondsPerInvocation="496" maxMicrosecondsPerInvocation="1939" standardDeviationMircosecondsPerInvocation="426"/>
      <ClassProfile name="edu.umd.cs.findbugs.detect.FindOpenStream" totalMilliseconds="13" invocations="26" avgMicrosecondsPerInvocation="506" maxMicrosecondsPerInvocation="8012" standardDeviationMircosecondsPerInvocation="1600"/>
      <ClassProfile name="com.mebigfatguy.fbcontrib.detect.WriteOnlyCollection" totalMilliseconds="13" invocations="26" avgMicrosecondsPerInvocation="507" maxMicrosecondsPerInvocation="2194" standardDeviationMircosecondsPerInvocation="465"/>
      <ClassProfile name="edu.umd.cs.findbugs.detect.FindPuzzlers" totalMilliseconds="13" invocations="26" avgMicrosecondsPerInvocation="514" maxMicrosecondsPerInvocation="2119" standardDeviationMircosecondsPerInvocation="441"/>
      <ClassProfile name="edu.umd.cs.findbugs.detect.FindSqlInjection" totalMilliseconds="13" invocations="26" avgMicrosecondsPerInvocation="519" maxMicrosecondsPerInvocation="1701" standardDeviationMircosecondsPerInvocation="390"/>
      <ClassProfile name="com.mebigfatguy.fbcontrib.detect.SuspiciousClusteredSessionSupport" totalMilliseconds="13" invocations="26" avgMicrosecondsPerInvocation="520" maxMicrosecondsPerInvocation="2406" standardDeviationMircosecondsPerInvocation="480"/>
      <ClassProfile name="edu.umd.cs.findbugs.detect.NoteAnnotationRetention" totalMilliseconds="13" invocations="152" avgMicrosecondsPerInvocation="89" maxMicrosecondsPerInvocation="1066" standardDeviationMircosecondsPerInvocation="161"/>
      <ClassProfile name="edu.umd.cs.findbugs.detect.InfiniteLoop" totalMilliseconds="13" invocations="26" avgMicrosecondsPerInvocation="527" maxMicrosecondsPerInvocation="2684" standardDeviationMircosecondsPerInvocation="560"/>
      <ClassProfile name="edu.umd.cs.findbugs.detect.NoteCheckReturnValueAnnotations" totalMilliseconds="13" invocations="152" avgMicrosecondsPerInvocation="91" maxMicrosecondsPerInvocation="1732" standardDeviationMircosecondsPerInvocation="211"/>
      <ClassProfile name="com.mebigfatguy.fbcontrib.detect.JDBCVendorReliance" totalMilliseconds="13" invocations="26" avgMicrosecondsPerInvocation="537" maxMicrosecondsPerInvocation="2421" standardDeviationMircosecondsPerInvocation="490"/>
      <ClassProfile name="edu.umd.cs.findbugs.classfile.engine.bcel.DepthFirstSearchFactory" totalMilliseconds="14" invocations="178" avgMicrosecondsPerInvocation="79" maxMicrosecondsPerInvocation="884" standardDeviationMircosecondsPerInvocation="92"/>
      <ClassProfile name="edu.umd.cs.findbugs.detect.NoteCheckReturnValue" totalMilliseconds="14" invocations="152" avgMicrosecondsPerInvocation="93" maxMicrosecondsPerInvocation="1706" standardDeviationMircosecondsPerInvocation="187"/>
      <ClassProfile name="com.mebigfatguy.fbcontrib.detect.OrphanedDOMNode" totalMilliseconds="14" invocations="26" avgMicrosecondsPerInvocation="547" maxMicrosecondsPerInvocation="2422" standardDeviationMircosecondsPerInvocation="525"/>
      <ClassProfile name="edu.umd.cs.findbugs.detect.RepeatedConditionals" totalMilliseconds="14" invocations="26" avgMicrosecondsPerInvocation="549" maxMicrosecondsPerInvocation="3498" standardDeviationMircosecondsPerInvocation="664"/>
      <ClassProfile name="edu.umd.cs.findbugs.detect.FindHEmismatch" totalMilliseconds="14" invocations="26" avgMicrosecondsPerInvocation="553" maxMicrosecondsPerInvocation="1756" standardDeviationMircosecondsPerInvocation="453"/>
      <ClassProfile name="com.mebigfatguy.fbcontrib.detect.Section508Compliance" totalMilliseconds="14" invocations="26" avgMicrosecondsPerInvocation="553" maxMicrosecondsPerInvocation="2462" standardDeviationMircosecondsPerInvocation="497"/>
      <ClassProfile name="gti.findbugs.SwitchOnEnum" totalMilliseconds="14" invocations="26" avgMicrosecondsPerInvocation="572" maxMicrosecondsPerInvocation="2671" standardDeviationMircosecondsPerInvocation="545"/>
      <ClassProfile name="edu.umd.cs.findbugs.detect.NoteNonNullAnnotations" totalMilliseconds="14" invocations="152" avgMicrosecondsPerInvocation="98" maxMicrosecondsPerInvocation="1699" standardDeviationMircosecondsPerInvocation="183"/>
      <ClassProfile name="com.mebigfatguy.fbcontrib.detect.SillynessPotPourri" totalMilliseconds="15" invocations="26" avgMicrosecondsPerInvocation="593" maxMicrosecondsPerInvocation="3156" standardDeviationMircosecondsPerInvocation="612"/>
      <ClassProfile name="edu.umd.cs.findbugs.detect.RuntimeExceptionCapture" totalMilliseconds="15" invocations="26" avgMicrosecondsPerInvocation="614" maxMicrosecondsPerInvocation="2052" standardDeviationMircosecondsPerInvocation="504"/>
      <ClassProfile name="edu.umd.cs.findbugs.detect.NoteJCIPAnnotation" totalMilliseconds="16" invocations="152" avgMicrosecondsPerInvocation="105" maxMicrosecondsPerInvocation="1155" standardDeviationMircosecondsPerInvocation="172"/>
      <ClassProfile name="edu.umd.cs.findbugs.detect.DumbMethods" totalMilliseconds="16" invocations="26" avgMicrosecondsPerInvocation="617" maxMicrosecondsPerInvocation="2768" standardDeviationMircosecondsPerInvocation="565"/>
      <ClassProfile name="com.mebigfatguy.fbcontrib.detect.FieldCouldBeLocal" totalMilliseconds="16" invocations="26" avgMicrosecondsPerInvocation="622" maxMicrosecondsPerInvocation="3408" standardDeviationMircosecondsPerInvocation="992"/>
      <ClassProfile name="edu.umd.cs.findbugs.classfile.engine.asm.ClassReaderAnalysisEngine" totalMilliseconds="16" invocations="728" avgMicrosecondsPerInvocation="22" maxMicrosecondsPerInvocation="8474" standardDeviationMircosecondsPerInvocation="313"/>
      <ClassProfile name="com.mebigfatguy.fbcontrib.detect.LocalSynchronizedCollection" totalMilliseconds="16" invocations="26" avgMicrosecondsPerInvocation="648" maxMicrosecondsPerInvocation="3426" standardDeviationMircosecondsPerInvocation="676"/>
      <ClassProfile name="com.mebigfatguy.fbcontrib.detect.DeletingWhileIterating" totalMilliseconds="17" invocations="26" avgMicrosecondsPerInvocation="684" maxMicrosecondsPerInvocation="4242" standardDeviationMircosecondsPerInvocation="794"/>
      <ClassProfile name="edu.umd.cs.findbugs.detect.FormatStringChecker" totalMilliseconds="18" invocations="26" avgMicrosecondsPerInvocation="713" maxMicrosecondsPerInvocation="7128" standardDeviationMircosecondsPerInvocation="1370"/>
      <ClassProfile name="edu.umd.cs.findbugs.detect.NoteSuppressedWarnings" totalMilliseconds="18" invocations="152" avgMicrosecondsPerInvocation="124" maxMicrosecondsPerInvocation="1248" standardDeviationMircosecondsPerInvocation="193"/>
      <ClassProfile name="edu.umd.cs.findbugs.detect.FindNullDeref" totalMilliseconds="21" invocations="26" avgMicrosecondsPerInvocation="825" maxMicrosecondsPerInvocation="4801" standardDeviationMircosecondsPerInvocation="950"/>
      <ClassProfile name="edu.umd.cs.findbugs.detect.NoteNonnullReturnValues" totalMilliseconds="21" invocations="26" avgMicrosecondsPerInvocation="828" maxMicrosecondsPerInvocation="3778" standardDeviationMircosecondsPerInvocation="844"/>
      <ClassProfile name="edu.umd.cs.findbugs.detect.URLProblems" totalMilliseconds="21" invocations="26" avgMicrosecondsPerInvocation="828" maxMicrosecondsPerInvocation="5122" standardDeviationMircosecondsPerInvocation="959"/>
      <ClassProfile name="com.mebigfatguy.fbcontrib.detect.PossiblyRedundantMethodCalls" totalMilliseconds="21" invocations="26" avgMicrosecondsPerInvocation="845" maxMicrosecondsPerInvocation="6189" standardDeviationMircosecondsPerInvocation="1279"/>
      <ClassProfile name="edu.umd.cs.findbugs.detect.FindDeadLocalStores" totalMilliseconds="22" invocations="26" avgMicrosecondsPerInvocation="866" maxMicrosecondsPerInvocation="4976" standardDeviationMircosecondsPerInvocation="998"/>
      <ClassProfile name="edu.umd.cs.findbugs.detect.FindRefComparison" totalMilliseconds="25" invocations="26" avgMicrosecondsPerInvocation="977" maxMicrosecondsPerInvocation="4366" standardDeviationMircosecondsPerInvocation="943"/>
      <ClassProfile name="com.mebigfatguy.fbcontrib.detect.SQLInLoop" totalMilliseconds="26" invocations="26" avgMicrosecondsPerInvocation="1017" maxMicrosecondsPerInvocation="23239" standardDeviationMircosecondsPerInvocation="4445"/>
      <ClassProfile name="edu.umd.cs.findbugs.ba.npe.TypeQualifierNullnessAnnotationDatabase" totalMilliseconds="27" invocations="1372" avgMicrosecondsPerInvocation="19" maxMicrosecondsPerInvocation="1869" standardDeviationMircosecondsPerInvocation="69"/>
      <ClassProfile name="edu.umd.cs.findbugs.detect.WrongMapIterator" totalMilliseconds="28" invocations="26" avgMicrosecondsPerInvocation="1099" maxMicrosecondsPerInvocation="24632" standardDeviationMircosecondsPerInvocation="4707"/>
      <ClassProfile name="edu.umd.cs.findbugs.detect.FindNullDeref$CheckCallSitesAndReturnInstructions" totalMilliseconds="31" invocations="134" avgMicrosecondsPerInvocation="231" maxMicrosecondsPerInvocation="2679" standardDeviationMircosecondsPerInvocation="341"/>
      <ClassProfile name="edu.umd.cs.findbugs.detect.FindInconsistentSync2" totalMilliseconds="34" invocations="26" avgMicrosecondsPerInvocation="1326" maxMicrosecondsPerInvocation="4593" standardDeviationMircosecondsPerInvocation="1278"/>
      <ClassProfile name="edu.umd.cs.findbugs.detect.FindSelfComparison" totalMilliseconds="36" invocations="26" avgMicrosecondsPerInvocation="1400" maxMicrosecondsPerInvocation="24120" standardDeviationMircosecondsPerInvocation="4569"/>
      <ClassProfile name="com.mebigfatguy.fbcontrib.detect.CustomBuiltXML" totalMilliseconds="36" invocations="26" avgMicrosecondsPerInvocation="1421" maxMicrosecondsPerInvocation="24545" standardDeviationMircosecondsPerInvocation="4648"/>
      <ClassProfile name="com.mebigfatguy.fbcontrib.detect.SyncCollectionIterators" totalMilliseconds="37" invocations="26" avgMicrosecondsPerInvocation="1428" maxMicrosecondsPerInvocation="25511" standardDeviationMircosecondsPerInvocation="4838"/>
      <ClassProfile name="com.mebigfatguy.fbcontrib.detect.NeedlessMemberCollectionSynchronization" totalMilliseconds="37" invocations="26" avgMicrosecondsPerInvocation="1431" maxMicrosecondsPerInvocation="32920" standardDeviationMircosecondsPerInvocation="6302"/>
      <ClassProfile name="edu.umd.cs.findbugs.NonReportingDetectorToDetector2Adapter" totalMilliseconds="38" invocations="2180" avgMicrosecondsPerInvocation="17" maxMicrosecondsPerInvocation="241" standardDeviationMircosecondsPerInvocation="10"/>
      <ClassProfile name="edu.umd.cs.findbugs.detect.FindSpinLoop" totalMilliseconds="42" invocations="26" avgMicrosecondsPerInvocation="1633" maxMicrosecondsPerInvocation="22107" standardDeviationMircosecondsPerInvocation="5131"/>
      <ClassProfile name="edu.umd.cs.findbugs.detect.FindBadForLoop" totalMilliseconds="44" invocations="26" avgMicrosecondsPerInvocation="1722" maxMicrosecondsPerInvocation="34313" standardDeviationMircosecondsPerInvocation="6530"/>
      <ClassProfile name="com.mebigfatguy.fbcontrib.detect.BloatedAssignmentScope" totalMilliseconds="44" invocations="26" avgMicrosecondsPerInvocation="1723" maxMicrosecondsPerInvocation="29615" standardDeviationMircosecondsPerInvocation="5614"/>
      <ClassProfile name="com.mebigfatguy.fbcontrib.detect.UseSplit" totalMilliseconds="45" invocations="26" avgMicrosecondsPerInvocation="1763" maxMicrosecondsPerInvocation="34686" standardDeviationMircosecondsPerInvocation="6599"/>
      <ClassProfile name="edu.umd.cs.findbugs.detect.FindUnrelatedTypesInGenericContainer" totalMilliseconds="46" invocations="26" avgMicrosecondsPerInvocation="1785" maxMicrosecondsPerInvocation="38348" standardDeviationMircosecondsPerInvocation="7317"/>
      <ClassProfile name="edu.umd.cs.findbugs.detect.SwitchFallthrough" totalMilliseconds="47" invocations="26" avgMicrosecondsPerInvocation="1844" maxMicrosecondsPerInvocation="33709" standardDeviationMircosecondsPerInvocation="6395"/>
      <ClassProfile name="com.mebigfatguy.fbcontrib.detect.LoggerOddities" totalMilliseconds="48" invocations="26" avgMicrosecondsPerInvocation="1855" maxMicrosecondsPerInvocation="37172" standardDeviationMircosecondsPerInvocation="7074"/>
      <ClassProfile name="edu.umd.cs.findbugs.classfile.engine.bcel.DominatorsAnalysisFactory" totalMilliseconds="48" invocations="2" avgMicrosecondsPerInvocation="24206" maxMicrosecondsPerInvocation="47675" standardDeviationMircosecondsPerInvocation="23469"/>
      <ClassProfile name="edu.umd.cs.findbugs.detect.FindBadCast2" totalMilliseconds="51" invocations="26" avgMicrosecondsPerInvocation="1963" maxMicrosecondsPerInvocation="42573" standardDeviationMircosecondsPerInvocation="8165"/>
      <ClassProfile name="com.mebigfatguy.fbcontrib.detect.UseAddAll" totalMilliseconds="52" invocations="26" avgMicrosecondsPerInvocation="2033" maxMicrosecondsPerInvocation="37260" standardDeviationMircosecondsPerInvocation="7089"/>
      <ClassProfile name="edu.umd.cs.findbugs.detect.UnreadFields" totalMilliseconds="52" invocations="26" avgMicrosecondsPerInvocation="2038" maxMicrosecondsPerInvocation="32518" standardDeviationMircosecondsPerInvocation="6126"/>
      <ClassProfile name="edu.umd.cs.findbugs.detect.Naming" totalMilliseconds="56" invocations="26" avgMicrosecondsPerInvocation="2166" maxMicrosecondsPerInvocation="50782" standardDeviationMircosecondsPerInvocation="9723"/>
      <ClassProfile name="edu.umd.cs.findbugs.detect.DumbMethodInvocations" totalMilliseconds="57" invocations="26" avgMicrosecondsPerInvocation="2210" maxMicrosecondsPerInvocation="45981" standardDeviationMircosecondsPerInvocation="8759"/>
      <ClassProfile name="com.mebigfatguy.fbcontrib.detect.InefficientStringBuffering" totalMilliseconds="62" invocations="26" avgMicrosecondsPerInvocation="2399" maxMicrosecondsPerInvocation="46680" standardDeviationMircosecondsPerInvocation="8881"/>
      <ClassProfile name="edu.umd.cs.findbugs.detect.InfiniteRecursiveLoop" totalMilliseconds="62" invocations="26" avgMicrosecondsPerInvocation="2405" maxMicrosecondsPerInvocation="53482" standardDeviationMircosecondsPerInvocation="10218"/>
      <ClassProfile name="com.mebigfatguy.fbcontrib.detect.InheritanceTypeChecking" totalMilliseconds="83" invocations="26" avgMicrosecondsPerInvocation="3227" maxMicrosecondsPerInvocation="52271" standardDeviationMircosecondsPerInvocation="11107"/>
      <ClassProfile name="edu.umd.cs.findbugs.classfile.engine.bcel.LiveLocalStoreDataflowFactory" totalMilliseconds="89" invocations="131" avgMicrosecondsPerInvocation="683" maxMicrosecondsPerInvocation="27808" standardDeviationMircosecondsPerInvocation="2432"/>
      <ClassProfile name="edu.umd.cs.findbugs.DetectorToDetector2Adapter" totalMilliseconds="93" invocations="5378" avgMicrosecondsPerInvocation="17" maxMicrosecondsPerInvocation="24307" standardDeviationMircosecondsPerInvocation="331"/>
      <ClassProfile name="edu.umd.cs.findbugs.detect.LoadOfKnownNullValue" totalMilliseconds="97" invocations="26" avgMicrosecondsPerInvocation="3733" maxMicrosecondsPerInvocation="41075" standardDeviationMircosecondsPerInvocation="8796"/>
      <ClassProfile name="com.mebigfatguy.fbcontrib.detect.MoreDumbMethods" totalMilliseconds="106" invocations="26" avgMicrosecondsPerInvocation="4100" maxMicrosecondsPerInvocation="44635" standardDeviationMircosecondsPerInvocation="10075"/>
      <ClassProfile name="edu.umd.cs.findbugs.detect.EqualsOperandShouldHaveClassCompatibleWithThis" totalMilliseconds="119" invocations="152" avgMicrosecondsPerInvocation="785" maxMicrosecondsPerInvocation="17130" standardDeviationMircosecondsPerInvocation="1724"/>
      <ClassProfile name="edu.umd.cs.findbugs.classfile.engine.bcel.MethodGenFactory" totalMilliseconds="137" invocations="135" avgMicrosecondsPerInvocation="1017" maxMicrosecondsPerInvocation="67414" standardDeviationMircosecondsPerInvocation="5843"/>
      <ClassProfile name="edu.umd.cs.findbugs.classfile.engine.bcel.ConstantDataflowFactory" totalMilliseconds="154" invocations="135" avgMicrosecondsPerInvocation="1140" maxMicrosecondsPerInvocation="47897" standardDeviationMircosecondsPerInvocation="4312"/>
      <ClassProfile name="edu.umd.cs.findbugs.detect.ReflectiveClasses" totalMilliseconds="154" invocations="152" avgMicrosecondsPerInvocation="1013" maxMicrosecondsPerInvocation="40684" standardDeviationMircosecondsPerInvocation="3646"/>
      <ClassProfile name="edu.umd.cs.findbugs.classfile.impl.ZipCodeBaseFactory" totalMilliseconds="169" invocations="169" avgMicrosecondsPerInvocation="1001" maxMicrosecondsPerInvocation="102553" standardDeviationMircosecondsPerInvocation="7929"/>
      <ClassProfile name="edu.umd.cs.findbugs.classfile.engine.bcel.JavaClassAnalysisEngine" totalMilliseconds="180" invocations="214" avgMicrosecondsPerInvocation="842" maxMicrosecondsPerInvocation="30353" standardDeviationMircosecondsPerInvocation="2932"/>
      <ClassProfile name="edu.umd.cs.findbugs.detect.BuildObligationPolicyDatabase" totalMilliseconds="186" invocations="152" avgMicrosecondsPerInvocation="1227" maxMicrosecondsPerInvocation="48586" standardDeviationMircosecondsPerInvocation="4551"/>
      <ClassProfile name="edu.umd.cs.findbugs.classfile.engine.bcel.CFGFactory" totalMilliseconds="198" invocations="135" avgMicrosecondsPerInvocation="1470" maxMicrosecondsPerInvocation="48360" standardDeviationMircosecondsPerInvocation="4685"/>
      <ClassProfile name="com.mebigfatguy.fbcontrib.collect.CollectStatistics" totalMilliseconds="260" invocations="152" avgMicrosecondsPerInvocation="1712" maxMicrosecondsPerInvocation="44690" standardDeviationMircosecondsPerInvocation="6203"/>
      <ClassProfile name="edu.umd.cs.findbugs.detect.SerializableIdiom" totalMilliseconds="267" invocations="26" avgMicrosecondsPerInvocation="10291" maxMicrosecondsPerInvocation="251249" standardDeviationMircosecondsPerInvocation="48197"/>
      <ClassProfile name="com.mebigfatguy.fbcontrib.detect.FinalParameters" totalMilliseconds="274" invocations="26" avgMicrosecondsPerInvocation="10571" maxMicrosecondsPerInvocation="50279" standardDeviationMircosecondsPerInvocation="14110"/>
      <ClassProfile name="edu.umd.cs.findbugs.detect.CalledMethods" totalMilliseconds="291" invocations="152" avgMicrosecondsPerInvocation="1917" maxMicrosecondsPerInvocation="51262" standardDeviationMircosecondsPerInvocation="6497"/>
      <ClassProfile name="edu.umd.cs.findbugs.detect.FindRefComparison$SpecialTypeAnalysis" totalMilliseconds="292" invocations="90" avgMicrosecondsPerInvocation="3254" maxMicrosecondsPerInvocation="55139" standardDeviationMircosecondsPerInvocation="7666"/>
      <ClassProfile name="edu.umd.cs.findbugs.detect.OverridingEqualsNotSymmetrical" totalMilliseconds="360" invocations="152" avgMicrosecondsPerInvocation="2371" maxMicrosecondsPerInvocation="59155" standardDeviationMircosecondsPerInvocation="7347"/>
      <ClassProfile name="edu.umd.cs.findbugs.classfile.engine.ClassInfoAnalysisEngine" totalMilliseconds="490" invocations="826" avgMicrosecondsPerInvocation="593" maxMicrosecondsPerInvocation="44397" standardDeviationMircosecondsPerInvocation="2027"/>
      <ClassProfile name="edu.umd.cs.findbugs.classfile.engine.ClassDataAnalysisEngine" totalMilliseconds="497" invocations="831" avgMicrosecondsPerInvocation="598" maxMicrosecondsPerInvocation="72300" standardDeviationMircosecondsPerInvocation="3032"/>
      <ClassProfile name="edu.umd.cs.findbugs.ba.npe.NullDerefAndRedundantComparisonFinder" totalMilliseconds="519" invocations="134" avgMicrosecondsPerInvocation="3874" maxMicrosecondsPerInvocation="86307" standardDeviationMircosecondsPerInvocation="11224"/>
      <ClassProfile name="edu.umd.cs.findbugs.classfile.engine.bcel.TypeDataflowFactory" totalMilliseconds="535" invocations="139" avgMicrosecondsPerInvocation="3852" maxMicrosecondsPerInvocation="53015" standardDeviationMircosecondsPerInvocation="8715"/>
      <ClassProfile name="edu.umd.cs.findbugs.detect.NoteDirectlyRelevantTypeQualifiers" totalMilliseconds="556" invocations="152" avgMicrosecondsPerInvocation="3658" maxMicrosecondsPerInvocation="70704" standardDeviationMircosecondsPerInvocation="9869"/>
      <ClassProfile name="edu.umd.cs.findbugs.classfile.engine.bcel.ValueNumberDataflowFactory" totalMilliseconds="599" invocations="182" avgMicrosecondsPerInvocation="3295" maxMicrosecondsPerInvocation="85968" standardDeviationMircosecondsPerInvocation="9523"/>
      <ClassProfile name="edu.umd.cs.findbugs.classfile.engine.bcel.UnconditionalValueDerefDataflowFactory" totalMilliseconds="773" invocations="135" avgMicrosecondsPerInvocation="5727" maxMicrosecondsPerInvocation="138306" standardDeviationMircosecondsPerInvocation="15719"/>
      <ClassProfile name="edu.umd.cs.findbugs.classfile.engine.bcel.IsNullValueDataflowFactory" totalMilliseconds="793" invocations="135" avgMicrosecondsPerInvocation="5875" maxMicrosecondsPerInvocation="75006" standardDeviationMircosecondsPerInvocation="13077"/>
      <ClassProfile name="edu.umd.cs.findbugs.detect.FieldItemSummary" totalMilliseconds="835" invocations="152" avgMicrosecondsPerInvocation="5494" maxMicrosecondsPerInvocation="81774" standardDeviationMircosecondsPerInvocation="12251"/>
      <ClassProfile name="edu.umd.cs.findbugs.OpcodeStack$JumpInfoFactory" totalMilliseconds="882" invocations="2206" avgMicrosecondsPerInvocation="400" maxMicrosecondsPerInvocation="106592" standardDeviationMircosecondsPerInvocation="2599"/>
    </FindBugsProfile>
  </FindBugsSummary>
  <ClassFeatures></ClassFeatures>
  <History></History>
</BugCollection>
