<org.jenkinsci.plugins.managedscripts.ScriptBuildStepConfigProvider plugin="managed-scripts@1.2.1">
  <configs>
    <entry>
      <string>org.jenkinsci.plugins.managedscripts.ScriptConfig1429801884194</string>
      <org.jenkinsci.plugins.managedscripts.ScriptConfig>
        <id>org.jenkinsci.plugins.managedscripts.ScriptConfig1429801884194</id>
        <name>Create virtual environment</name>
        <comment/>
        <content>#!/bin/bash -ex
virtualenv .venv</content>
        <args/>
      </org.jenkinsci.plugins.managedscripts.ScriptConfig>
    </entry>
    <entry>
      <string>org.jenkinsci.plugins.managedscripts.ScriptConfig1429801921335</string>
      <org.jenkinsci.plugins.managedscripts.ScriptConfig>
        <id>org.jenkinsci.plugins.managedscripts.ScriptConfig1429801921335</id>
        <name>Install infrastructure requirements</name>
        <comment/>
        <content>#!/bin/bash -ex
pip install pytest-rerunfailures==1.0.1
pip install pytest-xdist==1.8
</content>
        <args/>
      </org.jenkinsci.plugins.managedscripts.ScriptConfig>
    </entry>
  </configs>
</org.jenkinsci.plugins.managedscripts.ScriptBuildStepConfigProvider>