<org.jenkinsci.plugins.configfiles.custom.CustomConfigProvider plugin="config-file-provider@2.9.3">
  <configs>
    <entry>
      <string>org.jenkinsci.plugins.configfiles.custom.CustomConfig1429802001874</string>
      <org.jenkinsci.lib.configprovider.model.Config>
        <id>org.jenkinsci.plugins.configfiles.custom.CustomConfig1429802001874</id>
        <name>saucelabs.yaml</name>
        <comment>Credentials for Sauce Labs</comment>
        <content>username: mozilla-webqa
api-key: c2097522-8051-4f28-a390-d76b08d58d93</content>
      </org.jenkinsci.lib.configprovider.model.Config>
    </entry>
  </configs>
</org.jenkinsci.plugins.configfiles.custom.CustomConfigProvider>