<org.jenkinsci.plugins.envinject.EnvInjectNodeProperty_-EnvInjectNodePropertyDescriptor plugin="envinject@1.93.1">
  <envInjectGlobalPasswordEntries>
    <org.jenkinsci.plugins.envinject.EnvInjectGlobalPasswordEntry>
      <name>SAUCELABS_API_KEY</name>
      <value>#secret#</value>
    </org.jenkinsci.plugins.envinject.EnvInjectGlobalPasswordEntry>
    <org.jenkinsci.plugins.envinject.EnvInjectGlobalPasswordEntry>
      <name>BROWSERSTACK_ACCESS_KEY</name>
      <value>#secret#</value>
    </org.jenkinsci.plugins.envinject.EnvInjectGlobalPasswordEntry>
    <org.jenkinsci.plugins.envinject.EnvInjectGlobalPasswordEntry>
      <name>TESTINGBOT_KEY</name>
      <value>#secret#</value>
    </org.jenkinsci.plugins.envinject.EnvInjectGlobalPasswordEntry>
    <org.jenkinsci.plugins.envinject.EnvInjectGlobalPasswordEntry>
      <name>TESTINGBOT_SECRET</name>
      <value>#secret#</value>
    </org.jenkinsci.plugins.envinject.EnvInjectGlobalPasswordEntry>
    <org.jenkinsci.plugins.envinject.EnvInjectGlobalPasswordEntry>
      <name>SAUCELABS_USERNAME</name>
      <value>#secret#</value>
    </org.jenkinsci.plugins.envinject.EnvInjectGlobalPasswordEntry>
    <org.jenkinsci.plugins.envinject.EnvInjectGlobalPasswordEntry>
      <name>BROWSERSTACK_USERNAME</name>
      <value>#secret#</value>
    </org.jenkinsci.plugins.envinject.EnvInjectGlobalPasswordEntry>
  </envInjectGlobalPasswordEntries>
</org.jenkinsci.plugins.envinject.EnvInjectNodeProperty_-EnvInjectNodePropertyDescriptor>