<hudson.plugins.ircbot.IrcPublisher_-DescriptorImpl plugin="ircbot@2.27">
  <enabled>false</enabled>
  <hostname>irc.mozilla.org</hostname>
  <port>6697</port>
  <ssl>true</ssl>
  <disallowPrivateChat>false</disallowPrivateChat>
  <login>webqatestbot2</login>
  <sslTrustAllCertificates>false</sslTrustAllCertificates>
  <password/>
  <nick>webqatestbot2</nick>
  <nickServPassword/>
  <socksHost/>
  <socksPort>1080</socksPort>
  <messageRate>500</messageRate>
  <scrambledPasswords>true</scrambledPasswords>
  <defaultTargets>
    <hudson.plugins.im.GroupChatIMMessageTarget plugin="instant-messaging@1.35">
      <name>#mozwebqa</name>
      <notificationOnly>true</notificationOnly>
    </hudson.plugins.im.GroupChatIMMessageTarget>
  </defaultTargets>
  <commandPrefix>!jenkins</commandPrefix>
  <hudsonLogin>dhunt@mozilla.com</hudsonLogin>
  <useNotice>true</useNotice>
  <charset>UTF-8</charset>
  <useColors>false</useColors>
</hudson.plugins.ircbot.IrcPublisher_-DescriptorImpl>