<?xml version='1.1' encoding='UTF-8'?>
<Tag plugin="workflow-support@2.18">
  <node class="org.jenkinsci.plugins.workflow.graph.FlowEndNode" plugin="workflow-api@2.27">
    <parentIds>
      <string>7</string>
    </parentIds>
    <id>8</id>
    <startId>2</startId>
    <result>
      <name>SUCCESS</name>
      <ordinal>0</ordinal>
      <color>BLUE</color>
      <completeBuild>true</completeBuild>
    </result>
  </node>
  <actions>
    <wf.a.TimingAction plugin="workflow-api@2.27">
      <startTime>1524153893147</startTime>
    </wf.a.TimingAction>
  </actions>
</Tag>