<?xml version="1.0" encoding="UTF-8"?>

<BugCollection version="1.3.9" sequence="0" timestamp="1282302587514" analysisTimestamp="1282302590008" release="">
  <Project projectName="">
    </Project>
  <BugInstance type="BAS_BLOATED_ASSIGNMENT_SCOPE" priority="2" abbrev="BAS" category="PERFORMANCE">
    <Class classname="gti.contamination.AfterArticleViolatingContaminationHistoryFinder">
      <SourceLine classname="gti.contamination.AfterArticleViolatingContaminationHistoryFinder" start="16" end="179" sourcefile="AfterArticleViolatingContaminationHistoryFinder.java" sourcepath="gti/contamination/AfterArticleViolatingContaminationHistoryFinder.java"/>
    </Class>
    <Method classname="gti.contamination.AfterArticleViolatingContaminationHistoryFinder" name="violatesRule" signature="(Lgti/module/contamination/ContaminationArticleConcentration;Lgti/domain/ContaminationRule;Lgti/domain/ContaminationLocation;)Z" isStatic="false">
      <SourceLine classname="gti.contamination.AfterArticleViolatingContaminationHistoryFinder" start="156" end="179" startBytecode="0" endBytecode="275" sourcefile="AfterArticleViolatingContaminationHistoryFinder.java" sourcepath="gti/contamination/AfterArticleViolatingContaminationHistoryFinder.java"/>
    </Method>
    <SourceLine classname="gti.contamination.AfterArticleViolatingContaminationHistoryFinder" start="157" end="157" startBytecode="10" endBytecode="10" sourcefile="AfterArticleViolatingContaminationHistoryFinder.java" sourcepath="gti/contamination/AfterArticleViolatingContaminationHistoryFinder.java"/>
  </BugInstance>
  <BugInstance type="DRE_DECLARED_RUNTIME_EXCEPTION" priority="2" abbrev="DRE" category="STYLE">
    <Class classname="gti.domain.dao.ContaminationLocationDAO">
      <SourceLine classname="gti.domain.dao.ContaminationLocationDAO" start="12" end="93" sourcefile="ContaminationLocationDAO.java" sourcepath="gti/domain/dao/ContaminationLocationDAO.java"/>
    </Class>
    <Method classname="gti.domain.dao.ContaminationLocationDAO" name="remove" signature="(Ljava/lang/Object;)V" isStatic="false">
      <SourceLine classname="gti.domain.dao.ContaminationLocationDAO" start="12" end="12" startBytecode="0" endBytecode="60" sourcefile="ContaminationLocationDAO.java" sourcepath="gti/domain/dao/ContaminationLocationDAO.java"/>
    </Method>
    <String value="java.lang.UnsupportedOperationException"/>
  </BugInstance>
  <BugInstance type="COM_COPIED_OVERRIDDEN_METHOD" priority="2" abbrev="COM" category="STYLE">
    <Class classname="gti.ui.main.ContaminationRuleModel$ContaminationRule_CleaningRecipePower_ModelAdapter">
      <SourceLine classname="gti.ui.main.ContaminationRuleModel$ContaminationRule_CleaningRecipePower_ModelAdapter" start="918" end="935" sourcefile="ContaminationRuleModel.java" sourcepath="gti/ui/main/ContaminationRuleModel.java"/>
    </Class>
    <Method classname="gti.ui.main.ContaminationRuleModel$ContaminationRule_CleaningRecipePower_ModelAdapter" name="getValueAt" signature="()Ljava/lang/Object;" isStatic="false">
      <SourceLine classname="gti.ui.main.ContaminationRuleModel$ContaminationRule_CleaningRecipePower_ModelAdapter" start="935" end="935" startBytecode="0" endBytecode="43" sourcefile="ContaminationRuleModel.java" sourcepath="gti/ui/main/ContaminationRuleModel.java"/>
    </Method>
    <SourceLine classname="gti.ui.main.ContaminationRuleModel$ContaminationRule_CleaningRecipePower_ModelAdapter" start="935" end="935" startBytecode="0" endBytecode="0" sourcefile="ContaminationRuleModel.java" sourcepath="gti/ui/main/ContaminationRuleModel.java"/>
  </BugInstance>
  <Errors errors="0" missingClasses="0"></Errors>
  <FindBugsSummary timestamp="Fri, 20 Aug 2010 13:09:47 +0200" total_classes="98" referenced_classes="414" total_bugs="3" total_size="3274" num_packages="12" vm_version="17.0-b16" cpu_seconds="46.53" clock_seconds="24.37" peak_mbytes="214.07" alloc_mbytes="439.12" gc_seconds="1.17" priority_2="3">
    <PackageStats package="gti.contamination" total_bugs="1" total_types="8" total_size="410" priority_2="1">
      <ClassStats class="gti.contamination.AfterArticleViolatingContaminationHistoryFinder" sourceFile="AfterArticleViolatingContaminationHistoryFinder.java" interface="false" size="51" bugs="1" priority_2="1"/>
      <ClassStats class="gti.contamination.AfterRecipeGroupViolatingContaminationHistoryFinder" sourceFile="AfterRecipeGroupViolatingContaminationHistoryFinder.java" interface="false" size="21" bugs="0"/>
      <ClassStats class="gti.contamination.AfterRecipeViolatingContaminationHistoryFinder" sourceFile="AfterRecipeViolatingContaminationHistoryFinder.java" interface="false" size="23" bugs="0"/>
      <ClassStats class="gti.contamination.ContaminationContext" sourceFile="ContaminationContext.java" interface="false" size="23" bugs="0"/>
      <ClassStats class="gti.contamination.ContaminationResult" sourceFile="ContaminationResult.java" interface="false" size="68" bugs="0"/>
      <ClassStats class="gti.contamination.ContaminationSession" sourceFile="ContaminationSession.java" interface="false" size="204" bugs="0"/>
      <ClassStats class="gti.contamination.ViolatingContaminationHistory" sourceFile="ViolatingContaminationHistory.java" interface="false" size="18" bugs="0"/>
      <ClassStats class="gti.contamination.ViolatingContaminationHistoryFinderIF" sourceFile="ViolatingContaminationHistoryFinderIF.java" interface="true" size="2" bugs="0"/>
    </PackageStats>
    <PackageStats package="gti.contamination.dao.plugin" total_bugs="0" total_types="1" total_size="21">
      <ClassStats class="gti.contamination.dao.plugin.WorkOrderDAOPlugin" sourceFile="WorkOrderDAOPlugin.java" interface="false" size="21" bugs="0"/>
    </PackageStats>
    <PackageStats package="gti.contamination.util" total_bugs="0" total_types="6" total_size="74">
      <ClassStats class="gti.contamination.util.ContaminationHistoryUtil" sourceFile="ContaminationHistoryUtil.java" interface="false" size="13" bugs="0"/>
      <ClassStats class="gti.contamination.util.ContaminationLocationUtil" sourceFile="ContaminationLocationUtil.java" interface="false" size="14" bugs="0"/>
      <ClassStats class="gti.contamination.util.ContaminationRuleUtil" sourceFile="ContaminationRuleUtil.java" interface="false" size="24" bugs="0"/>
      <ClassStats class="gti.contamination.util.StorageUnitContaminationConfiguration" sourceFile="StorageUnitContaminationConfiguration.java" interface="false" size="14" bugs="0"/>
      <ClassStats class="gti.contamination.util.StorageUnitContaminationConfiguration$1" sourceFile="StorageUnitContaminationConfiguration.java" interface="false" size="1" bugs="0"/>
      <ClassStats class="gti.contamination.util.StorageUnitContaminationConfiguration$SuComparator" sourceFile="StorageUnitContaminationConfiguration.java" interface="false" size="8" bugs="0"/>
    </PackageStats>
    <PackageStats package="gti.contamination.util.log" total_bugs="0" total_types="1" total_size="21">
      <ClassStats class="gti.contamination.util.log.ContaminationLog" sourceFile="ContaminationLog.java" interface="false" size="21" bugs="0"/>
    </PackageStats>
    <PackageStats package="gti.domain" total_bugs="0" total_types="5" total_size="839">
      <ClassStats class="gti.domain.AbstractArticleConcentrations" sourceFile="AbstractArticleConcentrations.java" interface="false" size="499" bugs="0"/>
      <ClassStats class="gti.domain.ContaminationArticleConcentrationsWorkset" sourceFile="ContaminationArticleConcentrationsWorkset.java" interface="false" size="24" bugs="0"/>
      <ClassStats class="gti.domain.ContaminationHistory" sourceFile="ContaminationHistory.java" interface="false" size="92" bugs="0"/>
      <ClassStats class="gti.domain.ContaminationLocation" sourceFile="ContaminationLocation.java" interface="false" size="70" bugs="0"/>
      <ClassStats class="gti.domain.ContaminationRule" sourceFile="ContaminationRule.java" interface="false" size="154" bugs="0"/>
    </PackageStats>
    <PackageStats package="gti.domain.cleanup" total_bugs="0" total_types="1" total_size="35">
      <ClassStats class="gti.domain.cleanup.ContaminationArticleConcentrationsCleanUp" sourceFile="ContaminationArticleConcentrationsCleanUp.java" interface="false" size="35" bugs="0"/>
    </PackageStats>
    <PackageStats package="gti.domain.dao" total_bugs="1" total_types="4" total_size="124" priority_2="1">
      <ClassStats class="gti.domain.dao.ContaminationArticleConcentrationsWorksetDAO" sourceFile="ContaminationArticleConcentrationsWorksetDAO.java" interface="false" size="25" bugs="0"/>
      <ClassStats class="gti.domain.dao.ContaminationHistoryDAO" sourceFile="ContaminationHistoryDAO.java" interface="false" size="55" bugs="0"/>
      <ClassStats class="gti.domain.dao.ContaminationLocationDAO" sourceFile="ContaminationLocationDAO.java" interface="false" size="36" bugs="1" priority_2="1"/>
      <ClassStats class="gti.domain.dao.ContaminationRuleDAO" sourceFile="ContaminationRuleDAO.java" interface="false" size="8" bugs="0"/>
    </PackageStats>
    <PackageStats package="gti.module" total_bugs="0" total_types="2" total_size="27">
      <ClassStats class="gti.module.ContaminationModule" sourceFile="ContaminationModule.java" interface="false" size="22" bugs="0"/>
      <ClassStats class="gti.module.ContaminationModuleInterface" sourceFile="ContaminationModuleInterface.java" interface="false" size="5" bugs="0"/>
    </PackageStats>
    <PackageStats package="gti.test" total_bugs="0" total_types="1" total_size="37">
      <ClassStats class="gti.test.TestContamination" sourceFile="TestContamination.java" interface="false" size="37" bugs="0"/>
    </PackageStats>
    <PackageStats package="gti.ui.browser.ui" total_bugs="0" total_types="1" total_size="41">
      <ClassStats class="gti.ui.browser.ui.BrowserContaminationUI" sourceFile="BrowserContaminationUI.java" interface="false" size="41" bugs="0"/>
    </PackageStats>
    <PackageStats package="gti.ui.main" total_bugs="1" total_types="67" total_size="1636" priority_2="1">
      <ClassStats class="gti.ui.main.ContaminationHistoryForm" sourceFile="ContaminationHistoryForm.java" interface="false" size="12" bugs="0"/>
      <ClassStats class="gti.ui.main.ContaminationHistoryModel" sourceFile="ContaminationHistoryModel.java" interface="false" size="110" bugs="0"/>
      <ClassStats class="gti.ui.main.ContaminationHistoryModel$ContaminationHistoryArticle_ArticleCode_ModelAdapter" sourceFile="ContaminationHistoryModel.java" interface="false" size="12" bugs="0"/>
      <ClassStats class="gti.ui.main.ContaminationHistoryModel$ContaminationHistoryArticle_ArticleConcentration_ModelAdapter" sourceFile="ContaminationHistoryModel.java" interface="false" size="14" bugs="0"/>
      <ClassStats class="gti.ui.main.ContaminationHistoryModel$ContaminationHistoryArticle_ArticleName_ModelAdapter" sourceFile="ContaminationHistoryModel.java" interface="false" size="17" bugs="0"/>
      <ClassStats class="gti.ui.main.ContaminationHistoryModel$ContaminationHistory_BatchWeight_ModelAdapter" sourceFile="ContaminationHistoryModel.java" interface="false" size="14" bugs="0"/>
      <ClassStats class="gti.ui.main.ContaminationHistoryModel$ContaminationHistory_CleaningPower_ModelAdapter" sourceFile="ContaminationHistoryModel.java" interface="false" size="14" bugs="0"/>
      <ClassStats class="gti.ui.main.ContaminationHistoryModel$ContaminationHistory_HistoryDate_ModelAdapter" sourceFile="ContaminationHistoryModel.java" interface="false" size="14" bugs="0"/>
      <ClassStats class="gti.ui.main.ContaminationHistoryModel$ContaminationHistory_Identification_ModelAdapter" sourceFile="ContaminationHistoryModel.java" interface="false" size="12" bugs="0"/>
      <ClassStats class="gti.ui.main.ContaminationHistoryModel$ContaminationHistory_PassedWeight_ModelAdapter" sourceFile="ContaminationHistoryModel.java" interface="false" size="14" bugs="0"/>
      <ClassStats class="gti.ui.main.ContaminationHistoryModel$ContaminationHistory_Passed_ModelAdapter" sourceFile="ContaminationHistoryModel.java" interface="false" size="13" bugs="0"/>
      <ClassStats class="gti.ui.main.ContaminationHistoryModel$ContaminationHistory_RecipeCode_ModelAdapter" sourceFile="ContaminationHistoryModel.java" interface="false" size="12" bugs="0"/>
      <ClassStats class="gti.ui.main.ContaminationHistoryModel$ContaminationHistory_RecipeGroupCode_ModelAdapter" sourceFile="ContaminationHistoryModel.java" interface="false" size="12" bugs="0"/>
      <ClassStats class="gti.ui.main.ContaminationHistoryModel$ContaminationLocation_CleaningPercentage_ModelAdapter" sourceFile="ContaminationHistoryModel.java" interface="false" size="12" bugs="0"/>
      <ClassStats class="gti.ui.main.ContaminationHistoryModel$ContaminationLocation_DeclareClean_ModelAdapter" sourceFile="ContaminationHistoryModel.java" interface="false" size="15" bugs="0"/>
      <ClassStats class="gti.ui.main.ContaminationHistoryModel$ContaminationLocation_Name_ModelAdapter" sourceFile="ContaminationHistoryModel.java" interface="false" size="12" bugs="0"/>
      <ClassStats class="gti.ui.main.ContaminationHistoryModel$ContaminationLocation_PollutionPercentage_ModelAdapter" sourceFile="ContaminationHistoryModel.java" interface="false" size="12" bugs="0"/>
      <ClassStats class="gti.ui.main.ContaminationHistoryModel$ContaminationLocation_Type_ModelAdapter" sourceFile="ContaminationHistoryModel.java" interface="false" size="12" bugs="0"/>
      <ClassStats class="gti.ui.main.ContaminationHistoryView" sourceFile="ContaminationHistoryView.java" interface="false" size="56" bugs="0"/>
      <ClassStats class="gti.ui.main.ContaminationLocationForm" sourceFile="ContaminationLocationForm.java" interface="false" size="13" bugs="0"/>
      <ClassStats class="gti.ui.main.ContaminationLocationModel" sourceFile="ContaminationLocationModel.java" interface="false" size="155" bugs="0"/>
      <ClassStats class="gti.ui.main.ContaminationLocationModel$1" sourceFile="ContaminationLocationModel.java" interface="false" size="9" bugs="0"/>
      <ClassStats class="gti.ui.main.ContaminationLocationModel$ContaminationLocation_Check_ModelAdapter" sourceFile="ContaminationLocationModel.java" interface="false" size="25" bugs="0"/>
      <ClassStats class="gti.ui.main.ContaminationLocationModel$ContaminationLocation_CleaningPercentage_ModelAdapter" sourceFile="ContaminationLocationModel.java" interface="false" size="23" bugs="0"/>
      <ClassStats class="gti.ui.main.ContaminationLocationModel$ContaminationLocation_DeclareClean_Cancel_ModelAdapter" sourceFile="ContaminationLocationModel.java" interface="false" size="9" bugs="0"/>
      <ClassStats class="gti.ui.main.ContaminationLocationModel$ContaminationLocation_DeclareClean_OK_ModelAdapter" sourceFile="ContaminationLocationModel.java" interface="false" size="20" bugs="0"/>
      <ClassStats class="gti.ui.main.ContaminationLocationModel$ContaminationLocation_DeclaredCleanBy_Dialog_ModelAdapter" sourceFile="ContaminationLocationModel.java" interface="false" size="13" bugs="0"/>
      <ClassStats class="gti.ui.main.ContaminationLocationModel$ContaminationLocation_Id_ModelAdapter" sourceFile="ContaminationLocationModel.java" interface="false" size="16" bugs="0"/>
      <ClassStats class="gti.ui.main.ContaminationLocationModel$ContaminationLocation_Name_ModelAdapter" sourceFile="ContaminationLocationModel.java" interface="false" size="16" bugs="0"/>
      <ClassStats class="gti.ui.main.ContaminationLocationModel$ContaminationLocation_PollutionPercentage_ModelAdapter" sourceFile="ContaminationLocationModel.java" interface="false" size="23" bugs="0"/>
      <ClassStats class="gti.ui.main.ContaminationLocationModel$ContaminationLocation_ToHistory_ModelAdapter" sourceFile="ContaminationLocationModel.java" interface="false" size="19" bugs="0"/>
      <ClassStats class="gti.ui.main.ContaminationLocationModel$ContaminationLocation_To_DeclaredClean_ModelAdapter" sourceFile="ContaminationLocationModel.java" interface="false" size="20" bugs="0"/>
      <ClassStats class="gti.ui.main.ContaminationLocationModel$ContaminationLocation_Type_ModelAdapter" sourceFile="ContaminationLocationModel.java" interface="false" size="16" bugs="0"/>
      <ClassStats class="gti.ui.main.ContaminationLocationView" sourceFile="ContaminationLocationView.java" interface="false" size="46" bugs="0"/>
      <ClassStats class="gti.ui.main.ContaminationResultForm" sourceFile="ContaminationResultForm.java" interface="false" size="8" bugs="0"/>
      <ClassStats class="gti.ui.main.ContaminationResultModel" sourceFile="ContaminationResultModel.java" interface="false" size="66" bugs="0"/>
      <ClassStats class="gti.ui.main.ContaminationResultModel$ContaminationResult_Accept_ModelAdapter" sourceFile="ContaminationResultModel.java" interface="false" size="21" bugs="0"/>
      <ClassStats class="gti.ui.main.ContaminationResultModel$ContaminationResult_CleaningRecipe_ModelAdapter" sourceFile="ContaminationResultModel.java" interface="false" size="12" bugs="0"/>
      <ClassStats class="gti.ui.main.ContaminationResultModel$ContaminationResult_ContaminationLocationName_ModelAdapter" sourceFile="ContaminationResultModel.java" interface="false" size="12" bugs="0"/>
      <ClassStats class="gti.ui.main.ContaminationResultModel$ContaminationResult_ContaminationLocationType_ModelAdapter" sourceFile="ContaminationResultModel.java" interface="false" size="12" bugs="0"/>
      <ClassStats class="gti.ui.main.ContaminationResultModel$ContaminationResult_History_ModelAdapter" sourceFile="ContaminationResultModel.java" interface="false" size="19" bugs="0"/>
      <ClassStats class="gti.ui.main.ContaminationResultModel$ContaminationResult_Reason_ModelAdapter" sourceFile="ContaminationResultModel.java" interface="false" size="11" bugs="0"/>
      <ClassStats class="gti.ui.main.ContaminationResultModel$ContaminationResult_Result_ModelAdapter" sourceFile="ContaminationResultModel.java" interface="false" size="14" bugs="0"/>
      <ClassStats class="gti.ui.main.ContaminationResultView" sourceFile="ContaminationResultView.java" interface="false" size="37" bugs="0"/>
      <ClassStats class="gti.ui.main.ContaminationRuleForm" sourceFile="ContaminationRuleForm.java" interface="false" size="11" bugs="0"/>
      <ClassStats class="gti.ui.main.ContaminationRuleModel" sourceFile="ContaminationRuleModel.java" interface="false" size="99" bugs="0"/>
      <ClassStats class="gti.ui.main.ContaminationRuleModel$1" sourceFile="ContaminationRuleModel.java" interface="false" size="1" bugs="0"/>
      <ClassStats class="gti.ui.main.ContaminationRuleModel$ContaminationRule_AfterCodeName_ModelAdapter" sourceFile="ContaminationRuleModel.java" interface="false" size="18" bugs="0"/>
      <ClassStats class="gti.ui.main.ContaminationRuleModel$ContaminationRule_AfterCode_ModelAdapter" sourceFile="ContaminationRuleModel.java" interface="false" size="37" bugs="0"/>
      <ClassStats class="gti.ui.main.ContaminationRuleModel$ContaminationRule_AfterConcentration_ModelAdapter" sourceFile="ContaminationRuleModel.java" interface="false" size="18" bugs="0"/>
      <ClassStats class="gti.ui.main.ContaminationRuleModel$ContaminationRule_AfterGroupName_ModelAdapter" sourceFile="ContaminationRuleModel.java" interface="false" size="18" bugs="0"/>
      <ClassStats class="gti.ui.main.ContaminationRuleModel$ContaminationRule_AfterGroup_ModelAdapter" sourceFile="ContaminationRuleModel.java" interface="false" size="30" bugs="0"/>
      <ClassStats class="gti.ui.main.ContaminationRuleModel$ContaminationRule_AfterType_ModelAdapter" sourceFile="ContaminationRuleModel.java" interface="false" size="28" bugs="0"/>
      <ClassStats class="gti.ui.main.ContaminationRuleModel$ContaminationRule_AfterWeight_ModelAdapter" sourceFile="ContaminationRuleModel.java" interface="false" size="14" bugs="0"/>
      <ClassStats class="gti.ui.main.ContaminationRuleModel$ContaminationRule_CheckedCodeName_ModelAdapter" sourceFile="ContaminationRuleModel.java" interface="false" size="18" bugs="0"/>
      <ClassStats class="gti.ui.main.ContaminationRuleModel$ContaminationRule_CheckedCode_ModelAdapter" sourceFile="ContaminationRuleModel.java" interface="false" size="37" bugs="0"/>
      <ClassStats class="gti.ui.main.ContaminationRuleModel$ContaminationRule_CheckedGroupName_ModelAdapter" sourceFile="ContaminationRuleModel.java" interface="false" size="18" bugs="0"/>
      <ClassStats class="gti.ui.main.ContaminationRuleModel$ContaminationRule_CheckedGroup_ModelAdapter" sourceFile="ContaminationRuleModel.java" interface="false" size="30" bugs="0"/>
      <ClassStats class="gti.ui.main.ContaminationRuleModel$ContaminationRule_CheckedType_ModelAdapter" sourceFile="ContaminationRuleModel.java" interface="false" size="26" bugs="0"/>
      <ClassStats class="gti.ui.main.ContaminationRuleModel$ContaminationRule_CleaningRecipeCode_ModelAdapter" sourceFile="ContaminationRuleModel.java" interface="false" size="28" bugs="0"/>
      <ClassStats class="gti.ui.main.ContaminationRuleModel$ContaminationRule_CleaningRecipeName_ModelAdapter" sourceFile="ContaminationRuleModel.java" interface="false" size="16" bugs="0"/>
      <ClassStats class="gti.ui.main.ContaminationRuleModel$ContaminationRule_CleaningRecipePower_ModelAdapter" sourceFile="ContaminationRuleModel.java" interface="false" size="11" bugs="1" priority_2="1"/>
      <ClassStats class="gti.ui.main.ContaminationRuleModel$ContaminationRule_Delete_ModelAdapter" sourceFile="ContaminationRuleModel.java" interface="false" size="12" bugs="0"/>
      <ClassStats class="gti.ui.main.ContaminationRuleModel$ContaminationRule_New_ModelAdapter" sourceFile="ContaminationRuleModel.java" interface="false" size="9" bugs="0"/>
      <ClassStats class="gti.ui.main.ContaminationRuleModel$ContaminationRule_New_OK_ModelAdapter" sourceFile="ContaminationRuleModel.java" interface="false" size="29" bugs="0"/>
      <ClassStats class="gti.ui.main.ContaminationRuleModel$NewEnabler" sourceFile="ContaminationRuleModel.java" interface="false" size="9" bugs="0"/>
      <ClassStats class="gti.ui.main.ContaminationRuleView" sourceFile="ContaminationRuleView.java" interface="false" size="95" bugs="0"/>
    </PackageStats>
    <PackageStats package="gti.ui.main.choices" total_bugs="0" total_types="1" total_size="9">
      <ClassStats class="gti.ui.main.choices.ContaminationCheckedTypeUIChoices" sourceFile="ContaminationCheckedTypeUIChoices.java" interface="false" size="9" bugs="0"/>
    </PackageStats>
    <FindBugsProfile>
      <ClassProfile name="edu.umd.cs.findbugs.detect.FindUncalledPrivateMethods" totalMilliseconds="12" invocations="98" avgMicrosecondsPerInvocation="130" maxMicrosecondsPerInvocation="925" standardDeviationMircosecondsPerInvocation="129"/>
      <ClassProfile name="edu.umd.cs.findbugs.util.TopologicalSort" totalMilliseconds="12" invocations="99" avgMicrosecondsPerInvocation="129" maxMicrosecondsPerInvocation="3795" standardDeviationMircosecondsPerInvocation="400"/>
      <ClassProfile name="edu.umd.cs.findbugs.detect.FindSelfComparison2" totalMilliseconds="12" invocations="98" avgMicrosecondsPerInvocation="131" maxMicrosecondsPerInvocation="1249" standardDeviationMircosecondsPerInvocation="173"/>
      <ClassProfile name="com.mebigfatguy.fbcontrib.detect.LiteralStringComparison" totalMilliseconds="12" invocations="98" avgMicrosecondsPerInvocation="132" maxMicrosecondsPerInvocation="1096" standardDeviationMircosecondsPerInvocation="195"/>
      <ClassProfile name="com.mebigfatguy.fbcontrib.detect.InheritanceTypeChecking" totalMilliseconds="13" invocations="98" avgMicrosecondsPerInvocation="137" maxMicrosecondsPerInvocation="2771" standardDeviationMircosecondsPerInvocation="299"/>
      <ClassProfile name="edu.umd.cs.findbugs.detect.FindBugsSummaryStats" totalMilliseconds="13" invocations="414" avgMicrosecondsPerInvocation="32" maxMicrosecondsPerInvocation="2421" standardDeviationMircosecondsPerInvocation="121"/>
      <ClassProfile name="edu.umd.cs.findbugs.detect.Naming" totalMilliseconds="13" invocations="98" avgMicrosecondsPerInvocation="141" maxMicrosecondsPerInvocation="1087" standardDeviationMircosecondsPerInvocation="140"/>
      <ClassProfile name="edu.umd.cs.findbugs.classfile.engine.bcel.ClassContextClassAnalysisEngine" totalMilliseconds="14" invocations="673" avgMicrosecondsPerInvocation="21" maxMicrosecondsPerInvocation="2541" standardDeviationMircosecondsPerInvocation="97"/>
      <ClassProfile name="com.mebigfatguy.fbcontrib.detect.UseCharacterParameterizedMethod" totalMilliseconds="14" invocations="98" avgMicrosecondsPerInvocation="148" maxMicrosecondsPerInvocation="1324" standardDeviationMircosecondsPerInvocation="209"/>
      <ClassProfile name="edu.umd.cs.findbugs.detect.FindNullDerefsInvolvingNonShortCircuitEvaluation" totalMilliseconds="14" invocations="98" avgMicrosecondsPerInvocation="150" maxMicrosecondsPerInvocation="1402" standardDeviationMircosecondsPerInvocation="223"/>
      <ClassProfile name="gti.findbugs.ObjectUtilEqualsChecker" totalMilliseconds="14" invocations="98" avgMicrosecondsPerInvocation="151" maxMicrosecondsPerInvocation="1325" standardDeviationMircosecondsPerInvocation="208"/>
      <ClassProfile name="edu.umd.cs.findbugs.detect.SynchronizeOnClassLiteralNotGetClass" totalMilliseconds="15" invocations="98" avgMicrosecondsPerInvocation="153" maxMicrosecondsPerInvocation="1367" standardDeviationMircosecondsPerInvocation="213"/>
      <ClassProfile name="com.mebigfatguy.fbcontrib.detect.ConfusingAutoboxedOverloading" totalMilliseconds="15" invocations="98" avgMicrosecondsPerInvocation="154" maxMicrosecondsPerInvocation="2482" standardDeviationMircosecondsPerInvocation="249"/>
      <ClassProfile name="com.mebigfatguy.fbcontrib.detect.StaticMethodInstanceInvocation" totalMilliseconds="15" invocations="98" avgMicrosecondsPerInvocation="155" maxMicrosecondsPerInvocation="1230" standardDeviationMircosecondsPerInvocation="214"/>
      <ClassProfile name="edu.umd.cs.findbugs.detect.FindBadCast2" totalMilliseconds="15" invocations="98" avgMicrosecondsPerInvocation="156" maxMicrosecondsPerInvocation="1866" standardDeviationMircosecondsPerInvocation="343"/>
      <ClassProfile name="com.mebigfatguy.fbcontrib.detect.ListIndexedIterating" totalMilliseconds="15" invocations="98" avgMicrosecondsPerInvocation="157" maxMicrosecondsPerInvocation="4530" standardDeviationMircosecondsPerInvocation="497"/>
      <ClassProfile name="edu.umd.cs.findbugs.classfile.engine.bcel.LoadedFieldSetFactory" totalMilliseconds="15" invocations="528" avgMicrosecondsPerInvocation="29" maxMicrosecondsPerInvocation="1432" standardDeviationMircosecondsPerInvocation="71"/>
      <ClassProfile name="com.mebigfatguy.fbcontrib.detect.InconsistentKeyNameCasing" totalMilliseconds="16" invocations="98" avgMicrosecondsPerInvocation="163" maxMicrosecondsPerInvocation="1611" standardDeviationMircosecondsPerInvocation="236"/>
      <ClassProfile name="edu.umd.cs.findbugs.detect.FindFieldSelfAssignment" totalMilliseconds="16" invocations="98" avgMicrosecondsPerInvocation="166" maxMicrosecondsPerInvocation="1545" standardDeviationMircosecondsPerInvocation="236"/>
      <ClassProfile name="edu.umd.cs.findbugs.detect.NumberConstructor" totalMilliseconds="16" invocations="98" avgMicrosecondsPerInvocation="166" maxMicrosecondsPerInvocation="1449" standardDeviationMircosecondsPerInvocation="236"/>
      <ClassProfile name="edu.umd.cs.findbugs.detect.NoteUnconditionalParamDerefs" totalMilliseconds="16" invocations="98" avgMicrosecondsPerInvocation="168" maxMicrosecondsPerInvocation="1355" standardDeviationMircosecondsPerInvocation="213"/>
      <ClassProfile name="edu.umd.cs.findbugs.detect.AppendingToAnObjectOutputStream" totalMilliseconds="16" invocations="98" avgMicrosecondsPerInvocation="168" maxMicrosecondsPerInvocation="1436" standardDeviationMircosecondsPerInvocation="232"/>
      <ClassProfile name="com.mebigfatguy.fbcontrib.detect.ImproperPropertiesUse" totalMilliseconds="16" invocations="98" avgMicrosecondsPerInvocation="169" maxMicrosecondsPerInvocation="1686" standardDeviationMircosecondsPerInvocation="251"/>
      <ClassProfile name="edu.umd.cs.findbugs.detect.InfiniteRecursiveLoop" totalMilliseconds="17" invocations="98" avgMicrosecondsPerInvocation="177" maxMicrosecondsPerInvocation="1614" standardDeviationMircosecondsPerInvocation="253"/>
      <ClassProfile name="com.mebigfatguy.fbcontrib.detect.DubiousListCollection" totalMilliseconds="17" invocations="98" avgMicrosecondsPerInvocation="179" maxMicrosecondsPerInvocation="2150" standardDeviationMircosecondsPerInvocation="339"/>
      <ClassProfile name="com.mebigfatguy.fbcontrib.detect.TailRecursion" totalMilliseconds="17" invocations="98" avgMicrosecondsPerInvocation="180" maxMicrosecondsPerInvocation="1755" standardDeviationMircosecondsPerInvocation="260"/>
      <ClassProfile name="edu.umd.cs.findbugs.detect.LostLoggerDueToWeakReference" totalMilliseconds="18" invocations="98" avgMicrosecondsPerInvocation="188" maxMicrosecondsPerInvocation="1836" standardDeviationMircosecondsPerInvocation="272"/>
      <ClassProfile name="edu.umd.cs.findbugs.classfile.engine.bcel.ReverseDepthFirstSearchFactory" totalMilliseconds="18" invocations="522" avgMicrosecondsPerInvocation="35" maxMicrosecondsPerInvocation="468" standardDeviationMircosecondsPerInvocation="45"/>
      <ClassProfile name="com.mebigfatguy.fbcontrib.detect.SuspiciousWaitOnConcurrentObject" totalMilliseconds="18" invocations="98" avgMicrosecondsPerInvocation="189" maxMicrosecondsPerInvocation="1706" standardDeviationMircosecondsPerInvocation="261"/>
      <ClassProfile name="edu.umd.cs.findbugs.detect.BadResultSetAccess" totalMilliseconds="18" invocations="98" avgMicrosecondsPerInvocation="191" maxMicrosecondsPerInvocation="1390" standardDeviationMircosecondsPerInvocation="225"/>
      <ClassProfile name="edu.umd.cs.findbugs.detect.FindNonSerializableStoreIntoSession" totalMilliseconds="18" invocations="98" avgMicrosecondsPerInvocation="191" maxMicrosecondsPerInvocation="9799" standardDeviationMircosecondsPerInvocation="980"/>
      <ClassProfile name="edu.umd.cs.findbugs.detect.Methods" totalMilliseconds="18" invocations="414" avgMicrosecondsPerInvocation="45" maxMicrosecondsPerInvocation="1154" standardDeviationMircosecondsPerInvocation="102"/>
      <ClassProfile name="edu.umd.cs.findbugs.detect.BadSyntaxForRegularExpression" totalMilliseconds="19" invocations="98" avgMicrosecondsPerInvocation="196" maxMicrosecondsPerInvocation="1605" standardDeviationMircosecondsPerInvocation="255"/>
      <ClassProfile name="com.mebigfatguy.fbcontrib.detect.SpuriousThreadStates" totalMilliseconds="19" invocations="98" avgMicrosecondsPerInvocation="199" maxMicrosecondsPerInvocation="1733" standardDeviationMircosecondsPerInvocation="270"/>
      <ClassProfile name="com.mebigfatguy.fbcontrib.detect.ConstantListIndex" totalMilliseconds="19" invocations="98" avgMicrosecondsPerInvocation="202" maxMicrosecondsPerInvocation="1766" standardDeviationMircosecondsPerInvocation="307"/>
      <ClassProfile name="edu.umd.cs.findbugs.detect.FindNonShortCircuit" totalMilliseconds="20" invocations="98" avgMicrosecondsPerInvocation="207" maxMicrosecondsPerInvocation="1876" standardDeviationMircosecondsPerInvocation="300"/>
      <ClassProfile name="com.mebigfatguy.fbcontrib.detect.InappropriateToStringUse" totalMilliseconds="20" invocations="98" avgMicrosecondsPerInvocation="207" maxMicrosecondsPerInvocation="1833" standardDeviationMircosecondsPerInvocation="290"/>
      <ClassProfile name="com.mebigfatguy.fbcontrib.detect.LoggerOddities" totalMilliseconds="20" invocations="98" avgMicrosecondsPerInvocation="207" maxMicrosecondsPerInvocation="1727" standardDeviationMircosecondsPerInvocation="240"/>
      <ClassProfile name="com.mebigfatguy.fbcontrib.detect.CustomBuiltXML" totalMilliseconds="21" invocations="98" avgMicrosecondsPerInvocation="217" maxMicrosecondsPerInvocation="1936" standardDeviationMircosecondsPerInvocation="333"/>
      <ClassProfile name="com.mebigfatguy.fbcontrib.detect.SloppyClassReflection" totalMilliseconds="21" invocations="98" avgMicrosecondsPerInvocation="217" maxMicrosecondsPerInvocation="1897" standardDeviationMircosecondsPerInvocation="300"/>
      <ClassProfile name="com.mebigfatguy.fbcontrib.detect.ExceptionSoftening" totalMilliseconds="21" invocations="98" avgMicrosecondsPerInvocation="219" maxMicrosecondsPerInvocation="16397" standardDeviationMircosecondsPerInvocation="1645"/>
      <ClassProfile name="com.mebigfatguy.fbcontrib.detect.UseEnumCollections" totalMilliseconds="22" invocations="98" avgMicrosecondsPerInvocation="225" maxMicrosecondsPerInvocation="2065" standardDeviationMircosecondsPerInvocation="318"/>
      <ClassProfile name="edu.umd.cs.findbugs.detect.DumbMethodInvocations" totalMilliseconds="22" invocations="98" avgMicrosecondsPerInvocation="226" maxMicrosecondsPerInvocation="2020" standardDeviationMircosecondsPerInvocation="301"/>
      <ClassProfile name="edu.umd.cs.findbugs.classfile.engine.asm.ClassReaderAnalysisEngine" totalMilliseconds="22" invocations="1606" avgMicrosecondsPerInvocation="14" maxMicrosecondsPerInvocation="7550" standardDeviationMircosecondsPerInvocation="188"/>
      <ClassProfile name="com.mebigfatguy.fbcontrib.detect.ParallelLists" totalMilliseconds="23" invocations="98" avgMicrosecondsPerInvocation="235" maxMicrosecondsPerInvocation="18781" standardDeviationMircosecondsPerInvocation="1892"/>
      <ClassProfile name="edu.umd.cs.findbugs.detect.RepeatedConditionals" totalMilliseconds="23" invocations="98" avgMicrosecondsPerInvocation="240" maxMicrosecondsPerInvocation="2218" standardDeviationMircosecondsPerInvocation="334"/>
      <ClassProfile name="edu.umd.cs.findbugs.detect.FindHEmismatch" totalMilliseconds="23" invocations="98" avgMicrosecondsPerInvocation="242" maxMicrosecondsPerInvocation="1556" standardDeviationMircosecondsPerInvocation="291"/>
      <ClassProfile name="com.mebigfatguy.fbcontrib.detect.PossibleConstantAllocationInLoop" totalMilliseconds="24" invocations="98" avgMicrosecondsPerInvocation="247" maxMicrosecondsPerInvocation="2173" standardDeviationMircosecondsPerInvocation="341"/>
      <ClassProfile name="com.mebigfatguy.fbcontrib.detect.UseSplit" totalMilliseconds="24" invocations="98" avgMicrosecondsPerInvocation="248" maxMicrosecondsPerInvocation="2212" standardDeviationMircosecondsPerInvocation="374"/>
      <ClassProfile name="edu.umd.cs.findbugs.detect.NoteCheckReturnValueAnnotations" totalMilliseconds="24" invocations="414" avgMicrosecondsPerInvocation="58" maxMicrosecondsPerInvocation="1578" standardDeviationMircosecondsPerInvocation="134"/>
      <ClassProfile name="edu.umd.cs.findbugs.detect.WrongMapIterator" totalMilliseconds="24" invocations="98" avgMicrosecondsPerInvocation="249" maxMicrosecondsPerInvocation="16169" standardDeviationMircosecondsPerInvocation="1619"/>
      <ClassProfile name="edu.umd.cs.findbugs.detect.FormatStringChecker" totalMilliseconds="25" invocations="98" avgMicrosecondsPerInvocation="256" maxMicrosecondsPerInvocation="7382" standardDeviationMircosecondsPerInvocation="767"/>
      <ClassProfile name="edu.umd.cs.findbugs.detect.VarArgsProblems" totalMilliseconds="25" invocations="98" avgMicrosecondsPerInvocation="257" maxMicrosecondsPerInvocation="20080" standardDeviationMircosecondsPerInvocation="2014"/>
      <ClassProfile name="com.mebigfatguy.fbcontrib.detect.UnrelatedCollectionContents" totalMilliseconds="25" invocations="98" avgMicrosecondsPerInvocation="259" maxMicrosecondsPerInvocation="2005" standardDeviationMircosecondsPerInvocation="354"/>
      <ClassProfile name="edu.umd.cs.findbugs.detect.NoteCheckReturnValue" totalMilliseconds="25" invocations="414" avgMicrosecondsPerInvocation="61" maxMicrosecondsPerInvocation="1289" standardDeviationMircosecondsPerInvocation="117"/>
      <ClassProfile name="com.mebigfatguy.fbcontrib.detect.ReflectionOnObjectMethods" totalMilliseconds="25" invocations="98" avgMicrosecondsPerInvocation="263" maxMicrosecondsPerInvocation="2274" standardDeviationMircosecondsPerInvocation="333"/>
      <ClassProfile name="edu.umd.cs.findbugs.detect.FindBadForLoop" totalMilliseconds="26" invocations="98" avgMicrosecondsPerInvocation="268" maxMicrosecondsPerInvocation="8185" standardDeviationMircosecondsPerInvocation="844"/>
      <ClassProfile name="edu.umd.cs.findbugs.classfile.engine.bcel.MethodFactory" totalMilliseconds="26" invocations="436" avgMicrosecondsPerInvocation="60" maxMicrosecondsPerInvocation="692" standardDeviationMircosecondsPerInvocation="94"/>
      <ClassProfile name="edu.umd.cs.findbugs.detect.NoteAnnotationRetention" totalMilliseconds="26" invocations="414" avgMicrosecondsPerInvocation="63" maxMicrosecondsPerInvocation="1258" standardDeviationMircosecondsPerInvocation="115"/>
      <ClassProfile name="com.mebigfatguy.fbcontrib.detect.WriteOnlyCollection" totalMilliseconds="26" invocations="98" avgMicrosecondsPerInvocation="275" maxMicrosecondsPerInvocation="2399" standardDeviationMircosecondsPerInvocation="377"/>
      <ClassProfile name="edu.umd.cs.findbugs.detect.FindSelfComparison" totalMilliseconds="27" invocations="98" avgMicrosecondsPerInvocation="279" maxMicrosecondsPerInvocation="2611" standardDeviationMircosecondsPerInvocation="398"/>
      <ClassProfile name="edu.umd.cs.findbugs.detect.NoteNonNullAnnotations" totalMilliseconds="28" invocations="414" avgMicrosecondsPerInvocation="67" maxMicrosecondsPerInvocation="1632" standardDeviationMircosecondsPerInvocation="126"/>
      <ClassProfile name="edu.umd.cs.findbugs.detect.FindSpinLoop" totalMilliseconds="28" invocations="98" avgMicrosecondsPerInvocation="291" maxMicrosecondsPerInvocation="22223" standardDeviationMircosecondsPerInvocation="2228"/>
      <ClassProfile name="edu.umd.cs.findbugs.detect.InheritanceUnsafeGetResource" totalMilliseconds="28" invocations="98" avgMicrosecondsPerInvocation="291" maxMicrosecondsPerInvocation="23001" standardDeviationMircosecondsPerInvocation="2306"/>
      <ClassProfile name="com.mebigfatguy.fbcontrib.detect.InefficientStringBuffering" totalMilliseconds="28" invocations="98" avgMicrosecondsPerInvocation="292" maxMicrosecondsPerInvocation="1880" standardDeviationMircosecondsPerInvocation="307"/>
      <ClassProfile name="com.mebigfatguy.fbcontrib.detect.JDBCVendorReliance" totalMilliseconds="29" invocations="98" avgMicrosecondsPerInvocation="298" maxMicrosecondsPerInvocation="2592" standardDeviationMircosecondsPerInvocation="407"/>
      <ClassProfile name="edu.umd.cs.findbugs.detect.FindPuzzlers" totalMilliseconds="29" invocations="98" avgMicrosecondsPerInvocation="298" maxMicrosecondsPerInvocation="2690" standardDeviationMircosecondsPerInvocation="442"/>
      <ClassProfile name="com.mebigfatguy.fbcontrib.detect.SuspiciousClusteredSessionSupport" totalMilliseconds="29" invocations="98" avgMicrosecondsPerInvocation="298" maxMicrosecondsPerInvocation="2341" standardDeviationMircosecondsPerInvocation="358"/>
      <ClassProfile name="com.mebigfatguy.fbcontrib.detect.Section508Compliance" totalMilliseconds="29" invocations="98" avgMicrosecondsPerInvocation="299" maxMicrosecondsPerInvocation="2643" standardDeviationMircosecondsPerInvocation="399"/>
      <ClassProfile name="edu.umd.cs.findbugs.detect.RuntimeExceptionCapture" totalMilliseconds="29" invocations="98" avgMicrosecondsPerInvocation="305" maxMicrosecondsPerInvocation="2837" standardDeviationMircosecondsPerInvocation="405"/>
      <ClassProfile name="edu.umd.cs.findbugs.detect.FindSqlInjection" totalMilliseconds="30" invocations="98" avgMicrosecondsPerInvocation="308" maxMicrosecondsPerInvocation="2502" standardDeviationMircosecondsPerInvocation="409"/>
      <ClassProfile name="edu.umd.cs.findbugs.detect.SerializableIdiom" totalMilliseconds="30" invocations="98" avgMicrosecondsPerInvocation="310" maxMicrosecondsPerInvocation="5131" standardDeviationMircosecondsPerInvocation="722"/>
      <ClassProfile name="edu.umd.cs.findbugs.detect.NoteJCIPAnnotation" totalMilliseconds="30" invocations="414" avgMicrosecondsPerInvocation="74" maxMicrosecondsPerInvocation="1283" standardDeviationMircosecondsPerInvocation="119"/>
      <ClassProfile name="com.mebigfatguy.fbcontrib.detect.OrphanedDOMNode" totalMilliseconds="30" invocations="98" avgMicrosecondsPerInvocation="312" maxMicrosecondsPerInvocation="2538" standardDeviationMircosecondsPerInvocation="417"/>
      <ClassProfile name="com.mebigfatguy.fbcontrib.detect.LocalSynchronizedCollection" totalMilliseconds="31" invocations="98" avgMicrosecondsPerInvocation="319" maxMicrosecondsPerInvocation="2506" standardDeviationMircosecondsPerInvocation="420"/>
      <ClassProfile name="com.mebigfatguy.fbcontrib.detect.UseAddAll" totalMilliseconds="32" invocations="98" avgMicrosecondsPerInvocation="328" maxMicrosecondsPerInvocation="2872" standardDeviationMircosecondsPerInvocation="491"/>
      <ClassProfile name="com.mebigfatguy.fbcontrib.detect.SuspiciousComparatorReturnValues" totalMilliseconds="33" invocations="98" avgMicrosecondsPerInvocation="338" maxMicrosecondsPerInvocation="28822" standardDeviationMircosecondsPerInvocation="2892"/>
      <ClassProfile name="edu.umd.cs.findbugs.detect.FindOpenStream" totalMilliseconds="34" invocations="98" avgMicrosecondsPerInvocation="347" maxMicrosecondsPerInvocation="29991" standardDeviationMircosecondsPerInvocation="3011"/>
      <ClassProfile name="edu.umd.cs.findbugs.detect.SwitchFallthrough" totalMilliseconds="34" invocations="98" avgMicrosecondsPerInvocation="351" maxMicrosecondsPerInvocation="4958" standardDeviationMircosecondsPerInvocation="598"/>
      <ClassProfile name="com.mebigfatguy.fbcontrib.detect.PossiblyRedundantMethodCalls" totalMilliseconds="34" invocations="98" avgMicrosecondsPerInvocation="356" maxMicrosecondsPerInvocation="2698" standardDeviationMircosecondsPerInvocation="451"/>
      <ClassProfile name="edu.umd.cs.findbugs.detect.FindReturnRef" totalMilliseconds="35" invocations="98" avgMicrosecondsPerInvocation="359" maxMicrosecondsPerInvocation="23226" standardDeviationMircosecondsPerInvocation="2333"/>
      <ClassProfile name="edu.umd.cs.findbugs.detect.LazyInit" totalMilliseconds="37" invocations="98" avgMicrosecondsPerInvocation="381" maxMicrosecondsPerInvocation="34622" standardDeviationMircosecondsPerInvocation="3477"/>
      <ClassProfile name="com.mebigfatguy.fbcontrib.detect.DeletingWhileIterating" totalMilliseconds="39" invocations="98" avgMicrosecondsPerInvocation="407" maxMicrosecondsPerInvocation="3525" standardDeviationMircosecondsPerInvocation="576"/>
      <ClassProfile name="com.mebigfatguy.fbcontrib.detect.NonFunctionalField" totalMilliseconds="40" invocations="98" avgMicrosecondsPerInvocation="412" maxMicrosecondsPerInvocation="36070" standardDeviationMircosecondsPerInvocation="3620"/>
      <ClassProfile name="edu.umd.cs.findbugs.detect.MutableLock" totalMilliseconds="41" invocations="98" avgMicrosecondsPerInvocation="425" maxMicrosecondsPerInvocation="36132" standardDeviationMircosecondsPerInvocation="3626"/>
      <ClassProfile name="edu.umd.cs.findbugs.detect.SynchronizationOnSharedBuiltinConstant" totalMilliseconds="42" invocations="98" avgMicrosecondsPerInvocation="432" maxMicrosecondsPerInvocation="24120" standardDeviationMircosecondsPerInvocation="2425"/>
      <ClassProfile name="com.mebigfatguy.fbcontrib.detect.FieldCouldBeLocal" totalMilliseconds="43" invocations="98" avgMicrosecondsPerInvocation="440" maxMicrosecondsPerInvocation="16876" standardDeviationMircosecondsPerInvocation="1823"/>
      <ClassProfile name="gti.findbugs.TranslationFormatStringChecker" totalMilliseconds="43" invocations="98" avgMicrosecondsPerInvocation="443" maxMicrosecondsPerInvocation="17029" standardDeviationMircosecondsPerInvocation="1801"/>
      <ClassProfile name="com.mebigfatguy.fbcontrib.detect.UseToArray" totalMilliseconds="44" invocations="98" avgMicrosecondsPerInvocation="453" maxMicrosecondsPerInvocation="20832" standardDeviationMircosecondsPerInvocation="2100"/>
      <ClassProfile name="edu.umd.cs.findbugs.detect.FindFloatEquality" totalMilliseconds="44" invocations="98" avgMicrosecondsPerInvocation="457" maxMicrosecondsPerInvocation="29527" standardDeviationMircosecondsPerInvocation="2959"/>
      <ClassProfile name="edu.umd.cs.findbugs.classfile.engine.bcel.DepthFirstSearchFactory" totalMilliseconds="45" invocations="678" avgMicrosecondsPerInvocation="66" maxMicrosecondsPerInvocation="24175" standardDeviationMircosecondsPerInvocation="927"/>
      <ClassProfile name="edu.umd.cs.findbugs.detect.SynchronizingOnContentsOfFieldToProtectField" totalMilliseconds="45" invocations="98" avgMicrosecondsPerInvocation="464" maxMicrosecondsPerInvocation="28388" standardDeviationMircosecondsPerInvocation="2846"/>
      <ClassProfile name="edu.umd.cs.findbugs.detect.FindNullDeref" totalMilliseconds="46" invocations="98" avgMicrosecondsPerInvocation="470" maxMicrosecondsPerInvocation="6320" standardDeviationMircosecondsPerInvocation="950"/>
      <ClassProfile name="edu.umd.cs.findbugs.detect.InfiniteLoop" totalMilliseconds="46" invocations="98" avgMicrosecondsPerInvocation="475" maxMicrosecondsPerInvocation="25402" standardDeviationMircosecondsPerInvocation="2550"/>
      <ClassProfile name="edu.umd.cs.findbugs.detect.UnreadFields" totalMilliseconds="47" invocations="98" avgMicrosecondsPerInvocation="484" maxMicrosecondsPerInvocation="4820" standardDeviationMircosecondsPerInvocation="629"/>
      <ClassProfile name="edu.umd.cs.findbugs.detect.DuplicateBranches" totalMilliseconds="48" invocations="98" avgMicrosecondsPerInvocation="495" maxMicrosecondsPerInvocation="34109" standardDeviationMircosecondsPerInvocation="3432"/>
      <ClassProfile name="edu.umd.cs.findbugs.detect.ReadOfInstanceFieldInMethodInvokedByConstructorInSuperclass" totalMilliseconds="49" invocations="98" avgMicrosecondsPerInvocation="508" maxMicrosecondsPerInvocation="31824" standardDeviationMircosecondsPerInvocation="3189"/>
      <ClassProfile name="edu.umd.cs.findbugs.classfile.engine.bcel.ConstantPoolGenFactory" totalMilliseconds="50" invocations="98" avgMicrosecondsPerInvocation="510" maxMicrosecondsPerInvocation="42475" standardDeviationMircosecondsPerInvocation="4261"/>
      <ClassProfile name="com.mebigfatguy.fbcontrib.detect.MethodReturnsConstant" totalMilliseconds="52" invocations="98" avgMicrosecondsPerInvocation="535" maxMicrosecondsPerInvocation="48599" standardDeviationMircosecondsPerInvocation="4880"/>
      <ClassProfile name="com.mebigfatguy.fbcontrib.detect.OverlyConcreteParameter" totalMilliseconds="54" invocations="98" avgMicrosecondsPerInvocation="556" maxMicrosecondsPerInvocation="24309" standardDeviationMircosecondsPerInvocation="2427"/>
      <ClassProfile name="com.mebigfatguy.fbcontrib.detect.SyncCollectionIterators" totalMilliseconds="60" invocations="98" avgMicrosecondsPerInvocation="615" maxMicrosecondsPerInvocation="37884" standardDeviationMircosecondsPerInvocation="3798"/>
      <ClassProfile name="edu.umd.cs.findbugs.detect.CrossSiteScripting" totalMilliseconds="61" invocations="98" avgMicrosecondsPerInvocation="627" maxMicrosecondsPerInvocation="43184" standardDeviationMircosecondsPerInvocation="4328"/>
      <ClassProfile name="edu.umd.cs.findbugs.detect.NoteSuppressedWarnings" totalMilliseconds="62" invocations="414" avgMicrosecondsPerInvocation="150" maxMicrosecondsPerInvocation="24121" standardDeviationMircosecondsPerInvocation="1193"/>
      <ClassProfile name="com.mebigfatguy.fbcontrib.detect.UnnecessaryNewNullCheck" totalMilliseconds="63" invocations="98" avgMicrosecondsPerInvocation="645" maxMicrosecondsPerInvocation="47896" standardDeviationMircosecondsPerInvocation="4804"/>
      <ClassProfile name="com.mebigfatguy.fbcontrib.detect.PartiallyConstructedObjectAccess" totalMilliseconds="63" invocations="98" avgMicrosecondsPerInvocation="651" maxMicrosecondsPerInvocation="21235" standardDeviationMircosecondsPerInvocation="2553"/>
      <ClassProfile name="edu.umd.cs.findbugs.detect.URLProblems" totalMilliseconds="63" invocations="98" avgMicrosecondsPerInvocation="652" maxMicrosecondsPerInvocation="12651" standardDeviationMircosecondsPerInvocation="1392"/>
      <ClassProfile name="edu.umd.cs.findbugs.detect.FindUnrelatedTypesInGenericContainer" totalMilliseconds="64" invocations="98" avgMicrosecondsPerInvocation="660" maxMicrosecondsPerInvocation="27266" standardDeviationMircosecondsPerInvocation="3158"/>
      <ClassProfile name="com.mebigfatguy.fbcontrib.detect.DubiousSetOfCollections" totalMilliseconds="65" invocations="98" avgMicrosecondsPerInvocation="667" maxMicrosecondsPerInvocation="48005" standardDeviationMircosecondsPerInvocation="4812"/>
      <ClassProfile name="edu.umd.cs.findbugs.detect.DumbMethods" totalMilliseconds="72" invocations="98" avgMicrosecondsPerInvocation="735" maxMicrosecondsPerInvocation="31712" standardDeviationMircosecondsPerInvocation="3198"/>
      <ClassProfile name="com.mebigfatguy.fbcontrib.detect.ArrayBasedCollections" totalMilliseconds="73" invocations="98" avgMicrosecondsPerInvocation="752" maxMicrosecondsPerInvocation="51833" standardDeviationMircosecondsPerInvocation="5192"/>
      <ClassProfile name="edu.umd.cs.findbugs.detect.MethodReturnCheck" totalMilliseconds="75" invocations="98" avgMicrosecondsPerInvocation="773" maxMicrosecondsPerInvocation="36752" standardDeviationMircosecondsPerInvocation="3987"/>
      <ClassProfile name="edu.umd.cs.findbugs.detect.FindDeadLocalStores" totalMilliseconds="84" invocations="98" avgMicrosecondsPerInvocation="864" maxMicrosecondsPerInvocation="44747" standardDeviationMircosecondsPerInvocation="4503"/>
      <ClassProfile name="gti.findbugs.SwitchOnEnum" totalMilliseconds="89" invocations="98" avgMicrosecondsPerInvocation="909" maxMicrosecondsPerInvocation="62117" standardDeviationMircosecondsPerInvocation="6230"/>
      <ClassProfile name="edu.umd.cs.findbugs.DetectorToDetector2Adapter" totalMilliseconds="89" invocations="20112" avgMicrosecondsPerInvocation="4" maxMicrosecondsPerInvocation="144" standardDeviationMircosecondsPerInvocation="3"/>
      <ClassProfile name="edu.umd.cs.findbugs.classfile.impl.ZipCodeBaseFactory" totalMilliseconds="90" invocations="169" avgMicrosecondsPerInvocation="536" maxMicrosecondsPerInvocation="55225" standardDeviationMircosecondsPerInvocation="4220"/>
      <ClassProfile name="com.mebigfatguy.fbcontrib.detect.MoreDumbMethods" totalMilliseconds="91" invocations="98" avgMicrosecondsPerInvocation="935" maxMicrosecondsPerInvocation="11110" standardDeviationMircosecondsPerInvocation="1476"/>
      <ClassProfile name="com.mebigfatguy.fbcontrib.detect.CopiedOverriddenMethod" totalMilliseconds="103" invocations="98" avgMicrosecondsPerInvocation="1053" maxMicrosecondsPerInvocation="41549" standardDeviationMircosecondsPerInvocation="4185"/>
      <ClassProfile name="edu.umd.cs.findbugs.NonReportingDetectorToDetector2Adapter" totalMilliseconds="107" invocations="5992" avgMicrosecondsPerInvocation="17" maxMicrosecondsPerInvocation="20065" standardDeviationMircosecondsPerInvocation="259"/>
      <ClassProfile name="edu.umd.cs.findbugs.ba.npe.TypeQualifierNullnessAnnotationDatabase" totalMilliseconds="112" invocations="6280" avgMicrosecondsPerInvocation="17" maxMicrosecondsPerInvocation="24026" standardDeviationMircosecondsPerInvocation="309"/>
      <ClassProfile name="edu.umd.cs.findbugs.detect.FindInconsistentSync2" totalMilliseconds="116" invocations="98" avgMicrosecondsPerInvocation="1185" maxMicrosecondsPerInvocation="48732" standardDeviationMircosecondsPerInvocation="4961"/>
      <ClassProfile name="com.mebigfatguy.fbcontrib.detect.BloatedAssignmentScope" totalMilliseconds="121" invocations="98" avgMicrosecondsPerInvocation="1243" maxMicrosecondsPerInvocation="80492" standardDeviationMircosecondsPerInvocation="8069"/>
      <ClassProfile name="com.mebigfatguy.fbcontrib.detect.SillynessPotPourri" totalMilliseconds="124" invocations="98" avgMicrosecondsPerInvocation="1269" maxMicrosecondsPerInvocation="62480" standardDeviationMircosecondsPerInvocation="6776"/>
      <ClassProfile name="edu.umd.cs.findbugs.classfile.engine.bcel.LiveLocalStoreDataflowFactory" totalMilliseconds="124" invocations="500" avgMicrosecondsPerInvocation="248" maxMicrosecondsPerInvocation="36109" standardDeviationMircosecondsPerInvocation="1667"/>
      <ClassProfile name="edu.umd.cs.findbugs.detect.FindRefComparison" totalMilliseconds="128" invocations="98" avgMicrosecondsPerInvocation="1315" maxMicrosecondsPerInvocation="47686" standardDeviationMircosecondsPerInvocation="5983"/>
      <ClassProfile name="edu.umd.cs.findbugs.detect.NoteNonnullReturnValues" totalMilliseconds="156" invocations="98" avgMicrosecondsPerInvocation="1601" maxMicrosecondsPerInvocation="62307" standardDeviationMircosecondsPerInvocation="7485"/>
      <ClassProfile name="edu.umd.cs.findbugs.detect.FindUselessControlFlow" totalMilliseconds="164" invocations="98" avgMicrosecondsPerInvocation="1680" maxMicrosecondsPerInvocation="159202" standardDeviationMircosecondsPerInvocation="15994"/>
      <ClassProfile name="edu.umd.cs.findbugs.detect.FindNullDeref$CheckCallSitesAndReturnInstructions" totalMilliseconds="171" invocations="514" avgMicrosecondsPerInvocation="334" maxMicrosecondsPerInvocation="37273" standardDeviationMircosecondsPerInvocation="2688"/>
      <ClassProfile name="edu.umd.cs.findbugs.classfile.engine.bcel.ConstantDataflowFactory" totalMilliseconds="175" invocations="528" avgMicrosecondsPerInvocation="331" maxMicrosecondsPerInvocation="27086" standardDeviationMircosecondsPerInvocation="1274"/>
      <ClassProfile name="edu.umd.cs.findbugs.detect.LoadOfKnownNullValue" totalMilliseconds="198" invocations="98" avgMicrosecondsPerInvocation="2027" maxMicrosecondsPerInvocation="79336" standardDeviationMircosecondsPerInvocation="8540"/>
      <ClassProfile name="edu.umd.cs.findbugs.detect.ReflectiveClasses" totalMilliseconds="322" invocations="414" avgMicrosecondsPerInvocation="779" maxMicrosecondsPerInvocation="25823" standardDeviationMircosecondsPerInvocation="2458"/>
      <ClassProfile name="edu.umd.cs.findbugs.classfile.engine.bcel.JavaClassAnalysisEngine" totalMilliseconds="333" invocations="531" avgMicrosecondsPerInvocation="628" maxMicrosecondsPerInvocation="44313" standardDeviationMircosecondsPerInvocation="2833"/>
      <ClassProfile name="edu.umd.cs.findbugs.detect.BuildObligationPolicyDatabase" totalMilliseconds="348" invocations="414" avgMicrosecondsPerInvocation="841" maxMicrosecondsPerInvocation="67541" standardDeviationMircosecondsPerInvocation="4103"/>
      <ClassProfile name="edu.umd.cs.findbugs.detect.EqualsOperandShouldHaveClassCompatibleWithThis" totalMilliseconds="349" invocations="414" avgMicrosecondsPerInvocation="843" maxMicrosecondsPerInvocation="77349" standardDeviationMircosecondsPerInvocation="4874"/>
      <ClassProfile name="edu.umd.cs.findbugs.detect.CalledMethods" totalMilliseconds="357" invocations="414" avgMicrosecondsPerInvocation="863" maxMicrosecondsPerInvocation="27702" standardDeviationMircosecondsPerInvocation="2196"/>
      <ClassProfile name="com.mebigfatguy.fbcontrib.collect.CollectStatistics" totalMilliseconds="359" invocations="414" avgMicrosecondsPerInvocation="867" maxMicrosecondsPerInvocation="42099" standardDeviationMircosecondsPerInvocation="2838"/>
      <ClassProfile name="com.mebigfatguy.fbcontrib.detect.UnrelatedReturnValues" totalMilliseconds="368" invocations="98" avgMicrosecondsPerInvocation="3764" maxMicrosecondsPerInvocation="361520" standardDeviationMircosecondsPerInvocation="36324"/>
      <ClassProfile name="edu.umd.cs.findbugs.classfile.engine.bcel.MethodGenFactory" totalMilliseconds="381" invocations="529" avgMicrosecondsPerInvocation="721" maxMicrosecondsPerInvocation="142892" standardDeviationMircosecondsPerInvocation="6588"/>
      <ClassProfile name="edu.umd.cs.findbugs.detect.FindRefComparison$SpecialTypeAnalysis" totalMilliseconds="382" invocations="354" avgMicrosecondsPerInvocation="1079" maxMicrosecondsPerInvocation="44399" standardDeviationMircosecondsPerInvocation="3138"/>
      <ClassProfile name="edu.umd.cs.findbugs.classfile.engine.bcel.CFGFactory" totalMilliseconds="426" invocations="528" avgMicrosecondsPerInvocation="808" maxMicrosecondsPerInvocation="93390" standardDeviationMircosecondsPerInvocation="4662"/>
      <ClassProfile name="com.mebigfatguy.fbcontrib.detect.FinalParameters" totalMilliseconds="558" invocations="98" avgMicrosecondsPerInvocation="5700" maxMicrosecondsPerInvocation="45507" standardDeviationMircosecondsPerInvocation="10612"/>
      <ClassProfile name="edu.umd.cs.findbugs.detect.OverridingEqualsNotSymmetrical" totalMilliseconds="623" invocations="414" avgMicrosecondsPerInvocation="1505" maxMicrosecondsPerInvocation="52324" standardDeviationMircosecondsPerInvocation="4765"/>
      <ClassProfile name="edu.umd.cs.findbugs.classfile.engine.bcel.ValueNumberDataflowFactory" totalMilliseconds="802" invocations="681" avgMicrosecondsPerInvocation="1178" maxMicrosecondsPerInvocation="89428" standardDeviationMircosecondsPerInvocation="5321"/>
      <ClassProfile name="edu.umd.cs.findbugs.detect.NoteDirectlyRelevantTypeQualifiers" totalMilliseconds="879" invocations="414" avgMicrosecondsPerInvocation="2124" maxMicrosecondsPerInvocation="81838" standardDeviationMircosecondsPerInvocation="6846"/>
      <ClassProfile name="edu.umd.cs.findbugs.classfile.engine.bcel.TypeDataflowFactory" totalMilliseconds="948" invocations="532" avgMicrosecondsPerInvocation="1782" maxMicrosecondsPerInvocation="76252" standardDeviationMircosecondsPerInvocation="6692"/>
      <ClassProfile name="edu.umd.cs.findbugs.classfile.engine.bcel.UnconditionalValueDerefDataflowFactory" totalMilliseconds="1049" invocations="522" avgMicrosecondsPerInvocation="2010" maxMicrosecondsPerInvocation="54866" standardDeviationMircosecondsPerInvocation="6046"/>
      <ClassProfile name="edu.umd.cs.findbugs.classfile.engine.bcel.IsNullValueDataflowFactory" totalMilliseconds="1098" invocations="528" avgMicrosecondsPerInvocation="2080" maxMicrosecondsPerInvocation="88957" standardDeviationMircosecondsPerInvocation="6701"/>
      <ClassProfile name="edu.umd.cs.findbugs.classfile.engine.ClassDataAnalysisEngine" totalMilliseconds="1115" invocations="1795" avgMicrosecondsPerInvocation="621" maxMicrosecondsPerInvocation="48525" standardDeviationMircosecondsPerInvocation="2691"/>
      <ClassProfile name="edu.umd.cs.findbugs.classfile.engine.ClassInfoAnalysisEngine" totalMilliseconds="1132" invocations="1791" avgMicrosecondsPerInvocation="632" maxMicrosecondsPerInvocation="162903" standardDeviationMircosecondsPerInvocation="4494"/>
      <ClassProfile name="edu.umd.cs.findbugs.ba.npe.NullDerefAndRedundantComparisonFinder" totalMilliseconds="1185" invocations="514" avgMicrosecondsPerInvocation="2306" maxMicrosecondsPerInvocation="334215" standardDeviationMircosecondsPerInvocation="15681"/>
      <ClassProfile name="edu.umd.cs.findbugs.OpcodeStack$JumpInfoFactory" totalMilliseconds="1643" invocations="6471" avgMicrosecondsPerInvocation="253" maxMicrosecondsPerInvocation="52431" standardDeviationMircosecondsPerInvocation="1578"/>
      <ClassProfile name="edu.umd.cs.findbugs.detect.FieldItemSummary" totalMilliseconds="1794" invocations="414" avgMicrosecondsPerInvocation="4335" maxMicrosecondsPerInvocation="101948" standardDeviationMircosecondsPerInvocation="12768"/>
    </FindBugsProfile>
  </FindBugsSummary>
  <ClassFeatures></ClassFeatures>
  <History></History>
</BugCollection>
