<com.cloudbees.jenkins.plugins.abortedbuilds.AbortedBuildMonitor plugin="cloudbees-aborted-builds@1.9">
  <id>abortedBuilds</id>
  <builds class="linked-hash-set"/>
  <lastSaved>
    <entry>
      <string>github/github-enterprise/repo-scan-test/testbranch#1</string>
      <long>1458283560798</long>
    </entry>
    <entry>
      <string>bitbucket/bitbucket-server/game-of-life/amazon-beanstalk#2</string>
      <long>1465414201879</long>
    </entry>
    <entry>
      <string>game-of-life/game-of-life-communities/amazon-ecs-pipeline#1</string>
      <long>1458202902507</long>
    </entry>
    <entry>
      <string>github-org/game-of-life/amazon-ecs-pipeline#1</string>
      <long>1456845324414</long>
    </entry>
    <entry>
      <string>github/github-enterprise/game-of-life/cloudfoundry-pipeline#1</string>
      <long>1463726763274</long>
    </entry>
    <entry>
      <string>github/github-com/game-of-life/cloudfoundry-pipeline#5</string>
      <long>1473478981843</long>
    </entry>
    <entry>
      <string>github/github-com/game-of-life/cloudfoundry-pipeline#4</string>
      <long>1473400920966</long>
    </entry>
    <entry>
      <string>admin/BackupS3-ZIP#16</string>
      <long>1476013140487</long>
    </entry>
    <entry>
      <string>admin/BackupS3-ZIP#25</string>
      <long>1478182481230</long>
    </entry>
    <entry>
      <string>github/github-com/game-of-life/amazon-ecs-pipeline#1</string>
      <long>1465317038605</long>
    </entry>
    <entry>
      <string>github/github-enterprise/repo-scan-test/master#1</string>
      <long>1458283560786</long>
    </entry>
    <entry>
      <string>bitbucket/bitbucket-server/game-of-life/amazon-ecs-pipeline#2</string>
      <long>1465414202649</long>
    </entry>
    <entry>
      <string>github/github-org/game-of-life/cloudfoundry-pipeline#4</string>
      <long>1459030477668</long>
    </entry>
    <entry>
      <string>github/github-enterprise/game-of-life/amazon-ecs-pipeline#2</string>
      <long>1463948911428</long>
    </entry>
    <entry>
      <string>github/github-enterprise/game-of-life/amazon-beanstalk#3</string>
      <long>1465453141300</long>
    </entry>
    <entry>
      <string>github/github-enterprise/game-of-life/amazon-ecs-pipeline#3</string>
      <long>1465453141354</long>
    </entry>
    <entry>
      <string>github/github-org/game-of-life/cloudfoundry-pipeline#5</string>
      <long>1459030480295</long>
    </entry>
    <entry>
      <string>github/github-enterprise/game-of-life/amazon-ecs-pipeline#1</string>
      <long>1463726762963</long>
    </entry>
  </lastSaved>
</com.cloudbees.jenkins.plugins.abortedbuilds.AbortedBuildMonitor>