<com.infradna.hudson.plugins.backup.BackupBuilder_-DescriptorImpl plugin="infradna-backup@3.32-SNAPSHOT">
  <configurers>
    <entry>
      <string>b59231ce8b82a9387786ab6079a772e35a752460</string>
      <string>admin</string>
    </entry>
    <entry>
      <string>d7a4bf534ac341f8a93ca36a0194880acd5bc5fb</string>
      <string>admin</string>
    </entry>
    <entry>
      <string>534fe18c098a8ffb66fa1f07279edd3e28f1b5b8</string>
      <string>admin</string>
    </entry>
    <entry>
      <string>7bf95f1ac5273329e1aacb6befa878ab941e0293</string>
      <string>admin</string>
    </entry>
    <entry>
      <string>e111b6b2ea62a33e8dd25297c556a913cc146e5f</string>
      <string>admin</string>
    </entry>
    <entry>
      <string>d3082a3ee2cf2e509e81d0a19138e1f8cf938fc3</string>
      <string>admin</string>
    </entry>
    <entry>
      <string>0de55ada2d2c8fb3b5a2e26e8b6203ac06e67f1c</string>
      <string>admin</string>
    </entry>
    <entry>
      <string>322ae018645bd0cd34aed8b1d9b1093f1ed7d3a6</string>
      <string>admin</string>
    </entry>
    <entry>
      <string>f1e7498acebef2f3a3a1d81ba88978b63e64b354</string>
      <string>admin</string>
    </entry>
    <entry>
      <string>2837ea3d889024a331dbd718a20022f41841d04e</string>
      <string>admin</string>
    </entry>
    <entry>
      <string>5b51538fcc7504698ea9639160bcab2c1e7af8f8</string>
      <string>admin</string>
    </entry>
    <entry>
      <string>5905c3125b8ddb9b46596c862e8a69c198c6f2ec</string>
      <string>admin</string>
    </entry>
    <entry>
      <string>8c39e6c4bcc60013ae380c03ca9663deef945d38</string>
      <string>admin</string>
    </entry>
    <entry>
      <string>063fb9148c193328a2a61186af5a6047e83c9689</string>
      <string>admin</string>
    </entry>
    <entry>
      <string>5e34b2a98c1dc0d2f90b0a91b0c10db79c07ac3e</string>
      <string>admin</string>
    </entry>
    <entry>
      <string>cf4d91c79577c2ab2ee7328624da5db2f39c54f9</string>
      <string>admin</string>
    </entry>
    <entry>
      <string>7f7a4b68ceff62287ef714e5ed8b8f01ec14ae8b</string>
      <string>admin</string>
    </entry>
  </configurers>
</com.infradna.hudson.plugins.backup.BackupBuilder_-DescriptorImpl>