<com.cloudbees.jenkins.plugins.cyberark.credentials.CyberArkGlobalConfiguration plugin="cloudbees-cyberark-credentials@1.0.0-beta-3-SNAPSHOT">
  <url>http://services-useast.skytap.com:27869/AIMWebService/V1.1/AIM.asmx</url>
  <appId>Jenkins</appId>
  <allowCustomAppIds>false</allowCustomAppIds>
  <allowCustomFolders>true</allowCustomFolders>
  <rootStore>
    <safes>
      <com.cloudbees.jenkins.plugins.cyberark.credentials.CyberArkStoreConfiguration_-Safe>
        <safe>JenkinsDEV</safe>
        <folder>Root</folder>
      </com.cloudbees.jenkins.plugins.cyberark.credentials.CyberArkStoreConfiguration_-Safe>
      <com.cloudbees.jenkins.plugins.cyberark.credentials.CyberArkStoreConfiguration_-Safe>
        <safe>JenkinsDEV</safe>
        <folder>Root\ApplicationFoo</folder>
      </com.cloudbees.jenkins.plugins.cyberark.credentials.CyberArkStoreConfiguration_-Safe>
    </safes>
  </rootStore>
  <folderStores>true</folderStores>
  <authentication class="com.cloudbees.jenkins.plugins.cyberark.credentials.CyberArkAuthentication$UsernamePassword">
    <username>cloudbees</username>
    <password>#secret#</password>
  </authentication>
  <verification class="com.cloudbees.jenkins.plugins.cyberark.credentials.CyberArkVerification$BlindTrustStore"/>
  <cacheRefreshReason>Jenkins property access request, password will be discarded unseen</cacheRefreshReason>
  <passwordRetrievalReason>Jenkins password access request</passwordRetrievalReason>
  <cacheRefreshAgeMillis>86400000</cacheRefreshAgeMillis>
  <connectTimeoutMillis>5000</connectTimeoutMillis>
  <requestTimeoutMillis>10000</requestTimeoutMillis>
</com.cloudbees.jenkins.plugins.cyberark.credentials.CyberArkGlobalConfiguration>