<com.cloudbees.plugins.cloudfoundry.cli.CloudFoundryCliInstallation_-DescriptorImpl plugin="cloudbees-cloudfoundry-cli@2.1.3">
  <installations class="com.cloudbees.plugins.cloudfoundry.cli.CloudFoundryCliInstallation-array">
    <com.cloudbees.plugins.cloudfoundry.cli.CloudFoundryCliInstallation>
      <name>CF CLI 6.18</name>
      <properties>
        <hudson.tools.InstallSourceProperty>
          <installers>
            <com.cloudbees.plugins.cloudfoundry.cli.CloudFoundryCliInstaller>
              <id>6.17.1</id>
            </com.cloudbees.plugins.cloudfoundry.cli.CloudFoundryCliInstaller>
          </installers>
        </hudson.tools.InstallSourceProperty>
      </properties>
    </com.cloudbees.plugins.cloudfoundry.cli.CloudFoundryCliInstallation>
    <com.cloudbees.plugins.cloudfoundry.cli.CloudFoundryCliInstallation>
      <name>CF CLI 6.12</name>
      <properties>
        <hudson.tools.InstallSourceProperty>
          <installers>
            <com.cloudbees.plugins.cloudfoundry.cli.CloudFoundryCliInstaller>
              <id>6.12.2-cloudbees-1</id>
            </com.cloudbees.plugins.cloudfoundry.cli.CloudFoundryCliInstaller>
          </installers>
        </hudson.tools.InstallSourceProperty>
      </properties>
    </com.cloudbees.plugins.cloudfoundry.cli.CloudFoundryCliInstallation>
    <com.cloudbees.plugins.cloudfoundry.cli.CloudFoundryCliInstallation>
      <name>cloudfoundry-cli-6.22.1</name>
      <properties>
        <hudson.tools.InstallSourceProperty>
          <installers>
            <com.cloudbees.plugins.cloudfoundry.cli.CloudFoundryCliInstaller>
              <id>6.22.1</id>
            </com.cloudbees.plugins.cloudfoundry.cli.CloudFoundryCliInstaller>
          </installers>
        </hudson.tools.InstallSourceProperty>
      </properties>
    </com.cloudbees.plugins.cloudfoundry.cli.CloudFoundryCliInstallation>
  </installations>
</com.cloudbees.plugins.cloudfoundry.cli.CloudFoundryCliInstallation_-DescriptorImpl>