<com.cloudbees.plugins.openshift.OpenShiftClient_-DescriptorImpl plugin="openshift-cli@1.3">
  <installations class="com.cloudbees.plugins.openshift.OpenShiftClient-array">
    <com.cloudbees.plugins.openshift.OpenShiftClient>
      <name>1.06</name>
      <home/>
      <properties>
        <hudson.tools.InstallSourceProperty>
          <installers>
            <com.cloudbees.plugins.openshift.OpenShiftClientInstaller>
              <id>v1.0.6</id>
            </com.cloudbees.plugins.openshift.OpenShiftClientInstaller>
          </installers>
        </hudson.tools.InstallSourceProperty>
      </properties>
    </com.cloudbees.plugins.openshift.OpenShiftClient>
  </installations>
</com.cloudbees.plugins.openshift.OpenShiftClient_-DescriptorImpl>