<hudson>
  <disabledAdministrativeMonitors>
    <string>hudson.diagnosis.TooManyJobsButNoView</string>
    <string>OldData</string>
  </disabledAdministrativeMonitors>
  <version>1.651.3.1 (CloudBees Jenkins Enterprise 16.06)</version>
  <numExecutors>5</numExecutors>
  <mode>NORMAL</mode>
  <useSecurity>true</useSecurity>
  <authorizationStrategy class="nectar.plugins.rbac.strategy.RoleMatrixAuthorizationStrategyImpl"/>
  <securityRealm class="hudson.security.HudsonPrivateSecurityRealm">
    <disableSignup>true</disableSignup>
    <enableCaptcha>false</enableCaptcha>
  </securityRealm>
  <disableRememberMe>false</disableRememberMe>
  <projectNamingStrategy class="jenkins.model.ProjectNamingStrategy$DefaultProjectNamingStrategy"/>
  <workspaceDir>${ITEM_ROOTDIR}/workspace</workspaceDir>
  <buildsDir>${ITEM_ROOTDIR}/builds</buildsDir>
  <markupFormatter class="hudson.markup.EscapedMarkupFormatter"/>
  <jdks>
    <jdk>
      <name>JDK8</name>
      <home/>
      <properties>
        <hudson.tools.InstallSourceProperty>
          <installers>
            <hudson.tools.JDKInstaller>
              <id>jdk-8u102-oth-JPR</id>
              <acceptLicense>true</acceptLicense>
            </hudson.tools.JDKInstaller>
          </installers>
        </hudson.tools.InstallSourceProperty>
      </properties>
    </jdk>
    <jdk>
      <name>JDK7</name>
      <home/>
      <properties>
        <hudson.tools.InstallSourceProperty>
          <installers>
            <hudson.tools.JDKInstaller>
              <id>jdk-7u80-oth-JPR</id>
              <acceptLicense>true</acceptLicense>
            </hudson.tools.JDKInstaller>
          </installers>
        </hudson.tools.InstallSourceProperty>
      </properties>
    </jdk>
  </jdks>
  <viewsTabBar class="hudson.views.DefaultViewsTabBar"/>
  <myViewsTabBar class="hudson.views.DefaultMyViewsTabBar"/>
  <clouds/>
  <quietPeriod>5</quietPeriod>
  <scmCheckoutRetryCount>0</scmCheckoutRetryCount>
  <views>
    <hudson.model.AllView>
      <owner class="hudson" reference="../../.."/>
      <name>All</name>
      <filterExecutors>false</filterExecutors>
      <filterQueue>false</filterQueue>
      <properties class="hudson.model.View$PropertyList"/>
    </hudson.model.AllView>
  </views>
  <primaryView>All</primaryView>
  <slaveAgentPort>10000</slaveAgentPort>
  <label/>
  <crumbIssuer class="hudson.security.csrf.DefaultCrumbIssuer">
    <excludeClientIPFromCrumb>false</excludeClientIPFromCrumb>
  </crumbIssuer>
  <nodeProperties/>
  <globalNodeProperties/>
</hudson>