<list>
  <com.cloudbees.jenkins.plugins.cyberark.credentials.CyberArkUsernamePasswordCredential plugin="cloudbees-cyberark-credentials@1.0.0-beta-3-SNAPSHOT">
    <id>nexus-credentials</id>
    <description>nexus-credentials / sPEdEWrEd4ju @ cyberark - JenkinsDEV</description>
  </com.cloudbees.jenkins.plugins.cyberark.credentials.CyberArkUsernamePasswordCredential>
  <com.cloudbees.jenkins.plugins.cyberark.credentials.CyberArkUsernamePasswordCredential plugin="cloudbees-cyberark-credentials@1.0.0-beta-3-SNAPSHOT">
    <scope>GLOBAL</scope>
    <id>cloud-foundry-credentials</id>
    <description>cloud-foundry-credentials / cleclerc@cloudbees.com @ JenkinsDEV - cyberark</description>
  </com.cloudbees.jenkins.plugins.cyberark.credentials.CyberArkUsernamePasswordCredential>
  <com.cloudbees.jenkins.plugins.cyberark.credentials.CyberArkUsernamePasswordCredential plugin="cloudbees-cyberark-credentials@1.0.0-beta-3-SNAPSHOT">
    <id>git-credentials</id>
    <description>git-credentials / QAh4dAzetrEp @ JenkinsDEV - cyberark</description>
  </com.cloudbees.jenkins.plugins.cyberark.credentials.CyberArkUsernamePasswordCredential>
</list>