<github-plugin-configuration plugin="github@1.25.1">
  <configs>
    <github-server-config>
      <apiUrl>https://api.github.com</apiUrl>
      <manageHooks>true</manageHooks>
      <credentialsId>github-credentials-plain-text</credentialsId>
      <clientCacheSize>20</clientCacheSize>
    </github-server-config>
    <github-server-config>
      <apiUrl>https://github.beescloud.com/api/v3</apiUrl>
      <manageHooks>true</manageHooks>
      <credentialsId>beescloud-github-credentials</credentialsId>
      <clientCacheSize>20</clientCacheSize>
    </github-server-config>
  </configs>
  <hookSecretConfig>
    <credentialsId/>
  </hookSecretConfig>
</github-plugin-configuration>