<hudson.plugins.jira.JiraProjectProperty_-DescriptorImpl plugin="jira@2.3-SNAPSHOT">
  <sites>
    <hudson.plugins.jira.JiraSite>
      <url>http://alvarolobato.atlassian.net/</url>
      <useHTTPAuth>false</useHTTPAuth>
      <userName>alvarolobato+jira</userName>
      <password>#secret#</password>
      <supportsWikiStyleComment>false</supportsWikiStyleComment>
      <recordScmChanges>false</recordScmChanges>
      <updateJiraIssueForAllStatus>true</updateJiraIssueForAllStatus>
      <timeout>10</timeout>
      <dateTimePattern/>
    </hudson.plugins.jira.JiraSite>
  </sites>
</hudson.plugins.jira.JiraProjectProperty_-DescriptorImpl>