<javaposse.jobdsl.plugin.DescriptorImpl plugin="job-dsl@1.58">
  <templateJobMap class="com.google.common.collect.HashMultimap" serialization="custom">
    <com.google.common.collect.HashMultimap>
      <default/>
      <int>8</int>
      <int>0</int>
    </com.google.common.collect.HashMultimap>
  </templateJobMap>
  <generatedJobMap class="concurrent-hash-map">
    <entry>
      <string>maven-applications/cyrille-leclerc/my-spring-boot-app/release</string>
      <javaposse.jobdsl.plugin.SeedReference>
        <seedJobName>admin/job-dsl-seed-job</seedJobName>
        <digest>753a02b2a8b260dab9bffc195172bd6c</digest>
      </javaposse.jobdsl.plugin.SeedReference>
    </entry>
    <entry>
      <string>maven-applications/cyrille-leclerc/my-new-application</string>
      <javaposse.jobdsl.plugin.SeedReference>
        <seedJobName>admin/job-dsl-seed-job</seedJobName>
        <digest>926472e73fc3aa84037b394f9cd7245a</digest>
      </javaposse.jobdsl.plugin.SeedReference>
    </entry>
    <entry>
      <string>job-dsl-test</string>
      <javaposse.jobdsl.plugin.SeedReference>
        <seedJobName>admin/job-dsl-seed-job</seedJobName>
        <digest>24d07a9cf362290ccd67cf132e27e773</digest>
      </javaposse.jobdsl.plugin.SeedReference>
    </entry>
    <entry>
      <string>maven-applications/cyrille-leclerc/my-new-application/build</string>
      <javaposse.jobdsl.plugin.SeedReference>
        <seedJobName>admin/job-dsl-seed-job</seedJobName>
        <digest>174a0d1210c829601399724fb88b01cb</digest>
      </javaposse.jobdsl.plugin.SeedReference>
    </entry>
    <entry>
      <string>maven-applications/cyrille-leclerc</string>
      <javaposse.jobdsl.plugin.SeedReference>
        <seedJobName>admin/job-dsl-seed-job</seedJobName>
        <digest>6da2782a5c27292489d0930e166c5668</digest>
      </javaposse.jobdsl.plugin.SeedReference>
    </entry>
    <entry>
      <string>maven-applications/cyrille-leclerc/my-spring-boot-app/build</string>
      <javaposse.jobdsl.plugin.SeedReference>
        <seedJobName>admin/job-dsl-seed-job</seedJobName>
        <digest>d5dfde39479882469db7dec66419bccf</digest>
      </javaposse.jobdsl.plugin.SeedReference>
    </entry>
    <entry>
      <string>maven-applications/spring-projects/spring-petclinic</string>
      <javaposse.jobdsl.plugin.SeedReference>
        <seedJobName>admin/job-dsl-seed-job</seedJobName>
        <digest>da9a4e4d9b1ce7a0be4e204724706005</digest>
      </javaposse.jobdsl.plugin.SeedReference>
    </entry>
    <entry>
      <string>maven-applications/cyrille-leclerc/my-new-application/release</string>
      <javaposse.jobdsl.plugin.SeedReference>
        <seedJobName>admin/job-dsl-seed-job</seedJobName>
        <digest>54211bac53e756d707f1637e8a8f7f1e</digest>
      </javaposse.jobdsl.plugin.SeedReference>
    </entry>
    <entry>
      <string>maven-applications/cyrille-leclerc/spring-petclinic/release</string>
      <javaposse.jobdsl.plugin.SeedReference>
        <seedJobName>admin/job-dsl-seed-job</seedJobName>
        <digest>585b429427f524048eadc64bca48174d</digest>
      </javaposse.jobdsl.plugin.SeedReference>
    </entry>
    <entry>
      <string>maven-applications/cyrille-leclerc/spring-petclinic</string>
      <javaposse.jobdsl.plugin.SeedReference>
        <seedJobName>admin/job-dsl-seed-job</seedJobName>
        <digest>da9a4e4d9b1ce7a0be4e204724706005</digest>
      </javaposse.jobdsl.plugin.SeedReference>
    </entry>
    <entry>
      <string>maven-applications/spring-projects</string>
      <javaposse.jobdsl.plugin.SeedReference>
        <seedJobName>admin/job-dsl-seed-job</seedJobName>
        <digest>d26ccdbdcd4070b9d87db6e089a29095</digest>
      </javaposse.jobdsl.plugin.SeedReference>
    </entry>
    <entry>
      <string>maven-applications</string>
      <javaposse.jobdsl.plugin.SeedReference>
        <seedJobName>admin/job-dsl-seed-job</seedJobName>
        <digest>0cad03795d35bebb3e70eeb3483b1746</digest>
      </javaposse.jobdsl.plugin.SeedReference>
    </entry>
    <entry>
      <string>maven-applications/cyrille-leclerc/spring-petclinic/build</string>
      <javaposse.jobdsl.plugin.SeedReference>
        <seedJobName>admin/job-dsl-seed-job</seedJobName>
        <digest>10c552599164eb077b66d25c4c60c0d5</digest>
      </javaposse.jobdsl.plugin.SeedReference>
    </entry>
    <entry>
      <string>maven-applications/spring-projects/spring-petclinic/build</string>
      <javaposse.jobdsl.plugin.SeedReference>
        <seedJobName>admin/job-dsl-seed-job</seedJobName>
        <digest>ac5edf83c10e917edd0cba28054dbc8d</digest>
      </javaposse.jobdsl.plugin.SeedReference>
    </entry>
    <entry>
      <string>job-dsl-test/petclinic-pipeline-by-job-dsl</string>
      <javaposse.jobdsl.plugin.SeedReference>
        <seedJobName>admin/job-dsl-seed-job</seedJobName>
        <digest>12b2b3a30d59d7128bce47477647974f</digest>
      </javaposse.jobdsl.plugin.SeedReference>
    </entry>
    <entry>
      <string>maven-applications/cyrille-leclerc/my-spring-boot-app</string>
      <javaposse.jobdsl.plugin.SeedReference>
        <seedJobName>admin/job-dsl-seed-job</seedJobName>
        <digest>3f959e024ff02a4cf16cc4eb7b5a8d72</digest>
      </javaposse.jobdsl.plugin.SeedReference>
    </entry>
    <entry>
      <string>maven-applications/spring-projects/spring-petclinic/release</string>
      <javaposse.jobdsl.plugin.SeedReference>
        <seedJobName>admin/job-dsl-seed-job</seedJobName>
        <digest>60e6843084469691bcc0e49655f8df00</digest>
      </javaposse.jobdsl.plugin.SeedReference>
    </entry>
    <entry>
      <string>job-dsl-test/petclinic-freestyle-by-job-dsl</string>
      <javaposse.jobdsl.plugin.SeedReference>
        <seedJobName>admin/job-dsl-seed-job</seedJobName>
        <digest>5631e1a13629eb60bf6fca9dbdb999a2</digest>
      </javaposse.jobdsl.plugin.SeedReference>
    </entry>
  </generatedJobMap>
</javaposse.jobdsl.plugin.DescriptorImpl>