<jenkins.plugins.nodejs.tools.NodeJSInstallation_-DescriptorImpl plugin="nodejs@1.0.1">
  <installations class="jenkins.plugins.nodejs.tools.NodeJSInstallation-array">
    <jenkins.plugins.nodejs.tools.NodeJSInstallation>
      <name>nodejs</name>
      <home/>
      <properties>
        <hudson.tools.InstallSourceProperty>
          <installers/>
        </hudson.tools.InstallSourceProperty>
      </properties>
    </jenkins.plugins.nodejs.tools.NodeJSInstallation>
  </installations>
</jenkins.plugins.nodejs.tools.NodeJSInstallation_-DescriptorImpl>