<nectar.plugins.rbac.strategy.RoleMatrixAuthorizationPlugin plugin="nectar-rbac@5.13">
  <lastModified>0</lastModified>
  <configuration class="nectar.plugins.rbac.strategy.DefaultRoleMatrixAuthorizationConfig">
    <role name="administer" filterable="false">
      <permission id="hudson.model.Computer.Connect"/>
      <permission id="hudson.model.Hudson.UploadPlugins"/>
      <permission id="hudson.model.Computer.ViewOwners"/>
      <permission id="com.cloudbees.plugins.deployer.DeployNowRunAction.Deploy"/>
      <permission id="com.cloudbees.plugins.deployer.DeployNowRunAction.JobCredentials"/>
      <permission id="jenkins.metrics.api.Metrics.View"/>
      <permission id="hudson.model.Hudson.ConfigureUpdateCenter"/>
      <permission id="nectar.plugins.rbac.groups.Group.Manage"/>
      <permission id="hudson.model.Hudson.Administer"/>
      <permission id="hudson.model.Item.Cancel"/>
      <permission id="com.cloudbees.plugins.credentials.CredentialsProvider.View"/>
      <permission id="com.cloudbees.jenkins.plugin.metrics.views.Alerter.View"/>
      <permission id="hudson.model.Computer.Delete"/>
      <permission id="com.cloudbees.jenkins.plugins.git.vmerge.CommitSpoolRepository.Push"/>
      <permission id="hudson.model.Item.Build"/>
      <permission id="com.cloudbees.jenkins.plugins.securecopy.ExportsRootAction.Delete"/>
      <permission id="hudson.model.Item.Move"/>
      <permission id="hudson.model.Item.Release"/>
      <permission id="com.cloudbees.plugins.credentials.CredentialsProvider.Update"/>
      <permission id="hudson.model.Item.Create"/>
      <permission id="org.jenkinsci.plugins.docker.traceability.DockerTraceabilityPlugin.Read"/>
      <permission id="com.cloudbees.jenkins.plugin.metrics.views.Alerter.Mute"/>
      <permission id="com.cloudbees.plugins.credentials.CredentialsProvider.Delete"/>
      <permission id="hudson.model.Run.Replay"/>
      <permission id="jenkins.metrics.api.Metrics.ThreadDump"/>
      <permission id="hudson.model.Hudson.RunScripts"/>
      <permission id="hudson.model.View.Create"/>
      <permission id="hudson.model.Computer.Secure"/>
      <permission id="com.cloudbees.jenkins.plugins.TrackerWidget.View"/>
      <permission id="hudson.model.Computer.Configure"/>
      <permission id="hudson.plugins.vmware.Root.Configure"/>
      <permission id="nectar.plugins.rbac.roles.Role.Filter"/>
      <permission id="hudson.model.Run.Update"/>
      <permission id="hudson.model.View.Delete"/>
      <permission id="hudson.model.Run.Delete"/>
      <permission id="hudson.model.Computer.Create"/>
      <permission id="com.cloudbees.plugins.credentials.CredentialsProvider.ManageDomains"/>
      <permission id="hudson.model.Item.Promote"/>
      <permission id="hudson.model.View.Configure"/>
      <permission id="com.cloudbees.jenkins.support.SupportPlugin.DownloadBundle"/>
      <permission id="com.cloudbees.jenkins.plugins.securecopy.ExportsRootAction.View"/>
      <permission id="com.cloudbees.jenkins.plugins.git.vmerge.CommitSpoolRepository.Pull"/>
      <permission id="com.cloudbees.jenkins.plugins.securecopy.ExportsRootAction.Create"/>
      <permission id="com.cloudbees.plugins.deployer.DeployNowRunAction.UserCredentials"/>
      <permission id="hudson.model.Computer.Build"/>
      <permission id="hudson.model.Item.Configure"/>
      <permission id="hudson.model.Item.Read"/>
      <permission id="jenkins.metrics.api.Metrics.HealthCheck"/>
      <permission id="nectar.plugins.rbac.groups.Group.Create"/>
      <permission id="hudson.scm.SCM.Tag"/>
      <permission id="com.cloudbees.nectar.plugins.skip.SkipAction.Remove"/>
      <permission id="org.jenkinsci.plugins.docker.traceability.DockerTraceabilityPlugin.Delete"/>
      <permission id="hudson.model.Item.Discover"/>
      <permission id="hudson.model.Hudson.Read"/>
      <permission id="nectar.plugins.rbac.roles.Role.View"/>
      <permission id="hudson.model.Item.Workspace"/>
      <permission id="nectar.plugins.rbac.groups.Group.Configure"/>
      <permission id="com.cloudbees.nectar.plugins.skip.SkipAction.Apply"/>
      <permission id="nectar.plugins.rbac.groups.Group.Delete"/>
      <permission id="hudson.model.View.Read"/>
      <permission id="org.jenkinsci.plugins.docker.traceability.DockerTraceabilityPlugin.Submit"/>
      <permission id="hudson.model.Item.Delete"/>
      <permission id="com.cloudbees.plugins.credentials.CredentialsProvider.Create"/>
      <permission id="hudson.model.Computer.Disconnect"/>
      <permission id="hudson.model.Item.Request"/>
      <permission id="nectar.plugins.rbac.groups.Group.View"/>
    </role>
    <role name="anonymous" filterable="false"/>
    <role name="authenticated" filterable="false"/>
    <role name="browse" filterable="true">
      <permission id="hudson.model.Item.Read"/>
      <permission id="hudson.model.Item.Discover"/>
      <permission id="hudson.model.Hudson.Read"/>
    </role>
    <role name="develop" filterable="true">
      <permission id="hudson.model.Item.Cancel"/>
      <permission id="hudson.model.Item.Build"/>
      <permission id="hudson.model.Item.Move"/>
      <permission id="hudson.model.Item.Release"/>
      <permission id="hudson.model.Item.Create"/>
      <permission id="hudson.model.Run.Replay"/>
      <permission id="hudson.model.View.Create"/>
      <permission id="hudson.model.Run.Update"/>
      <permission id="hudson.model.View.Delete"/>
      <permission id="hudson.model.Run.Delete"/>
      <permission id="hudson.model.Item.Promote"/>
      <permission id="hudson.model.View.Configure"/>
      <permission id="hudson.model.Item.Configure"/>
      <permission id="hudson.model.Item.Read"/>
      <permission id="hudson.scm.SCM.Tag"/>
      <permission id="hudson.model.Item.Discover"/>
      <permission id="hudson.model.Hudson.Read"/>
      <permission id="hudson.model.Item.Workspace"/>
      <permission id="hudson.model.View.Read"/>
      <permission id="hudson.model.Item.Delete"/>
      <permission id="hudson.model.Item.Request"/>
    </role>
    <role name="production-engineer-role" filterable="true">
      <permission id="hudson.model.Item.Build"/>
      <permission id="hudson.model.Item.Move"/>
      <permission id="hudson.model.Item.Release"/>
      <permission id="hudson.model.Item.Create"/>
      <permission id="hudson.model.View.Create"/>
      <permission id="hudson.model.Run.Update"/>
      <permission id="hudson.model.View.Delete"/>
      <permission id="hudson.model.Run.Delete"/>
      <permission id="hudson.model.Item.Promote"/>
      <permission id="hudson.model.View.Configure"/>
      <permission id="hudson.model.Item.Configure"/>
      <permission id="hudson.model.Item.Read"/>
      <permission id="hudson.scm.SCM.Tag"/>
      <permission id="org.jenkinsci.plugins.docker.traceability.DockerTraceabilityPlugin.Delete"/>
      <permission id="hudson.model.Item.Discover"/>
      <permission id="hudson.model.Hudson.Read"/>
      <permission id="hudson.model.Item.Workspace"/>
      <permission id="hudson.model.View.Read"/>
      <permission id="hudson.model.Item.Delete"/>
    </role>
    <role name="team-member" filterable="true">
      <permission id="hudson.model.Item.Build"/>
      <permission id="hudson.model.Item.Move"/>
      <permission id="hudson.model.Item.Release"/>
      <permission id="hudson.model.Item.Create"/>
      <permission id="hudson.model.Run.Update"/>
      <permission id="hudson.model.Run.Delete"/>
      <permission id="hudson.model.Item.Promote"/>
      <permission id="hudson.model.Item.Configure"/>
      <permission id="hudson.model.Item.Read"/>
      <permission id="hudson.model.Item.Discover"/>
      <permission id="hudson.model.Item.Workspace"/>
      <permission id="hudson.model.Item.Delete"/>
    </role>
    <role name="test role" filterable="true"/>
    <group>
      <name>Administrators</name>
      <member>admin</member>
      <role>administer</role>
    </group>
    <group>
      <name>Developers</name>
      <member>developer</member>
      <role>develop</role>
    </group>
    <group>
      <name>Browsers</name>
      <description>*test* description &lt;b&gt;hello&lt;/b&gt; &lt;a href="."&gt;asdasd&lt;a&gt;&#13;
[sadfas](sdfsa)</description>
      <role>browse</role>
    </group>
    <group>
      <name>PROD People</name>
    </group>
  </configuration>
</nectar.plugins.rbac.strategy.RoleMatrixAuthorizationPlugin>