<tree-map>
  <entry>
    <string>bitbucket/bitbucket-server/game-of-life/amazon-beanstalk</string>
    <tree-map>
      <entry>
        <string>Deploy to AWS Beanstalk</string>
        <org.jenkinsci.plugins.workflow.support.steps.StageStepExecution_-Stage plugin="pipeline-stage-step@2.2">
          <holding class="sorted-set">
            <int>2</int>
          </holding>
          <concurrency>1</concurrency>
          <waitingContext class="org.jenkinsci.plugins.workflow.cps.CpsStepContext" plugin="workflow-cps@2.29">
            <executionRef class="flow-owner" plugin="workflow-job@2.10">
              <job>bitbucket/bitbucket-server/game-of-life/amazon-beanstalk</job>
              <id>3</id>
            </executionRef>
            <id>29</id>
            <bodyHeads/>
            <threadId>0</threadId>
            <stepDescriptorId>org.jenkinsci.plugins.workflow.support.steps.StageStep</stepDescriptorId>
          </waitingContext>
          <waitingBuild>3</waitingBuild>
        </org.jenkinsci.plugins.workflow.support.steps.StageStepExecution_-Stage>
      </entry>
    </tree-map>
  </entry>
  <entry>
    <string>bitbucket/bitbucket-server/game-of-life/amazon-ecs-pipeline</string>
    <tree-map>
      <entry>
        <string>Deploy ECS Service</string>
        <org.jenkinsci.plugins.workflow.support.steps.StageStepExecution_-Stage plugin="pipeline-stage-step@2.2">
          <holding class="sorted-set">
            <int>2</int>
          </holding>
        </org.jenkinsci.plugins.workflow.support.steps.StageStepExecution_-Stage>
      </entry>
    </tree-map>
  </entry>
  <entry>
    <string>game-of-life/game-of-life-communities/amazon-ecs-pipeline</string>
    <tree-map>
      <entry>
        <string>Deploy ECS Service</string>
        <org.jenkinsci.plugins.workflow.support.steps.StageStepExecution_-Stage plugin="pipeline-stage-step@2.2">
          <holding class="sorted-set">
            <int>1</int>
          </holding>
        </org.jenkinsci.plugins.workflow.support.steps.StageStepExecution_-Stage>
      </entry>
    </tree-map>
  </entry>
  <entry>
    <string>github-org/game-of-life/amazon-ecs-pipeline</string>
    <tree-map>
      <entry>
        <string>Deploy ECS Service</string>
        <org.jenkinsci.plugins.workflow.support.steps.StageStepExecution_-Stage plugin="pipeline-stage-step@2.2">
          <holding class="sorted-set">
            <int>1</int>
          </holding>
        </org.jenkinsci.plugins.workflow.support.steps.StageStepExecution_-Stage>
      </entry>
    </tree-map>
  </entry>
  <entry>
    <string>github/github-com/game-of-life/amazon-ecs-pipeline</string>
    <tree-map>
      <entry>
        <string>Deploy ECS Service</string>
        <org.jenkinsci.plugins.workflow.support.steps.StageStepExecution_-Stage plugin="pipeline-stage-step@2.2">
          <holding class="sorted-set">
            <int>1</int>
          </holding>
        </org.jenkinsci.plugins.workflow.support.steps.StageStepExecution_-Stage>
      </entry>
    </tree-map>
  </entry>
  <entry>
    <string>github/github-com/game-of-life/cloudfoundry-pipeline</string>
    <tree-map>
      <entry>
        <string>Test Web App with Selenium</string>
        <org.jenkinsci.plugins.workflow.support.steps.StageStepExecution_-Stage plugin="pipeline-stage-step@2.2">
          <holding class="sorted-set">
            <int>4</int>
            <int>5</int>
          </holding>
        </org.jenkinsci.plugins.workflow.support.steps.StageStepExecution_-Stage>
      </entry>
    </tree-map>
  </entry>
  <entry>
    <string>github/github-enterprise/game-of-life/amazon-beanstalk</string>
    <tree-map>
      <entry>
        <string>Deploy to AWS Beanstalk</string>
        <org.jenkinsci.plugins.workflow.support.steps.StageStepExecution_-Stage plugin="pipeline-stage-step@2.2">
          <holding class="sorted-set">
            <int>3</int>
          </holding>
          <concurrency>1</concurrency>
          <waitingContext class="org.jenkinsci.plugins.workflow.cps.CpsStepContext" plugin="workflow-cps@2.29">
            <executionRef class="flow-owner" plugin="workflow-job@2.10">
              <job>github/github-enterprise/game-of-life/amazon-beanstalk</job>
              <id>4</id>
            </executionRef>
            <id>29</id>
            <bodyHeads/>
            <threadId>0</threadId>
            <stepDescriptorId>org.jenkinsci.plugins.workflow.support.steps.StageStep</stepDescriptorId>
          </waitingContext>
          <waitingBuild>4</waitingBuild>
        </org.jenkinsci.plugins.workflow.support.steps.StageStepExecution_-Stage>
      </entry>
    </tree-map>
  </entry>
  <entry>
    <string>github/github-enterprise/game-of-life/amazon-ecs-pipeline</string>
    <tree-map>
      <entry>
        <string>Deploy ECS Service</string>
        <org.jenkinsci.plugins.workflow.support.steps.StageStepExecution_-Stage plugin="pipeline-stage-step@2.2">
          <holding class="sorted-set">
            <int>1</int>
            <int>2</int>
            <int>3</int>
          </holding>
        </org.jenkinsci.plugins.workflow.support.steps.StageStepExecution_-Stage>
      </entry>
    </tree-map>
  </entry>
  <entry>
    <string>github/github-enterprise/game-of-life/cloudfoundry-pipeline</string>
    <tree-map>
      <entry>
        <string>Test Web App with Selenium</string>
        <org.jenkinsci.plugins.workflow.support.steps.StageStepExecution_-Stage plugin="pipeline-stage-step@2.2">
          <holding class="sorted-set">
            <int>1</int>
          </holding>
        </org.jenkinsci.plugins.workflow.support.steps.StageStepExecution_-Stage>
      </entry>
    </tree-map>
  </entry>
  <entry>
    <string>github/github-enterprise/repo-scan-test/master</string>
    <tree-map>
      <entry>
        <string>one</string>
        <org.jenkinsci.plugins.workflow.support.steps.StageStepExecution_-Stage plugin="pipeline-stage-step@2.2">
          <holding class="sorted-set">
            <int>1</int>
          </holding>
        </org.jenkinsci.plugins.workflow.support.steps.StageStepExecution_-Stage>
      </entry>
    </tree-map>
  </entry>
  <entry>
    <string>github/github-enterprise/repo-scan-test/testbranch</string>
    <tree-map>
      <entry>
        <string>one</string>
        <org.jenkinsci.plugins.workflow.support.steps.StageStepExecution_-Stage plugin="pipeline-stage-step@2.2">
          <holding class="sorted-set">
            <int>1</int>
          </holding>
        </org.jenkinsci.plugins.workflow.support.steps.StageStepExecution_-Stage>
      </entry>
    </tree-map>
  </entry>
  <entry>
    <string>github/github-org/game-of-life/cloudfoundry-pipeline</string>
    <tree-map>
      <entry>
        <string>Test Web App with Selenium</string>
        <org.jenkinsci.plugins.workflow.support.steps.StageStepExecution_-Stage plugin="pipeline-stage-step@2.2">
          <holding class="sorted-set">
            <int>4</int>
            <int>5</int>
          </holding>
        </org.jenkinsci.plugins.workflow.support.steps.StageStepExecution_-Stage>
      </entry>
    </tree-map>
  </entry>
</tree-map>