<?xml version='1.0' encoding='UTF-8'?>
<project>
  <actions/>
  <description></description>
  <keepDependencies>false</keepDependencies>
  <properties>
    <com.ericsson.duraci.messaging.ImplicitMessagingContributorProperty plugin="eiffel-core@51.0.4">
      <scriptEnabled>false</scriptEnabled>
    </com.ericsson.duraci.messaging.ImplicitMessagingContributorProperty>
    <com.ericsson.duraci.messaging.SequentialSemanticEiffelMessageLinkingJobProperty plugin="eiffel-core@51.0.4">
      <sequentialLinkingEnabled>false</sequentialLinkingEnabled>
    </com.ericsson.duraci.messaging.SequentialSemanticEiffelMessageLinkingJobProperty>
    <com.ericsson.duraci.messaging.ImplicitEiffelConfigurationNotificationMessagingJobProperty plugin="eiffel-core@51.0.4">
      <messagingEnabled>false</messagingEnabled>
    </com.ericsson.duraci.messaging.ImplicitEiffelConfigurationNotificationMessagingJobProperty>
    <com.ericsson.duraci.messaging.ImplicitEiffelMessagingJobProperty plugin="eiffel-core@51.0.4">
      <messagingEnabled>false</messagingEnabled>
      <jobFinishedDisabled>false</jobFinishedDisabled>
    </com.ericsson.duraci.messaging.ImplicitEiffelMessagingJobProperty>
    <com.chikli.hudson.plugin.naginator.NaginatorOptOutProperty plugin="naginator@1.17.2">
      <optOut>false</optOut>
    </com.chikli.hudson.plugin.naginator.NaginatorOptOutProperty>
    <com.sonyericsson.rebuild.RebuildSettings plugin="rebuild@1.25">
      <autoRebuild>false</autoRebuild>
      <rebuildDisabled>false</rebuildDisabled>
    </com.sonyericsson.rebuild.RebuildSettings>
    <jenkins.model.BuildDiscarderProperty>
      <strategy class="hudson.tasks.LogRotator">
        <daysToKeep>3</daysToKeep>
        <numToKeep>100</numToKeep>
        <artifactDaysToKeep>-1</artifactDaysToKeep>
        <artifactNumToKeep>-1</artifactNumToKeep>
      </strategy>
    </jenkins.model.BuildDiscarderProperty>
    <hudson.plugins.throttleconcurrents.ThrottleJobProperty plugin="throttle-concurrents@2.0">
      <maxConcurrentPerNode>0</maxConcurrentPerNode>
      <maxConcurrentTotal>0</maxConcurrentTotal>
      <categories class="java.util.concurrent.CopyOnWriteArrayList"/>
      <throttleEnabled>false</throttleEnabled>
      <throttleOption>project</throttleOption>
      <limitOneJobWithMatchingParams>false</limitOneJobWithMatchingParams>
      <paramsToUseForLimit></paramsToUseForLimit>
    </hudson.plugins.throttleconcurrents.ThrottleJobProperty>
    <com.ericsson.duraci.messaging.UserDomainSuffixJobProperty plugin="eiffel-core@51.0.4">
      <enabled>false</enabled>
      <userDomainSuffix></userDomainSuffix>
    </com.ericsson.duraci.messaging.UserDomainSuffixJobProperty>
    <jenkins.advancedqueue.jobinclusion.strategy.JobInclusionJobProperty plugin="PrioritySorter@3.6.1-SNAPSHOT">
      <useJobGroup>true</useJobGroup>
      <jobGroupName>Prio1 - Highest</jobGroupName>
    </jenkins.advancedqueue.jobinclusion.strategy.JobInclusionJobProperty>
    <EnvInjectJobProperty plugin="envinject@1.93.1">
      <info>
        <propertiesContent>ENVIRONMENT_FILE=${WORKSPACE}/environment.txt</propertiesContent>
        <loadFilesFromMaster>false</loadFilesFromMaster>
      </info>
      <on>true</on>
      <keepJenkinsSystemVariables>false</keepJenkinsSystemVariables>
      <keepBuildVariables>false</keepBuildVariables>
      <overrideBuildParameters>false</overrideBuildParameters>
    </EnvInjectJobProperty>
    <org.jvnet.hudson.plugins.shelveproject.ShelveProjectProperty plugin="shelve-project-plugin@1.5"/>
  </properties>
  <scm class="hudson.scm.NullSCM"/>
  <quietPeriod>0</quietPeriod>
  <assignedNode>copied_machine</assignedNode>
  <canRoam>false</canRoam>
  <disabled>false</disabled>
  <blockBuildWhenDownstreamBuilding>false</blockBuildWhenDownstreamBuilding>
  <blockBuildWhenUpstreamBuilding>false</blockBuildWhenUpstreamBuilding>
  <triggers/>
  <concurrentBuild>false</concurrentBuild>
  <customWorkspace>/repo/${USER}/workspace/${NODE_NAME}_${EXECUTOR_NUMBER}</customWorkspace>
  <builders>
    <hudson.tasks.Shell>
      <command>set +x

SWU_LIST=&quot;0 1 2 3 4 5 6 7 8 9 10 11 12 13 14 15 16 17 18 19 20 21 22 23 24 25 26 27 28 29 30 31 32 33 34 35 36 37 38 39 40 41 42 43 44 45 46 47 48 49 50 51 52 53 54 55 56 57 58 59&quot;
echo &quot;SWU=${SWU_LIST}&quot; &gt;&gt; ${ENVIRONMENT_FILE}
</command>
    </hudson.tasks.Shell>
  </builders>
  <publishers>
    <hudson.plugins.parameterizedtrigger.BuildTrigger plugin="parameterized-trigger@2.33">
      <configs>
        <hudson.plugins.parameterizedtrigger.BuildTriggerConfig>
          <configs>
            <hudson.plugins.parameterizedtrigger.FileBuildParameters>
              <propertiesFile>${ENVIRONMENT_FILE}</propertiesFile>
              <failTriggerOnMissing>false</failTriggerOnMissing>
              <useMatrixChild>false</useMatrixChild>
              <onlyExactRuns>false</onlyExactRuns>
            </hudson.plugins.parameterizedtrigger.FileBuildParameters>
            <org.jvnet.jenkins.plugins.nodelabelparameter.parameterizedtrigger.NodeLabelBuildParameter plugin="nodelabelparameter@1.7.2">
              <name>label</name>
              <nodeLabel>copied_machine</nodeLabel>
            </org.jvnet.jenkins.plugins.nodelabelparameter.parameterizedtrigger.NodeLabelBuildParameter>
          </configs>
          <projects>IllegalMonitor_Matrix</projects>
          <condition>UNSTABLE_OR_BETTER</condition>
          <triggerWithNoParameters>false</triggerWithNoParameters>
          <triggerFromChildProjects>false</triggerFromChildProjects>
        </hudson.plugins.parameterizedtrigger.BuildTriggerConfig>
      </configs>
    </hudson.plugins.parameterizedtrigger.BuildTrigger>
  </publishers>
  <buildWrappers/>
</project>