<?xml version='1.0' encoding='UTF-8'?>
<matrix-project plugin="matrix-project@1.13">
  <actions/>
  <description></description>
  <keepDependencies>false</keepDependencies>
  <properties>
    <com.ericsson.duraci.messaging.ImplicitMessagingContributorProperty plugin="eiffel-core@51.0.4">
      <scriptEnabled>false</scriptEnabled>
    </com.ericsson.duraci.messaging.ImplicitMessagingContributorProperty>
    <com.ericsson.duraci.messaging.SequentialSemanticEiffelMessageLinkingJobProperty plugin="eiffel-core@51.0.4">
      <sequentialLinkingEnabled>false</sequentialLinkingEnabled>
    </com.ericsson.duraci.messaging.SequentialSemanticEiffelMessageLinkingJobProperty>
    <com.ericsson.duraci.messaging.ImplicitEiffelConfigurationNotificationMessagingJobProperty plugin="eiffel-core@51.0.4">
      <messagingEnabled>false</messagingEnabled>
    </com.ericsson.duraci.messaging.ImplicitEiffelConfigurationNotificationMessagingJobProperty>
    <com.ericsson.duraci.messaging.ImplicitEiffelMessagingJobProperty plugin="eiffel-core@51.0.4">
      <messagingEnabled>false</messagingEnabled>
      <jobFinishedDisabled>false</jobFinishedDisabled>
    </com.ericsson.duraci.messaging.ImplicitEiffelMessagingJobProperty>
    <com.chikli.hudson.plugin.naginator.NaginatorOptOutProperty plugin="naginator@1.17.2">
      <optOut>false</optOut>
    </com.chikli.hudson.plugin.naginator.NaginatorOptOutProperty>
    <com.sonyericsson.rebuild.RebuildSettings plugin="rebuild@1.25">
      <autoRebuild>false</autoRebuild>
      <rebuildDisabled>false</rebuildDisabled>
    </com.sonyericsson.rebuild.RebuildSettings>
    <jenkins.model.BuildDiscarderProperty>
      <strategy class="hudson.tasks.LogRotator">
        <daysToKeep>10</daysToKeep>
        <numToKeep>300</numToKeep>
        <artifactDaysToKeep>-1</artifactDaysToKeep>
        <artifactNumToKeep>-1</artifactNumToKeep>
      </strategy>
    </jenkins.model.BuildDiscarderProperty>
    <hudson.plugins.throttleconcurrents.ThrottleJobProperty plugin="throttle-concurrents@2.0">
      <maxConcurrentPerNode>0</maxConcurrentPerNode>
      <maxConcurrentTotal>0</maxConcurrentTotal>
      <categories class="java.util.concurrent.CopyOnWriteArrayList"/>
      <throttleEnabled>false</throttleEnabled>
      <throttleOption>project</throttleOption>
      <limitOneJobWithMatchingParams>false</limitOneJobWithMatchingParams>
      <matrixOptions>
        <throttleMatrixBuilds>true</throttleMatrixBuilds>
        <throttleMatrixConfigurations>false</throttleMatrixConfigurations>
      </matrixOptions>
      <paramsToUseForLimit></paramsToUseForLimit>
    </hudson.plugins.throttleconcurrents.ThrottleJobProperty>
    <com.ericsson.duraci.messaging.UserDomainSuffixJobProperty plugin="eiffel-core@51.0.4">
      <enabled>false</enabled>
      <userDomainSuffix></userDomainSuffix>
    </com.ericsson.duraci.messaging.UserDomainSuffixJobProperty>
    <jenkins.advancedqueue.jobinclusion.strategy.JobInclusionJobProperty plugin="PrioritySorter@3.6.1-SNAPSHOT">
      <useJobGroup>false</useJobGroup>
      <jobGroupName>Prio2 - High/Highest (ex Flow reporting Jobs)</jobGroupName>
    </jenkins.advancedqueue.jobinclusion.strategy.JobInclusionJobProperty>
    <org.jvnet.hudson.plugins.shelveproject.ShelveProjectProperty plugin="shelve-project-plugin@1.5"/>
  </properties>
  <scm class="hudson.scm.NullSCM"/>
  <quietPeriod>0</quietPeriod>
  <assignedNode>copied_machine</assignedNode>
  <canRoam>false</canRoam>
  <disabled>false</disabled>
  <blockBuildWhenDownstreamBuilding>false</blockBuildWhenDownstreamBuilding>
  <blockBuildWhenUpstreamBuilding>false</blockBuildWhenUpstreamBuilding>
  <triggers/>
  <concurrentBuild>true</concurrentBuild>
  <customWorkspace>/repo/${USER}/workspace/CAT_${NODE_NAME}_${EXECUTOR_NUMBER}</customWorkspace>
  <axes>
    <ca.silvermaplesolutions.jenkins.plugins.daxis.DynamicAxis plugin="dynamic-axis@1.0.3">
      <name>product</name>
      <values>
        <string>SWU</string>
      </values>
      <varName>SWU</varName>
      <axisValues>
        <string>default</string>
      </axisValues>
    </ca.silvermaplesolutions.jenkins.plugins.daxis.DynamicAxis>
  </axes>
  <builders>
    <hudson.tasks.Shell>
      <command>#!/bin/bash

DP=1000
export BC_LINE_LENGTH=0

pi=`bc -lq &lt;&lt;&lt; &quot;scale=${DP};4*a(1)&quot;`

echo ${pi}

exit 0
</command>
    </hudson.tasks.Shell>
  </builders>
  <publishers>
    <hudson.plugins.parameterizedtrigger.BuildTrigger plugin="parameterized-trigger@2.33">
      <configs>
        <hudson.plugins.parameterizedtrigger.BuildTriggerConfig>
          <configs>
            <hudson.plugins.parameterizedtrigger.CurrentBuildParameters/>
            <hudson.plugins.parameterizedtrigger.PredefinedBuildParameters>
              <properties>UPSTREAM_BUILD_NUMBER=${BUILD_NUMBER}
UPSTREAM_JOB_NAME=${JOB_NAME}
AXIS_LIST=SWU</properties>
            </hudson.plugins.parameterizedtrigger.PredefinedBuildParameters>
            <org.jvnet.jenkins.plugins.nodelabelparameter.parameterizedtrigger.NodeLabelBuildParameter plugin="nodelabelparameter@1.7.2">
              <name>label</name>
              <nodeLabel>copied_machine</nodeLabel>
            </org.jvnet.jenkins.plugins.nodelabelparameter.parameterizedtrigger.NodeLabelBuildParameter>
          </configs>
          <projects>IllegalMonitor_Matrix_Cleanup</projects>
          <condition>ALWAYS</condition>
          <triggerWithNoParameters>false</triggerWithNoParameters>
          <triggerFromChildProjects>false</triggerFromChildProjects>
        </hudson.plugins.parameterizedtrigger.BuildTriggerConfig>
      </configs>
    </hudson.plugins.parameterizedtrigger.BuildTrigger>
  </publishers>
  <buildWrappers/>
  <executionStrategy class="hudson.matrix.DefaultMatrixExecutionStrategyImpl">
    <runSequentially>false</runSequentially>
  </executionStrategy>
  <childCustomWorkspace>.</childCustomWorkspace>
</matrix-project>