<?xml version='1.0' encoding='UTF-8'?>
<project>
  <actions/>
  <description></description>
  <keepDependencies>false</keepDependencies>
  <properties>
    <com.ericsson.duraci.messaging.ImplicitMessagingContributorProperty plugin="eiffel-core@51.0.4">
      <scriptEnabled>false</scriptEnabled>
    </com.ericsson.duraci.messaging.ImplicitMessagingContributorProperty>
    <com.ericsson.duraci.messaging.SequentialSemanticEiffelMessageLinkingJobProperty plugin="eiffel-core@51.0.4">
      <sequentialLinkingEnabled>false</sequentialLinkingEnabled>
    </com.ericsson.duraci.messaging.SequentialSemanticEiffelMessageLinkingJobProperty>
    <com.ericsson.duraci.messaging.ImplicitEiffelConfigurationNotificationMessagingJobProperty plugin="eiffel-core@51.0.4">
      <messagingEnabled>false</messagingEnabled>
    </com.ericsson.duraci.messaging.ImplicitEiffelConfigurationNotificationMessagingJobProperty>
    <com.ericsson.duraci.messaging.ImplicitEiffelMessagingJobProperty plugin="eiffel-core@51.0.4">
      <messagingEnabled>false</messagingEnabled>
      <jobFinishedDisabled>false</jobFinishedDisabled>
    </com.ericsson.duraci.messaging.ImplicitEiffelMessagingJobProperty>
    <com.chikli.hudson.plugin.naginator.NaginatorOptOutProperty plugin="naginator@1.17.2">
      <optOut>false</optOut>
    </com.chikli.hudson.plugin.naginator.NaginatorOptOutProperty>
    <com.sonyericsson.rebuild.RebuildSettings plugin="rebuild@1.25">
      <autoRebuild>false</autoRebuild>
      <rebuildDisabled>false</rebuildDisabled>
    </com.sonyericsson.rebuild.RebuildSettings>
    <jenkins.model.BuildDiscarderProperty>
      <strategy class="hudson.tasks.LogRotator">
        <daysToKeep>7</daysToKeep>
        <numToKeep>300</numToKeep>
        <artifactDaysToKeep>-1</artifactDaysToKeep>
        <artifactNumToKeep>-1</artifactNumToKeep>
      </strategy>
    </jenkins.model.BuildDiscarderProperty>
    <hudson.plugins.throttleconcurrents.ThrottleJobProperty plugin="throttle-concurrents@2.0">
      <maxConcurrentPerNode>0</maxConcurrentPerNode>
      <maxConcurrentTotal>0</maxConcurrentTotal>
      <categories class="java.util.concurrent.CopyOnWriteArrayList"/>
      <throttleEnabled>false</throttleEnabled>
      <throttleOption>project</throttleOption>
      <limitOneJobWithMatchingParams>false</limitOneJobWithMatchingParams>
      <paramsToUseForLimit></paramsToUseForLimit>
    </hudson.plugins.throttleconcurrents.ThrottleJobProperty>
    <com.ericsson.duraci.messaging.UserDomainSuffixJobProperty plugin="eiffel-core@51.0.4">
      <enabled>false</enabled>
      <userDomainSuffix></userDomainSuffix>
    </com.ericsson.duraci.messaging.UserDomainSuffixJobProperty>
    <jenkins.advancedqueue.jobinclusion.strategy.JobInclusionJobProperty plugin="PrioritySorter@3.6.1-SNAPSHOT">
      <useJobGroup>false</useJobGroup>
      <jobGroupName>Prio2 - High/Highest (ex Flow reporting Jobs)</jobGroupName>
    </jenkins.advancedqueue.jobinclusion.strategy.JobInclusionJobProperty>
    <org.jvnet.hudson.plugins.shelveproject.ShelveProjectProperty plugin="shelve-project-plugin@1.5"/>
  </properties>
  <scm class="hudson.scm.NullSCM"/>
  <quietPeriod>0</quietPeriod>
  <assignedNode>copied_machine</assignedNode>
  <canRoam>false</canRoam>
  <disabled>false</disabled>
  <blockBuildWhenDownstreamBuilding>false</blockBuildWhenDownstreamBuilding>
  <blockBuildWhenUpstreamBuilding>false</blockBuildWhenUpstreamBuilding>
  <triggers/>
  <concurrentBuild>false</concurrentBuild>
  <builders/>
  <publishers>
    <org.jvnet.hudson.plugins.groovypostbuild.GroovyPostbuildRecorder plugin="groovy-postbuild@2.3.1">
      <script plugin="script-security@1.27">
        <script>import hudson.model.*
import jenkins.model.*

// Reload Configuration from Disk
String upstreamJobName = manager.envVars[&apos;UPSTREAM_JOB_NAME&apos;]
TopLevelItem upstreamJob = Jenkins.getInstance().getItem(upstreamJobName).doReload()
</script>
        <sandbox>false</sandbox>
      </script>
      <behavior>2</behavior>
      <runForMatrixParent>false</runForMatrixParent>
    </org.jvnet.hudson.plugins.groovypostbuild.GroovyPostbuildRecorder>
  </publishers>
  <buildWrappers/>
</project>