{
  "version" : "3.0.0",
  "gauges" : {
    "jenkins.executor.count.value" : {
      "value" : 2
    },
    "jenkins.executor.free.value" : {
      "value" : 2
    },
    "jenkins.executor.in-use.value" : {
      "value" : 0
    },
    "jenkins.health-check.count" : {
      "value" : 4
    },
    "jenkins.health-check.inverse-score" : {
      "value" : 0.0
    },
    "jenkins.health-check.score" : {
      "value" : 1.0
    },
    "jenkins.job.averageDepth" : {
      "value" : 0.0
    },
    "jenkins.job.count.value" : {
      "value" : 0
    },
    "jenkins.node.count.value" : {
      "value" : 1
    },
    "jenkins.node.offline.value" : {
      "value" : 0
    },
    "jenkins.node.online.value" : {
      "value" : 1
    },
    "jenkins.plugins.active" : {
      "value" : 5
    },
    "jenkins.plugins.failed" : {
      "value" : 0
    },
    "jenkins.plugins.inactive" : {
      "value" : 0
    },
    "jenkins.plugins.withUpdate" : {
      "value" : 0
    },
    "jenkins.project.count.value" : {
      "value" : 0
    },
    "jenkins.project.disabled.count.value" : {
      "value" : 0
    },
    "jenkins.project.enabled.count.value" : {
      "value" : 0
    },
    "jenkins.queue.blocked.value" : {
      "value" : 0
    },
    "jenkins.queue.buildable.value" : {
      "value" : 0
    },
    "jenkins.queue.pending.value" : {
      "value" : 0
    },
    "jenkins.queue.size.value" : {
      "value" : 0
    },
    "jenkins.queue.stuck.value" : {
      "value" : 0
    },
    "jenkins.versions.core" : {
      "value" : "2.32.1"
    },
    "jenkins.versions.plugin.bouncycastle-api" : {
      "value" : "2.16.0"
    },
    "jenkins.versions.plugin.credentials" : {
      "value" : "2.1.10"
    },
    "jenkins.versions.plugin.jackson2-api" : {
      "value" : "2.7.3"
    },
    "jenkins.versions.plugin.metrics" : {
      "value" : "3.1.2.9"
    },
    "jenkins.versions.plugin.support-core" : {
      "value" : "2.38"
    },
    "system.cpu.load" : {
      "value" : 2.61083984375
    },
    "vm.blocked.count" : {
      "value" : 0
    },
    "vm.class.loaded" : {
      "value" : 9694
    },
    "vm.class.unloaded" : {
      "value" : 0
    },
    "vm.count" : {
      "value" : 32
    },
    "vm.cpu.load" : {
      "value" : 0.11367972169229043
    },
    "vm.daemon.count" : {
      "value" : 26
    },
    "vm.deadlock.count" : {
      "value" : 0
    },
    "vm.deadlocks" : {
      "value" : [ ]
    },
    "vm.file.descriptor.ratio" : {
      "value" : 0.0232421875
    },
    "vm.gc.PS-MarkSweep.count" : {
      "value" : 2
    },
    "vm.gc.PS-MarkSweep.time" : {
      "value" : 141
    },
    "vm.gc.PS-Scavenge.count" : {
      "value" : 18
    },
    "vm.gc.PS-Scavenge.time" : {
      "value" : 249
    },
    "vm.memory.heap.committed" : {
      "value" : 1553989632
    },
    "vm.memory.heap.init" : {
      "value" : 268435456
    },
    "vm.memory.heap.max" : {
      "value" : 3817865216
    },
    "vm.memory.heap.usage" : {
      "value" : 0.23587023560341425
    },
    "vm.memory.heap.used" : {
      "value" : 900520768
    },
    "vm.memory.non-heap.committed" : {
      "value" : 90112000
    },
    "vm.memory.non-heap.init" : {
      "value" : 2555904
    },
    "vm.memory.non-heap.max" : {
      "value" : -1
    },
    "vm.memory.non-heap.usage" : {
      "value" : -8.7761336E7
    },
    "vm.memory.non-heap.used" : {
      "value" : 87761336
    },
    "vm.memory.pools.Code-Cache.committed" : {
      "value" : 23527424
    },
    "vm.memory.pools.Code-Cache.init" : {
      "value" : 2555904
    },
    "vm.memory.pools.Code-Cache.max" : {
      "value" : 251658240
    },
    "vm.memory.pools.Code-Cache.usage" : {
      "value" : 0.09285507202148438
    },
    "vm.memory.pools.Code-Cache.used" : {
      "value" : 23368960
    },
    "vm.memory.pools.Compressed-Class-Space.committed" : {
      "value" : 7208960
    },
    "vm.memory.pools.Compressed-Class-Space.init" : {
      "value" : 0
    },
    "vm.memory.pools.Compressed-Class-Space.max" : {
      "value" : 1073741824
    },
    "vm.memory.pools.Compressed-Class-Space.usage" : {
      "value" : 0.00626017153263092
    },
    "vm.memory.pools.Compressed-Class-Space.used" : {
      "value" : 6721808
    },
    "vm.memory.pools.Metaspace.committed" : {
      "value" : 59375616
    },
    "vm.memory.pools.Metaspace.init" : {
      "value" : 0
    },
    "vm.memory.pools.Metaspace.max" : {
      "value" : -1
    },
    "vm.memory.pools.Metaspace.usage" : {
      "value" : 0.9713839431998482
    },
    "vm.memory.pools.Metaspace.used" : {
      "value" : 57676520
    },
    "vm.memory.pools.PS-Eden-Space.committed" : {
      "value" : 1367867392
    },
    "vm.memory.pools.PS-Eden-Space.init" : {
      "value" : 67108864
    },
    "vm.memory.pools.PS-Eden-Space.max" : {
      "value" : 1371013120
    },
    "vm.memory.pools.PS-Eden-Space.usage" : {
      "value" : 0.5958877300897019
    },
    "vm.memory.pools.PS-Eden-Space.used" : {
      "value" : 816969896
    },
    "vm.memory.pools.PS-Old-Gen.committed" : {
      "value" : 156762112
    },
    "vm.memory.pools.PS-Old-Gen.init" : {
      "value" : 179306496
    },
    "vm.memory.pools.PS-Old-Gen.max" : {
      "value" : 2863661056
    },
    "vm.memory.pools.PS-Old-Gen.usage" : {
      "value" : 0.02423824280969654
    },
    "vm.memory.pools.PS-Old-Gen.used" : {
      "value" : 69410112
    },
    "vm.memory.pools.PS-Survivor-Space.committed" : {
      "value" : 29360128
    },
    "vm.memory.pools.PS-Survivor-Space.init" : {
      "value" : 11010048
    },
    "vm.memory.pools.PS-Survivor-Space.max" : {
      "value" : 29360128
    },
    "vm.memory.pools.PS-Survivor-Space.usage" : {
      "value" : 0.48163141523088726
    },
    "vm.memory.pools.PS-Survivor-Space.used" : {
      "value" : 14140760
    },
    "vm.memory.total.committed" : {
      "value" : 1644101632
    },
    "vm.memory.total.init" : {
      "value" : 270991360
    },
    "vm.memory.total.max" : {
      "value" : 3817865215
    },
    "vm.memory.total.used" : {
      "value" : 988299888
    },
    "vm.new.count" : {
      "value" : 0
    },
    "vm.runnable.count" : {
      "value" : 9
    },
    "vm.terminated.count" : {
      "value" : 0
    },
    "vm.timed_waiting.count" : {
      "value" : 10
    },
    "vm.uptime.milliseconds" : {
      "value" : 122751
    },
    "vm.waiting.count" : {
      "value" : 13
    }
  },
  "counters" : {
    "http.activeRequests" : {
      "count" : 1
    }
  },
  "histograms" : {
    "jenkins.executor.count.history" : {
      "count" : 7,
      "max" : 2,
      "mean" : 2.0,
      "min" : 2,
      "p50" : 2.0,
      "p75" : 2.0,
      "p95" : 2.0,
      "p98" : 2.0,
      "p99" : 2.0,
      "p999" : 2.0,
      "values" : [ 2, 2, 2, 2, 2, 2, 2 ],
      "stddev" : 0.0
    },
    "jenkins.executor.free.history" : {
      "count" : 7,
      "max" : 2,
      "mean" : 2.0,
      "min" : 2,
      "p50" : 2.0,
      "p75" : 2.0,
      "p95" : 2.0,
      "p98" : 2.0,
      "p99" : 2.0,
      "p999" : 2.0,
      "values" : [ 2, 2, 2, 2, 2, 2, 2 ],
      "stddev" : 0.0
    },
    "jenkins.executor.in-use.history" : {
      "count" : 7,
      "max" : 0,
      "mean" : 0.0,
      "min" : 0,
      "p50" : 0.0,
      "p75" : 0.0,
      "p95" : 0.0,
      "p98" : 0.0,
      "p99" : 0.0,
      "p999" : 0.0,
      "values" : [ 0, 0, 0, 0, 0, 0, 0 ],
      "stddev" : 0.0
    },
    "jenkins.job.count.history" : {
      "count" : 7,
      "max" : 0,
      "mean" : 0.0,
      "min" : 0,
      "p50" : 0.0,
      "p75" : 0.0,
      "p95" : 0.0,
      "p98" : 0.0,
      "p99" : 0.0,
      "p999" : 0.0,
      "values" : [ 0, 0, 0, 0, 0, 0, 0 ],
      "stddev" : 0.0
    },
    "jenkins.node.count.history" : {
      "count" : 7,
      "max" : 1,
      "mean" : 1.0,
      "min" : 1,
      "p50" : 1.0,
      "p75" : 1.0,
      "p95" : 1.0,
      "p98" : 1.0,
      "p99" : 1.0,
      "p999" : 1.0,
      "values" : [ 1, 1, 1, 1, 1, 1, 1 ],
      "stddev" : 0.0
    },
    "jenkins.node.offline.history" : {
      "count" : 7,
      "max" : 0,
      "mean" : 0.0,
      "min" : 0,
      "p50" : 0.0,
      "p75" : 0.0,
      "p95" : 0.0,
      "p98" : 0.0,
      "p99" : 0.0,
      "p999" : 0.0,
      "values" : [ 0, 0, 0, 0, 0, 0, 0 ],
      "stddev" : 0.0
    },
    "jenkins.node.online.history" : {
      "count" : 7,
      "max" : 1,
      "mean" : 0.9999999999999999,
      "min" : 1,
      "p50" : 1.0,
      "p75" : 1.0,
      "p95" : 1.0,
      "p98" : 1.0,
      "p99" : 1.0,
      "p999" : 1.0,
      "values" : [ 1, 1, 1, 1, 1, 1, 1 ],
      "stddev" : 1.1102230246251564E-16
    },
    "jenkins.project.count.history" : {
      "count" : 7,
      "max" : 0,
      "mean" : 0.0,
      "min" : 0,
      "p50" : 0.0,
      "p75" : 0.0,
      "p95" : 0.0,
      "p98" : 0.0,
      "p99" : 0.0,
      "p999" : 0.0,
      "values" : [ 0, 0, 0, 0, 0, 0, 0 ],
      "stddev" : 0.0
    },
    "jenkins.project.disabled.count.history" : {
      "count" : 7,
      "max" : 0,
      "mean" : 0.0,
      "min" : 0,
      "p50" : 0.0,
      "p75" : 0.0,
      "p95" : 0.0,
      "p98" : 0.0,
      "p99" : 0.0,
      "p999" : 0.0,
      "values" : [ 0, 0, 0, 0, 0, 0, 0 ],
      "stddev" : 0.0
    },
    "jenkins.project.enabled.count.history" : {
      "count" : 7,
      "max" : 0,
      "mean" : 0.0,
      "min" : 0,
      "p50" : 0.0,
      "p75" : 0.0,
      "p95" : 0.0,
      "p98" : 0.0,
      "p99" : 0.0,
      "p999" : 0.0,
      "values" : [ 0, 0, 0, 0, 0, 0, 0 ],
      "stddev" : 0.0
    },
    "jenkins.queue.blocked.history" : {
      "count" : 7,
      "max" : 0,
      "mean" : 0.0,
      "min" : 0,
      "p50" : 0.0,
      "p75" : 0.0,
      "p95" : 0.0,
      "p98" : 0.0,
      "p99" : 0.0,
      "p999" : 0.0,
      "values" : [ 0, 0, 0, 0, 0, 0, 0 ],
      "stddev" : 0.0
    },
    "jenkins.queue.buildable.history" : {
      "count" : 7,
      "max" : 0,
      "mean" : 0.0,
      "min" : 0,
      "p50" : 0.0,
      "p75" : 0.0,
      "p95" : 0.0,
      "p98" : 0.0,
      "p99" : 0.0,
      "p999" : 0.0,
      "values" : [ 0, 0, 0, 0, 0, 0, 0 ],
      "stddev" : 0.0
    },
    "jenkins.queue.pending.history" : {
      "count" : 7,
      "max" : 0,
      "mean" : 0.0,
      "min" : 0,
      "p50" : 0.0,
      "p75" : 0.0,
      "p95" : 0.0,
      "p98" : 0.0,
      "p99" : 0.0,
      "p999" : 0.0,
      "values" : [ 0, 0, 0, 0, 0, 0, 0 ],
      "stddev" : 0.0
    },
    "jenkins.queue.size.history" : {
      "count" : 7,
      "max" : 0,
      "mean" : 0.0,
      "min" : 0,
      "p50" : 0.0,
      "p75" : 0.0,
      "p95" : 0.0,
      "p98" : 0.0,
      "p99" : 0.0,
      "p999" : 0.0,
      "values" : [ 0, 0, 0, 0, 0, 0, 0 ],
      "stddev" : 0.0
    },
    "jenkins.queue.stuck.history" : {
      "count" : 7,
      "max" : 0,
      "mean" : 0.0,
      "min" : 0,
      "p50" : 0.0,
      "p75" : 0.0,
      "p95" : 0.0,
      "p98" : 0.0,
      "p99" : 0.0,
      "p999" : 0.0,
      "values" : [ 0, 0, 0, 0, 0, 0, 0 ],
      "stddev" : 0.0
    },
    "system.cpu.load.x100.history" : {
      "count" : 7,
      "max" : 388,
      "mean" : 320.70806506251637,
      "min" : 254,
      "p50" : 335.0,
      "p75" : 371.0,
      "p95" : 388.0,
      "p98" : 388.0,
      "p99" : 388.0,
      "p999" : 388.0,
      "values" : [ 254, 297, 335, 354, 371, 382, 388 ],
      "stddev" : 48.42532361225212
    },
    "system.cpu.load.x100.window.15m" : {
      "count" : 7,
      "max" : 388,
      "mean" : 340.14285714285717,
      "min" : 254,
      "p50" : 354.0,
      "p75" : 382.0,
      "p95" : 388.0,
      "p98" : 388.0,
      "p99" : 388.0,
      "p999" : 388.0,
      "values" : [ 254, 297, 335, 354, 371, 382, 388 ],
      "stddev" : 49.150885280018336
    },
    "system.cpu.load.x100.window.1h" : {
      "count" : 7,
      "max" : 388,
      "mean" : 340.14285714285717,
      "min" : 254,
      "p50" : 354.0,
      "p75" : 382.0,
      "p95" : 388.0,
      "p98" : 388.0,
      "p99" : 388.0,
      "p999" : 388.0,
      "values" : [ 254, 297, 335, 354, 371, 382, 388 ],
      "stddev" : 49.150885280018336
    },
    "system.cpu.load.x100.window.5m" : {
      "count" : 7,
      "max" : 388,
      "mean" : 340.14285714285717,
      "min" : 254,
      "p50" : 354.0,
      "p75" : 382.0,
      "p95" : 388.0,
      "p98" : 388.0,
      "p99" : 388.0,
      "p999" : 388.0,
      "values" : [ 254, 297, 335, 354, 371, 382, 388 ],
      "stddev" : 49.150885280018336
    },
    "vm.cpu.load.x100.history" : {
      "count" : 7,
      "max" : 67,
      "mean" : 13.823408311504773,
      "min" : 0,
      "p50" : 1.0,
      "p75" : 17.0,
      "p95" : 67.0,
      "p98" : 67.0,
      "p99" : 67.0,
      "p999" : 67.0,
      "values" : [ 0, 1, 1, 6, 15, 17, 67 ],
      "stddev" : 21.506550995604492
    },
    "vm.cpu.load.x100.window.15m" : {
      "count" : 7,
      "max" : 67,
      "mean" : 15.285714285714286,
      "min" : 0,
      "p50" : 6.0,
      "p75" : 17.0,
      "p95" : 67.0,
      "p98" : 67.0,
      "p99" : 67.0,
      "p999" : 67.0,
      "values" : [ 0, 1, 1, 6, 15, 17, 67 ],
      "stddev" : 23.823757650115326
    },
    "vm.cpu.load.x100.window.1h" : {
      "count" : 7,
      "max" : 67,
      "mean" : 15.285714285714286,
      "min" : 0,
      "p50" : 6.0,
      "p75" : 17.0,
      "p95" : 67.0,
      "p98" : 67.0,
      "p99" : 67.0,
      "p999" : 67.0,
      "values" : [ 0, 1, 1, 6, 15, 17, 67 ],
      "stddev" : 23.823757650115326
    },
    "vm.cpu.load.x100.window.5m" : {
      "count" : 7,
      "max" : 67,
      "mean" : 15.285714285714286,
      "min" : 0,
      "p50" : 6.0,
      "p75" : 17.0,
      "p95" : 67.0,
      "p98" : 67.0,
      "p99" : 67.0,
      "p999" : 67.0,
      "values" : [ 0, 1, 1, 6, 15, 17, 67 ],
      "stddev" : 23.823757650115326
    },
    "vm.file.descriptor.ratio.x100.history" : {
      "count" : 7,
      "max" : 2,
      "mean" : 2.0,
      "min" : 2,
      "p50" : 2.0,
      "p75" : 2.0,
      "p95" : 2.0,
      "p98" : 2.0,
      "p99" : 2.0,
      "p999" : 2.0,
      "values" : [ 2, 2, 2, 2, 2, 2, 2 ],
      "stddev" : 0.0
    },
    "vm.file.descriptor.ratio.x100.window.15m" : {
      "count" : 7,
      "max" : 2,
      "mean" : 2.0,
      "min" : 2,
      "p50" : 2.0,
      "p75" : 2.0,
      "p95" : 2.0,
      "p98" : 2.0,
      "p99" : 2.0,
      "p999" : 2.0,
      "values" : [ 2, 2, 2, 2, 2, 2, 2 ],
      "stddev" : 0.0
    },
    "vm.file.descriptor.ratio.x100.window.1h" : {
      "count" : 7,
      "max" : 2,
      "mean" : 2.0,
      "min" : 2,
      "p50" : 2.0,
      "p75" : 2.0,
      "p95" : 2.0,
      "p98" : 2.0,
      "p99" : 2.0,
      "p999" : 2.0,
      "values" : [ 2, 2, 2, 2, 2, 2, 2 ],
      "stddev" : 0.0
    },
    "vm.file.descriptor.ratio.x100.window.5m" : {
      "count" : 7,
      "max" : 2,
      "mean" : 2.0,
      "min" : 2,
      "p50" : 2.0,
      "p75" : 2.0,
      "p95" : 2.0,
      "p98" : 2.0,
      "p99" : 2.0,
      "p999" : 2.0,
      "values" : [ 2, 2, 2, 2, 2, 2, 2 ],
      "stddev" : 0.0
    },
    "vm.memory.heap.committed.history" : {
      "count" : 7,
      "max" : 1553989632,
      "mean" : 1.5103172438575242E9,
      "min" : 1380450304,
      "p50" : 1.553989632E9,
      "p75" : 1.553989632E9,
      "p95" : 1.553989632E9,
      "p98" : 1.553989632E9,
      "p99" : 1.553989632E9,
      "p999" : 1.553989632E9,
      "values" : [ 1380450304, 1380450304, 1380450304, 1553989632, 1553989632, 1553989632, 1553989632 ],
      "stddev" : 7.531002193820785E7
    },
    "vm.memory.heap.committed.window.15m" : {
      "count" : 7,
      "max" : 1553989632,
      "mean" : 1.4796156342857144E9,
      "min" : 1380450304,
      "p50" : 1.553989632E9,
      "p75" : 1.553989632E9,
      "p95" : 1.553989632E9,
      "p98" : 1.553989632E9,
      "p99" : 1.553989632E9,
      "p999" : 1.553989632E9,
      "values" : [ 1380450304, 1380450304, 1380450304, 1553989632, 1553989632, 1553989632, 1553989632 ],
      "stddev" : 9.276067264385512E7
    },
    "vm.memory.heap.committed.window.1h" : {
      "count" : 7,
      "max" : 1553989632,
      "mean" : 1.4796156342857144E9,
      "min" : 1380450304,
      "p50" : 1.553989632E9,
      "p75" : 1.553989632E9,
      "p95" : 1.553989632E9,
      "p98" : 1.553989632E9,
      "p99" : 1.553989632E9,
      "p999" : 1.553989632E9,
      "values" : [ 1380450304, 1380450304, 1380450304, 1553989632, 1553989632, 1553989632, 1553989632 ],
      "stddev" : 9.276067264385512E7
    },
    "vm.memory.heap.committed.window.5m" : {
      "count" : 7,
      "max" : 1553989632,
      "mean" : 1.4796156342857144E9,
      "min" : 1380450304,
      "p50" : 1.553989632E9,
      "p75" : 1.553989632E9,
      "p95" : 1.553989632E9,
      "p98" : 1.553989632E9,
      "p99" : 1.553989632E9,
      "p999" : 1.553989632E9,
      "values" : [ 1380450304, 1380450304, 1380450304, 1553989632, 1553989632, 1553989632, 1553989632 ],
      "stddev" : 9.276067264385512E7
    },
    "vm.memory.heap.usage.x100.history" : {
      "count" : 7,
      "max" : 24,
      "mean" : 22.454099129848373,
      "min" : 19,
      "p50" : 23.0,
      "p75" : 23.0,
      "p95" : 24.0,
      "p98" : 24.0,
      "p99" : 24.0,
      "p999" : 24.0,
      "values" : [ 19, 21, 23, 23, 23, 23, 24 ],
      "stddev" : 1.4624059222446388
    },
    "vm.memory.heap.usage.x100.window.15m" : {
      "count" : 7,
      "max" : 24,
      "mean" : 22.285714285714285,
      "min" : 19,
      "p50" : 23.0,
      "p75" : 23.0,
      "p95" : 24.0,
      "p98" : 24.0,
      "p99" : 24.0,
      "p999" : 24.0,
      "values" : [ 19, 21, 23, 23, 23, 23, 24 ],
      "stddev" : 1.7043362064926932
    },
    "vm.memory.heap.usage.x100.window.1h" : {
      "count" : 7,
      "max" : 24,
      "mean" : 22.285714285714285,
      "min" : 19,
      "p50" : 23.0,
      "p75" : 23.0,
      "p95" : 24.0,
      "p98" : 24.0,
      "p99" : 24.0,
      "p999" : 24.0,
      "values" : [ 19, 21, 23, 23, 23, 23, 24 ],
      "stddev" : 1.7043362064926932
    },
    "vm.memory.heap.usage.x100.window.5m" : {
      "count" : 7,
      "max" : 24,
      "mean" : 22.285714285714285,
      "min" : 19,
      "p50" : 23.0,
      "p75" : 23.0,
      "p95" : 24.0,
      "p98" : 24.0,
      "p99" : 24.0,
      "p999" : 24.0,
      "values" : [ 19, 21, 23, 23, 23, 23, 24 ],
      "stddev" : 1.7043362064926932
    },
    "vm.memory.heap.used.history" : {
      "count" : 7,
      "max" : 927419264,
      "mean" : 8.534057649328269E8,
      "min" : 715496192,
      "p50" : 8.74743408E8,
      "p75" : 8.7891584E8,
      "p95" : 9.27419264E8,
      "p98" : 9.27419264E8,
      "p99" : 9.27419264E8,
      "p999" : 9.27419264E8,
      "values" : [ 715496192, 805269168, 862124824, 867256880, 874743408, 878915840, 927419264 ],
      "stddev" : 5.886256218615757E7
    },
    "vm.memory.heap.used.window.15m" : {
      "count" : 7,
      "max" : 927419264,
      "mean" : 8.473179394285715E8,
      "min" : 715496192,
      "p50" : 8.6725688E8,
      "p75" : 8.7891584E8,
      "p95" : 9.27419264E8,
      "p98" : 9.27419264E8,
      "p99" : 9.27419264E8,
      "p999" : 9.27419264E8,
      "values" : [ 715496192, 805269168, 862124824, 867256880, 874743408, 878915840, 927419264 ],
      "stddev" : 6.822595217434803E7
    },
    "vm.memory.heap.used.window.1h" : {
      "count" : 7,
      "max" : 927419264,
      "mean" : 8.473179394285715E8,
      "min" : 715496192,
      "p50" : 8.6725688E8,
      "p75" : 8.7891584E8,
      "p95" : 9.27419264E8,
      "p98" : 9.27419264E8,
      "p99" : 9.27419264E8,
      "p999" : 9.27419264E8,
      "values" : [ 715496192, 805269168, 862124824, 867256880, 874743408, 878915840, 927419264 ],
      "stddev" : 6.822595217434803E7
    },
    "vm.memory.heap.used.window.5m" : {
      "count" : 7,
      "max" : 927419264,
      "mean" : 8.473179394285715E8,
      "min" : 715496192,
      "p50" : 8.6725688E8,
      "p75" : 8.7891584E8,
      "p95" : 9.27419264E8,
      "p98" : 9.27419264E8,
      "p99" : 9.27419264E8,
      "p999" : 9.27419264E8,
      "values" : [ 715496192, 805269168, 862124824, 867256880, 874743408, 878915840, 927419264 ],
      "stddev" : 6.822595217434803E7
    },
    "vm.memory.non-heap.committed.history" : {
      "count" : 7,
      "max" : 89128960,
      "mean" : 8.662157338093548E7,
      "min" : 78839808,
      "p50" : 8.9063424E7,
      "p75" : 8.912896E7,
      "p95" : 8.912896E7,
      "p98" : 8.912896E7,
      "p99" : 8.912896E7,
      "p999" : 8.912896E7,
      "values" : [ 78839808, 78839808, 82444288, 86966272, 89063424, 89128960, 89128960 ],
      "stddev" : 3826317.3938221736
    },
    "vm.memory.non-heap.committed.window.15m" : {
      "count" : 7,
      "max" : 89128960,
      "mean" : 8.491593142857143E7,
      "min" : 78839808,
      "p50" : 8.6966272E7,
      "p75" : 8.912896E7,
      "p95" : 8.912896E7,
      "p98" : 8.912896E7,
      "p99" : 8.912896E7,
      "p999" : 8.912896E7,
      "values" : [ 78839808, 78839808, 82444288, 86966272, 89063424, 89128960, 89128960 ],
      "stddev" : 4775848.679427174
    },
    "vm.memory.non-heap.committed.window.1h" : {
      "count" : 7,
      "max" : 89128960,
      "mean" : 8.491593142857143E7,
      "min" : 78839808,
      "p50" : 8.6966272E7,
      "p75" : 8.912896E7,
      "p95" : 8.912896E7,
      "p98" : 8.912896E7,
      "p99" : 8.912896E7,
      "p999" : 8.912896E7,
      "values" : [ 78839808, 78839808, 82444288, 86966272, 89063424, 89128960, 89128960 ],
      "stddev" : 4775848.679427174
    },
    "vm.memory.non-heap.committed.window.5m" : {
      "count" : 7,
      "max" : 89128960,
      "mean" : 8.491593142857143E7,
      "min" : 78839808,
      "p50" : 8.6966272E7,
      "p75" : 8.912896E7,
      "p95" : 8.912896E7,
      "p98" : 8.912896E7,
      "p99" : 8.912896E7,
      "p999" : 8.912896E7,
      "values" : [ 78839808, 78839808, 82444288, 86966272, 89063424, 89128960, 89128960 ],
      "stddev" : 4775848.679427174
    },
    "vm.memory.non-heap.usage.x100.history" : {
      "count" : 7,
      "max" : -7692135200,
      "mean" : -8.410025673538371E9,
      "min" : -8666800800,
      "p50" : -8.6311992E9,
      "p75" : -7.995956E9,
      "p95" : -7.6921352E9,
      "p98" : -7.6921352E9,
      "p99" : -7.6921352E9,
      "p999" : -7.6921352E9,
      "values" : [ -8666800800, -8657642400, -8631199200, -8378984800, -7995956000, -7722208800, -7692135200 ],
      "stddev" : 3.586452442527668E8
    },
    "vm.memory.non-heap.usage.x100.window.15m" : {
      "count" : 7,
      "max" : -7692135200,
      "mean" : -8.249275314285714E9,
      "min" : -8666800800,
      "p50" : -8.3789848E9,
      "p75" : -7.7222088E9,
      "p95" : -7.6921352E9,
      "p98" : -7.6921352E9,
      "p99" : -7.6921352E9,
      "p999" : -7.6921352E9,
      "values" : [ -8666800800, -8657642400, -8631199200, -8378984800, -7995956000, -7722208800, -7692135200 ],
      "stddev" : 4.389678244656945E8
    },
    "vm.memory.non-heap.usage.x100.window.1h" : {
      "count" : 7,
      "max" : -7692135200,
      "mean" : -8.249275314285714E9,
      "min" : -8666800800,
      "p50" : -8.3789848E9,
      "p75" : -7.7222088E9,
      "p95" : -7.6921352E9,
      "p98" : -7.6921352E9,
      "p99" : -7.6921352E9,
      "p999" : -7.6921352E9,
      "values" : [ -8666800800, -8657642400, -8631199200, -8378984800, -7995956000, -7722208800, -7692135200 ],
      "stddev" : 4.389678244656945E8
    },
    "vm.memory.non-heap.usage.x100.window.5m" : {
      "count" : 7,
      "max" : -7692135200,
      "mean" : -8.249275314285714E9,
      "min" : -8666800800,
      "p50" : -8.3789848E9,
      "p75" : -7.7222088E9,
      "p95" : -7.6921352E9,
      "p98" : -7.6921352E9,
      "p99" : -7.6921352E9,
      "p999" : -7.6921352E9,
      "values" : [ -8666800800, -8657642400, -8631199200, -8378984800, -7995956000, -7722208800, -7692135200 ],
      "stddev" : 4.389678244656945E8
    },
    "vm.memory.non-heap.used.history" : {
      "count" : 7,
      "max" : 86668008,
      "mean" : 8.410025673538372E7,
      "min" : 76921352,
      "p50" : 8.6311992E7,
      "p75" : 8.6668008E7,
      "p95" : 8.6668008E7,
      "p98" : 8.6668008E7,
      "p99" : 8.6668008E7,
      "p999" : 8.6668008E7,
      "values" : [ 76921352, 77222088, 79959560, 83789848, 86311992, 86576424, 86668008 ],
      "stddev" : 3586452.4425276676
    },
    "vm.memory.non-heap.used.window.15m" : {
      "count" : 7,
      "max" : 86668008,
      "mean" : 8.249275314285715E7,
      "min" : 76921352,
      "p50" : 8.3789848E7,
      "p75" : 8.6576424E7,
      "p95" : 8.6668008E7,
      "p98" : 8.6668008E7,
      "p99" : 8.6668008E7,
      "p999" : 8.6668008E7,
      "values" : [ 76921352, 77222088, 79959560, 83789848, 86311992, 86576424, 86668008 ],
      "stddev" : 4389678.244656945
    },
    "vm.memory.non-heap.used.window.1h" : {
      "count" : 7,
      "max" : 86668008,
      "mean" : 8.249275314285715E7,
      "min" : 76921352,
      "p50" : 8.3789848E7,
      "p75" : 8.6576424E7,
      "p95" : 8.6668008E7,
      "p98" : 8.6668008E7,
      "p99" : 8.6668008E7,
      "p999" : 8.6668008E7,
      "values" : [ 76921352, 77222088, 79959560, 83789848, 86311992, 86576424, 86668008 ],
      "stddev" : 4389678.244656945
    },
    "vm.memory.non-heap.used.window.5m" : {
      "count" : 7,
      "max" : 86668008,
      "mean" : 8.249275314285715E7,
      "min" : 76921352,
      "p50" : 8.3789848E7,
      "p75" : 8.6576424E7,
      "p95" : 8.6668008E7,
      "p98" : 8.6668008E7,
      "p99" : 8.6668008E7,
      "p999" : 8.6668008E7,
      "values" : [ 76921352, 77222088, 79959560, 83789848, 86311992, 86576424, 86668008 ],
      "stddev" : 4389678.244656945
    },
    "vm.memory.pools.Code-Cache.committed.history" : {
      "count" : 7,
      "max" : 22806528,
      "mean" : 2.1522627406113748E7,
      "min" : 16973824,
      "p50" : 2.2740992E7,
      "p75" : 2.2806528E7,
      "p95" : 2.2806528E7,
      "p98" : 2.2806528E7,
      "p99" : 2.2806528E7,
      "p999" : 2.2806528E7,
      "values" : [ 16973824, 16973824, 19267584, 22478848, 22740992, 22806528, 22806528 ],
      "stddev" : 2169578.030176312
    },
    "vm.memory.pools.Code-Cache.committed.window.15m" : {
      "count" : 7,
      "max" : 22806528,
      "mean" : 2.0578304E7,
      "min" : 16973824,
      "p50" : 2.2478848E7,
      "p75" : 2.2806528E7,
      "p95" : 2.2806528E7,
      "p98" : 2.2806528E7,
      "p99" : 2.2806528E7,
      "p999" : 2.2806528E7,
      "values" : [ 16973824, 16973824, 19267584, 22478848, 22740992, 22806528, 22806528 ],
      "stddev" : 2766519.7851220947
    },
    "vm.memory.pools.Code-Cache.committed.window.1h" : {
      "count" : 7,
      "max" : 22806528,
      "mean" : 2.0578304E7,
      "min" : 16973824,
      "p50" : 2.2478848E7,
      "p75" : 2.2806528E7,
      "p95" : 2.2806528E7,
      "p98" : 2.2806528E7,
      "p99" : 2.2806528E7,
      "p999" : 2.2806528E7,
      "values" : [ 16973824, 16973824, 19267584, 22478848, 22740992, 22806528, 22806528 ],
      "stddev" : 2766519.7851220947
    },
    "vm.memory.pools.Code-Cache.committed.window.5m" : {
      "count" : 7,
      "max" : 22806528,
      "mean" : 2.0578304E7,
      "min" : 16973824,
      "p50" : 2.2478848E7,
      "p75" : 2.2806528E7,
      "p95" : 2.2806528E7,
      "p98" : 2.2806528E7,
      "p99" : 2.2806528E7,
      "p999" : 2.2806528E7,
      "values" : [ 16973824, 16973824, 19267584, 22478848, 22740992, 22806528, 22806528 ],
      "stddev" : 2766519.7851220947
    },
    "vm.memory.pools.Code-Cache.usage.x100.history" : {
      "count" : 7,
      "max" : 9,
      "mean" : 8.367319352558582,
      "min" : 7,
      "p50" : 9.0,
      "p75" : 9.0,
      "p95" : 9.0,
      "p98" : 9.0,
      "p99" : 9.0,
      "p999" : 9.0,
      "values" : [ 7, 7, 7, 8, 9, 9, 9 ],
      "stddev" : 0.8577353104570462
    },
    "vm.memory.pools.Code-Cache.usage.x100.window.15m" : {
      "count" : 7,
      "max" : 9,
      "mean" : 8.0,
      "min" : 7,
      "p50" : 8.0,
      "p75" : 9.0,
      "p95" : 9.0,
      "p98" : 9.0,
      "p99" : 9.0,
      "p999" : 9.0,
      "values" : [ 7, 7, 7, 8, 9, 9, 9 ],
      "stddev" : 1.0
    },
    "vm.memory.pools.Code-Cache.usage.x100.window.1h" : {
      "count" : 7,
      "max" : 9,
      "mean" : 8.0,
      "min" : 7,
      "p50" : 8.0,
      "p75" : 9.0,
      "p95" : 9.0,
      "p98" : 9.0,
      "p99" : 9.0,
      "p999" : 9.0,
      "values" : [ 7, 7, 7, 8, 9, 9, 9 ],
      "stddev" : 1.0
    },
    "vm.memory.pools.Code-Cache.usage.x100.window.5m" : {
      "count" : 7,
      "max" : 9,
      "mean" : 8.0,
      "min" : 7,
      "p50" : 8.0,
      "p75" : 9.0,
      "p95" : 9.0,
      "p98" : 9.0,
      "p99" : 9.0,
      "p999" : 9.0,
      "values" : [ 7, 7, 7, 8, 9, 9, 9 ],
      "stddev" : 1.0
    },
    "vm.memory.pools.Code-Cache.used.history" : {
      "count" : 7,
      "max" : 22476032,
      "mean" : 2.101282077566184E7,
      "min" : 16520832,
      "p50" : 2.2196736E7,
      "p75" : 2.2476032E7,
      "p95" : 2.2476032E7,
      "p98" : 2.2476032E7,
      "p99" : 2.2476032E7,
      "p999" : 2.2476032E7,
      "values" : [ 16520832, 16838272, 18635840, 21324864, 22196736, 22427904, 22476032 ],
      "stddev" : 2141470.407620046
    },
    "vm.memory.pools.Code-Cache.used.window.15m" : {
      "count" : 7,
      "max" : 22476032,
      "mean" : 2.006006857142857E7,
      "min" : 16520832,
      "p50" : 2.1324864E7,
      "p75" : 2.2427904E7,
      "p95" : 2.2476032E7,
      "p98" : 2.2476032E7,
      "p99" : 2.2476032E7,
      "p999" : 2.2476032E7,
      "values" : [ 16520832, 16838272, 18635840, 21324864, 22196736, 22427904, 22476032 ],
      "stddev" : 2662804.748172051
    },
    "vm.memory.pools.Code-Cache.used.window.1h" : {
      "count" : 7,
      "max" : 22476032,
      "mean" : 2.006006857142857E7,
      "min" : 16520832,
      "p50" : 2.1324864E7,
      "p75" : 2.2427904E7,
      "p95" : 2.2476032E7,
      "p98" : 2.2476032E7,
      "p99" : 2.2476032E7,
      "p999" : 2.2476032E7,
      "values" : [ 16520832, 16838272, 18635840, 21324864, 22196736, 22427904, 22476032 ],
      "stddev" : 2662804.748172051
    },
    "vm.memory.pools.Code-Cache.used.window.5m" : {
      "count" : 7,
      "max" : 22476032,
      "mean" : 2.006006857142857E7,
      "min" : 16520832,
      "p50" : 2.1324864E7,
      "p75" : 2.2427904E7,
      "p95" : 2.2476032E7,
      "p98" : 2.2476032E7,
      "p99" : 2.2476032E7,
      "p999" : 2.2476032E7,
      "values" : [ 16520832, 16838272, 18635840, 21324864, 22196736, 22427904, 22476032 ],
      "stddev" : 2662804.748172051
    },
    "vm.memory.pools.Compressed-Class-Space.committed.history" : {
      "count" : 7,
      "max" : 7208960,
      "mean" : 7056646.47924058,
      "min" : 6684672,
      "p50" : 7208960.0,
      "p75" : 7208960.0,
      "p95" : 7208960.0,
      "p98" : 7208960.0,
      "p99" : 7208960.0,
      "p999" : 7208960.0,
      "values" : [ 6684672, 6684672, 6815744, 6946816, 7208960, 7208960, 7208960 ],
      "stddev" : 206016.07763629558
    },
    "vm.memory.pools.Compressed-Class-Space.committed.window.15m" : {
      "count" : 7,
      "max" : 7208960,
      "mean" : 6965540.571428572,
      "min" : 6684672,
      "p50" : 6946816.0,
      "p75" : 7208960.0,
      "p95" : 7208960.0,
      "p98" : 7208960.0,
      "p99" : 7208960.0,
      "p999" : 7208960.0,
      "values" : [ 6684672, 6684672, 6815744, 6946816, 7208960, 7208960, 7208960 ],
      "stddev" : 244377.7764847267
    },
    "vm.memory.pools.Compressed-Class-Space.committed.window.1h" : {
      "count" : 7,
      "max" : 7208960,
      "mean" : 6965540.571428572,
      "min" : 6684672,
      "p50" : 6946816.0,
      "p75" : 7208960.0,
      "p95" : 7208960.0,
      "p98" : 7208960.0,
      "p99" : 7208960.0,
      "p999" : 7208960.0,
      "values" : [ 6684672, 6684672, 6815744, 6946816, 7208960, 7208960, 7208960 ],
      "stddev" : 244377.7764847267
    },
    "vm.memory.pools.Compressed-Class-Space.committed.window.5m" : {
      "count" : 7,
      "max" : 7208960,
      "mean" : 6965540.571428572,
      "min" : 6684672,
      "p50" : 6946816.0,
      "p75" : 7208960.0,
      "p95" : 7208960.0,
      "p98" : 7208960.0,
      "p99" : 7208960.0,
      "p999" : 7208960.0,
      "values" : [ 6684672, 6684672, 6815744, 6946816, 7208960, 7208960, 7208960 ],
      "stddev" : 244377.7764847267
    },
    "vm.memory.pools.Compressed-Class-Space.usage.x100.history" : {
      "count" : 7,
      "max" : 1,
      "mean" : 1.0,
      "min" : 1,
      "p50" : 1.0,
      "p75" : 1.0,
      "p95" : 1.0,
      "p98" : 1.0,
      "p99" : 1.0,
      "p999" : 1.0,
      "values" : [ 1, 1, 1, 1, 1, 1, 1 ],
      "stddev" : 0.0
    },
    "vm.memory.pools.Compressed-Class-Space.usage.x100.window.15m" : {
      "count" : 7,
      "max" : 1,
      "mean" : 1.0,
      "min" : 1,
      "p50" : 1.0,
      "p75" : 1.0,
      "p95" : 1.0,
      "p98" : 1.0,
      "p99" : 1.0,
      "p999" : 1.0,
      "values" : [ 1, 1, 1, 1, 1, 1, 1 ],
      "stddev" : 0.0
    },
    "vm.memory.pools.Compressed-Class-Space.usage.x100.window.1h" : {
      "count" : 7,
      "max" : 1,
      "mean" : 1.0,
      "min" : 1,
      "p50" : 1.0,
      "p75" : 1.0,
      "p95" : 1.0,
      "p98" : 1.0,
      "p99" : 1.0,
      "p999" : 1.0,
      "values" : [ 1, 1, 1, 1, 1, 1, 1 ],
      "stddev" : 0.0
    },
    "vm.memory.pools.Compressed-Class-Space.usage.x100.window.5m" : {
      "count" : 7,
      "max" : 1,
      "mean" : 1.0,
      "min" : 1,
      "p50" : 1.0,
      "p75" : 1.0,
      "p95" : 1.0,
      "p98" : 1.0,
      "p99" : 1.0,
      "p999" : 1.0,
      "values" : [ 1, 1, 1, 1, 1, 1, 1 ],
      "stddev" : 0.0
    },
    "vm.memory.pools.Compressed-Class-Space.used.history" : {
      "count" : 7,
      "max" : 6705064,
      "mean" : 6605949.156604841,
      "min" : 6384048,
      "p50" : 6700552.0,
      "p75" : 6705064.0,
      "p95" : 6705064.0,
      "p98" : 6705064.0,
      "p99" : 6705064.0,
      "p999" : 6705064.0,
      "values" : [ 6384048, 6385128, 6438160, 6531320, 6700552, 6701120, 6705064 ],
      "stddev" : 129143.26798568104
    },
    "vm.memory.pools.Compressed-Class-Space.used.window.15m" : {
      "count" : 7,
      "max" : 6705064,
      "mean" : 6549341.714285715,
      "min" : 6384048,
      "p50" : 6531320.0,
      "p75" : 6701120.0,
      "p95" : 6705064.0,
      "p98" : 6705064.0,
      "p99" : 6705064.0,
      "p999" : 6705064.0,
      "values" : [ 6384048, 6385128, 6438160, 6531320, 6700552, 6701120, 6705064 ],
      "stddev" : 151175.9132641113
    },
    "vm.memory.pools.Compressed-Class-Space.used.window.1h" : {
      "count" : 7,
      "max" : 6705064,
      "mean" : 6549341.714285715,
      "min" : 6384048,
      "p50" : 6531320.0,
      "p75" : 6701120.0,
      "p95" : 6705064.0,
      "p98" : 6705064.0,
      "p99" : 6705064.0,
      "p999" : 6705064.0,
      "values" : [ 6384048, 6385128, 6438160, 6531320, 6700552, 6701120, 6705064 ],
      "stddev" : 151175.9132641113
    },
    "vm.memory.pools.Compressed-Class-Space.used.window.5m" : {
      "count" : 7,
      "max" : 6705064,
      "mean" : 6549341.714285715,
      "min" : 6384048,
      "p50" : 6531320.0,
      "p75" : 6701120.0,
      "p95" : 6705064.0,
      "p98" : 6705064.0,
      "p99" : 6705064.0,
      "p999" : 6705064.0,
      "values" : [ 6384048, 6385128, 6438160, 6531320, 6700552, 6701120, 6705064 ],
      "stddev" : 151175.9132641113
    },
    "vm.memory.pools.Metaspace.committed.history" : {
      "count" : 7,
      "max" : 59113472,
      "mean" : 5.804229949558113E7,
      "min" : 55181312,
      "p50" : 5.9113472E7,
      "p75" : 5.9113472E7,
      "p95" : 5.9113472E7,
      "p98" : 5.9113472E7,
      "p99" : 5.9113472E7,
      "p999" : 5.9113472E7,
      "values" : [ 55181312, 55181312, 56360960, 57540608, 59113472, 59113472, 59113472 ],
      "stddev" : 1499710.5556985892
    },
    "vm.memory.pools.Metaspace.committed.window.15m" : {
      "count" : 7,
      "max" : 59113472,
      "mean" : 5.737208685714286E7,
      "min" : 55181312,
      "p50" : 5.7540608E7,
      "p75" : 5.9113472E7,
      "p95" : 5.9113472E7,
      "p98" : 5.9113472E7,
      "p99" : 5.9113472E7,
      "p999" : 5.9113472E7,
      "values" : [ 55181312, 55181312, 56360960, 57540608, 59113472, 59113472, 59113472 ],
      "stddev" : 1814158.7808814151
    },
    "vm.memory.pools.Metaspace.committed.window.1h" : {
      "count" : 7,
      "max" : 59113472,
      "mean" : 5.737208685714286E7,
      "min" : 55181312,
      "p50" : 5.7540608E7,
      "p75" : 5.9113472E7,
      "p95" : 5.9113472E7,
      "p98" : 5.9113472E7,
      "p99" : 5.9113472E7,
      "p999" : 5.9113472E7,
      "values" : [ 55181312, 55181312, 56360960, 57540608, 59113472, 59113472, 59113472 ],
      "stddev" : 1814158.7808814151
    },
    "vm.memory.pools.Metaspace.committed.window.5m" : {
      "count" : 7,
      "max" : 59113472,
      "mean" : 5.737208685714286E7,
      "min" : 55181312,
      "p50" : 5.7540608E7,
      "p75" : 5.9113472E7,
      "p95" : 5.9113472E7,
      "p98" : 5.9113472E7,
      "p99" : 5.9113472E7,
      "p999" : 5.9113472E7,
      "values" : [ 55181312, 55181312, 56360960, 57540608, 59113472, 59113472, 59113472 ],
      "stddev" : 1814158.7808814151
    },
    "vm.memory.pools.Metaspace.usage.x100.history" : {
      "count" : 7,
      "max" : 98,
      "mean" : 97.14835565593971,
      "min" : 97,
      "p50" : 97.0,
      "p75" : 97.0,
      "p95" : 98.0,
      "p98" : 98.0,
      "p99" : 98.0,
      "p999" : 98.0,
      "values" : [ 97, 97, 97, 97, 97, 98, 98 ],
      "stddev" : 0.3554521842532199
    },
    "vm.memory.pools.Metaspace.usage.x100.window.15m" : {
      "count" : 7,
      "max" : 98,
      "mean" : 97.28571428571429,
      "min" : 97,
      "p50" : 97.0,
      "p75" : 98.0,
      "p95" : 98.0,
      "p98" : 98.0,
      "p99" : 98.0,
      "p999" : 98.0,
      "values" : [ 97, 97, 97, 97, 97, 98, 98 ],
      "stddev" : 0.48795003647426666
    },
    "vm.memory.pools.Metaspace.usage.x100.window.1h" : {
      "count" : 7,
      "max" : 98,
      "mean" : 97.28571428571429,
      "min" : 97,
      "p50" : 97.0,
      "p75" : 98.0,
      "p95" : 98.0,
      "p98" : 98.0,
      "p99" : 98.0,
      "p999" : 98.0,
      "values" : [ 97, 97, 97, 97, 97, 98, 98 ],
      "stddev" : 0.48795003647426666
    },
    "vm.memory.pools.Metaspace.usage.x100.window.5m" : {
      "count" : 7,
      "max" : 98,
      "mean" : 97.28571428571429,
      "min" : 97,
      "p50" : 97.0,
      "p75" : 98.0,
      "p95" : 98.0,
      "p98" : 98.0,
      "p99" : 98.0,
      "p999" : 98.0,
      "values" : [ 97, 97, 97, 97, 97, 98, 98 ],
      "stddev" : 0.48795003647426666
    },
    "vm.memory.pools.Metaspace.used.history" : {
      "count" : 7,
      "max" : 57486912,
      "mean" : 5.6481783535888776E7,
      "min" : 53998232,
      "p50" : 5.7414704E7,
      "p75" : 5.7486912E7,
      "p95" : 5.7486912E7,
      "p98" : 5.7486912E7,
      "p99" : 5.7486912E7,
      "p999" : 5.7486912E7,
      "values" : [ 53998232, 54016736, 54887968, 55933960, 57414704, 57447400, 57486912 ],
      "stddev" : 1340005.586337302
    },
    "vm.memory.pools.Metaspace.used.window.15m" : {
      "count" : 7,
      "max" : 57486912,
      "mean" : 5.588370171428572E7,
      "min" : 53998232,
      "p50" : 5.593396E7,
      "p75" : 5.74474E7,
      "p95" : 5.7486912E7,
      "p98" : 5.7486912E7,
      "p99" : 5.7486912E7,
      "p999" : 5.7486912E7,
      "values" : [ 53998232, 54016736, 54887968, 55933960, 57414704, 57447400, 57486912 ],
      "stddev" : 1601768.4026664314
    },
    "vm.memory.pools.Metaspace.used.window.1h" : {
      "count" : 7,
      "max" : 57486912,
      "mean" : 5.588370171428572E7,
      "min" : 53998232,
      "p50" : 5.593396E7,
      "p75" : 5.74474E7,
      "p95" : 5.7486912E7,
      "p98" : 5.7486912E7,
      "p99" : 5.7486912E7,
      "p999" : 5.7486912E7,
      "values" : [ 53998232, 54016736, 54887968, 55933960, 57414704, 57447400, 57486912 ],
      "stddev" : 1601768.4026664314
    },
    "vm.memory.pools.Metaspace.used.window.5m" : {
      "count" : 7,
      "max" : 57486912,
      "mean" : 5.588370171428572E7,
      "min" : 53998232,
      "p50" : 5.593396E7,
      "p75" : 5.74474E7,
      "p95" : 5.7486912E7,
      "p98" : 5.7486912E7,
      "p99" : 5.7486912E7,
      "p999" : 5.7486912E7,
      "values" : [ 53998232, 54016736, 54887968, 55933960, 57414704, 57447400, 57486912 ],
      "stddev" : 1601768.4026664314
    },
    "vm.memory.pools.PS-Eden-Space.committed.history" : {
      "count" : 7,
      "max" : 1367867392,
      "mean" : 1.3234033593594735E9,
      "min" : 1191182336,
      "p50" : 1.367867392E9,
      "p75" : 1.367867392E9,
      "p95" : 1.367867392E9,
      "p98" : 1.367867392E9,
      "p99" : 1.367867392E9,
      "p999" : 1.367867392E9,
      "values" : [ 1191182336, 1191182336, 1191182336, 1367867392, 1367867392, 1367867392, 1367867392 ],
      "stddev" : 7.667515828754093E7
    },
    "vm.memory.pools.PS-Eden-Space.committed.window.15m" : {
      "count" : 7,
      "max" : 1367867392,
      "mean" : 1.292145225142857E9,
      "min" : 1191182336,
      "p50" : 1.367867392E9,
      "p75" : 1.367867392E9,
      "p95" : 1.367867392E9,
      "p98" : 1.367867392E9,
      "p99" : 1.367867392E9,
      "p999" : 1.367867392E9,
      "values" : [ 1191182336, 1191182336, 1191182336, 1367867392, 1367867392, 1367867392, 1367867392 ],
      "stddev" : 9.444213498785248E7
    },
    "vm.memory.pools.PS-Eden-Space.committed.window.1h" : {
      "count" : 7,
      "max" : 1367867392,
      "mean" : 1.292145225142857E9,
      "min" : 1191182336,
      "p50" : 1.367867392E9,
      "p75" : 1.367867392E9,
      "p95" : 1.367867392E9,
      "p98" : 1.367867392E9,
      "p99" : 1.367867392E9,
      "p999" : 1.367867392E9,
      "values" : [ 1191182336, 1191182336, 1191182336, 1367867392, 1367867392, 1367867392, 1367867392 ],
      "stddev" : 9.444213498785248E7
    },
    "vm.memory.pools.PS-Eden-Space.committed.window.5m" : {
      "count" : 7,
      "max" : 1367867392,
      "mean" : 1.292145225142857E9,
      "min" : 1191182336,
      "p50" : 1.367867392E9,
      "p75" : 1.367867392E9,
      "p95" : 1.367867392E9,
      "p98" : 1.367867392E9,
      "p99" : 1.367867392E9,
      "p999" : 1.367867392E9,
      "values" : [ 1191182336, 1191182336, 1191182336, 1367867392, 1367867392, 1367867392, 1367867392 ],
      "stddev" : 9.444213498785248E7
    },
    "vm.memory.pools.PS-Eden-Space.usage.x100.history" : {
      "count" : 7,
      "max" : 63,
      "mean" : 56.538627025662734,
      "min" : 46,
      "p50" : 58.0,
      "p75" : 58.0,
      "p95" : 63.0,
      "p98" : 63.0,
      "p99" : 63.0,
      "p999" : 63.0,
      "values" : [ 46, 54, 57, 58, 58, 58, 63 ],
      "stddev" : 4.5046211831895215
    },
    "vm.memory.pools.PS-Eden-Space.usage.x100.window.15m" : {
      "count" : 7,
      "max" : 63,
      "mean" : 56.285714285714285,
      "min" : 46,
      "p50" : 58.0,
      "p75" : 58.0,
      "p95" : 63.0,
      "p98" : 63.0,
      "p99" : 63.0,
      "p999" : 63.0,
      "values" : [ 46, 54, 57, 58, 58, 58, 63 ],
      "stddev" : 5.2508502712826015
    },
    "vm.memory.pools.PS-Eden-Space.usage.x100.window.1h" : {
      "count" : 7,
      "max" : 63,
      "mean" : 56.285714285714285,
      "min" : 46,
      "p50" : 58.0,
      "p75" : 58.0,
      "p95" : 63.0,
      "p98" : 63.0,
      "p99" : 63.0,
      "p999" : 63.0,
      "values" : [ 46, 54, 57, 58, 58, 58, 63 ],
      "stddev" : 5.2508502712826015
    },
    "vm.memory.pools.PS-Eden-Space.usage.x100.window.5m" : {
      "count" : 7,
      "max" : 63,
      "mean" : 56.285714285714285,
      "min" : 46,
      "p50" : 58.0,
      "p75" : 58.0,
      "p95" : 63.0,
      "p98" : 63.0,
      "p99" : 63.0,
      "p999" : 63.0,
      "values" : [ 46, 54, 57, 58, 58, 58, 63 ],
      "stddev" : 5.2508502712826015
    },
    "vm.memory.pools.PS-Eden-Space.used.history" : {
      "count" : 7,
      "max" : 857976400,
      "mean" : 7.734052720220737E8,
      "min" : 631945320,
      "p50" : 7.91192536E8,
      "p75" : 7.95364968E8,
      "p95" : 8.579764E8,
      "p98" : 8.579764E8,
      "p99" : 8.579764E8,
      "p999" : 8.579764E8,
      "values" : [ 631945320, 735826304, 778573952, 791192536, 795364968, 797814016, 857976400 ],
      "stddev" : 6.050446907764428E7
    },
    "vm.memory.pools.PS-Eden-Space.used.window.15m" : {
      "count" : 7,
      "max" : 857976400,
      "mean" : 7.698133565714285E8,
      "min" : 631945320,
      "p50" : 7.91192536E8,
      "p75" : 7.97814016E8,
      "p95" : 8.579764E8,
      "p98" : 8.579764E8,
      "p99" : 8.579764E8,
      "p999" : 8.579764E8,
      "values" : [ 631945320, 735826304, 778573952, 791192536, 795364968, 797814016, 857976400 ],
      "stddev" : 7.060001959097426E7
    },
    "vm.memory.pools.PS-Eden-Space.used.window.1h" : {
      "count" : 7,
      "max" : 857976400,
      "mean" : 7.698133565714285E8,
      "min" : 631945320,
      "p50" : 7.91192536E8,
      "p75" : 7.97814016E8,
      "p95" : 8.579764E8,
      "p98" : 8.579764E8,
      "p99" : 8.579764E8,
      "p999" : 8.579764E8,
      "values" : [ 631945320, 735826304, 778573952, 791192536, 795364968, 797814016, 857976400 ],
      "stddev" : 7.060001959097426E7
    },
    "vm.memory.pools.PS-Eden-Space.used.window.5m" : {
      "count" : 7,
      "max" : 857976400,
      "mean" : 7.698133565714285E8,
      "min" : 631945320,
      "p50" : 7.91192536E8,
      "p75" : 7.97814016E8,
      "p95" : 8.579764E8,
      "p98" : 8.579764E8,
      "p99" : 8.579764E8,
      "p999" : 8.579764E8,
      "values" : [ 631945320, 735826304, 778573952, 791192536, 795364968, 797814016, 857976400 ],
      "stddev" : 7.060001959097426E7
    },
    "vm.memory.pools.PS-Old-Gen.committed.history" : {
      "count" : 7,
      "max" : 156762112,
      "mean" : 1.56762112E8,
      "min" : 156762112,
      "p50" : 1.56762112E8,
      "p75" : 1.56762112E8,
      "p95" : 1.56762112E8,
      "p98" : 1.56762112E8,
      "p99" : 1.56762112E8,
      "p999" : 1.56762112E8,
      "values" : [ 156762112, 156762112, 156762112, 156762112, 156762112, 156762112, 156762112 ],
      "stddev" : 0.0
    },
    "vm.memory.pools.PS-Old-Gen.committed.window.15m" : {
      "count" : 7,
      "max" : 156762112,
      "mean" : 1.56762112E8,
      "min" : 156762112,
      "p50" : 1.56762112E8,
      "p75" : 1.56762112E8,
      "p95" : 1.56762112E8,
      "p98" : 1.56762112E8,
      "p99" : 1.56762112E8,
      "p999" : 1.56762112E8,
      "values" : [ 156762112, 156762112, 156762112, 156762112, 156762112, 156762112, 156762112 ],
      "stddev" : 0.0
    },
    "vm.memory.pools.PS-Old-Gen.committed.window.1h" : {
      "count" : 7,
      "max" : 156762112,
      "mean" : 1.56762112E8,
      "min" : 156762112,
      "p50" : 1.56762112E8,
      "p75" : 1.56762112E8,
      "p95" : 1.56762112E8,
      "p98" : 1.56762112E8,
      "p99" : 1.56762112E8,
      "p999" : 1.56762112E8,
      "values" : [ 156762112, 156762112, 156762112, 156762112, 156762112, 156762112, 156762112 ],
      "stddev" : 0.0
    },
    "vm.memory.pools.PS-Old-Gen.committed.window.5m" : {
      "count" : 7,
      "max" : 156762112,
      "mean" : 1.56762112E8,
      "min" : 156762112,
      "p50" : 1.56762112E8,
      "p75" : 1.56762112E8,
      "p95" : 1.56762112E8,
      "p98" : 1.56762112E8,
      "p99" : 1.56762112E8,
      "p999" : 1.56762112E8,
      "values" : [ 156762112, 156762112, 156762112, 156762112, 156762112, 156762112, 156762112 ],
      "stddev" : 0.0
    },
    "vm.memory.pools.PS-Old-Gen.usage.x100.history" : {
      "count" : 7,
      "max" : 2,
      "mean" : 2.0,
      "min" : 2,
      "p50" : 2.0,
      "p75" : 2.0,
      "p95" : 2.0,
      "p98" : 2.0,
      "p99" : 2.0,
      "p999" : 2.0,
      "values" : [ 2, 2, 2, 2, 2, 2, 2 ],
      "stddev" : 0.0
    },
    "vm.memory.pools.PS-Old-Gen.usage.x100.window.15m" : {
      "count" : 7,
      "max" : 2,
      "mean" : 2.0,
      "min" : 2,
      "p50" : 2.0,
      "p75" : 2.0,
      "p95" : 2.0,
      "p98" : 2.0,
      "p99" : 2.0,
      "p999" : 2.0,
      "values" : [ 2, 2, 2, 2, 2, 2, 2 ],
      "stddev" : 0.0
    },
    "vm.memory.pools.PS-Old-Gen.usage.x100.window.1h" : {
      "count" : 7,
      "max" : 2,
      "mean" : 2.0,
      "min" : 2,
      "p50" : 2.0,
      "p75" : 2.0,
      "p95" : 2.0,
      "p98" : 2.0,
      "p99" : 2.0,
      "p999" : 2.0,
      "values" : [ 2, 2, 2, 2, 2, 2, 2 ],
      "stddev" : 0.0
    },
    "vm.memory.pools.PS-Old-Gen.usage.x100.window.5m" : {
      "count" : 7,
      "max" : 2,
      "mean" : 2.0,
      "min" : 2,
      "p50" : 2.0,
      "p75" : 2.0,
      "p95" : 2.0,
      "p98" : 2.0,
      "p99" : 2.0,
      "p999" : 2.0,
      "values" : [ 2, 2, 2, 2, 2, 2, 2 ],
      "stddev" : 0.0
    },
    "vm.memory.pools.PS-Old-Gen.used.history" : {
      "count" : 7,
      "max" : 69410112,
      "mean" : 6.896480794333422E7,
      "min" : 67640624,
      "p50" : 6.9410112E7,
      "p75" : 6.9410112E7,
      "p95" : 6.9410112E7,
      "p98" : 6.9410112E7,
      "p99" : 6.9410112E7,
      "p999" : 6.9410112E7,
      "values" : [ 67640624, 67640624, 67640624, 69410112, 69410112, 69410112, 69410112 ],
      "stddev" : 767896.1399423854
    },
    "vm.memory.pools.PS-Old-Gen.used.window.15m" : {
      "count" : 7,
      "max" : 69410112,
      "mean" : 6.865176E7,
      "min" : 67640624,
      "p50" : 6.9410112E7,
      "p75" : 6.9410112E7,
      "p95" : 6.9410112E7,
      "p98" : 6.9410112E7,
      "p99" : 6.9410112E7,
      "p999" : 6.9410112E7,
      "values" : [ 67640624, 67640624, 67640624, 69410112, 69410112, 69410112, 69410112 ],
      "stddev" : 945831.120858264
    },
    "vm.memory.pools.PS-Old-Gen.used.window.1h" : {
      "count" : 7,
      "max" : 69410112,
      "mean" : 6.865176E7,
      "min" : 67640624,
      "p50" : 6.9410112E7,
      "p75" : 6.9410112E7,
      "p95" : 6.9410112E7,
      "p98" : 6.9410112E7,
      "p99" : 6.9410112E7,
      "p999" : 6.9410112E7,
      "values" : [ 67640624, 67640624, 67640624, 69410112, 69410112, 69410112, 69410112 ],
      "stddev" : 945831.120858264
    },
    "vm.memory.pools.PS-Old-Gen.used.window.5m" : {
      "count" : 7,
      "max" : 69410112,
      "mean" : 6.865176E7,
      "min" : 67640624,
      "p50" : 6.9410112E7,
      "p75" : 6.9410112E7,
      "p95" : 6.9410112E7,
      "p98" : 6.9410112E7,
      "p99" : 6.9410112E7,
      "p999" : 6.9410112E7,
      "values" : [ 67640624, 67640624, 67640624, 69410112, 69410112, 69410112, 69410112 ],
      "stddev" : 945831.120858264
    },
    "vm.memory.pools.PS-Survivor-Space.committed.history" : {
      "count" : 7,
      "max" : 32505856,
      "mean" : 3.015177249805092E7,
      "min" : 29360128,
      "p50" : 2.9360128E7,
      "p75" : 3.2505856E7,
      "p95" : 3.2505856E7,
      "p98" : 3.2505856E7,
      "p99" : 3.2505856E7,
      "p999" : 3.2505856E7,
      "values" : [ 29360128, 29360128, 29360128, 29360128, 32505856, 32505856, 32505856 ],
      "stddev" : 1365136.3493330728
    },
    "vm.memory.pools.PS-Survivor-Space.committed.window.15m" : {
      "count" : 7,
      "max" : 32505856,
      "mean" : 3.070829714285714E7,
      "min" : 29360128,
      "p50" : 2.9360128E7,
      "p75" : 3.2505856E7,
      "p95" : 3.2505856E7,
      "p98" : 3.2505856E7,
      "p99" : 3.2505856E7,
      "p999" : 3.2505856E7,
      "values" : [ 29360128, 29360128, 29360128, 29360128, 32505856, 32505856, 32505856 ],
      "stddev" : 1681462.3439973737
    },
    "vm.memory.pools.PS-Survivor-Space.committed.window.1h" : {
      "count" : 7,
      "max" : 32505856,
      "mean" : 3.070829714285714E7,
      "min" : 29360128,
      "p50" : 2.9360128E7,
      "p75" : 3.2505856E7,
      "p95" : 3.2505856E7,
      "p98" : 3.2505856E7,
      "p99" : 3.2505856E7,
      "p999" : 3.2505856E7,
      "values" : [ 29360128, 29360128, 29360128, 29360128, 32505856, 32505856, 32505856 ],
      "stddev" : 1681462.3439973737
    },
    "vm.memory.pools.PS-Survivor-Space.committed.window.5m" : {
      "count" : 7,
      "max" : 32505856,
      "mean" : 3.070829714285714E7,
      "min" : 29360128,
      "p50" : 2.9360128E7,
      "p75" : 3.2505856E7,
      "p95" : 3.2505856E7,
      "p98" : 3.2505856E7,
      "p99" : 3.2505856E7,
      "p999" : 3.2505856E7,
      "values" : [ 29360128, 29360128, 29360128, 29360128, 32505856, 32505856, 32505856 ],
      "stddev" : 1681462.3439973737
    },
    "vm.memory.pools.PS-Survivor-Space.usage.x100.history" : {
      "count" : 7,
      "max" : 48,
      "mean" : 37.4304056427833,
      "min" : 6,
      "p50" : 48.0,
      "p75" : 48.0,
      "p95" : 48.0,
      "p98" : 48.0,
      "p99" : 48.0,
      "p999" : 48.0,
      "values" : [ 6, 6, 6, 48, 48, 48, 48 ],
      "stddev" : 18.226536646521584
    },
    "vm.memory.pools.PS-Survivor-Space.usage.x100.window.15m" : {
      "count" : 7,
      "max" : 48,
      "mean" : 30.0,
      "min" : 6,
      "p50" : 48.0,
      "p75" : 48.0,
      "p95" : 48.0,
      "p98" : 48.0,
      "p99" : 48.0,
      "p999" : 48.0,
      "values" : [ 6, 6, 6, 48, 48, 48, 48 ],
      "stddev" : 22.44994432064365
    },
    "vm.memory.pools.PS-Survivor-Space.usage.x100.window.1h" : {
      "count" : 7,
      "max" : 48,
      "mean" : 30.0,
      "min" : 6,
      "p50" : 48.0,
      "p75" : 48.0,
      "p95" : 48.0,
      "p98" : 48.0,
      "p99" : 48.0,
      "p999" : 48.0,
      "values" : [ 6, 6, 6, 48, 48, 48, 48 ],
      "stddev" : 22.44994432064365
    },
    "vm.memory.pools.PS-Survivor-Space.usage.x100.window.5m" : {
      "count" : 7,
      "max" : 48,
      "mean" : 30.0,
      "min" : 6,
      "p50" : 48.0,
      "p75" : 48.0,
      "p95" : 48.0,
      "p98" : 48.0,
      "p99" : 48.0,
      "p999" : 48.0,
      "values" : [ 6, 6, 6, 48, 48, 48, 48 ],
      "stddev" : 22.44994432064365
    },
    "vm.memory.pools.PS-Survivor-Space.used.history" : {
      "count" : 7,
      "max" : 14140760,
      "mean" : 1.1035684967418917E7,
      "min" : 1802240,
      "p50" : 1.414076E7,
      "p75" : 1.414076E7,
      "p95" : 1.414076E7,
      "p98" : 1.414076E7,
      "p99" : 1.414076E7,
      "p999" : 1.414076E7,
      "values" : [ 1802240, 1802240, 1802240, 14140760, 14140760, 14140760, 14140760 ],
      "stddev" : 5354487.784377131
    },
    "vm.memory.pools.PS-Survivor-Space.used.window.15m" : {
      "count" : 7,
      "max" : 14140760,
      "mean" : 8852822.857142856,
      "min" : 1802240,
      "p50" : 1.414076E7,
      "p75" : 1.414076E7,
      "p95" : 1.414076E7,
      "p98" : 1.414076E7,
      "p99" : 1.414076E7,
      "p999" : 1.414076E7,
      "values" : [ 1802240, 1802240, 1802240, 14140760, 14140760, 14140760, 14140760 ],
      "stddev" : 6595216.357122574
    },
    "vm.memory.pools.PS-Survivor-Space.used.window.1h" : {
      "count" : 7,
      "max" : 14140760,
      "mean" : 8852822.857142856,
      "min" : 1802240,
      "p50" : 1.414076E7,
      "p75" : 1.414076E7,
      "p95" : 1.414076E7,
      "p98" : 1.414076E7,
      "p99" : 1.414076E7,
      "p999" : 1.414076E7,
      "values" : [ 1802240, 1802240, 1802240, 14140760, 14140760, 14140760, 14140760 ],
      "stddev" : 6595216.357122574
    },
    "vm.memory.pools.PS-Survivor-Space.used.window.5m" : {
      "count" : 7,
      "max" : 14140760,
      "mean" : 8852822.857142856,
      "min" : 1802240,
      "p50" : 1.414076E7,
      "p75" : 1.414076E7,
      "p95" : 1.414076E7,
      "p98" : 1.414076E7,
      "p99" : 1.414076E7,
      "p999" : 1.414076E7,
      "values" : [ 1802240, 1802240, 1802240, 14140760, 14140760, 14140760, 14140760 ],
      "stddev" : 6595216.357122574
    },
    "vm.memory.total.committed.history" : {
      "count" : 7,
      "max" : 1643118592,
      "mean" : 1.5969388172384598E9,
      "min" : 1459290112,
      "p50" : 1.643053056E9,
      "p75" : 1.643118592E9,
      "p95" : 1.643118592E9,
      "p98" : 1.643118592E9,
      "p99" : 1.643118592E9,
      "p999" : 1.643118592E9,
      "values" : [ 1459290112, 1459290112, 1462894592, 1640955904, 1643053056, 1643118592, 1643118592 ],
      "stddev" : 7.897279747025849E7
    },
    "vm.memory.total.committed.window.15m" : {
      "count" : 7,
      "max" : 1643118592,
      "mean" : 1.5645315657142856E9,
      "min" : 1459290112,
      "p50" : 1.640955904E9,
      "p75" : 1.643118592E9,
      "p95" : 1.643118592E9,
      "p98" : 1.643118592E9,
      "p99" : 1.643118592E9,
      "p999" : 1.643118592E9,
      "values" : [ 1459290112, 1459290112, 1462894592, 1640955904, 1643053056, 1643118592, 1643118592 ],
      "stddev" : 9.733083350575723E7
    },
    "vm.memory.total.committed.window.1h" : {
      "count" : 7,
      "max" : 1643118592,
      "mean" : 1.5645315657142856E9,
      "min" : 1459290112,
      "p50" : 1.640955904E9,
      "p75" : 1.643118592E9,
      "p95" : 1.643118592E9,
      "p98" : 1.643118592E9,
      "p99" : 1.643118592E9,
      "p999" : 1.643118592E9,
      "values" : [ 1459290112, 1459290112, 1462894592, 1640955904, 1643053056, 1643118592, 1643118592 ],
      "stddev" : 9.733083350575723E7
    },
    "vm.memory.total.committed.window.5m" : {
      "count" : 7,
      "max" : 1643118592,
      "mean" : 1.5645315657142856E9,
      "min" : 1459290112,
      "p50" : 1.640955904E9,
      "p75" : 1.643118592E9,
      "p95" : 1.643118592E9,
      "p98" : 1.643118592E9,
      "p99" : 1.643118592E9,
      "p999" : 1.643118592E9,
      "values" : [ 1459290112, 1459290112, 1462894592, 1640955904, 1643053056, 1643118592, 1643118592 ],
      "stddev" : 9.733083350575723E7
    },
    "vm.memory.total.used.history" : {
      "count" : 7,
      "max" : 1007382360,
      "mean" : 9.375097400425122E8,
      "min" : 799290968,
      "p50" : 9.61322992E8,
      "p75" : 9.65587352E8,
      "p95" : 1.00738236E9,
      "p98" : 1.00738236E9,
      "p99" : 1.00738236E9,
      "p999" : 1.00738236E9,
      "values" : [ 799290968, 882490104, 944182776, 948442280, 961322992, 965587352, 1007382360 ],
      "stddev" : 5.927560232390636E7
    },
    "vm.memory.total.used.window.15m" : {
      "count" : 7,
      "max" : 1007382360,
      "mean" : 9.298142137142857E8,
      "min" : 799290968,
      "p50" : 9.4844228E8,
      "p75" : 9.65587712E8,
      "p95" : 1.00738236E9,
      "p98" : 1.00738236E9,
      "p99" : 1.00738236E9,
      "p999" : 1.00738236E9,
      "values" : [ 799290968, 882490104, 944182776, 948442280, 961323296, 965587712, 1007382360 ],
      "stddev" : 6.845769037884258E7
    },
    "vm.memory.total.used.window.1h" : {
      "count" : 7,
      "max" : 1007382360,
      "mean" : 9.298143417142857E8,
      "min" : 799290968,
      "p50" : 9.4844228E8,
      "p75" : 9.65587712E8,
      "p95" : 1.00738236E9,
      "p98" : 1.00738236E9,
      "p99" : 1.00738236E9,
      "p999" : 1.00738236E9,
      "values" : [ 799290968, 882490104, 944182776, 948442280, 961324192, 965587712, 1007382360 ],
      "stddev" : 6.845775911343244E7
    },
    "vm.memory.total.used.window.5m" : {
      "count" : 7,
      "max" : 1007382360,
      "mean" : 9.298145188571428E8,
      "min" : 799293040,
      "p50" : 9.4844228E8,
      "p75" : 9.65587712E8,
      "p95" : 1.00738236E9,
      "p98" : 1.00738236E9,
      "p99" : 1.00738236E9,
      "p999" : 1.00738236E9,
      "values" : [ 799293040, 882488376, 944182776, 948442280, 961325088, 965587712, 1007382360 ],
      "stddev" : 6.845736852744603E7
    }
  },
  "meters" : {
    "http.responseCodes.badRequest" : {
      "count" : 0,
      "m15_rate" : 0.0,
      "m1_rate" : 0.0,
      "m5_rate" : 0.0,
      "mean_rate" : 0.0,
      "units" : "events/minute"
    },
    "http.responseCodes.created" : {
      "count" : 0,
      "m15_rate" : 0.0,
      "m1_rate" : 0.0,
      "m5_rate" : 0.0,
      "mean_rate" : 0.0,
      "units" : "events/minute"
    },
    "http.responseCodes.forbidden" : {
      "count" : 0,
      "m15_rate" : 0.0,
      "m1_rate" : 0.0,
      "m5_rate" : 0.0,
      "mean_rate" : 0.0,
      "units" : "events/minute"
    },
    "http.responseCodes.noContent" : {
      "count" : 0,
      "m15_rate" : 0.0,
      "m1_rate" : 0.0,
      "m5_rate" : 0.0,
      "mean_rate" : 0.0,
      "units" : "events/minute"
    },
    "http.responseCodes.notFound" : {
      "count" : 0,
      "m15_rate" : 0.0,
      "m1_rate" : 0.0,
      "m5_rate" : 0.0,
      "mean_rate" : 0.0,
      "units" : "events/minute"
    },
    "http.responseCodes.notModified" : {
      "count" : 0,
      "m15_rate" : 0.0,
      "m1_rate" : 0.0,
      "m5_rate" : 0.0,
      "mean_rate" : 0.0,
      "units" : "events/minute"
    },
    "http.responseCodes.ok" : {
      "count" : 102,
      "m15_rate" : 323.04875636198113,
      "m1_rate" : 84.04650040031706,
      "m5_rate" : 261.11975045264757,
      "mean_rate" : 51.88162798165843,
      "units" : "events/minute"
    },
    "http.responseCodes.other" : {
      "count" : 0,
      "m15_rate" : 0.0,
      "m1_rate" : 0.0,
      "m5_rate" : 0.0,
      "mean_rate" : 0.0,
      "units" : "events/minute"
    },
    "http.responseCodes.serverError" : {
      "count" : 0,
      "m15_rate" : 0.0,
      "m1_rate" : 0.0,
      "m5_rate" : 0.0,
      "mean_rate" : 0.0,
      "units" : "events/minute"
    },
    "http.responseCodes.serviceUnavailable" : {
      "count" : 6,
      "m15_rate" : 53.15626240637202,
      "m1_rate" : 9.759515133230662,
      "m5_rate" : 41.72220684077375,
      "mean_rate" : 3.0518592526808708,
      "units" : "events/minute"
    },
    "jenkins.job.scheduled" : {
      "count" : 0,
      "m15_rate" : 0.0,
      "m1_rate" : 0.0,
      "m5_rate" : 0.0,
      "mean_rate" : 0.0,
      "units" : "events/minute"
    },
    "jenkins.runs.aborted" : {
      "count" : 0,
      "m15_rate" : 0.0,
      "m1_rate" : 0.0,
      "m5_rate" : 0.0,
      "mean_rate" : 0.0,
      "units" : "events/minute"
    },
    "jenkins.runs.failure" : {
      "count" : 0,
      "m15_rate" : 0.0,
      "m1_rate" : 0.0,
      "m5_rate" : 0.0,
      "mean_rate" : 0.0,
      "units" : "events/minute"
    },
    "jenkins.runs.not_built" : {
      "count" : 0,
      "m15_rate" : 0.0,
      "m1_rate" : 0.0,
      "m5_rate" : 0.0,
      "mean_rate" : 0.0,
      "units" : "events/minute"
    },
    "jenkins.runs.success" : {
      "count" : 0,
      "m15_rate" : 0.0,
      "m1_rate" : 0.0,
      "m5_rate" : 0.0,
      "mean_rate" : 0.0,
      "units" : "events/minute"
    },
    "jenkins.runs.total" : {
      "count" : 0,
      "m15_rate" : 0.0,
      "m1_rate" : 0.0,
      "m5_rate" : 0.0,
      "mean_rate" : 0.0,
      "units" : "events/minute"
    },
    "jenkins.runs.unstable" : {
      "count" : 0,
      "m15_rate" : 0.0,
      "m1_rate" : 0.0,
      "m5_rate" : 0.0,
      "mean_rate" : 0.0,
      "units" : "events/minute"
    }
  },
  "timers" : {
    "http.requests" : {
      "count" : 108,
      "max" : 3.001108206,
      "mean" : 0.12240356906889836,
      "min" : 0.003031849,
      "p50" : 0.007829797000000001,
      "p75" : 0.030179880000000003,
      "p95" : 0.774117213,
      "p98" : 2.402263038,
      "p99" : 3.001108206,
      "p999" : 3.001108206,
      "values" : [ 0.003031849, 0.0030870570000000003, 0.003534811, 0.0041865010000000005, 0.004259903000000001, 0.004468952, 0.004561507, 0.004723814000000001, 0.004928002, 0.005022546, 0.005133455, 0.005151572, 0.005170583, 0.005197468, 0.005211463, 0.0052291, 0.00528801, 0.005312745000000001, 0.0053720190000000004, 0.0054550430000000006, 0.0054876330000000004, 0.005654518000000001, 0.0056878250000000005, 0.005690861, 0.005700735, 0.005770624, 0.005788440000000001, 0.005823287000000001, 0.005892083, 0.006087278000000001, 0.006280145, 0.006510541000000001, 0.006560698, 0.006728146000000001, 0.006819122, 0.006879242000000001, 0.006922941, 0.006999792, 0.007511682, 0.007610411, 0.007761826, 0.007780498, 0.007829797000000001, 0.007994943000000001, 0.008164427, 0.008228233, 0.008565328, 0.008704452, 0.009082674, 0.009122133000000001, 0.009127812, 0.009225831, 0.009326193, 0.009442727000000001, 0.010686204000000001, 0.01197045, 0.012008281, 0.01259915, 0.013214926, 0.013430884, 0.013532439, 0.014928836000000001, 0.016794972000000002, 0.017429108000000002, 0.018230449000000003, 0.018507527000000003, 0.020420878, 0.022056424, 0.025150148, 0.02638263, 0.027275844, 0.028553204000000002, 0.030110826, 0.030179880000000003, 0.030375613000000003, 0.030859729000000002, 0.034423097, 0.035078632000000005, 0.035381415, 0.038026281, 0.038622405000000005, 0.039654083, 0.039919927, 0.044248568, 0.049605392000000005, 0.057594398000000005, 0.057601793000000005, 0.061048354000000006, 0.065539498, 0.069660944, 0.07538225100000001, 0.085574567, 0.10276947, 0.110806922, 0.12463786900000001, 0.38285465300000004, 0.5810964110000001, 0.7662348250000001, 0.76998281, 0.774117213, 0.7827018840000001, 0.8689812640000001, 0.8796068370000001, 1.175117358, 1.243926072, 2.402263038, 2.404739666, 3.001108206 ],
      "stddev" : 0.4399686285910398,
      "m15_rate" : 376.20501876835294,
      "m1_rate" : 93.8060155335477,
      "m5_rate" : 302.84195729342144,
      "mean_rate" : 54.936012140488174,
      "duration_units" : "seconds",
      "rate_units" : "calls/minute"
    },
    "jenkins.health-check.duration" : {
      "count" : 2,
      "max" : 0.0021811260000000002,
      "mean" : 0.001277194231533957,
      "min" : 9.096830000000001E-4,
      "p50" : 9.096830000000001E-4,
      "p75" : 0.0021811260000000002,
      "p95" : 0.0021811260000000002,
      "p98" : 0.0021811260000000002,
      "p99" : 0.0021811260000000002,
      "p999" : 0.0021811260000000002,
      "values" : [ 9.096830000000001E-4, 0.0021811260000000002 ],
      "stddev" : 5.763723427192036E-4,
      "m15_rate" : 0.12515088736501304,
      "m1_rate" : 0.8652106197003503,
      "m5_rate" : 0.3318891883956314,
      "mean_rate" : 1.0612468625351814,
      "duration_units" : "seconds",
      "rate_units" : "calls/minute"
    },
    "jenkins.job.blocked.duration" : {
      "count" : 0,
      "max" : 0.0,
      "mean" : 0.0,
      "min" : 0.0,
      "p50" : 0.0,
      "p75" : 0.0,
      "p95" : 0.0,
      "p98" : 0.0,
      "p99" : 0.0,
      "p999" : 0.0,
      "values" : [ ],
      "stddev" : 0.0,
      "m15_rate" : 0.0,
      "m1_rate" : 0.0,
      "m5_rate" : 0.0,
      "mean_rate" : 0.0,
      "duration_units" : "seconds",
      "rate_units" : "calls/minute"
    },
    "jenkins.job.buildable.duration" : {
      "count" : 0,
      "max" : 0.0,
      "mean" : 0.0,
      "min" : 0.0,
      "p50" : 0.0,
      "p75" : 0.0,
      "p95" : 0.0,
      "p98" : 0.0,
      "p99" : 0.0,
      "p999" : 0.0,
      "values" : [ ],
      "stddev" : 0.0,
      "m15_rate" : 0.0,
      "m1_rate" : 0.0,
      "m5_rate" : 0.0,
      "mean_rate" : 0.0,
      "duration_units" : "seconds",
      "rate_units" : "calls/minute"
    },
    "jenkins.job.building.duration" : {
      "count" : 0,
      "max" : 0.0,
      "mean" : 0.0,
      "min" : 0.0,
      "p50" : 0.0,
      "p75" : 0.0,
      "p95" : 0.0,
      "p98" : 0.0,
      "p99" : 0.0,
      "p999" : 0.0,
      "values" : [ ],
      "stddev" : 0.0,
      "m15_rate" : 0.0,
      "m1_rate" : 0.0,
      "m5_rate" : 0.0,
      "mean_rate" : 0.0,
      "duration_units" : "seconds",
      "rate_units" : "calls/minute"
    },
    "jenkins.job.queuing.duration" : {
      "count" : 0,
      "max" : 0.0,
      "mean" : 0.0,
      "min" : 0.0,
      "p50" : 0.0,
      "p75" : 0.0,
      "p95" : 0.0,
      "p98" : 0.0,
      "p99" : 0.0,
      "p999" : 0.0,
      "values" : [ ],
      "stddev" : 0.0,
      "m15_rate" : 0.0,
      "m1_rate" : 0.0,
      "m5_rate" : 0.0,
      "mean_rate" : 0.0,
      "duration_units" : "seconds",
      "rate_units" : "calls/minute"
    },
    "jenkins.job.total.duration" : {
      "count" : 0,
      "max" : 0.0,
      "mean" : 0.0,
      "min" : 0.0,
      "p50" : 0.0,
      "p75" : 0.0,
      "p95" : 0.0,
      "p98" : 0.0,
      "p99" : 0.0,
      "p999" : 0.0,
      "values" : [ ],
      "stddev" : 0.0,
      "m15_rate" : 0.0,
      "m1_rate" : 0.0,
      "m5_rate" : 0.0,
      "mean_rate" : 0.0,
      "duration_units" : "seconds",
      "rate_units" : "calls/minute"
    },
    "jenkins.job.waiting.duration" : {
      "count" : 0,
      "max" : 0.0,
      "mean" : 0.0,
      "min" : 0.0,
      "p50" : 0.0,
      "p75" : 0.0,
      "p95" : 0.0,
      "p98" : 0.0,
      "p99" : 0.0,
      "p999" : 0.0,
      "values" : [ ],
      "stddev" : 0.0,
      "m15_rate" : 0.0,
      "m1_rate" : 0.0,
      "m5_rate" : 0.0,
      "mean_rate" : 0.0,
      "duration_units" : "seconds",
      "rate_units" : "calls/minute"
    }
  }
}