<?xml version='1.0' encoding='UTF-8'?>
<build>
  <actions>
    <hudson.model.CauseAction>
      <causes>
        <hudson.triggers.SCMTrigger_-SCMTriggerCause/>
      </causes>
    </hudson.model.CauseAction>
    <hudson.triggers.SCMTrigger_-BuildAction/>
    <hudson.plugins.synergy.SynergySCM_-SynergyRevisionState plugin="synergy@1.7">
      <date>
        <time>1405765870921</time>
        <timezone>Europe/Berlin</timezone>
      </date>
    </hudson.plugins.synergy.SynergySCM_-SynergyRevisionState>
    <hudson.tasks.junit.TestResultAction>
      <descriptions class="concurrent-hash-map"/>
      <failCount>0</failCount>
      <skipCount>0</skipCount>
      <totalCount>11</totalCount>
      <testData/>
    </hudson.tasks.junit.TestResultAction>
    <hudson.plugins.violations.ViolationsBuildAction plugin="violations@0.7.11">
      <owner class="build" reference="../../.."/>
      <useLog>false</useLog>
      <useLog defined-in="hudson.plugins.violations.ViolationsBuildAction">false</useLog>
      <report>
        <build class="build" reference="../../../.."/>
        <config>
          <suppressions class="sorted-set"/>
          <typeConfigs>
            <entry>
              <string>checkstyle</string>
              <hudson.plugins.violations.TypeConfig>
                <type>checkstyle</type>
                <min>10</min>
                <max>999</max>
                <unstable>999</unstable>
                <usePattern>false</usePattern>
                <pattern></pattern>
              </hudson.plugins.violations.TypeConfig>
            </entry>
            <entry>
              <string>codenarc</string>
              <hudson.plugins.violations.TypeConfig>
                <type>codenarc</type>
                <min>10</min>
                <max>999</max>
                <unstable>999</unstable>
                <usePattern>false</usePattern>
                <pattern></pattern>
              </hudson.plugins.violations.TypeConfig>
            </entry>
            <entry>
              <string>cpd</string>
              <hudson.plugins.violations.TypeConfig>
                <type>cpd</type>
                <min>10</min>
                <max>999</max>
                <unstable>999</unstable>
                <usePattern>false</usePattern>
                <pattern></pattern>
              </hudson.plugins.violations.TypeConfig>
            </entry>
            <entry>
              <string>cpplint</string>
              <hudson.plugins.violations.TypeConfig>
                <type>cpplint</type>
                <min>10</min>
                <max>999</max>
                <unstable>999</unstable>
                <usePattern>false</usePattern>
                <pattern></pattern>
              </hudson.plugins.violations.TypeConfig>
            </entry>
            <entry>
              <string>csslint</string>
              <hudson.plugins.violations.TypeConfig>
                <type>csslint</type>
                <min>10</min>
                <max>999</max>
                <unstable>999</unstable>
                <usePattern>false</usePattern>
                <pattern></pattern>
              </hudson.plugins.violations.TypeConfig>
            </entry>
            <entry>
              <string>findbugs</string>
              <hudson.plugins.violations.TypeConfig>
                <type>findbugs</type>
                <min>10</min>
                <max>999</max>
                <unstable>999</unstable>
                <usePattern>false</usePattern>
                <pattern></pattern>
              </hudson.plugins.violations.TypeConfig>
            </entry>
            <entry>
              <string>fxcop</string>
              <hudson.plugins.violations.TypeConfig>
                <type>fxcop</type>
                <min>26000</min>
                <max>26001</max>
                <unstable>30000</unstable>
                <usePattern>false</usePattern>
                <pattern>FxCopViolations.xml</pattern>
              </hudson.plugins.violations.TypeConfig>
            </entry>
            <entry>
              <string>gendarme</string>
              <hudson.plugins.violations.TypeConfig>
                <type>gendarme</type>
                <min>10</min>
                <max>999</max>
                <unstable>999</unstable>
                <usePattern>false</usePattern>
                <pattern></pattern>
              </hudson.plugins.violations.TypeConfig>
            </entry>
            <entry>
              <string>jcreport</string>
              <hudson.plugins.violations.TypeConfig>
                <type>jcreport</type>
                <min>10</min>
                <max>999</max>
                <unstable>999</unstable>
                <usePattern>false</usePattern>
                <pattern></pattern>
              </hudson.plugins.violations.TypeConfig>
            </entry>
            <entry>
              <string>jslint</string>
              <hudson.plugins.violations.TypeConfig>
                <type>jslint</type>
                <min>10</min>
                <max>999</max>
                <unstable>999</unstable>
                <usePattern>false</usePattern>
                <pattern></pattern>
              </hudson.plugins.violations.TypeConfig>
            </entry>
            <entry>
              <string>pep8</string>
              <hudson.plugins.violations.TypeConfig>
                <type>pep8</type>
                <min>10</min>
                <max>999</max>
                <unstable>999</unstable>
                <usePattern>false</usePattern>
                <pattern></pattern>
              </hudson.plugins.violations.TypeConfig>
            </entry>
            <entry>
              <string>perlcritic</string>
              <hudson.plugins.violations.TypeConfig>
                <type>perlcritic</type>
                <min>10</min>
                <max>999</max>
                <unstable>999</unstable>
                <usePattern>false</usePattern>
                <pattern></pattern>
              </hudson.plugins.violations.TypeConfig>
            </entry>
            <entry>
              <string>pmd</string>
              <hudson.plugins.violations.TypeConfig>
                <type>pmd</type>
                <min>10</min>
                <max>999</max>
                <unstable>999</unstable>
                <usePattern>false</usePattern>
                <pattern></pattern>
              </hudson.plugins.violations.TypeConfig>
            </entry>
            <entry>
              <string>pylint</string>
              <hudson.plugins.violations.TypeConfig>
                <type>pylint</type>
                <min>10</min>
                <max>999</max>
                <unstable>999</unstable>
                <usePattern>false</usePattern>
                <pattern></pattern>
              </hudson.plugins.violations.TypeConfig>
            </entry>
            <entry>
              <string>simian</string>
              <hudson.plugins.violations.TypeConfig>
                <type>simian</type>
                <min>10</min>
                <max>999</max>
                <unstable>999</unstable>
                <usePattern>false</usePattern>
                <pattern></pattern>
              </hudson.plugins.violations.TypeConfig>
            </entry>
            <entry>
              <string>stylecop</string>
              <hudson.plugins.violations.TypeConfig>
                <type>stylecop</type>
                <min>61000</min>
                <max>61001</max>
                <unstable>65000</unstable>
                <usePattern>false</usePattern>
                <pattern>StyleCopViolations.xml</pattern>
              </hudson.plugins.violations.TypeConfig>
            </entry>
          </typeConfigs>
          <limit>100</limit>
          <sourcePathPattern></sourcePathPattern>
          <fauxProjectPath></fauxProjectPath>
          <encoding>default</encoding>
        </config>
        <violations class="tree-map">
          <entry>
            <string>fxcop</string>
            <int>25704</int>
          </entry>
          <entry>
            <string>stylecop</string>
            <int>60543</int>
          </entry>
        </violations>
        <typeSummaries class="tree-map">
          <entry>
            <string>fxcop</string>
            <hudson.plugins.violations.TypeSummary>
              <severityArray>
                <int>774</int>
                <int>21204</int>
                <int>600</int>
                <int>3126</int>
                <int>0</int>
              </severityArray>
            </hudson.plugins.violations.TypeSummary>
          </entry>
          <entry>
            <string>stylecop</string>
            <hudson.plugins.violations.TypeSummary>
              <severityArray>
                <int>0</int>
                <int>0</int>
                <int>60543</int>
                <int>0</int>
                <int>0</int>
              </severityArray>
            </hudson.plugins.violations.TypeSummary>
          </entry>
        </typeSummaries>
      </report>
    </hudson.plugins.violations.ViolationsBuildAction>
  </actions>
  <number>3</number>
  <startTime>1405765870921</startTime>
  <result>SUCCESS</result>
  <duration>16099813</duration>
  <charset>windows-1252</charset>
  <keepLog>false</keepLog>
  <builtOn></builtOn>
  <workspace>C:\Jenkins\jobs\GET_BUILD_TEST\workspace</workspace>
  <hudsonVersion>1.572</hudsonVersion>
  <scm class="hudson.plugins.synergy.SynergyChangeLogParser" plugin="synergy@1.7"/>
  <culprits class="com.google.common.collect.RegularImmutableSortedSet">
    <string>jdziadek</string>
  </culprits>
</build>