[
    {
        "projectId": "project_1",
        "instances": []
    },
    {
        "projectId": "project_2",
        "instances": []
    },
    {
        "projectId": "project_3",
        "instances": [
            {
                "name": "My instance A",
                "zone": "My zone XYZ",
                "network": "My Network XYZ",
                "subnet": "My Subnet XYZ",
                "ipv4": "1.1.1.1",
                "disks": [
                    {
                        "sourceName": "My Disk A1",
                        "boot": true
                    },
                    {
                        "sourceName": "My Disk A2",
                        "boot": false
                    }
                ],
                "machineType": "My machine type 1"
            }
        ]
    },
    {
        "projectId": "project_4",
        "instances": [
            {
                "name": "My instance B",
                "zone": "My zone XYZ",
                "network": "My Network XYZ",
                "subnet": "My Subnet XYZ",
                "ipv4": "1.1.1.1",
                "disks": [
                    {
                        "sourceName": "My Disk B1",
                        "boot": true
                    }
                ],
                "machineType": "My machine type 1"
            },
            {
                "name": "My instance C",
                "zone": "My zone XYZ",
                "network": "My Network XYZ",
                "subnet": "My Subnet XYZ",
                "ipv4": "1.1.1.1",
                "disks": [
                    {
                        "sourceName": "My Disk C1",
                        "boot": true
                    }
                ],
                "machineType": "My machine type 1"
            }
        ]
    }
]