<?xml version="1.0" encoding="UTF-8"?>

<BugCollection version="1.3.9" sequence="0" timestamp="1282302953805" analysisTimestamp="1282302955940" release="">
  <Project projectName="">
     </Project>
  <BugInstance type="ITC_INHERITANCE_TYPE_CHECKING" priority="2" abbrev="ITC" category="STYLE">
    <Class classname="gti.scan.Scanner">
      <SourceLine classname="gti.scan.Scanner" start="27" end="259" sourcefile="Scanner.java" sourcepath="gti/scan/Scanner.java"/>
    </Class>
    <Method classname="gti.scan.Scanner" name="reply" signature="(Ljava/lang/String;Lgti/module/comm/CommRequestIF;Lgti/module/comm/CommReportIF;Lgti/util/Result;)V" isStatic="false">
      <SourceLine classname="gti.scan.Scanner" start="140" end="161" startBytecode="0" endBytecode="239" sourcefile="Scanner.java" sourcepath="gti/scan/Scanner.java"/>
    </Method>
    <SourceLine classname="gti.scan.Scanner" start="145" end="145" startBytecode="34" endBytecode="34" sourcefile="Scanner.java" sourcepath="gti/scan/Scanner.java"/>
  </BugInstance>
  <BugInstance type="MDM_STRING_BYTES_ENCODING" priority="2" abbrev="MDM" category="CORRECTNESS">
    <Class classname="gti.scan.Scanner">
      <SourceLine classname="gti.scan.Scanner" start="27" end="259" sourcefile="Scanner.java" sourcepath="gti/scan/Scanner.java"/>
    </Class>
    <Method classname="gti.scan.Scanner" name="sendReplyData" signature="(Ljava/lang/String;Lgti/module/comm/CommRequestIF;Lgti/module/comm/CommReportIF;Ljava/lang/String;Lgti/scan/Scanner$DataReply;)V" isStatic="false">
      <SourceLine classname="gti.scan.Scanner" start="171" end="188" startBytecode="0" endBytecode="230" sourcefile="Scanner.java" sourcepath="gti/scan/Scanner.java"/>
    </Method>
    <Method classname="java.lang.String" name="getBytes" signature="()[B" isStatic="false" role="METHOD_CALLED">
      <SourceLine classname="java.lang.String" start="986" end="986" startBytecode="0" endBytecode="39" sourcefile="String.java" sourcepath="java/lang/String.java"/>
    </Method>
    <SourceLine classname="gti.scan.Scanner" start="179" end="179" startBytecode="42" endBytecode="42" sourcefile="Scanner.java" sourcepath="gti/scan/Scanner.java"/>
  </BugInstance>
  <BugInstance type="UCC_UNRELATED_COLLECTION_CONTENTS" priority="2" abbrev="UCC" category="STYLE">
    <Class classname="gti.scan.Scanner">
      <SourceLine classname="gti.scan.Scanner" start="27" end="259" sourcefile="Scanner.java" sourcepath="gti/scan/Scanner.java"/>
    </Class>
    <SourceLine classname="gti.scan.Scanner" start="57" end="57" startBytecode="15" endBytecode="15" sourcefile="Scanner.java" sourcepath="gti/scan/Scanner.java"/>
    <SourceLine classname="gti.scan.Scanner" start="50" end="50" startBytecode="14" endBytecode="14" sourcefile="Scanner.java" sourcepath="gti/scan/Scanner.java"/>
  </BugInstance>
  <BugInstance type="USBR_UNNECESSARY_STORE_BEFORE_RETURN" priority="2" abbrev="USBR" category="STYLE">
    <Class classname="gti.scan.barcode.BarcodeUtil">
      <SourceLine classname="gti.scan.barcode.BarcodeUtil" start="9" end="211" sourcefile="BarcodeUtil.java" sourcepath="gti/scan/barcode/BarcodeUtil.java"/>
    </Class>
    <Method classname="gti.scan.barcode.BarcodeUtil" name="getEAN128" signature="(Ljava/lang/String;)Ljava/lang/String;" isStatic="true">
      <SourceLine classname="gti.scan.barcode.BarcodeUtil" start="65" end="70" startBytecode="0" endBytecode="142" sourcefile="BarcodeUtil.java" sourcepath="gti/scan/barcode/BarcodeUtil.java"/>
    </Method>
    <SourceLine classname="gti.scan.barcode.BarcodeUtil" start="70" end="70" startBytecode="54" endBytecode="54" sourcefile="BarcodeUtil.java" sourcepath="gti/scan/barcode/BarcodeUtil.java"/>
  </BugInstance>
  <BugInstance type="USBR_UNNECESSARY_STORE_BEFORE_RETURN" priority="2" abbrev="USBR" category="STYLE">
    <Class classname="gti.scan.barcode.BarcodeUtil">
      <SourceLine classname="gti.scan.barcode.BarcodeUtil" start="9" end="211" sourcefile="BarcodeUtil.java" sourcepath="gti/scan/barcode/BarcodeUtil.java"/>
    </Class>
    <Method classname="gti.scan.barcode.BarcodeUtil" name="getEAN128" signature="(Ljava/lang/String;DLjava/util/Date;Ljava/lang/String;)Ljava/lang/String;" isStatic="true">
      <SourceLine classname="gti.scan.barcode.BarcodeUtil" start="27" end="55" startBytecode="0" endBytecode="497" sourcefile="BarcodeUtil.java" sourcepath="gti/scan/barcode/BarcodeUtil.java"/>
    </Method>
    <SourceLine classname="gti.scan.barcode.BarcodeUtil" start="55" end="55" startBytecode="307" endBytecode="307" sourcefile="BarcodeUtil.java" sourcepath="gti/scan/barcode/BarcodeUtil.java"/>
  </BugInstance>
  <BugInstance type="USBR_UNNECESSARY_STORE_BEFORE_RETURN" priority="2" abbrev="USBR" category="STYLE">
    <Class classname="gti.scan.barcode.BarcodeUtil">
      <SourceLine classname="gti.scan.barcode.BarcodeUtil" start="9" end="211" sourcefile="BarcodeUtil.java" sourcepath="gti/scan/barcode/BarcodeUtil.java"/>
    </Class>
    <Method classname="gti.scan.barcode.BarcodeUtil" name="getEAN128_Location" signature="(J)Ljava/lang/String;" isStatic="true">
      <SourceLine classname="gti.scan.barcode.BarcodeUtil" start="80" end="88" startBytecode="0" endBytecode="209" sourcefile="BarcodeUtil.java" sourcepath="gti/scan/barcode/BarcodeUtil.java"/>
    </Method>
    <SourceLine classname="gti.scan.barcode.BarcodeUtil" start="88" end="88" startBytecode="103" endBytecode="103" sourcefile="BarcodeUtil.java" sourcepath="gti/scan/barcode/BarcodeUtil.java"/>
  </BugInstance>
  <BugInstance type="USBR_UNNECESSARY_STORE_BEFORE_RETURN" priority="2" abbrev="USBR" category="STYLE">
    <Class classname="gti.scan.barcode.BarcodeUtil">
      <SourceLine classname="gti.scan.barcode.BarcodeUtil" start="9" end="211" sourcefile="BarcodeUtil.java" sourcepath="gti/scan/barcode/BarcodeUtil.java"/>
    </Class>
    <Method classname="gti.scan.barcode.BarcodeUtil" name="getEAN128_TagId" signature="(Ljava/lang/String;)Ljava/lang/String;" isStatic="true">
      <SourceLine classname="gti.scan.barcode.BarcodeUtil" start="98" end="103" startBytecode="0" endBytecode="142" sourcefile="BarcodeUtil.java" sourcepath="gti/scan/barcode/BarcodeUtil.java"/>
    </Method>
    <SourceLine classname="gti.scan.barcode.BarcodeUtil" start="103" end="103" startBytecode="54" endBytecode="54" sourcefile="BarcodeUtil.java" sourcepath="gti/scan/barcode/BarcodeUtil.java"/>
  </BugInstance>
  <BugInstance type="USBR_UNNECESSARY_STORE_BEFORE_RETURN" priority="2" abbrev="USBR" category="STYLE">
    <Class classname="gti.scan.barcode.BarcodeUtil">
      <SourceLine classname="gti.scan.barcode.BarcodeUtil" start="9" end="211" sourcefile="BarcodeUtil.java" sourcepath="gti/scan/barcode/BarcodeUtil.java"/>
    </Class>
    <Method classname="gti.scan.barcode.BarcodeUtil" name="getGTIN" signature="(Ljava/lang/String;)Ljava/lang/String;" isStatic="true">
      <SourceLine classname="gti.scan.barcode.BarcodeUtil" start="110" end="125" startBytecode="0" endBytecode="159" sourcefile="BarcodeUtil.java" sourcepath="gti/scan/barcode/BarcodeUtil.java"/>
    </Method>
    <SourceLine classname="gti.scan.barcode.BarcodeUtil" start="125" end="125" startBytecode="83" endBytecode="83" sourcefile="BarcodeUtil.java" sourcepath="gti/scan/barcode/BarcodeUtil.java"/>
  </BugInstance>
  <BugInstance type="LEST_LOST_EXCEPTION_STACK_TRACE" priority="2" abbrev="LEST" category="CORRECTNESS">
    <Class classname="gti.scan.barcode.EAN128Coding">
      <SourceLine classname="gti.scan.barcode.EAN128Coding" start="9" end="337" sourcefile="EAN128Coding.java" sourcepath="gti/scan/barcode/EAN128Coding.java"/>
    </Class>
    <Method classname="gti.scan.barcode.EAN128Coding" name="getSegments" signature="(Ljava/lang/String;)Ljava/util/Map;" isStatic="true">
      <SourceLine classname="gti.scan.barcode.EAN128Coding" start="159" end="261" startBytecode="0" endBytecode="1134" sourcefile="EAN128Coding.java" sourcepath="gti/scan/barcode/EAN128Coding.java"/>
    </Method>
    <SourceLine classname="gti.scan.barcode.EAN128Coding" start="177" end="177" startBytecode="111" endBytecode="111" sourcefile="EAN128Coding.java" sourcepath="gti/scan/barcode/EAN128Coding.java"/>
  </BugInstance>
  <BugInstance type="LEST_LOST_EXCEPTION_STACK_TRACE" priority="2" abbrev="LEST" category="CORRECTNESS">
    <Class classname="gti.scan.barcode.EAN128Coding">
      <SourceLine classname="gti.scan.barcode.EAN128Coding" start="9" end="337" sourcefile="EAN128Coding.java" sourcepath="gti/scan/barcode/EAN128Coding.java"/>
    </Class>
    <Method classname="gti.scan.barcode.EAN128Coding" name="getSegments" signature="(Ljava/lang/String;)Ljava/util/Map;" isStatic="true">
      <SourceLine classname="gti.scan.barcode.EAN128Coding" start="159" end="261" startBytecode="0" endBytecode="1134" sourcefile="EAN128Coding.java" sourcepath="gti/scan/barcode/EAN128Coding.java"/>
    </Method>
    <SourceLine classname="gti.scan.barcode.EAN128Coding" start="241" end="241" startBytecode="381" endBytecode="381" sourcefile="EAN128Coding.java" sourcepath="gti/scan/barcode/EAN128Coding.java"/>
  </BugInstance>
  <BugInstance type="LEST_LOST_EXCEPTION_STACK_TRACE" priority="2" abbrev="LEST" category="CORRECTNESS">
    <Class classname="gti.scan.barcode.EAN128Coding">
      <SourceLine classname="gti.scan.barcode.EAN128Coding" start="9" end="337" sourcefile="EAN128Coding.java" sourcepath="gti/scan/barcode/EAN128Coding.java"/>
    </Class>
    <Method classname="gti.scan.barcode.EAN128Coding" name="getSegments" signature="(Ljava/lang/String;)Ljava/util/Map;" isStatic="true">
      <SourceLine classname="gti.scan.barcode.EAN128Coding" start="159" end="261" startBytecode="0" endBytecode="1134" sourcefile="EAN128Coding.java" sourcepath="gti/scan/barcode/EAN128Coding.java"/>
    </Method>
    <SourceLine classname="gti.scan.barcode.EAN128Coding" start="245" end="245" startBytecode="415" endBytecode="415" sourcefile="EAN128Coding.java" sourcepath="gti/scan/barcode/EAN128Coding.java"/>
  </BugInstance>
  <BugInstance type="MDM_STRING_BYTES_ENCODING" priority="2" abbrev="MDM" category="CORRECTNESS">
    <Class classname="gti.scan.barcode.EAN128Coding">
      <SourceLine classname="gti.scan.barcode.EAN128Coding" start="9" end="337" sourcefile="EAN128Coding.java" sourcepath="gti/scan/barcode/EAN128Coding.java"/>
    </Class>
    <Method classname="gti.scan.barcode.EAN128Coding" name="calculateGTINChecksum" signature="(Ljava/lang/String;)C" isStatic="true">
      <SourceLine classname="gti.scan.barcode.EAN128Coding" start="282" end="292" startBytecode="0" endBytecode="197" sourcefile="EAN128Coding.java" sourcepath="gti/scan/barcode/EAN128Coding.java"/>
    </Method>
    <Method classname="java.lang.String" name="getBytes" signature="()[B" isStatic="false" role="METHOD_CALLED">
      <SourceLine classname="java.lang.String" start="986" end="986" startBytecode="0" endBytecode="39" sourcefile="String.java" sourcepath="java/lang/String.java"/>
    </Method>
    <SourceLine classname="gti.scan.barcode.EAN128Coding" start="285" end="285" startBytecode="5" endBytecode="5" sourcefile="EAN128Coding.java" sourcepath="gti/scan/barcode/EAN128Coding.java"/>
  </BugInstance>
  <BugInstance type="MDM_STRING_BYTES_ENCODING" priority="2" abbrev="MDM" category="CORRECTNESS">
    <Class classname="gti.scan.barcode.EAN128SegmentType">
      <SourceLine classname="gti.scan.barcode.EAN128SegmentType" start="14" end="326" sourcefile="EAN128SegmentType.java" sourcepath="gti/scan/barcode/EAN128SegmentType.java"/>
    </Class>
    <Method classname="gti.scan.barcode.EAN128SegmentType" name="init" signature="(Ljava/lang/String;)V" isStatic="false">
      <SourceLine classname="gti.scan.barcode.EAN128SegmentType" start="206" end="290" startBytecode="0" endBytecode="768" sourcefile="EAN128SegmentType.java" sourcepath="gti/scan/barcode/EAN128SegmentType.java"/>
    </Method>
    <Method classname="java.lang.String" name="getBytes" signature="()[B" isStatic="false" role="METHOD_CALLED">
      <SourceLine classname="java.lang.String" start="986" end="986" startBytecode="0" endBytecode="39" sourcefile="String.java" sourcepath="java/lang/String.java"/>
    </Method>
    <SourceLine classname="gti.scan.barcode.EAN128SegmentType" start="224" end="224" startBytecode="53" endBytecode="53" sourcefile="EAN128SegmentType.java" sourcepath="gti/scan/barcode/EAN128SegmentType.java"/>
  </BugInstance>
  <BugInstance type="NAB_NEEDLESS_BOXING_PARSE" priority="2" abbrev="NAB" category="PERFORMANCE">
    <Class classname="gti.scan.server.ScanConfiguration">
      <SourceLine classname="gti.scan.server.ScanConfiguration" start="17" end="333" sourcefile="ScanConfiguration.java" sourcepath="gti/scan/server/ScanConfiguration.java"/>
    </Class>
    <Method classname="gti.scan.server.ScanConfiguration" name="initScannerTypes" signature="(Ljava/util/List;)Ljava/util/Map;" isStatic="false">
      <SourceLine classname="gti.scan.server.ScanConfiguration" start="129" end="174" startBytecode="0" endBytecode="525" sourcefile="ScanConfiguration.java" sourcepath="gti/scan/server/ScanConfiguration.java"/>
    </Method>
    <SourceLine classname="gti.scan.server.ScanConfiguration" start="135" end="135" startBytecode="69" endBytecode="69" sourcefile="ScanConfiguration.java" sourcepath="gti/scan/server/ScanConfiguration.java"/>
  </BugInstance>
  <BugInstance type="SPP_USE_ISEMPTY" priority="2" abbrev="SPP" category="STYLE">
    <Class classname="gti.scan.server.ScanServerLocal$ScanRepositoryUpdater">
      <SourceLine classname="gti.scan.server.ScanServerLocal$ScanRepositoryUpdater" start="74" end="149" sourcefile="ScanServerLocal.java" sourcepath="gti/scan/server/ScanServerLocal.java"/>
    </Class>
    <Method classname="gti.scan.server.ScanServerLocal$ScanRepositoryUpdater" name="run" signature="()V" isStatic="false">
      <SourceLine classname="gti.scan.server.ScanServerLocal$ScanRepositoryUpdater" start="93" end="149" startBytecode="0" endBytecode="956" sourcefile="ScanServerLocal.java" sourcepath="gti/scan/server/ScanServerLocal.java"/>
    </Method>
    <SourceLine classname="gti.scan.server.ScanServerLocal$ScanRepositoryUpdater" start="103" end="103" startBytecode="39" endBytecode="39" sourcefile="ScanServerLocal.java" sourcepath="gti/scan/server/ScanServerLocal.java"/>
  </BugInstance>
  <BugInstance type="USBR_UNNECESSARY_STORE_BEFORE_RETURN" priority="2" abbrev="USBR" category="STYLE">
    <Class classname="gti.ui.main.ScanLocationsModel$Location_Barcode_ModelAdapter">
      <SourceLine classname="gti.ui.main.ScanLocationsModel$Location_Barcode_ModelAdapter" start="132" end="158" sourcefile="ScanLocationsModel.java" sourcepath="gti/ui/main/ScanLocationsModel.java"/>
    </Class>
    <Method classname="gti.ui.main.ScanLocationsModel$Location_Barcode_ModelAdapter" name="getValueAt" signature="(Lgti/ui/base/CurrentRow;)Ljava/lang/Object;" isStatic="false">
      <SourceLine classname="gti.ui.main.ScanLocationsModel$Location_Barcode_ModelAdapter" start="145" end="158" startBytecode="0" endBytecode="190" sourcefile="ScanLocationsModel.java" sourcepath="gti/ui/main/ScanLocationsModel.java"/>
    </Method>
    <SourceLine classname="gti.ui.main.ScanLocationsModel$Location_Barcode_ModelAdapter" start="158" end="158" startBytecode="62" endBytecode="62" sourcefile="ScanLocationsModel.java" sourcepath="gti/ui/main/ScanLocationsModel.java"/>
  </BugInstance>
  <BugInstance type="NAB_NEEDLESS_BOXING_PARSE" priority="2" abbrev="NAB" category="PERFORMANCE">
    <Class classname="gti.ui.main.ScanSimulatorModel">
      <SourceLine classname="gti.ui.main.ScanSimulatorModel" start="16" end="912" sourcefile="ScanSimulatorModel.java" sourcepath="gti/ui/main/ScanSimulatorModel.java"/>
    </Class>
    <Method classname="gti.ui.main.ScanSimulatorModel" name="collectData" signature="()V" isStatic="false">
      <SourceLine classname="gti.ui.main.ScanSimulatorModel" start="128" end="178" startBytecode="0" endBytecode="394" sourcefile="ScanSimulatorModel.java" sourcepath="gti/ui/main/ScanSimulatorModel.java"/>
    </Method>
    <SourceLine classname="gti.ui.main.ScanSimulatorModel" start="131" end="131" startBytecode="19" endBytecode="19" sourcefile="ScanSimulatorModel.java" sourcepath="gti/ui/main/ScanSimulatorModel.java"/>
  </BugInstance>
  <BugInstance type="EXS_EXCEPTION_SOFTENING_HAS_CHECKED" priority="2" abbrev="EXS" category="STYLE">
    <Class classname="gti.ui.main.ScanSimulatorModel$Login_Login_ModelAdapter">
      <SourceLine classname="gti.ui.main.ScanSimulatorModel$Login_Login_ModelAdapter" start="329" end="371" sourcefile="ScanSimulatorModel.java" sourcepath="gti/ui/main/ScanSimulatorModel.java"/>
    </Class>
    <Method classname="gti.ui.main.ScanSimulatorModel$Login_Login_ModelAdapter" name="setValueAt" signature="(Lgti/ui/base/CurrentRow;Ljava/lang/Object;)V" isStatic="false">
      <SourceLine classname="gti.ui.main.ScanSimulatorModel$Login_Login_ModelAdapter" start="346" end="371" startBytecode="0" endBytecode="286" sourcefile="ScanSimulatorModel.java" sourcepath="gti/ui/main/ScanSimulatorModel.java"/>
    </Method>
    <SourceLine classname="gti.ui.main.ScanSimulatorModel$Login_Login_ModelAdapter" start="369" end="369" startBytecode="145" endBytecode="145" sourcefile="ScanSimulatorModel.java" sourcepath="gti/ui/main/ScanSimulatorModel.java"/>
  </BugInstance>
  <BugInstance type="LEST_LOST_EXCEPTION_STACK_TRACE" priority="2" abbrev="LEST" category="CORRECTNESS">
    <Class classname="gti.ui.main.ScanSimulatorModel$Login_Login_ModelAdapter">
      <SourceLine classname="gti.ui.main.ScanSimulatorModel$Login_Login_ModelAdapter" start="329" end="371" sourcefile="ScanSimulatorModel.java" sourcepath="gti/ui/main/ScanSimulatorModel.java"/>
    </Class>
    <Method classname="gti.ui.main.ScanSimulatorModel$Login_Login_ModelAdapter" name="setValueAt" signature="(Lgti/ui/base/CurrentRow;Ljava/lang/Object;)V" isStatic="false">
      <SourceLine classname="gti.ui.main.ScanSimulatorModel$Login_Login_ModelAdapter" start="346" end="371" startBytecode="0" endBytecode="286" sourcefile="ScanSimulatorModel.java" sourcepath="gti/ui/main/ScanSimulatorModel.java"/>
    </Method>
    <SourceLine classname="gti.ui.main.ScanSimulatorModel$Login_Login_ModelAdapter" start="369" end="369" startBytecode="145" endBytecode="145" sourcefile="ScanSimulatorModel.java" sourcepath="gti/ui/main/ScanSimulatorModel.java"/>
  </BugInstance>
  <BugInstance type="NAB_NEEDLESS_BOXING_PARSE" priority="2" abbrev="NAB" category="PERFORMANCE">
    <Class classname="gti.ui.main.ScanSimulatorView">
      <SourceLine classname="gti.ui.main.ScanSimulatorView" start="13" end="241" sourcefile="ScanSimulatorView.java" sourcepath="gti/ui/main/ScanSimulatorView.java"/>
    </Class>
    <Method classname="gti.ui.main.ScanSimulatorView" name="initView" signature="()V" isStatic="false">
      <SourceLine classname="gti.ui.main.ScanSimulatorView" start="25" end="37" startBytecode="0" endBytecode="113" sourcefile="ScanSimulatorView.java" sourcepath="gti/ui/main/ScanSimulatorView.java"/>
    </Method>
    <SourceLine classname="gti.ui.main.ScanSimulatorView" start="25" end="25" startBytecode="13" endBytecode="13" sourcefile="ScanSimulatorView.java" sourcepath="gti/ui/main/ScanSimulatorView.java"/>
  </BugInstance>
  <Errors errors="0" missingClasses="0"></Errors>
  <FindBugsSummary timestamp="Fri, 20 Aug 2010 13:15:53 +0200" total_classes="60" referenced_classes="437" total_bugs="20" total_size="2125" num_packages="11" vm_version="17.0-b16" cpu_seconds="41.95" clock_seconds="21.44" peak_mbytes="210.61" alloc_mbytes="439.12" gc_seconds="0.84" priority_2="20">
    <PackageStats package="gti.module" total_bugs="0" total_types="2" total_size="47">
      <ClassStats class="gti.module.ScanModule" sourceFile="ScanModule.java" interface="false" size="11" bugs="0"/>
      <ClassStats class="gti.module.ScanModuleInterface" sourceFile="ScanModuleInterface.java" interface="false" size="36" bugs="0"/>
    </PackageStats>
    <PackageStats package="gti.report.reports.model" total_bugs="0" total_types="3" total_size="97">
      <ClassStats class="gti.report.reports.model.ArticleBarcodeReportData" sourceFile="ArticleBarcodeReportData.java" interface="false" size="16" bugs="0"/>
      <ClassStats class="gti.report.reports.model.BarcodeLocationReportData" sourceFile="BarcodeLocationReportData.java" interface="false" size="16" bugs="0"/>
      <ClassStats class="gti.report.reports.model.BarcodeReportData" sourceFile="BarcodeReportData.java" interface="false" size="65" bugs="0"/>
    </PackageStats>
    <PackageStats package="gti.repository" total_bugs="0" total_types="2" total_size="43">
      <ClassStats class="gti.repository.ScanLocation" sourceFile="ScanLocation.java" interface="false" size="21" bugs="0"/>
      <ClassStats class="gti.repository.ScanRepository" sourceFile="ScanRepository.java" interface="false" size="22" bugs="0"/>
    </PackageStats>
    <PackageStats package="gti.scan" total_bugs="3" total_types="4" total_size="152" priority_2="3">
      <ClassStats class="gti.scan.Location" sourceFile="Location.java" interface="false" size="36" bugs="0"/>
      <ClassStats class="gti.scan.Scanner" sourceFile="Scanner.java" interface="false" size="94" bugs="3" priority_2="3"/>
      <ClassStats class="gti.scan.Scanner$CommandReply" sourceFile="Scanner.java" interface="false" size="13" bugs="0"/>
      <ClassStats class="gti.scan.Scanner$DataReply" sourceFile="Scanner.java" interface="false" size="9" bugs="0"/>
    </PackageStats>
    <PackageStats package="gti.scan.barcode" total_bugs="10" total_types="4" total_size="469" priority_2="10">
      <ClassStats class="gti.scan.barcode.BarcodeUtil" sourceFile="BarcodeUtil.java" interface="false" size="81" bugs="5" priority_2="5"/>
      <ClassStats class="gti.scan.barcode.EAN128Code" sourceFile="EAN128Code.java" interface="false" size="34" bugs="0"/>
      <ClassStats class="gti.scan.barcode.EAN128Coding" sourceFile="EAN128Coding.java" interface="false" size="120" bugs="4" priority_2="4"/>
      <ClassStats class="gti.scan.barcode.EAN128SegmentType" sourceFile="EAN128SegmentType.java" interface="false" size="234" bugs="1" priority_2="1"/>
    </PackageStats>
    <PackageStats package="gti.scan.client" total_bugs="0" total_types="2" total_size="71">
      <ClassStats class="gti.scan.client.KeyboardScanner" sourceFile="KeyboardScanner.java" interface="false" size="62" bugs="0"/>
      <ClassStats class="gti.scan.client.KeyboardScanner$1" sourceFile="KeyboardScanner.java" interface="false" size="9" bugs="0"/>
    </PackageStats>
    <PackageStats package="gti.scan.server" total_bugs="2" total_types="11" total_size="354" priority_2="2">
      <ClassStats class="gti.scan.server.ScanConfiguration" sourceFile="ScanConfiguration.java" interface="false" size="130" bugs="1" priority_2="1"/>
      <ClassStats class="gti.scan.server.ScanConfiguration$1" sourceFile="ScanConfiguration.java" interface="false" size="7" bugs="0"/>
      <ClassStats class="gti.scan.server.ScanConfiguration$2" sourceFile="ScanConfiguration.java" interface="false" size="7" bugs="0"/>
      <ClassStats class="gti.scan.server.ScanServer" sourceFile="ScanServer.java" interface="false" size="7" bugs="0"/>
      <ClassStats class="gti.scan.server.ScanServerLocal" sourceFile="ScanServerLocal.java" interface="false" size="65" bugs="0"/>
      <ClassStats class="gti.scan.server.ScanServerLocal$1" sourceFile="ScanServerLocal.java" interface="false" size="1" bugs="0"/>
      <ClassStats class="gti.scan.server.ScanServerLocal$AsynchronousDeviceRead" sourceFile="ScanServerLocal.java" interface="false" size="13" bugs="0"/>
      <ClassStats class="gti.scan.server.ScanServerLocal$LastResult" sourceFile="ScanServerLocal.java" interface="false" size="12" bugs="0"/>
      <ClassStats class="gti.scan.server.ScanServerLocal$NotificationCmdHandler" sourceFile="ScanServerLocal.java" interface="false" size="21" bugs="0"/>
      <ClassStats class="gti.scan.server.ScanServerLocal$ScanRepositoryUpdater" sourceFile="ScanServerLocal.java" interface="false" size="33" bugs="1" priority_2="1"/>
      <ClassStats class="gti.scan.server.ScannerType" sourceFile="ScannerType.java" interface="false" size="58" bugs="0"/>
    </PackageStats>
    <PackageStats package="gti.scan.util" total_bugs="0" total_types="1" total_size="62">
      <ClassStats class="gti.scan.util.ScanUtil" sourceFile="ScanUtil.java" interface="false" size="62" bugs="0"/>
    </PackageStats>
    <PackageStats package="gti.scan.util.log" total_bugs="0" total_types="1" total_size="14">
      <ClassStats class="gti.scan.util.log.ScanLog" sourceFile="ScanLog.java" interface="false" size="14" bugs="0"/>
    </PackageStats>
    <PackageStats package="gti.ui.browser.ui" total_bugs="0" total_types="1" total_size="71">
      <ClassStats class="gti.ui.browser.ui.BrowserScanUI" sourceFile="BrowserScanUI.java" interface="false" size="71" bugs="0"/>
    </PackageStats>
    <PackageStats package="gti.ui.main" total_bugs="5" total_types="29" total_size="745" priority_2="5">
      <ClassStats class="gti.ui.main.ScanArticlesForm" sourceFile="ScanArticlesForm.java" interface="false" size="8" bugs="0"/>
      <ClassStats class="gti.ui.main.ScanArticlesListView" sourceFile="ScanArticlesListView.java" interface="false" size="25" bugs="0"/>
      <ClassStats class="gti.ui.main.ScanLocationsForm" sourceFile="ScanLocationsForm.java" interface="false" size="8" bugs="0"/>
      <ClassStats class="gti.ui.main.ScanLocationsListView" sourceFile="ScanLocationsListView.java" interface="false" size="25" bugs="0"/>
      <ClassStats class="gti.ui.main.ScanLocationsModel" sourceFile="ScanLocationsModel.java" interface="false" size="44" bugs="0"/>
      <ClassStats class="gti.ui.main.ScanLocationsModel$Location_Barcode_ModelAdapter" sourceFile="ScanLocationsModel.java" interface="false" size="17" bugs="1" priority_2="1"/>
      <ClassStats class="gti.ui.main.ScanLocationsModel$Location_Description_ModelAdapter" sourceFile="ScanLocationsModel.java" interface="false" size="12" bugs="0"/>
      <ClassStats class="gti.ui.main.ScanLocationsModel$Location_Name_ModelAdapter" sourceFile="ScanLocationsModel.java" interface="false" size="12" bugs="0"/>
      <ClassStats class="gti.ui.main.ScanLocationsModel$Location_Print_ModelAdapter" sourceFile="ScanLocationsModel.java" interface="false" size="9" bugs="0"/>
      <ClassStats class="gti.ui.main.ScanSimulator" sourceFile="ScanSimulator.java" interface="false" size="19" bugs="0"/>
      <ClassStats class="gti.ui.main.ScanSimulatorModel" sourceFile="ScanSimulatorModel.java" interface="false" size="198" bugs="1" priority_2="1"/>
      <ClassStats class="gti.ui.main.ScanSimulatorModel$ArticleCode_ModelAdapter" sourceFile="ScanSimulatorModel.java" interface="false" size="13" bugs="0"/>
      <ClassStats class="gti.ui.main.ScanSimulatorModel$AuthorizedEnabler" sourceFile="ScanSimulatorModel.java" interface="false" size="8" bugs="0"/>
      <ClassStats class="gti.ui.main.ScanSimulatorModel$Expiry_ModelAdapter" sourceFile="ScanSimulatorModel.java" interface="false" size="17" bugs="0"/>
      <ClassStats class="gti.ui.main.ScanSimulatorModel$Location_ModelAdapter" sourceFile="ScanSimulatorModel.java" interface="false" size="13" bugs="0"/>
      <ClassStats class="gti.ui.main.ScanSimulatorModel$Location_Name_ModelAdapter" sourceFile="ScanSimulatorModel.java" interface="false" size="31" bugs="0"/>
      <ClassStats class="gti.ui.main.ScanSimulatorModel$Login_Login_ModelAdapter" sourceFile="ScanSimulatorModel.java" interface="false" size="22" bugs="2" priority_2="2"/>
      <ClassStats class="gti.ui.main.ScanSimulatorModel$Login_Logout_ModelAdapter" sourceFile="ScanSimulatorModel.java" interface="false" size="12" bugs="0"/>
      <ClassStats class="gti.ui.main.ScanSimulatorModel$Login_Name_ModelAdapter" sourceFile="ScanSimulatorModel.java" interface="false" size="12" bugs="0"/>
      <ClassStats class="gti.ui.main.ScanSimulatorModel$Login_Password_ModelAdapter" sourceFile="ScanSimulatorModel.java" interface="false" size="12" bugs="0"/>
      <ClassStats class="gti.ui.main.ScanSimulatorModel$LogisticUnitId_ModelAdapter" sourceFile="ScanSimulatorModel.java" interface="false" size="13" bugs="0"/>
      <ClassStats class="gti.ui.main.ScanSimulatorModel$LotId_ModelAdapter" sourceFile="ScanSimulatorModel.java" interface="false" size="13" bugs="0"/>
      <ClassStats class="gti.ui.main.ScanSimulatorModel$NetWeight_ModelAdapter" sourceFile="ScanSimulatorModel.java" interface="false" size="13" bugs="0"/>
      <ClassStats class="gti.ui.main.ScanSimulatorModel$Result_ModelAdapter" sourceFile="ScanSimulatorModel.java" interface="false" size="11" bugs="0"/>
      <ClassStats class="gti.ui.main.ScanSimulatorModel$Scanner_Id_ModelAdapter" sourceFile="ScanSimulatorModel.java" interface="false" size="27" bugs="0"/>
      <ClassStats class="gti.ui.main.ScanSimulatorModel$Scanner_Operator_ModelAdapter" sourceFile="ScanSimulatorModel.java" interface="false" size="13" bugs="0"/>
      <ClassStats class="gti.ui.main.ScanSimulatorModel$Scanner_Scan_ModelAdapter" sourceFile="ScanSimulatorModel.java" interface="false" size="35" bugs="0"/>
      <ClassStats class="gti.ui.main.ScanSimulatorModel$TagId_ModelAdapter" sourceFile="ScanSimulatorModel.java" interface="false" size="13" bugs="0"/>
      <ClassStats class="gti.ui.main.ScanSimulatorView" sourceFile="ScanSimulatorView.java" interface="false" size="90" bugs="1" priority_2="1"/>
    </PackageStats>
    <FindBugsProfile>
      <ClassProfile name="edu.umd.cs.findbugs.classfile.engine.bcel.ConstantPoolGenFactory" totalMilliseconds="11" invocations="60" avgMicrosecondsPerInvocation="184" maxMicrosecondsPerInvocation="5839" standardDeviationMircosecondsPerInvocation="740"/>
      <ClassProfile name="com.mebigfatguy.fbcontrib.detect.UseCharacterParameterizedMethod" totalMilliseconds="11" invocations="60" avgMicrosecondsPerInvocation="184" maxMicrosecondsPerInvocation="1140" standardDeviationMircosecondsPerInvocation="250"/>
      <ClassProfile name="edu.umd.cs.findbugs.detect.FindBugsSummaryStats" totalMilliseconds="11" invocations="437" avgMicrosecondsPerInvocation="25" maxMicrosecondsPerInvocation="2267" standardDeviationMircosecondsPerInvocation="112"/>
      <ClassProfile name="gti.findbugs.ObjectUtilEqualsChecker" totalMilliseconds="11" invocations="60" avgMicrosecondsPerInvocation="188" maxMicrosecondsPerInvocation="1171" standardDeviationMircosecondsPerInvocation="243"/>
      <ClassProfile name="edu.umd.cs.findbugs.detect.FindNullDerefsInvolvingNonShortCircuitEvaluation" totalMilliseconds="11" invocations="60" avgMicrosecondsPerInvocation="197" maxMicrosecondsPerInvocation="1259" standardDeviationMircosecondsPerInvocation="273"/>
      <ClassProfile name="edu.umd.cs.findbugs.detect.ReadOfInstanceFieldInMethodInvokedByConstructorInSuperclass" totalMilliseconds="11" invocations="60" avgMicrosecondsPerInvocation="198" maxMicrosecondsPerInvocation="1680" standardDeviationMircosecondsPerInvocation="278"/>
      <ClassProfile name="edu.umd.cs.findbugs.detect.SynchronizationOnSharedBuiltinConstant" totalMilliseconds="12" invocations="60" avgMicrosecondsPerInvocation="204" maxMicrosecondsPerInvocation="1403" standardDeviationMircosecondsPerInvocation="265"/>
      <ClassProfile name="com.mebigfatguy.fbcontrib.detect.InconsistentKeyNameCasing" totalMilliseconds="12" invocations="60" avgMicrosecondsPerInvocation="206" maxMicrosecondsPerInvocation="1562" standardDeviationMircosecondsPerInvocation="296"/>
      <ClassProfile name="edu.umd.cs.findbugs.detect.FindFloatEquality" totalMilliseconds="12" invocations="60" avgMicrosecondsPerInvocation="209" maxMicrosecondsPerInvocation="1345" standardDeviationMircosecondsPerInvocation="266"/>
      <ClassProfile name="edu.umd.cs.findbugs.detect.AppendingToAnObjectOutputStream" totalMilliseconds="13" invocations="60" avgMicrosecondsPerInvocation="217" maxMicrosecondsPerInvocation="1336" standardDeviationMircosecondsPerInvocation="281"/>
      <ClassProfile name="com.mebigfatguy.fbcontrib.detect.DubiousSetOfCollections" totalMilliseconds="13" invocations="60" avgMicrosecondsPerInvocation="218" maxMicrosecondsPerInvocation="1530" standardDeviationMircosecondsPerInvocation="298"/>
      <ClassProfile name="com.mebigfatguy.fbcontrib.detect.TailRecursion" totalMilliseconds="13" invocations="60" avgMicrosecondsPerInvocation="218" maxMicrosecondsPerInvocation="1497" standardDeviationMircosecondsPerInvocation="292"/>
      <ClassProfile name="com.mebigfatguy.fbcontrib.detect.UnnecessaryNewNullCheck" totalMilliseconds="13" invocations="60" avgMicrosecondsPerInvocation="219" maxMicrosecondsPerInvocation="1381" standardDeviationMircosecondsPerInvocation="317"/>
      <ClassProfile name="com.mebigfatguy.fbcontrib.detect.ListIndexedIterating" totalMilliseconds="13" invocations="60" avgMicrosecondsPerInvocation="220" maxMicrosecondsPerInvocation="4340" standardDeviationMircosecondsPerInvocation="585"/>
      <ClassProfile name="com.mebigfatguy.fbcontrib.detect.SuspiciousWaitOnConcurrentObject" totalMilliseconds="13" invocations="60" avgMicrosecondsPerInvocation="224" maxMicrosecondsPerInvocation="1512" standardDeviationMircosecondsPerInvocation="290"/>
      <ClassProfile name="edu.umd.cs.findbugs.detect.SynchronizingOnContentsOfFieldToProtectField" totalMilliseconds="13" invocations="60" avgMicrosecondsPerInvocation="225" maxMicrosecondsPerInvocation="1362" standardDeviationMircosecondsPerInvocation="287"/>
      <ClassProfile name="edu.umd.cs.findbugs.detect.NumberConstructor" totalMilliseconds="13" invocations="60" avgMicrosecondsPerInvocation="226" maxMicrosecondsPerInvocation="1814" standardDeviationMircosecondsPerInvocation="324"/>
      <ClassProfile name="edu.umd.cs.findbugs.detect.NoteUnconditionalParamDerefs" totalMilliseconds="13" invocations="60" avgMicrosecondsPerInvocation="227" maxMicrosecondsPerInvocation="2571" standardDeviationMircosecondsPerInvocation="347"/>
      <ClassProfile name="com.mebigfatguy.fbcontrib.detect.StaticMethodInstanceInvocation" totalMilliseconds="13" invocations="60" avgMicrosecondsPerInvocation="227" maxMicrosecondsPerInvocation="1039" standardDeviationMircosecondsPerInvocation="263"/>
      <ClassProfile name="edu.umd.cs.findbugs.detect.InfiniteRecursiveLoop" totalMilliseconds="13" invocations="60" avgMicrosecondsPerInvocation="231" maxMicrosecondsPerInvocation="1522" standardDeviationMircosecondsPerInvocation="311"/>
      <ClassProfile name="edu.umd.cs.findbugs.detect.BadResultSetAccess" totalMilliseconds="13" invocations="60" avgMicrosecondsPerInvocation="232" maxMicrosecondsPerInvocation="1255" standardDeviationMircosecondsPerInvocation="256"/>
      <ClassProfile name="com.mebigfatguy.fbcontrib.detect.LoggerOddities" totalMilliseconds="14" invocations="60" avgMicrosecondsPerInvocation="238" maxMicrosecondsPerInvocation="1511" standardDeviationMircosecondsPerInvocation="280"/>
      <ClassProfile name="com.mebigfatguy.fbcontrib.detect.SpuriousThreadStates" totalMilliseconds="14" invocations="60" avgMicrosecondsPerInvocation="239" maxMicrosecondsPerInvocation="1479" standardDeviationMircosecondsPerInvocation="318"/>
      <ClassProfile name="edu.umd.cs.findbugs.detect.FindBadForLoop" totalMilliseconds="14" invocations="60" avgMicrosecondsPerInvocation="240" maxMicrosecondsPerInvocation="1421" standardDeviationMircosecondsPerInvocation="310"/>
      <ClassProfile name="edu.umd.cs.findbugs.detect.FindBadCast2" totalMilliseconds="14" invocations="60" avgMicrosecondsPerInvocation="242" maxMicrosecondsPerInvocation="4884" standardDeviationMircosecondsPerInvocation="680"/>
      <ClassProfile name="edu.umd.cs.findbugs.detect.LostLoggerDueToWeakReference" totalMilliseconds="14" invocations="60" avgMicrosecondsPerInvocation="243" maxMicrosecondsPerInvocation="1653" standardDeviationMircosecondsPerInvocation="329"/>
      <ClassProfile name="edu.umd.cs.findbugs.detect.BadSyntaxForRegularExpression" totalMilliseconds="14" invocations="60" avgMicrosecondsPerInvocation="246" maxMicrosecondsPerInvocation="1467" standardDeviationMircosecondsPerInvocation="300"/>
      <ClassProfile name="edu.umd.cs.findbugs.classfile.engine.bcel.ClassContextClassAnalysisEngine" totalMilliseconds="14" invocations="585" avgMicrosecondsPerInvocation="25" maxMicrosecondsPerInvocation="2342" standardDeviationMircosecondsPerInvocation="100"/>
      <ClassProfile name="com.mebigfatguy.fbcontrib.detect.SloppyClassReflection" totalMilliseconds="15" invocations="60" avgMicrosecondsPerInvocation="253" maxMicrosecondsPerInvocation="1597" standardDeviationMircosecondsPerInvocation="330"/>
      <ClassProfile name="com.mebigfatguy.fbcontrib.detect.ArrayBasedCollections" totalMilliseconds="15" invocations="60" avgMicrosecondsPerInvocation="253" maxMicrosecondsPerInvocation="1690" standardDeviationMircosecondsPerInvocation="303"/>
      <ClassProfile name="com.mebigfatguy.fbcontrib.detect.InappropriateToStringUse" totalMilliseconds="15" invocations="60" avgMicrosecondsPerInvocation="254" maxMicrosecondsPerInvocation="1678" standardDeviationMircosecondsPerInvocation="341"/>
      <ClassProfile name="edu.umd.cs.findbugs.detect.FindNonShortCircuit" totalMilliseconds="15" invocations="60" avgMicrosecondsPerInvocation="260" maxMicrosecondsPerInvocation="1667" standardDeviationMircosecondsPerInvocation="355"/>
      <ClassProfile name="com.mebigfatguy.fbcontrib.detect.SyncCollectionIterators" totalMilliseconds="17" invocations="60" avgMicrosecondsPerInvocation="287" maxMicrosecondsPerInvocation="1856" standardDeviationMircosecondsPerInvocation="383"/>
      <ClassProfile name="com.mebigfatguy.fbcontrib.detect.UseToArray" totalMilliseconds="17" invocations="60" avgMicrosecondsPerInvocation="293" maxMicrosecondsPerInvocation="2058" standardDeviationMircosecondsPerInvocation="411"/>
      <ClassProfile name="edu.umd.cs.findbugs.detect.FindHEmismatch" totalMilliseconds="17" invocations="60" avgMicrosecondsPerInvocation="294" maxMicrosecondsPerInvocation="1596" standardDeviationMircosecondsPerInvocation="345"/>
      <ClassProfile name="edu.umd.cs.findbugs.detect.InfiniteLoop" totalMilliseconds="17" invocations="60" avgMicrosecondsPerInvocation="295" maxMicrosecondsPerInvocation="1723" standardDeviationMircosecondsPerInvocation="384"/>
      <ClassProfile name="com.mebigfatguy.fbcontrib.detect.PossibleConstantAllocationInLoop" totalMilliseconds="17" invocations="60" avgMicrosecondsPerInvocation="296" maxMicrosecondsPerInvocation="1628" standardDeviationMircosecondsPerInvocation="370"/>
      <ClassProfile name="edu.umd.cs.findbugs.detect.MethodReturnCheck" totalMilliseconds="18" invocations="60" avgMicrosecondsPerInvocation="300" maxMicrosecondsPerInvocation="1573" standardDeviationMircosecondsPerInvocation="351"/>
      <ClassProfile name="com.mebigfatguy.fbcontrib.detect.UnrelatedCollectionContents" totalMilliseconds="18" invocations="60" avgMicrosecondsPerInvocation="303" maxMicrosecondsPerInvocation="2050" standardDeviationMircosecondsPerInvocation="382"/>
      <ClassProfile name="com.mebigfatguy.fbcontrib.detect.UseSplit" totalMilliseconds="18" invocations="60" avgMicrosecondsPerInvocation="305" maxMicrosecondsPerInvocation="1828" standardDeviationMircosecondsPerInvocation="419"/>
      <ClassProfile name="com.mebigfatguy.fbcontrib.detect.PartiallyConstructedObjectAccess" totalMilliseconds="18" invocations="60" avgMicrosecondsPerInvocation="309" maxMicrosecondsPerInvocation="2162" standardDeviationMircosecondsPerInvocation="385"/>
      <ClassProfile name="com.mebigfatguy.fbcontrib.detect.CustomBuiltXML" totalMilliseconds="18" invocations="60" avgMicrosecondsPerInvocation="315" maxMicrosecondsPerInvocation="2798" standardDeviationMircosecondsPerInvocation="521"/>
      <ClassProfile name="edu.umd.cs.findbugs.detect.DumbMethodInvocations" totalMilliseconds="19" invocations="60" avgMicrosecondsPerInvocation="317" maxMicrosecondsPerInvocation="3864" standardDeviationMircosecondsPerInvocation="531"/>
      <ClassProfile name="edu.umd.cs.findbugs.classfile.engine.bcel.LoadedFieldSetFactory" totalMilliseconds="19" invocations="335" avgMicrosecondsPerInvocation="57" maxMicrosecondsPerInvocation="5498" standardDeviationMircosecondsPerInvocation="321"/>
      <ClassProfile name="com.mebigfatguy.fbcontrib.detect.WriteOnlyCollection" totalMilliseconds="19" invocations="60" avgMicrosecondsPerInvocation="327" maxMicrosecondsPerInvocation="2109" standardDeviationMircosecondsPerInvocation="428"/>
      <ClassProfile name="gti.findbugs.TranslationFormatStringChecker" totalMilliseconds="19" invocations="60" avgMicrosecondsPerInvocation="330" maxMicrosecondsPerInvocation="5045" standardDeviationMircosecondsPerInvocation="713"/>
      <ClassProfile name="com.mebigfatguy.fbcontrib.detect.InefficientStringBuffering" totalMilliseconds="20" invocations="60" avgMicrosecondsPerInvocation="333" maxMicrosecondsPerInvocation="1850" standardDeviationMircosecondsPerInvocation="361"/>
      <ClassProfile name="edu.umd.cs.findbugs.classfile.engine.bcel.DepthFirstSearchFactory" totalMilliseconds="20" invocations="412" avgMicrosecondsPerInvocation="48" maxMicrosecondsPerInvocation="1118" standardDeviationMircosecondsPerInvocation="99"/>
      <ClassProfile name="edu.umd.cs.findbugs.detect.FindSelfComparison" totalMilliseconds="20" invocations="60" avgMicrosecondsPerInvocation="335" maxMicrosecondsPerInvocation="2343" standardDeviationMircosecondsPerInvocation="471"/>
      <ClassProfile name="com.mebigfatguy.fbcontrib.detect.JDBCVendorReliance" totalMilliseconds="21" invocations="60" avgMicrosecondsPerInvocation="351" maxMicrosecondsPerInvocation="2431" standardDeviationMircosecondsPerInvocation="456"/>
      <ClassProfile name="com.mebigfatguy.fbcontrib.detect.Section508Compliance" totalMilliseconds="21" invocations="60" avgMicrosecondsPerInvocation="352" maxMicrosecondsPerInvocation="2356" standardDeviationMircosecondsPerInvocation="440"/>
      <ClassProfile name="com.mebigfatguy.fbcontrib.detect.SuspiciousClusteredSessionSupport" totalMilliseconds="21" invocations="60" avgMicrosecondsPerInvocation="355" maxMicrosecondsPerInvocation="2766" standardDeviationMircosecondsPerInvocation="485"/>
      <ClassProfile name="com.mebigfatguy.fbcontrib.detect.OrphanedDOMNode" totalMilliseconds="21" invocations="60" avgMicrosecondsPerInvocation="358" maxMicrosecondsPerInvocation="2579" standardDeviationMircosecondsPerInvocation="471"/>
      <ClassProfile name="gti.findbugs.SwitchOnEnum" totalMilliseconds="21" invocations="60" avgMicrosecondsPerInvocation="363" maxMicrosecondsPerInvocation="2300" standardDeviationMircosecondsPerInvocation="479"/>
      <ClassProfile name="com.mebigfatguy.fbcontrib.detect.UseAddAll" totalMilliseconds="23" invocations="60" avgMicrosecondsPerInvocation="383" maxMicrosecondsPerInvocation="2796" standardDeviationMircosecondsPerInvocation="569"/>
      <ClassProfile name="edu.umd.cs.findbugs.detect.RuntimeExceptionCapture" totalMilliseconds="23" invocations="60" avgMicrosecondsPerInvocation="387" maxMicrosecondsPerInvocation="2341" standardDeviationMircosecondsPerInvocation="491"/>
      <ClassProfile name="edu.umd.cs.findbugs.detect.FindPuzzlers" totalMilliseconds="23" invocations="60" avgMicrosecondsPerInvocation="396" maxMicrosecondsPerInvocation="3447" standardDeviationMircosecondsPerInvocation="596"/>
      <ClassProfile name="edu.umd.cs.findbugs.detect.FindSqlInjection" totalMilliseconds="24" invocations="60" avgMicrosecondsPerInvocation="410" maxMicrosecondsPerInvocation="3006" standardDeviationMircosecondsPerInvocation="538"/>
      <ClassProfile name="edu.umd.cs.findbugs.classfile.engine.asm.ClassReaderAnalysisEngine" totalMilliseconds="24" invocations="1868" avgMicrosecondsPerInvocation="13" maxMicrosecondsPerInvocation="8548" standardDeviationMircosecondsPerInvocation="197"/>
      <ClassProfile name="com.mebigfatguy.fbcontrib.detect.LocalSynchronizedCollection" totalMilliseconds="25" invocations="60" avgMicrosecondsPerInvocation="425" maxMicrosecondsPerInvocation="3112" standardDeviationMircosecondsPerInvocation="595"/>
      <ClassProfile name="edu.umd.cs.findbugs.detect.NoteAnnotationRetention" totalMilliseconds="27" invocations="437" avgMicrosecondsPerInvocation="63" maxMicrosecondsPerInvocation="2901" standardDeviationMircosecondsPerInvocation="168"/>
      <ClassProfile name="edu.umd.cs.findbugs.classfile.engine.bcel.MethodFactory" totalMilliseconds="28" invocations="429" avgMicrosecondsPerInvocation="66" maxMicrosecondsPerInvocation="756" standardDeviationMircosecondsPerInvocation="103"/>
      <ClassProfile name="com.mebigfatguy.fbcontrib.detect.CopiedOverriddenMethod" totalMilliseconds="28" invocations="60" avgMicrosecondsPerInvocation="473" maxMicrosecondsPerInvocation="2120" standardDeviationMircosecondsPerInvocation="536"/>
      <ClassProfile name="com.mebigfatguy.fbcontrib.detect.DeletingWhileIterating" totalMilliseconds="29" invocations="60" avgMicrosecondsPerInvocation="498" maxMicrosecondsPerInvocation="3524" standardDeviationMircosecondsPerInvocation="683"/>
      <ClassProfile name="com.mebigfatguy.fbcontrib.detect.BloatedAssignmentScope" totalMilliseconds="30" invocations="60" avgMicrosecondsPerInvocation="513" maxMicrosecondsPerInvocation="3211" standardDeviationMircosecondsPerInvocation="688"/>
      <ClassProfile name="com.mebigfatguy.fbcontrib.detect.InheritanceTypeChecking" totalMilliseconds="31" invocations="60" avgMicrosecondsPerInvocation="526" maxMicrosecondsPerInvocation="23348" standardDeviationMircosecondsPerInvocation="2976"/>
      <ClassProfile name="edu.umd.cs.findbugs.detect.FindUncalledPrivateMethods" totalMilliseconds="33" invocations="60" avgMicrosecondsPerInvocation="556" maxMicrosecondsPerInvocation="24542" standardDeviationMircosecondsPerInvocation="3125"/>
      <ClassProfile name="edu.umd.cs.findbugs.detect.SuspiciousThreadInterrupted" totalMilliseconds="33" invocations="60" avgMicrosecondsPerInvocation="564" maxMicrosecondsPerInvocation="29132" standardDeviationMircosecondsPerInvocation="3720"/>
      <ClassProfile name="edu.umd.cs.findbugs.detect.StringConcatenation" totalMilliseconds="34" invocations="60" avgMicrosecondsPerInvocation="577" maxMicrosecondsPerInvocation="28962" standardDeviationMircosecondsPerInvocation="3697"/>
      <ClassProfile name="edu.umd.cs.findbugs.detect.BadUseOfReturnValue" totalMilliseconds="36" invocations="60" avgMicrosecondsPerInvocation="604" maxMicrosecondsPerInvocation="32207" standardDeviationMircosecondsPerInvocation="4115"/>
      <ClassProfile name="edu.umd.cs.findbugs.detect.UnreadFields" totalMilliseconds="36" invocations="60" avgMicrosecondsPerInvocation="608" maxMicrosecondsPerInvocation="4166" standardDeviationMircosecondsPerInvocation="764"/>
      <ClassProfile name="edu.umd.cs.findbugs.detect.LazyInit" totalMilliseconds="36" invocations="60" avgMicrosecondsPerInvocation="608" maxMicrosecondsPerInvocation="31361" standardDeviationMircosecondsPerInvocation="4020"/>
      <ClassProfile name="edu.umd.cs.findbugs.classfile.engine.bcel.DominatorsAnalysisFactory" totalMilliseconds="37" invocations="4" avgMicrosecondsPerInvocation="9457" maxMicrosecondsPerInvocation="35499" standardDeviationMircosecondsPerInvocation="15045"/>
      <ClassProfile name="com.mebigfatguy.fbcontrib.detect.ConstantListIndex" totalMilliseconds="38" invocations="60" avgMicrosecondsPerInvocation="638" maxMicrosecondsPerInvocation="23617" standardDeviationMircosecondsPerInvocation="3011"/>
      <ClassProfile name="edu.umd.cs.findbugs.detect.StreamResourceTracker" totalMilliseconds="38" invocations="10" avgMicrosecondsPerInvocation="3867" maxMicrosecondsPerInvocation="21112" standardDeviationMircosecondsPerInvocation="6440"/>
      <ClassProfile name="edu.umd.cs.findbugs.detect.NoteNonnullReturnValues" totalMilliseconds="40" invocations="60" avgMicrosecondsPerInvocation="668" maxMicrosecondsPerInvocation="6962" standardDeviationMircosecondsPerInvocation="1076"/>
      <ClassProfile name="edu.umd.cs.findbugs.detect.FindFieldSelfAssignment" totalMilliseconds="40" invocations="60" avgMicrosecondsPerInvocation="668" maxMicrosecondsPerInvocation="28421" standardDeviationMircosecondsPerInvocation="3621"/>
      <ClassProfile name="com.mebigfatguy.fbcontrib.detect.FieldCouldBeLocal" totalMilliseconds="41" invocations="60" avgMicrosecondsPerInvocation="689" maxMicrosecondsPerInvocation="22268" standardDeviationMircosecondsPerInvocation="2911"/>
      <ClassProfile name="com.mebigfatguy.fbcontrib.detect.OverlyConcreteParameter" totalMilliseconds="43" invocations="60" avgMicrosecondsPerInvocation="721" maxMicrosecondsPerInvocation="21691" standardDeviationMircosecondsPerInvocation="2771"/>
      <ClassProfile name="edu.umd.cs.findbugs.detect.FormatStringChecker" totalMilliseconds="43" invocations="60" avgMicrosecondsPerInvocation="731" maxMicrosecondsPerInvocation="30040" standardDeviationMircosecondsPerInvocation="3829"/>
      <ClassProfile name="edu.umd.cs.findbugs.classfile.engine.bcel.ReverseDepthFirstSearchFactory" totalMilliseconds="44" invocations="335" avgMicrosecondsPerInvocation="133" maxMicrosecondsPerInvocation="28065" standardDeviationMircosecondsPerInvocation="1531"/>
      <ClassProfile name="edu.umd.cs.findbugs.detect.DuplicateBranches" totalMilliseconds="45" invocations="60" avgMicrosecondsPerInvocation="754" maxMicrosecondsPerInvocation="32561" standardDeviationMircosecondsPerInvocation="4169"/>
      <ClassProfile name="edu.umd.cs.findbugs.detect.SerializableIdiom" totalMilliseconds="46" invocations="60" avgMicrosecondsPerInvocation="782" maxMicrosecondsPerInvocation="29844" standardDeviationMircosecondsPerInvocation="3873"/>
      <ClassProfile name="edu.umd.cs.findbugs.detect.NoteCheckReturnValueAnnotations" totalMilliseconds="47" invocations="437" avgMicrosecondsPerInvocation="107" maxMicrosecondsPerInvocation="21527" standardDeviationMircosecondsPerInvocation="1047"/>
      <ClassProfile name="com.mebigfatguy.fbcontrib.detect.NeedlessAutoboxing" totalMilliseconds="47" invocations="60" avgMicrosecondsPerInvocation="798" maxMicrosecondsPerInvocation="36747" standardDeviationMircosecondsPerInvocation="4724"/>
      <ClassProfile name="edu.umd.cs.findbugs.detect.RepeatedConditionals" totalMilliseconds="48" invocations="60" avgMicrosecondsPerInvocation="809" maxMicrosecondsPerInvocation="31019" standardDeviationMircosecondsPerInvocation="3953"/>
      <ClassProfile name="com.mebigfatguy.fbcontrib.detect.UseEnumCollections" totalMilliseconds="48" invocations="60" avgMicrosecondsPerInvocation="816" maxMicrosecondsPerInvocation="32215" standardDeviationMircosecondsPerInvocation="4106"/>
      <ClassProfile name="edu.umd.cs.findbugs.detect.NoteCheckReturnValue" totalMilliseconds="49" invocations="437" avgMicrosecondsPerInvocation="113" maxMicrosecondsPerInvocation="22835" standardDeviationMircosecondsPerInvocation="1101"/>
      <ClassProfile name="edu.umd.cs.findbugs.detect.NoteJCIPAnnotation" totalMilliseconds="52" invocations="437" avgMicrosecondsPerInvocation="121" maxMicrosecondsPerInvocation="21074" standardDeviationMircosecondsPerInvocation="1016"/>
      <ClassProfile name="com.mebigfatguy.fbcontrib.detect.PossiblyRedundantMethodCalls" totalMilliseconds="54" invocations="60" avgMicrosecondsPerInvocation="904" maxMicrosecondsPerInvocation="28909" standardDeviationMircosecondsPerInvocation="3695"/>
      <ClassProfile name="edu.umd.cs.findbugs.detect.NoteSuppressedWarnings" totalMilliseconds="54" invocations="437" avgMicrosecondsPerInvocation="125" maxMicrosecondsPerInvocation="15734" standardDeviationMircosecondsPerInvocation="766"/>
      <ClassProfile name="edu.umd.cs.findbugs.detect.SwitchFallthrough" totalMilliseconds="55" invocations="60" avgMicrosecondsPerInvocation="920" maxMicrosecondsPerInvocation="29577" standardDeviationMircosecondsPerInvocation="3776"/>
      <ClassProfile name="edu.umd.cs.findbugs.detect.FindUnrelatedTypesInGenericContainer" totalMilliseconds="56" invocations="60" avgMicrosecondsPerInvocation="943" maxMicrosecondsPerInvocation="35944" standardDeviationMircosecondsPerInvocation="4612"/>
      <ClassProfile name="edu.umd.cs.findbugs.detect.FindOpenStream" totalMilliseconds="57" invocations="60" avgMicrosecondsPerInvocation="952" maxMicrosecondsPerInvocation="32383" standardDeviationMircosecondsPerInvocation="4389"/>
      <ClassProfile name="edu.umd.cs.findbugs.detect.FindNullDeref" totalMilliseconds="58" invocations="60" avgMicrosecondsPerInvocation="976" maxMicrosecondsPerInvocation="26547" standardDeviationMircosecondsPerInvocation="3418"/>
      <ClassProfile name="edu.umd.cs.findbugs.NonReportingDetectorToDetector2Adapter" totalMilliseconds="64" invocations="6238" avgMicrosecondsPerInvocation="10" maxMicrosecondsPerInvocation="173" standardDeviationMircosecondsPerInvocation="7"/>
      <ClassProfile name="edu.umd.cs.findbugs.detect.Methods" totalMilliseconds="66" invocations="437" avgMicrosecondsPerInvocation="152" maxMicrosecondsPerInvocation="44047" standardDeviationMircosecondsPerInvocation="2108"/>
      <ClassProfile name="edu.umd.cs.findbugs.DetectorToDetector2Adapter" totalMilliseconds="68" invocations="12497" avgMicrosecondsPerInvocation="5" maxMicrosecondsPerInvocation="84" standardDeviationMircosecondsPerInvocation="4"/>
      <ClassProfile name="edu.umd.cs.findbugs.detect.CrossSiteScripting" totalMilliseconds="68" invocations="60" avgMicrosecondsPerInvocation="1149" maxMicrosecondsPerInvocation="28978" standardDeviationMircosecondsPerInvocation="5076"/>
      <ClassProfile name="com.mebigfatguy.fbcontrib.detect.SillynessPotPourri" totalMilliseconds="70" invocations="60" avgMicrosecondsPerInvocation="1169" maxMicrosecondsPerInvocation="22791" standardDeviationMircosecondsPerInvocation="3851"/>
      <ClassProfile name="com.mebigfatguy.fbcontrib.detect.ImproperPropertiesUse" totalMilliseconds="72" invocations="60" avgMicrosecondsPerInvocation="1202" maxMicrosecondsPerInvocation="61067" standardDeviationMircosecondsPerInvocation="7797"/>
      <ClassProfile name="edu.umd.cs.findbugs.detect.FindRefComparison" totalMilliseconds="80" invocations="60" avgMicrosecondsPerInvocation="1340" maxMicrosecondsPerInvocation="42371" standardDeviationMircosecondsPerInvocation="5431"/>
      <ClassProfile name="edu.umd.cs.findbugs.classfile.engine.bcel.LiveLocalStoreDataflowFactory" totalMilliseconds="81" invocations="293" avgMicrosecondsPerInvocation="276" maxMicrosecondsPerInvocation="4677" standardDeviationMircosecondsPerInvocation="558"/>
      <ClassProfile name="com.mebigfatguy.fbcontrib.detect.MoreDumbMethods" totalMilliseconds="86" invocations="60" avgMicrosecondsPerInvocation="1441" maxMicrosecondsPerInvocation="12901" standardDeviationMircosecondsPerInvocation="2506"/>
      <ClassProfile name="edu.umd.cs.findbugs.ba.npe.TypeQualifierNullnessAnnotationDatabase" totalMilliseconds="96" invocations="5779" avgMicrosecondsPerInvocation="16" maxMicrosecondsPerInvocation="24050" standardDeviationMircosecondsPerInvocation="324"/>
      <ClassProfile name="edu.umd.cs.findbugs.detect.FindInconsistentSync2" totalMilliseconds="97" invocations="60" avgMicrosecondsPerInvocation="1629" maxMicrosecondsPerInvocation="50067" standardDeviationMircosecondsPerInvocation="6400"/>
      <ClassProfile name="edu.umd.cs.findbugs.detect.FindNullDeref$CheckCallSitesAndReturnInstructions" totalMilliseconds="102" invocations="333" avgMicrosecondsPerInvocation="308" maxMicrosecondsPerInvocation="24635" standardDeviationMircosecondsPerInvocation="1724"/>
      <ClassProfile name="edu.umd.cs.findbugs.detect.LoadOfKnownNullValue" totalMilliseconds="108" invocations="60" avgMicrosecondsPerInvocation="1800" maxMicrosecondsPerInvocation="31053" standardDeviationMircosecondsPerInvocation="4462"/>
      <ClassProfile name="com.mebigfatguy.fbcontrib.detect.ReflectionOnObjectMethods" totalMilliseconds="111" invocations="60" avgMicrosecondsPerInvocation="1853" maxMicrosecondsPerInvocation="53576" standardDeviationMircosecondsPerInvocation="8494"/>
      <ClassProfile name="edu.umd.cs.findbugs.detect.URLProblems" totalMilliseconds="119" invocations="60" avgMicrosecondsPerInvocation="1998" maxMicrosecondsPerInvocation="53603" standardDeviationMircosecondsPerInvocation="7803"/>
      <ClassProfile name="edu.umd.cs.findbugs.detect.DumbMethods" totalMilliseconds="125" invocations="60" avgMicrosecondsPerInvocation="2091" maxMicrosecondsPerInvocation="40805" standardDeviationMircosecondsPerInvocation="7113"/>
      <ClassProfile name="edu.umd.cs.findbugs.detect.NoteNonNullAnnotations" totalMilliseconds="150" invocations="437" avgMicrosecondsPerInvocation="343" maxMicrosecondsPerInvocation="52846" standardDeviationMircosecondsPerInvocation="3448"/>
      <ClassProfile name="edu.umd.cs.findbugs.detect.ReflectiveClasses" totalMilliseconds="155" invocations="437" avgMicrosecondsPerInvocation="356" maxMicrosecondsPerInvocation="60368" standardDeviationMircosecondsPerInvocation="2971"/>
      <ClassProfile name="edu.umd.cs.findbugs.detect.FindDeadLocalStores" totalMilliseconds="176" invocations="60" avgMicrosecondsPerInvocation="2934" maxMicrosecondsPerInvocation="101842" standardDeviationMircosecondsPerInvocation="13808"/>
      <ClassProfile name="edu.umd.cs.findbugs.classfile.engine.bcel.ConstantDataflowFactory" totalMilliseconds="180" invocations="335" avgMicrosecondsPerInvocation="539" maxMicrosecondsPerInvocation="33377" standardDeviationMircosecondsPerInvocation="2055"/>
      <ClassProfile name="edu.umd.cs.findbugs.detect.CalledMethods" totalMilliseconds="229" invocations="437" avgMicrosecondsPerInvocation="524" maxMicrosecondsPerInvocation="39695" standardDeviationMircosecondsPerInvocation="2155"/>
      <ClassProfile name="edu.umd.cs.findbugs.detect.EqualsOperandShouldHaveClassCompatibleWithThis" totalMilliseconds="243" invocations="437" avgMicrosecondsPerInvocation="556" maxMicrosecondsPerInvocation="48966" standardDeviationMircosecondsPerInvocation="2950"/>
      <ClassProfile name="edu.umd.cs.findbugs.classfile.impl.ZipCodeBaseFactory" totalMilliseconds="266" invocations="169" avgMicrosecondsPerInvocation="1574" maxMicrosecondsPerInvocation="118744" standardDeviationMircosecondsPerInvocation="9924"/>
      <ClassProfile name="edu.umd.cs.findbugs.classfile.engine.bcel.JavaClassAnalysisEngine" totalMilliseconds="269" invocations="563" avgMicrosecondsPerInvocation="479" maxMicrosecondsPerInvocation="50392" standardDeviationMircosecondsPerInvocation="2599"/>
      <ClassProfile name="edu.umd.cs.findbugs.classfile.engine.bcel.MethodGenFactory" totalMilliseconds="297" invocations="336" avgMicrosecondsPerInvocation="886" maxMicrosecondsPerInvocation="119995" standardDeviationMircosecondsPerInvocation="6940"/>
      <ClassProfile name="com.mebigfatguy.fbcontrib.collect.CollectStatistics" totalMilliseconds="299" invocations="437" avgMicrosecondsPerInvocation="684" maxMicrosecondsPerInvocation="49433" standardDeviationMircosecondsPerInvocation="3781"/>
      <ClassProfile name="edu.umd.cs.findbugs.classfile.engine.bcel.CFGFactory" totalMilliseconds="368" invocations="336" avgMicrosecondsPerInvocation="1098" maxMicrosecondsPerInvocation="48809" standardDeviationMircosecondsPerInvocation="4317"/>
      <ClassProfile name="com.mebigfatguy.fbcontrib.detect.FinalParameters" totalMilliseconds="409" invocations="60" avgMicrosecondsPerInvocation="6820" maxMicrosecondsPerInvocation="47490" standardDeviationMircosecondsPerInvocation="11252"/>
      <ClassProfile name="edu.umd.cs.findbugs.detect.FindRefComparison$SpecialTypeAnalysis" totalMilliseconds="424" invocations="217" avgMicrosecondsPerInvocation="1955" maxMicrosecondsPerInvocation="39953" standardDeviationMircosecondsPerInvocation="5772"/>
      <ClassProfile name="edu.umd.cs.findbugs.detect.BuildObligationPolicyDatabase" totalMilliseconds="538" invocations="437" avgMicrosecondsPerInvocation="1233" maxMicrosecondsPerInvocation="243073" standardDeviationMircosecondsPerInvocation="11949"/>
      <ClassProfile name="edu.umd.cs.findbugs.detect.NoteDirectlyRelevantTypeQualifiers" totalMilliseconds="599" invocations="437" avgMicrosecondsPerInvocation="1372" maxMicrosecondsPerInvocation="67372" standardDeviationMircosecondsPerInvocation="5053"/>
      <ClassProfile name="edu.umd.cs.findbugs.classfile.engine.bcel.TypeDataflowFactory" totalMilliseconds="627" invocations="347" avgMicrosecondsPerInvocation="1807" maxMicrosecondsPerInvocation="46681" standardDeviationMircosecondsPerInvocation="5526"/>
      <ClassProfile name="edu.umd.cs.findbugs.detect.OverridingEqualsNotSymmetrical" totalMilliseconds="667" invocations="437" avgMicrosecondsPerInvocation="1528" maxMicrosecondsPerInvocation="56393" standardDeviationMircosecondsPerInvocation="5888"/>
      <ClassProfile name="edu.umd.cs.findbugs.ba.npe.NullDerefAndRedundantComparisonFinder" totalMilliseconds="755" invocations="333" avgMicrosecondsPerInvocation="2268" maxMicrosecondsPerInvocation="84664" standardDeviationMircosecondsPerInvocation="8317"/>
      <ClassProfile name="edu.umd.cs.findbugs.classfile.engine.bcel.IsNullValueDataflowFactory" totalMilliseconds="1057" invocations="335" avgMicrosecondsPerInvocation="3157" maxMicrosecondsPerInvocation="61180" standardDeviationMircosecondsPerInvocation="8587"/>
      <ClassProfile name="edu.umd.cs.findbugs.classfile.engine.ClassDataAnalysisEngine" totalMilliseconds="1193" invocations="2056" avgMicrosecondsPerInvocation="580" maxMicrosecondsPerInvocation="56492" standardDeviationMircosecondsPerInvocation="2388"/>
      <ClassProfile name="edu.umd.cs.findbugs.classfile.engine.bcel.UnconditionalValueDerefDataflowFactory" totalMilliseconds="1213" invocations="335" avgMicrosecondsPerInvocation="3622" maxMicrosecondsPerInvocation="267808" standardDeviationMircosecondsPerInvocation="16693"/>
      <ClassProfile name="edu.umd.cs.findbugs.classfile.engine.ClassInfoAnalysisEngine" totalMilliseconds="1313" invocations="2052" avgMicrosecondsPerInvocation="640" maxMicrosecondsPerInvocation="98525" standardDeviationMircosecondsPerInvocation="3700"/>
      <ClassProfile name="edu.umd.cs.findbugs.detect.FieldItemSummary" totalMilliseconds="1315" invocations="437" avgMicrosecondsPerInvocation="3009" maxMicrosecondsPerInvocation="106325" standardDeviationMircosecondsPerInvocation="9479"/>
      <ClassProfile name="edu.umd.cs.findbugs.classfile.engine.bcel.ValueNumberDataflowFactory" totalMilliseconds="1340" invocations="422" avgMicrosecondsPerInvocation="3177" maxMicrosecondsPerInvocation="367741" standardDeviationMircosecondsPerInvocation="19580"/>
      <ClassProfile name="edu.umd.cs.findbugs.OpcodeStack$JumpInfoFactory" totalMilliseconds="1410" invocations="7338" avgMicrosecondsPerInvocation="192" maxMicrosecondsPerInvocation="43309" standardDeviationMircosecondsPerInvocation="1446"/>
    </FindBugsProfile>
  </FindBugsSummary>
  <ClassFeatures></ClassFeatures>
  <History></History>
</BugCollection>
