<?xml version='1.1' encoding='UTF-8'?>
<Tag plugin="workflow-support@2.18">
  <node class="cps.n.StepAtomNode" plugin="workflow-cps@2.49-SNAPSHOT">
    <parentIds>
      <string>4</string>
    </parentIds>
    <id>5</id>
    <descriptorId>org.jenkinsci.plugins.workflow.steps.durable_task.ShellStep</descriptorId>
  </node>
  <actions>
    <wf.a.TimingAction plugin="workflow-api@2.27">
      <startTime>1524139380665</startTime>
    </wf.a.TimingAction>
    <s.a.LogActionImpl>
      <charset>UTF-8</charset>
    </s.a.LogActionImpl>
    <cps.a.ArgumentsActionImpl plugin="workflow-cps@2.49-SNAPSHOT">
      <arguments>
        <entry>
          <string>script</string>
          <string>sleep 60</string>
        </entry>
      </arguments>
      <isUnmodifiedBySanitization>true</isUnmodifiedBySanitization>
    </cps.a.ArgumentsActionImpl>
  </actions>
</Tag>