<org.jfrog.hudson.ArtifactoryBuilder_-DescriptorImpl plugin="artifactory@2.16.1">
  <useCredentialsPlugin>false</useCredentialsPlugin>
  <pushToBintrayEnabled>true</pushToBintrayEnabled>
  <buildInfoProxyEnabled>false</buildInfoProxyEnabled>
  <buildInfoProxyPort>0</buildInfoProxyPort>
  <buildInfoProxyCertPublic>/var/jenkins/secrets/jfrog/certs/jfrog.proxy.crt</buildInfoProxyCertPublic>
  <buildInfoProxyCertPrivate>/var/jenkins/secrets/jfrog/certs/jfrog.proxy.key</buildInfoProxyCertPrivate>
</org.jfrog.hudson.ArtifactoryBuilder_-DescriptorImpl>