<list>
  <flow-owner plugin="workflow-job@2.21">
    <job>AL_jenkins_pipeline_library/PR-120</job>
    <id>1</id>
  </flow-owner>
  <flow-owner plugin="workflow-job@2.21">
    <job>rndtest_vortex/master</job>
    <id>197</id>
  </flow-owner>
  <flow-owner plugin="workflow-job@2.21">
    <job>rndtest_glimpse_ptex/develop</job>
    <id>206</id>
  </flow-owner>
  <flow-owner plugin="workflow-job@2.21">
    <job>rndtest_vortexLibrary/master</job>
    <id>290</id>
  </flow-owner>
  <flow-owner plugin="workflow-job@2.21">
    <job>rndtest_glimpse_sl/develop</job>
    <id>96</id>
  </flow-owner>
</list>