<org.jenkinsci.plugins.workflow.libs.GlobalLibraries plugin="workflow-cps-global-lib@2.9">
  <libraries>
    <org.jenkinsci.plugins.workflow.libs.LibraryConfiguration>
      <name>AL</name>
      <retriever class="org.jenkinsci.plugins.workflow.libs.SCMSourceRetriever">
        <scm class="org.jenkinsci.plugins.github_branch_source.GitHubSCMSource" plugin="github-branch-source@2.3.4">
          <id>ef49a278-346e-40d3-a88c-be76351e6ad2</id>
          <apiUri>https://github.al.com.au/api/v3</apiUri>
          <credentialsId>fbf7986c-56fe-40c0-88c5-7d53d21954e4</credentialsId>
          <repoOwner>rnd</repoOwner>
          <repository>AL_jenkins_pipeline_library</repository>
          <traits>
            <org.jenkinsci.plugins.github__branch__source.BranchDiscoveryTrait>
              <strategyId>1</strategyId>
            </org.jenkinsci.plugins.github__branch__source.BranchDiscoveryTrait>
            <org.jenkinsci.plugins.github__branch__source.OriginPullRequestDiscoveryTrait>
              <strategyId>2</strategyId>
            </org.jenkinsci.plugins.github__branch__source.OriginPullRequestDiscoveryTrait>
            <org.jenkinsci.plugins.github__branch__source.ForkPullRequestDiscoveryTrait>
              <strategyId>2</strategyId>
              <trust class="org.jenkinsci.plugins.github_branch_source.ForkPullRequestDiscoveryTrait$TrustPermission"/>
            </org.jenkinsci.plugins.github__branch__source.ForkPullRequestDiscoveryTrait>
          </traits>
        </scm>
      </retriever>
      <defaultVersion>master</defaultVersion>
      <implicit>false</implicit>
      <allowVersionOverride>true</allowVersionOverride>
      <includeInChangesets>true</includeInChangesets>
    </org.jenkinsci.plugins.workflow.libs.LibraryConfiguration>
  </libraries>
</org.jenkinsci.plugins.workflow.libs.GlobalLibraries>