<hudson.model.Queue_-State>
  <counter>4426</counter>
  <items>
    <hudson.model.Queue_-BuildableItem>
      <actions/>
      <id>4426</id>
      <task class="org.jenkinsci.plugins.workflow.support.steps.ExecutorStepExecution$PlaceholderTask" plugin="workflow-durable-task-step@2.19">
        <context class="org.jenkinsci.plugins.workflow.cps.CpsStepContext" plugin="workflow-cps@2.53">
          <executionRef class="org.jenkinsci.plugins.workflow.job.WorkflowRun$Owner" plugin="workflow-job@2.21">
            <job>rndtest_glimpse_sl/develop</job>
            <id>96</id>
          </executionRef>
          <id>6</id>
          <bodyHeads/>
          <body class="org.jenkinsci.plugins.workflow.cps.StaticBodyReference" resolves-to="org.jenkinsci.plugins.workflow.cps.HandleBodyReference">
            <id>1</id>
          </body>
          <threadId>0</threadId>
          <stepDescriptorId>org.jenkinsci.plugins.workflow.support.steps.ExecutorStep</stepDescriptorId>
        </context>
        <label>rnd_coretools</label>
        <runId>rndtest_glimpse_sl/develop#96</runId>
      </task>
      <inQueueSince>1530689319536</inQueueSince>
      <buildableStartMilliseconds>1530689319536</buildableStartMilliseconds>
      <isPending>false</isPending>
    </hudson.model.Queue_-BuildableItem>
  </items>
</hudson.model.Queue_-State>