<scriptApproval plugin="script-security@1.44">
  <approvedScriptHashes>
    <string>017d0db438428731cd600b6ebda805065433520f</string>
    <string>1b8afe5360137ffef212b0ae1a0f214bf0e0e914</string>
    <string>3d98b502aa949c605debf7b932b0fdf22269f96d</string>
    <string>c32ca0c2e10f3ba7ba98a5b22c82a588685b5242</string>
  </approvedScriptHashes>
  <approvedSignatures>
    <string>method groovy.json.JsonSlurper parse java.io.InputStream</string>
    <string>method hudson.model.Item getFullName</string>
    <string>method hudson.model.Item getName</string>
    <string>method hudson.model.ItemGroup getItem java.lang.String</string>
    <string>method hudson.model.Job getBuilds</string>
    <string>method hudson.model.Run getArtifacts</string>
    <string>method hudson.model.Run getHasArtifacts</string>
    <string>method hudson.model.Run getNumber</string>
    <string>method hudson.model.Run getParent</string>
    <string>method hudson.model.Run$Artifact getFileName</string>
    <string>method java.net.HttpURLConnection getResponseCode</string>
    <string>method java.net.URL openConnection</string>
    <string>method java.net.URLConnection getInputStream</string>
    <string>method java.net.URLConnection setRequestProperty java.lang.String java.lang.String</string>
    <string>method jenkins.scm.api.SCMSourceOwner getSCMSources</string>
    <string>method org.jenkinsci.plugins.github_branch_source.GitHubSCMSource getRepoOwner</string>
    <string>method org.jenkinsci.plugins.github_branch_source.GitHubSCMSource getRepository</string>
    <string>method org.jenkinsci.plugins.workflow.job.WorkflowRun doStop</string>
    <string>method org.jenkinsci.plugins.workflow.support.steps.build.RunWrapper getRawBuild</string>
    <string>method org.jvnet.hudson.plugins.groovypostbuild.GroovyPostbuildRecorder$BadgeManager createSummary java.lang.String</string>
    <string>staticMethod jenkins.model.Jenkins getInstance</string>
    <string>staticMethod org.codehaus.groovy.runtime.DefaultGroovyMethods getText java.io.InputStream</string>
  </approvedSignatures>
  <aclApprovedSignatures/>
  <approvedClasspathEntries/>
  <pendingScripts/>
  <pendingSignatures/>
  <pendingClasspathEntries/>
</scriptApproval>