<?xml version="1.0" encoding="UTF-8"?><InteractionHistory Id="http://issues.hudson-ci.org-136824" Version="1"><InteractionEvent Delta="null" EndDate="2010-07-20 11:45:57.538 CEST" Interest="1.0" Kind="propagation" Navigation="org.eclipse.mylyn.core.model.edges.containment" OriginId="org.eclipse.mylyn.core.model.interest.propagation" StartDate="2010-07-20 11:45:57.538 CEST" StructureHandle="/org.jvnet.hudson.plugins.clearcase/src/main" StructureKind="resource"/><InteractionEvent Delta="null" EndDate="2010-07-20 11:45:57.381 CEST" Interest="1.0" Kind="propagation" Navigation="org.eclipse.mylyn.core.model.edges.containment" OriginId="org.eclipse.mylyn.core.model.interest.propagation" StartDate="2010-07-20 11:45:57.381 CEST" StructureHandle="/org.jvnet.hudson.plugins.clearcase/src/main/java/hudson/plugins/clearcase/action" StructureKind="resource"/><InteractionEvent Delta="null" EndDate="2010-07-20 11:47:12.834 CEST" Interest="1.0" Kind="selection" Navigation="null" OriginId="org.eclipse.jdt.ui.CompilationUnitEditor" StartDate="2010-07-20 11:47:12.834 CEST" StructureHandle="=org.jvnet.hudson.plugins.clearcase/src\/main\/java&amp;lt;hudson.plugins.clearcase.action{DynamicCheckoutAction.java" StructureKind="java"/><InteractionEvent Delta="null" EndDate="2010-07-20 11:47:12.834 CEST" Interest="1.0" Kind="propagation" Navigation="org.eclipse.mylyn.core.model.edges.containment" OriginId="org.eclipse.mylyn.core.model.interest.propagation" StartDate="2010-07-20 11:47:12.834 CEST" StructureHandle="=org.jvnet.hudson.plugins.clearcase/src\/main\/java" StructureKind="java"/><InteractionEvent Delta="null" EndDate="2010-07-20 11:45:52.522 CEST" Interest="1.0" Kind="propagation" Navigation="org.eclipse.mylyn.core.model.edges.containment" OriginId="org.eclipse.mylyn.core.model.interest.propagation" StartDate="2010-07-20 11:45:52.522 CEST" StructureHandle="/" StructureKind="resource"/><InteractionEvent Delta="null" EndDate="2010-07-20 11:45:52.522 CEST" Interest="0.01699996" Kind="propagation" Navigation="org.eclipse.mylyn.core.model.edges.containment" OriginId="org.eclipse.mylyn.core.model.interest.propagation" StartDate="2010-07-20 11:45:52.522 CEST" StructureHandle="/org.jvnet.hudson.plugins.clearcase/src/main/java" StructureKind="resource"/><InteractionEvent Delta="null" EndDate="2010-07-20 11:45:57.960 CEST" Interest="1.0" Kind="edit" Navigation="null" OriginId="org.eclipse.jdt.ui.CompilationUnitEditor" StartDate="2010-07-20 11:45:57.960 CEST" StructureHandle="=org.jvnet.hudson.plugins.clearcase/src\/main\/java&amp;lt;hudson.plugins.clearcase.action{DynamicCheckoutAction.java" StructureKind="java"/><InteractionEvent Delta="null" EndDate="2010-07-20 11:45:57.381 CEST" Interest="0.9830001" Kind="propagation" Navigation="org.eclipse.mylyn.core.model.edges.containment" OriginId="org.eclipse.mylyn.core.model.interest.propagation" StartDate="2010-07-20 11:45:57.381 CEST" StructureHandle="/org.jvnet.hudson.plugins.clearcase/src/main/java" StructureKind="resource"/><InteractionEvent Delta="null" EndDate="2010-07-20 11:47:12.834 CEST" Interest="1.0" Kind="propagation" Navigation="org.eclipse.mylyn.core.model.edges.containment" OriginId="org.eclipse.mylyn.core.model.interest.propagation" StartDate="2010-07-20 11:47:12.834 CEST" StructureHandle="/org.jvnet.hudson.plugins.clearcase/src/main/java/hudson" StructureKind="resource"/><InteractionEvent Delta="null" EndDate="2010-07-20 11:45:57.381 CEST" Interest="0.9490002" Kind="propagation" Navigation="org.eclipse.mylyn.core.model.edges.containment" OriginId="org.eclipse.mylyn.core.model.interest.propagation" StartDate="2010-07-20 11:45:57.381 CEST" StructureHandle="=org.jvnet.hudson.plugins.clearcase" StructureKind="resource"/><InteractionEvent Delta="null" EndDate="2010-07-20 11:45:52.522 CEST" Interest="1.0" Kind="selection" Navigation="null" OriginId="org.eclipse.mylyn.resources.ui.interest.updater" StartDate="2010-07-20 11:45:52.522 CEST" StructureHandle="=org.jvnet.hudson.plugins.clearcase/src\/main\/java&amp;lt;hudson.plugins.clearcase.action{DynamicCheckoutAction.java" StructureKind="java"/><InteractionEvent Delta="null" EndDate="2010-07-20 11:45:57.491 CEST" Interest="1.0" Kind="propagation" Navigation="null" OriginId="org.eclipse.jdt.ui.CompilationUnitEditor" StartDate="2010-07-20 11:45:57.491 CEST" StructureHandle="/org.jvnet.hudson.plugins.clearcase/src/main/java/hudson/plugins/clearcase/action/DynamicCheckoutAction.java" StructureKind="resource"/><InteractionEvent Delta="null" EndDate="2010-07-20 11:45:57.491 CEST" Interest="1.0" Kind="propagation" Navigation="org.eclipse.mylyn.core.model.edges.containment" OriginId="org.eclipse.mylyn.core.model.interest.propagation" StartDate="2010-07-20 11:45:57.491 CEST" StructureHandle="/org.jvnet.hudson.plugins.clearcase/src" StructureKind="resource"/><InteractionEvent Delta="null" EndDate="2010-07-20 11:45:57.381 CEST" Interest="1.0" Kind="propagation" Navigation="null" OriginId="org.eclipse.jdt.ui.PackageExplorer" StartDate="2010-07-20 11:45:57.381 CEST" StructureHandle="/org.jvnet.hudson.plugins.clearcase/src/main/java/hudson/plugins/clearcase/action/DynamicCheckoutAction.java" StructureKind="resource"/><InteractionEvent Delta="null" EndDate="2010-07-20 11:45:52.522 CEST" Interest="1.0" Kind="propagation" Navigation="null" OriginId="org.eclipse.mylyn.resources.ui.interest.updater" StartDate="2010-07-20 11:45:52.522 CEST" StructureHandle="/org.jvnet.hudson.plugins.clearcase/src/main/java/hudson/plugins/clearcase/action/DynamicCheckoutAction.java" StructureKind="resource"/><InteractionEvent Delta="null" EndDate="2010-07-20 11:47:12.865 CEST" Interest="1.0" Kind="propagation" Navigation="org.eclipse.mylyn.core.model.edges.containment" OriginId="org.eclipse.mylyn.core.model.interest.propagation" StartDate="2010-07-20 11:47:12.865 CEST" StructureHandle="/org.jvnet.hudson.plugins.clearcase/src/main/java" StructureKind="resource"/><InteractionEvent Delta="null" EndDate="2010-07-20 11:47:12.865 CEST" Interest="1.0" Kind="propagation" Navigation="org.eclipse.mylyn.core.model.edges.containment" OriginId="org.eclipse.mylyn.core.model.interest.propagation" StartDate="2010-07-20 11:47:12.865 CEST" StructureHandle="/org.jvnet.hudson.plugins.clearcase/src/main/java/hudson/plugins" StructureKind="resource"/><InteractionEvent Delta="null" EndDate="2010-07-20 11:45:52.522 CEST" Interest="1.0" Kind="propagation" Navigation="org.eclipse.mylyn.core.model.edges.containment" OriginId="org.eclipse.mylyn.core.model.interest.propagation" StartDate="2010-07-20 11:45:52.522 CEST" StructureHandle="=org.jvnet.hudson.plugins.clearcase/src\/main\/java&amp;lt;hudson.plugins.clearcase.action" StructureKind="java"/><InteractionEvent Delta="null" EndDate="2010-07-20 11:47:12.865 CEST" Interest="1.0" Kind="propagation" Navigation="org.eclipse.mylyn.core.model.edges.containment" OriginId="org.eclipse.mylyn.core.model.interest.propagation" StartDate="2010-07-20 11:47:12.865 CEST" StructureHandle="/org.jvnet.hudson.plugins.clearcase/src/main/java/hudson/plugins/clearcase" StructureKind="resource"/><InteractionEvent Delta="null" EndDate="2010-07-20 11:45:57.491 CEST" Interest="1.0" Kind="propagation" Navigation="org.eclipse.mylyn.core.model.edges.containment" OriginId="org.eclipse.mylyn.core.model.interest.propagation" StartDate="2010-07-20 11:45:57.491 CEST" StructureHandle="/" StructureKind="resource"/><InteractionEvent Delta="null" EndDate="2010-07-20 11:47:12.834 CEST" Interest="1.0" Kind="propagation" Navigation="org.eclipse.mylyn.core.model.edges.containment" OriginId="org.eclipse.mylyn.core.model.interest.propagation" StartDate="2010-07-20 11:47:12.834 CEST" StructureHandle="/org.jvnet.hudson.plugins.clearcase/src/main/java/hudson/plugins/clearcase/action" StructureKind="resource"/><InteractionEvent Delta="null" EndDate="2010-07-20 11:45:57.381 CEST" Interest="1.0" Kind="propagation" Navigation="org.eclipse.mylyn.core.model.edges.containment" OriginId="org.eclipse.mylyn.core.model.interest.propagation" StartDate="2010-07-20 11:45:57.381 CEST" StructureHandle="=org.jvnet.hudson.plugins.clearcase/src\/main\/java&amp;lt;hudson.plugins.clearcase.action" StructureKind="java"/><InteractionEvent Delta="null" EndDate="2010-07-20 11:47:12.865 CEST" Interest="1.0" Kind="propagation" Navigation="org.eclipse.mylyn.core.model.edges.containment" OriginId="org.eclipse.mylyn.core.model.interest.propagation" StartDate="2010-07-20 11:47:12.865 CEST" StructureHandle="/org.jvnet.hudson.plugins.clearcase/src/main" StructureKind="resource"/><InteractionEvent Delta="null" EndDate="2010-07-20 11:45:57.960 CEST" Interest="1.0" Kind="propagation" Navigation="org.eclipse.mylyn.core.model.edges.containment" OriginId="org.eclipse.mylyn.core.model.interest.propagation" StartDate="2010-07-20 11:45:57.960 CEST" StructureHandle="/org.jvnet.hudson.plugins.clearcase/src/main/java/hudson/plugins/clearcase/action" StructureKind="resource"/><InteractionEvent Delta="null" EndDate="2010-07-20 11:45:52.522 CEST" Interest="0.01699996" Kind="propagation" Navigation="org.eclipse.mylyn.core.model.edges.containment" OriginId="org.eclipse.mylyn.core.model.interest.propagation" StartDate="2010-07-20 11:45:52.522 CEST" StructureHandle="/org.jvnet.hudson.plugins.clearcase/src/main/java/hudson" StructureKind="resource"/><InteractionEvent Delta="null" EndDate="2010-07-20 11:47:12.834 CEST" Interest="1.0" Kind="propagation" Navigation="org.eclipse.mylyn.core.model.edges.containment" OriginId="org.eclipse.mylyn.core.model.interest.propagation" StartDate="2010-07-20 11:47:12.834 CEST" StructureHandle="/" StructureKind="resource"/><InteractionEvent Delta="null" EndDate="2010-07-20 11:45:52.522 CEST" Interest="1.0" Kind="propagation" Navigation="null" OriginId="org.eclipse.mylyn.resources.ui.interest.updater" StartDate="2010-07-20 11:45:52.522 CEST" StructureHandle="/org.jvnet.hudson.plugins.clearcase/src/main/java/hudson/plugins/clearcase/ClearToolExec.java" StructureKind="resource"/><InteractionEvent Delta="null" EndDate="2010-07-20 11:45:52.522 CEST" Interest="0.01699996" Kind="propagation" Navigation="org.eclipse.mylyn.core.model.edges.containment" OriginId="org.eclipse.mylyn.core.model.interest.propagation" StartDate="2010-07-20 11:45:52.522 CEST" StructureHandle="/org.jvnet.hudson.plugins.clearcase/src/test/java" StructureKind="resource"/><InteractionEvent Delta="null" EndDate="2010-07-20 11:45:57.491 CEST" Interest="1.0" Kind="propagation" Navigation="org.eclipse.mylyn.core.model.edges.containment" OriginId="org.eclipse.mylyn.core.model.interest.propagation" StartDate="2010-07-20 11:45:57.491 CEST" StructureHandle="=org.jvnet.hudson.plugins.clearcase/src\/main\/java" StructureKind="java"/><InteractionEvent Delta="null" EndDate="2010-07-20 11:47:12.865 CEST" Interest="1.0" Kind="propagation" Navigation="org.eclipse.mylyn.core.model.edges.containment" OriginId="org.eclipse.mylyn.core.model.interest.propagation" StartDate="2010-07-20 11:47:12.865 CEST" StructureHandle="/org.jvnet.hudson.plugins.clearcase/src/main/java/hudson" StructureKind="resource"/><InteractionEvent Delta="null" EndDate="2010-07-20 11:45:57.960 CEST" Interest="1.0" Kind="propagation" Navigation="org.eclipse.mylyn.core.model.edges.containment" OriginId="org.eclipse.mylyn.core.model.interest.propagation" StartDate="2010-07-20 11:45:57.960 CEST" StructureHandle="/org.jvnet.hudson.plugins.clearcase/src" StructureKind="resource"/><InteractionEvent Delta="null" EndDate="2010-07-20 11:45:57.960 CEST" Interest="1.0" Kind="propagation" Navigation="org.eclipse.mylyn.core.model.edges.containment" OriginId="org.eclipse.mylyn.core.model.interest.propagation" StartDate="2010-07-20 11:45:57.960 CEST" StructureHandle="/org.jvnet.hudson.plugins.clearcase/src/main" StructureKind="resource"/><InteractionEvent Delta="null" EndDate="2010-07-20 11:47:12.865 CEST" Interest="1.0" Kind="propagation" Navigation="org.eclipse.mylyn.core.model.edges.containment" OriginId="org.eclipse.mylyn.core.model.interest.propagation" StartDate="2010-07-20 11:47:12.865 CEST" StructureHandle="=org.jvnet.hudson.plugins.clearcase" StructureKind="resource"/><InteractionEvent Delta="null" EndDate="2010-07-20 11:47:12.834 CEST" Interest="1.0" Kind="propagation" Navigation="org.eclipse.mylyn.core.model.edges.containment" OriginId="org.eclipse.mylyn.core.model.interest.propagation" StartDate="2010-07-20 11:47:12.834 CEST" StructureHandle="/org.jvnet.hudson.plugins.clearcase/src/main/java/hudson/plugins" StructureKind="resource"/><InteractionEvent Delta="null" EndDate="2010-07-20 11:45:52.522 CEST" Interest="0.01699996" Kind="propagation" Navigation="org.eclipse.mylyn.core.model.edges.containment" OriginId="org.eclipse.mylyn.core.model.interest.propagation" StartDate="2010-07-20 11:45:52.522 CEST" StructureHandle="/org.jvnet.hudson.plugins.clearcase/src/test/java/hudson" StructureKind="resource"/><InteractionEvent Delta="null" EndDate="2010-07-20 11:45:52.522 CEST" Interest="1.0" Kind="propagation" Navigation="org.eclipse.mylyn.core.model.edges.containment" OriginId="org.eclipse.mylyn.core.model.interest.propagation" StartDate="2010-07-20 11:45:52.522 CEST" StructureHandle="/org.jvnet.hudson.plugins.clearcase/src/main/java/hudson/plugins/clearcase/action" StructureKind="resource"/><InteractionEvent Delta="null" EndDate="2010-07-20 11:45:52.522 CEST" Interest="0.01699996" Kind="propagation" Navigation="org.eclipse.mylyn.core.model.edges.containment" OriginId="org.eclipse.mylyn.core.model.interest.propagation" StartDate="2010-07-20 11:45:52.522 CEST" StructureHandle="/" StructureKind="resource"/><InteractionEvent Delta="null" EndDate="2010-07-20 11:45:52.522 CEST" Interest="1.0" Kind="propagation" Navigation="org.eclipse.mylyn.core.model.edges.containment" OriginId="org.eclipse.mylyn.core.model.interest.propagation" StartDate="2010-07-20 11:45:52.522 CEST" StructureHandle="=org.jvnet.hudson.plugins.clearcase/src\/main\/java&amp;lt;hudson.plugins.clearcase" StructureKind="java"/><InteractionEvent Delta="null" EndDate="2010-07-20 11:45:57.960 CEST" Interest="1.0" Kind="propagation" Navigation="org.eclipse.mylyn.core.model.edges.containment" OriginId="org.eclipse.mylyn.core.model.interest.propagation" StartDate="2010-07-20 11:45:57.960 CEST" StructureHandle="/org.jvnet.hudson.plugins.clearcase/src/main/java/hudson/plugins" StructureKind="resource"/><InteractionEvent Delta="null" EndDate="2010-07-20 11:45:52.522 CEST" Interest="0.01699996" Kind="propagation" Navigation="org.eclipse.mylyn.core.model.edges.containment" OriginId="org.eclipse.mylyn.core.model.interest.propagation" StartDate="2010-07-20 11:45:52.522 CEST" StructureHandle="/org.jvnet.hudson.plugins.clearcase/src/main/java/hudson/plugins" StructureKind="resource"/><InteractionEvent Delta="null" EndDate="2010-07-20 11:45:52.522 CEST" Interest="1.0" Kind="propagation" Navigation="org.eclipse.mylyn.core.model.edges.containment" OriginId="org.eclipse.mylyn.core.model.interest.propagation" StartDate="2010-07-20 11:45:52.522 CEST" StructureHandle="=org.jvnet.hudson.plugins.clearcase" StructureKind="resource"/><InteractionEvent Delta="null" EndDate="2010-07-20 11:47:12.865 CEST" Interest="0.6999998" Kind="propagation" Navigation="org.eclipse.mylyn.core.model.edges.containment" OriginId="org.eclipse.mylyn.core.model.interest.propagation" StartDate="2010-07-20 11:47:12.865 CEST" StructureHandle="=org.jvnet.hudson.plugins.clearcase/src\/main\/java&amp;lt;hudson.plugins.clearcase.action" StructureKind="java"/><InteractionEvent Delta="null" EndDate="2010-07-20 11:45:52.522 CEST" Interest="0.01699996" Kind="propagation" Navigation="org.eclipse.mylyn.core.model.edges.containment" OriginId="org.eclipse.mylyn.core.model.interest.propagation" StartDate="2010-07-20 11:45:52.522 CEST" StructureHandle="/org.jvnet.hudson.plugins.clearcase/src/main" StructureKind="resource"/><InteractionEvent Delta="null" EndDate="2010-07-20 11:47:12.834 CEST" Interest="1.0" Kind="propagation" Navigation="org.eclipse.mylyn.core.model.edges.containment" OriginId="org.eclipse.mylyn.core.model.interest.propagation" StartDate="2010-07-20 11:47:12.834 CEST" StructureHandle="/org.jvnet.hudson.plugins.clearcase/src/main/java/hudson/plugins/clearcase" StructureKind="resource"/><InteractionEvent Delta="null" EndDate="2010-07-20 11:47:12.865 CEST" Interest="1.0" Kind="propagation" Navigation="org.eclipse.mylyn.core.model.edges.containment" OriginId="org.eclipse.mylyn.core.model.interest.propagation" StartDate="2010-07-20 11:47:12.865 CEST" StructureHandle="/org.jvnet.hudson.plugins.clearcase/src/main/java/hudson/plugins/clearcase/action" StructureKind="resource"/><InteractionEvent Delta="null" EndDate="2010-07-20 11:45:57.381 CEST" Interest="0.9830001" Kind="propagation" Navigation="org.eclipse.mylyn.core.model.edges.containment" OriginId="org.eclipse.mylyn.core.model.interest.propagation" StartDate="2010-07-20 11:45:57.381 CEST" StructureHandle="/org.jvnet.hudson.plugins.clearcase/src/main/java/hudson/plugins/clearcase" StructureKind="resource"/><InteractionEvent Delta="null" EndDate="2010-07-20 11:45:52.522 CEST" Interest="1.0" Kind="propagation" Navigation="org.eclipse.mylyn.core.model.edges.containment" OriginId="org.eclipse.mylyn.core.model.interest.propagation" StartDate="2010-07-20 11:45:52.522 CEST" StructureHandle="/org.jvnet.hudson.plugins.clearcase/src/test/java/hudson/plugins" StructureKind="resource"/><InteractionEvent Delta="null" EndDate="2010-07-20 11:45:52.522 CEST" Interest="1.0" Kind="propagation" Navigation="org.eclipse.mylyn.core.model.edges.containment" OriginId="org.eclipse.mylyn.core.model.interest.propagation" StartDate="2010-07-20 11:45:52.522 CEST" StructureHandle="=org.jvnet.hudson.plugins.clearcase/src\/main\/java" StructureKind="java"/><InteractionEvent Delta="null" EndDate="2010-07-20 11:45:52.522 CEST" Interest="0.01700002" Kind="propagation" Navigation="org.eclipse.mylyn.core.model.edges.containment" OriginId="org.eclipse.mylyn.core.model.interest.propagation" StartDate="2010-07-20 11:45:52.522 CEST" StructureHandle="/org.jvnet.hudson.plugins.clearcase/src/main/java/hudson/plugins/clearcase" StructureKind="resource"/><InteractionEvent Delta="null" EndDate="2010-07-20 11:45:52.522 CEST" Interest="1.0" Kind="propagation" Navigation="org.eclipse.mylyn.core.model.edges.containment" OriginId="org.eclipse.mylyn.core.model.interest.propagation" StartDate="2010-07-20 11:45:52.522 CEST" StructureHandle="=org.jvnet.hudson.plugins.clearcase/src\/test\/java&amp;lt;hudson.plugins.clearcase" StructureKind="java"/><InteractionEvent Delta="null" EndDate="2010-07-20 11:45:57.538 CEST" Interest="1.0" Kind="propagation" Navigation="org.eclipse.mylyn.core.model.edges.containment" OriginId="org.eclipse.mylyn.core.model.interest.propagation" StartDate="2010-07-20 11:45:57.538 CEST" StructureHandle="/org.jvnet.hudson.plugins.clearcase/src/main/java/hudson" StructureKind="resource"/><InteractionEvent Delta="null" EndDate="2010-07-20 11:47:12.865 CEST" Interest="1.0" Kind="propagation" Navigation="org.eclipse.mylyn.core.model.edges.containment" OriginId="org.eclipse.mylyn.core.model.interest.propagation" StartDate="2010-07-20 11:47:12.865 CEST" StructureHandle="/" StructureKind="resource"/><InteractionEvent Delta="null" EndDate="2010-07-20 11:47:12.834 CEST" Interest="1.0" Kind="propagation" Navigation="null" OriginId="org.eclipse.jdt.ui.CompilationUnitEditor" StartDate="2010-07-20 11:47:12.834 CEST" StructureHandle="/org.jvnet.hudson.plugins.clearcase/src/main/java/hudson/plugins/clearcase/action/DynamicCheckoutAction.java" StructureKind="resource"/><InteractionEvent Delta="null" EndDate="2010-07-20 11:45:52.522 CEST" Interest="1.0" Kind="propagation" Navigation="org.eclipse.mylyn.core.model.edges.containment" OriginId="org.eclipse.mylyn.core.model.interest.propagation" StartDate="2010-07-20 11:45:52.522 CEST" StructureHandle="/org.jvnet.hudson.plugins.clearcase/src/main" StructureKind="resource"/><InteractionEvent Delta="null" EndDate="2010-07-20 11:45:57.960 CEST" Interest="1.0" Kind="propagation" Navigation="org.eclipse.mylyn.core.model.edges.containment" OriginId="org.eclipse.mylyn.core.model.interest.propagation" StartDate="2010-07-20 11:45:57.960 CEST" StructureHandle="/" StructureKind="resource"/><InteractionEvent Delta="null" EndDate="2010-07-20 11:45:52.522 CEST" Interest="1.0" Kind="propagation" Navigation="org.eclipse.mylyn.core.model.edges.containment" OriginId="org.eclipse.mylyn.core.model.interest.propagation" StartDate="2010-07-20 11:45:52.522 CEST" StructureHandle="/org.jvnet.hudson.plugins.clearcase/src/test/java/hudson" StructureKind="resource"/><InteractionEvent Delta="null" EndDate="2010-07-20 11:45:57.538 CEST" Interest="0.70000005" Kind="propagation" Navigation="org.eclipse.mylyn.core.model.edges.containment" OriginId="org.eclipse.mylyn.core.model.interest.propagation" StartDate="2010-07-20 11:45:57.538 CEST" StructureHandle="=org.jvnet.hudson.plugins.clearcase/src\/main\/java" StructureKind="java"/><InteractionEvent Delta="null" EndDate="2010-07-20 11:45:52.522 CEST" Interest="0.01699996" Kind="propagation" Navigation="org.eclipse.mylyn.core.model.edges.containment" OriginId="org.eclipse.mylyn.core.model.interest.propagation" StartDate="2010-07-20 11:45:52.522 CEST" StructureHandle="/org.jvnet.hudson.plugins.clearcase/src/test/java/hudson/plugins" StructureKind="resource"/><InteractionEvent Delta="null" EndDate="2010-07-20 11:45:57.491 CEST" Interest="1.0" Kind="propagation" Navigation="org.eclipse.mylyn.core.model.edges.containment" OriginId="org.eclipse.mylyn.core.model.interest.propagation" StartDate="2010-07-20 11:45:57.491 CEST" StructureHandle="=org.jvnet.hudson.plugins.clearcase" StructureKind="resource"/><InteractionEvent Delta="null" EndDate="2010-07-20 11:45:57.538 CEST" Interest="1.0" Kind="propagation" Navigation="org.eclipse.mylyn.core.model.edges.containment" OriginId="org.eclipse.mylyn.core.model.interest.propagation" StartDate="2010-07-20 11:45:57.538 CEST" StructureHandle="/org.jvnet.hudson.plugins.clearcase/src/main/java" StructureKind="resource"/><InteractionEvent Delta="null" EndDate="2010-07-20 11:45:52.522 CEST" Interest="1.0" Kind="selection" Navigation="null" OriginId="org.eclipse.mylyn.resources.ui.interest.updater" StartDate="2010-07-20 11:45:52.522 CEST" StructureHandle="=org.jvnet.hudson.plugins.clearcase/src\/test\/java&amp;lt;hudson.plugins.clearcase{AbstractClearCaseScmTest.java" StructureKind="java"/><InteractionEvent Delta="null" EndDate="2010-07-20 11:45:52.522 CEST" Interest="1.0" Kind="propagation" Navigation="null" OriginId="org.eclipse.mylyn.resources.ui.interest.updater" StartDate="2010-07-20 11:45:52.522 CEST" StructureHandle="/org.jvnet.hudson.plugins.clearcase/src/test/java/hudson/plugins/clearcase/ucm/UcmHistoryActionTest.java" StructureKind="resource"/><InteractionEvent Delta="null" EndDate="2010-07-20 11:45:57.960 CEST" Interest="1.0" Kind="propagation" Navigation="org.eclipse.mylyn.core.model.edges.containment" OriginId="org.eclipse.mylyn.core.model.interest.propagation" StartDate="2010-07-20 11:45:57.960 CEST" StructureHandle="/org.jvnet.hudson.plugins.clearcase/src/main/java/hudson/plugins/clearcase" StructureKind="resource"/><InteractionEvent Delta="null" EndDate="2010-07-20 11:45:57.491 CEST" Interest="1.0" Kind="propagation" Navigation="org.eclipse.mylyn.core.model.edges.containment" OriginId="org.eclipse.mylyn.core.model.interest.propagation" StartDate="2010-07-20 11:45:57.491 CEST" StructureHandle="/org.jvnet.hudson.plugins.clearcase/src/main/java" StructureKind="resource"/><InteractionEvent Delta="null" EndDate="2010-07-20 11:45:57.491 CEST" Interest="1.0" Kind="propagation" Navigation="org.eclipse.mylyn.core.model.edges.containment" OriginId="org.eclipse.mylyn.core.model.interest.propagation" StartDate="2010-07-20 11:45:57.491 CEST" StructureHandle="/org.jvnet.hudson.plugins.clearcase/src/main/java/hudson" StructureKind="resource"/><InteractionEvent Delta="null" EndDate="2010-07-20 11:45:52.522 CEST" Interest="1.0" Kind="propagation" Navigation="null" OriginId="org.eclipse.mylyn.resources.ui.interest.updater" StartDate="2010-07-20 11:45:52.522 CEST" StructureHandle="/org.jvnet.hudson.plugins.clearcase/src/test/java/hudson/plugins/clearcase/AbstractClearCaseScmTest.java" StructureKind="resource"/><InteractionEvent Delta="null" EndDate="2010-07-20 11:47:12.834 CEST" Interest="1.0" Kind="propagation" Navigation="org.eclipse.mylyn.core.model.edges.containment" OriginId="org.eclipse.mylyn.core.model.interest.propagation" StartDate="2010-07-20 11:47:12.834 CEST" StructureHandle="=org.jvnet.hudson.plugins.clearcase" StructureKind="resource"/><InteractionEvent Delta="null" EndDate="2010-07-20 11:45:52.522 CEST" Interest="1.0" Kind="propagation" Navigation="org.eclipse.mylyn.core.model.edges.containment" OriginId="org.eclipse.mylyn.core.model.interest.propagation" StartDate="2010-07-20 11:45:52.522 CEST" StructureHandle="/org.jvnet.hudson.plugins.clearcase/src/main/java/hudson" StructureKind="resource"/><InteractionEvent Delta="null" EndDate="2010-07-20 11:45:57.381 CEST" Interest="0.9830001" Kind="propagation" Navigation="org.eclipse.mylyn.core.model.edges.containment" OriginId="org.eclipse.mylyn.core.model.interest.propagation" StartDate="2010-07-20 11:45:57.381 CEST" StructureHandle="/org.jvnet.hudson.plugins.clearcase/src/main" StructureKind="resource"/><InteractionEvent Delta="null" EndDate="2010-07-20 11:45:57.538 CEST" Interest="1.0" Kind="propagation" Navigation="org.eclipse.mylyn.core.model.edges.containment" OriginId="org.eclipse.mylyn.core.model.interest.propagation" StartDate="2010-07-20 11:45:57.538 CEST" StructureHandle="/org.jvnet.hudson.plugins.clearcase/src/main/java/hudson/plugins" StructureKind="resource"/><InteractionEvent Delta="null" EndDate="2010-07-20 11:45:57.960 CEST" Interest="1.0" Kind="propagation" Navigation="org.eclipse.mylyn.core.model.edges.containment" OriginId="org.eclipse.mylyn.core.model.interest.propagation" StartDate="2010-07-20 11:45:57.960 CEST" StructureHandle="=org.jvnet.hudson.plugins.clearcase" StructureKind="resource"/><InteractionEvent Delta="null" EndDate="2010-07-20 11:45:57.538 CEST" Interest="1.0" Kind="propagation" Navigation="null" OriginId="org.eclipse.jdt.ui.CompilationUnitEditor" StartDate="2010-07-20 11:45:57.538 CEST" StructureHandle="/org.jvnet.hudson.plugins.clearcase/src/main/java/hudson/plugins/clearcase/action/DynamicCheckoutAction.java" StructureKind="resource"/><InteractionEvent Delta="null" EndDate="2010-07-20 11:45:52.522 CEST" Interest="1.0" Kind="selection" Navigation="null" OriginId="org.eclipse.mylyn.resources.ui.interest.updater" StartDate="2010-07-20 11:45:52.522 CEST" StructureHandle="=org.jvnet.hudson.plugins.clearcase/src\/test\/java&amp;lt;hudson.plugins.clearcase.ucm{UcmHistoryActionTest.java" StructureKind="java"/><InteractionEvent Delta="null" EndDate="2010-07-20 11:45:52.522 CEST" Interest="0.01700002" Kind="propagation" Navigation="org.eclipse.mylyn.core.model.edges.containment" OriginId="org.eclipse.mylyn.core.model.interest.propagation" StartDate="2010-07-20 11:45:52.522 CEST" StructureHandle="=org.jvnet.hudson.plugins.clearcase/src\/main\/java" StructureKind="java"/><InteractionEvent Delta="null" EndDate="2010-07-20 11:45:57.491 CEST" Interest="1.0" Kind="selection" Navigation="null" OriginId="org.eclipse.jdt.ui.CompilationUnitEditor" StartDate="2010-07-20 11:45:57.491 CEST" StructureHandle="=org.jvnet.hudson.plugins.clearcase/src\/main\/java&amp;lt;hudson.plugins.clearcase.action{DynamicCheckoutAction.java" StructureKind="java"/><InteractionEvent Delta="null" EndDate="2010-07-20 11:45:52.522 CEST" Interest="1.0" Kind="propagation" Navigation="org.eclipse.mylyn.core.model.edges.containment" OriginId="org.eclipse.mylyn.core.model.interest.propagation" StartDate="2010-07-20 11:45:52.522 CEST" StructureHandle="/org.jvnet.hudson.plugins.clearcase/src/main/java/hudson/plugins/clearcase" StructureKind="resource"/><InteractionEvent Delta="null" EndDate="2010-07-20 11:45:57.960 CEST" Interest="1.0" Kind="propagation" Navigation="org.eclipse.mylyn.core.model.edges.containment" OriginId="org.eclipse.mylyn.core.model.interest.propagation" StartDate="2010-07-20 11:45:57.960 CEST" StructureHandle="/org.jvnet.hudson.plugins.clearcase/src/main/java/hudson" StructureKind="resource"/><InteractionEvent Delta="null" EndDate="2010-07-20 11:47:12.865 CEST" Interest="1.0" Kind="propagation" Navigation="null" OriginId="org.eclipse.jdt.ui.CompilationUnitEditor" StartDate="2010-07-20 11:47:12.865 CEST" StructureHandle="/org.jvnet.hudson.plugins.clearcase/src/main/java/hudson/plugins/clearcase/action/DynamicCheckoutAction.java" StructureKind="resource"/><InteractionEvent Delta="null" EndDate="2010-07-20 11:45:57.491 CEST" Interest="1.0" Kind="propagation" Navigation="org.eclipse.mylyn.core.model.edges.containment" OriginId="org.eclipse.mylyn.core.model.interest.propagation" StartDate="2010-07-20 11:45:57.491 CEST" StructureHandle="=org.jvnet.hudson.plugins.clearcase/src\/main\/java&amp;lt;hudson.plugins.clearcase.action" StructureKind="java"/><InteractionEvent Delta="null" EndDate="2010-07-20 11:45:57.538 CEST" Interest="0.70000005" Kind="propagation" Navigation="org.eclipse.mylyn.core.model.edges.containment" OriginId="org.eclipse.mylyn.core.model.interest.propagation" StartDate="2010-07-20 11:45:57.538 CEST" StructureHandle="=org.jvnet.hudson.plugins.clearcase/src\/main\/java&amp;lt;hudson.plugins.clearcase.action" StructureKind="java"/><InteractionEvent Delta="null" EndDate="2010-07-20 11:47:12.834 CEST" Interest="1.0" Kind="propagation" Navigation="org.eclipse.mylyn.core.model.edges.containment" OriginId="org.eclipse.mylyn.core.model.interest.propagation" StartDate="2010-07-20 11:47:12.834 CEST" StructureHandle="/org.jvnet.hudson.plugins.clearcase/src" StructureKind="resource"/><InteractionEvent Delta="null" EndDate="2010-07-20 11:45:57.381 CEST" Interest="0.9490002" Kind="propagation" Navigation="org.eclipse.mylyn.core.model.edges.containment" OriginId="org.eclipse.mylyn.core.model.interest.propagation" StartDate="2010-07-20 11:45:57.381 CEST" StructureHandle="/org.jvnet.hudson.plugins.clearcase/src" StructureKind="resource"/><InteractionEvent Delta="null" EndDate="2010-07-20 11:45:57.491 CEST" Interest="1.0" Kind="propagation" Navigation="org.eclipse.mylyn.core.model.edges.containment" OriginId="org.eclipse.mylyn.core.model.interest.propagation" StartDate="2010-07-20 11:45:57.491 CEST" StructureHandle="/org.jvnet.hudson.plugins.clearcase/src/main/java/hudson/plugins/clearcase" StructureKind="resource"/><InteractionEvent Delta="null" EndDate="2010-07-20 11:45:57.538 CEST" Interest="1.0" Kind="propagation" Navigation="org.eclipse.mylyn.core.model.edges.containment" OriginId="org.eclipse.mylyn.core.model.interest.propagation" StartDate="2010-07-20 11:45:57.538 CEST" StructureHandle="/org.jvnet.hudson.plugins.clearcase/src" StructureKind="resource"/><InteractionEvent Delta="null" EndDate="2010-07-20 11:45:57.538 CEST" Interest="1.0" Kind="propagation" Navigation="org.eclipse.mylyn.core.model.edges.containment" OriginId="org.eclipse.mylyn.core.model.interest.propagation" StartDate="2010-07-20 11:45:57.538 CEST" StructureHandle="/org.jvnet.hudson.plugins.clearcase/src/main/java/hudson/plugins/clearcase" StructureKind="resource"/><InteractionEvent Delta="null" EndDate="2010-07-20 11:45:57.381 CEST" Interest="0.9830001" Kind="propagation" Navigation="org.eclipse.mylyn.core.model.edges.containment" OriginId="org.eclipse.mylyn.core.model.interest.propagation" StartDate="2010-07-20 11:45:57.381 CEST" StructureHandle="/org.jvnet.hudson.plugins.clearcase/src/main/java/hudson" StructureKind="resource"/><InteractionEvent Delta="null" EndDate="2010-07-20 11:47:12.865 CEST" Interest="0.6999998" Kind="propagation" Navigation="org.eclipse.mylyn.core.model.edges.containment" OriginId="org.eclipse.mylyn.core.model.interest.propagation" StartDate="2010-07-20 11:47:12.865 CEST" StructureHandle="=org.jvnet.hudson.plugins.clearcase/src\/main\/java" StructureKind="java"/><InteractionEvent Delta="null" EndDate="2010-07-20 11:45:52.522 CEST" Interest="1.0" Kind="propagation" Navigation="org.eclipse.mylyn.core.model.edges.containment" OriginId="org.eclipse.mylyn.core.model.interest.propagation" StartDate="2010-07-20 11:45:52.522 CEST" StructureHandle="/org.jvnet.hudson.plugins.clearcase/src/test/java" StructureKind="resource"/><InteractionEvent Delta="null" EndDate="2010-07-20 11:47:12.834 CEST" Interest="1.0" Kind="propagation" Navigation="org.eclipse.mylyn.core.model.edges.containment" OriginId="org.eclipse.mylyn.core.model.interest.propagation" StartDate="2010-07-20 11:47:12.834 CEST" StructureHandle="=org.jvnet.hudson.plugins.clearcase/src\/main\/java&amp;lt;hudson.plugins.clearcase.action" StructureKind="java"/><InteractionEvent Delta="null" EndDate="2010-07-20 11:45:57.960 CEST" Interest="0.70000005" Kind="propagation" Navigation="org.eclipse.mylyn.core.model.edges.containment" OriginId="org.eclipse.mylyn.core.model.interest.propagation" StartDate="2010-07-20 11:45:57.960 CEST" StructureHandle="=org.jvnet.hudson.plugins.clearcase/src\/main\/java&amp;lt;hudson.plugins.clearcase.action" StructureKind="java"/><InteractionEvent Delta="null" EndDate="2010-07-20 11:45:52.522 CEST" Interest="0.01699996" Kind="propagation" Navigation="org.eclipse.mylyn.core.model.edges.containment" OriginId="org.eclipse.mylyn.core.model.interest.propagation" StartDate="2010-07-20 11:45:52.522 CEST" StructureHandle="/org.jvnet.hudson.plugins.clearcase/src/test" StructureKind="resource"/><InteractionEvent Delta="null" EndDate="2010-07-20 11:45:57.538 CEST" Interest="1.0" Kind="propagation" Navigation="org.eclipse.mylyn.core.model.edges.containment" OriginId="org.eclipse.mylyn.core.model.interest.propagation" StartDate="2010-07-20 11:45:57.538 CEST" StructureHandle="/org.jvnet.hudson.plugins.clearcase/src/main/java/hudson/plugins/clearcase/action" StructureKind="resource"/><InteractionEvent Delta="null" EndDate="2010-07-20 11:45:52.522 CEST" Interest="1.0" Kind="selection" Navigation="null" OriginId="org.eclipse.mylyn.resources.ui.interest.updater" StartDate="2010-07-20 11:45:52.522 CEST" StructureHandle="=org.jvnet.hudson.plugins.clearcase/src\/main\/java&amp;lt;hudson.plugins.clearcase{ClearToolExec.java" StructureKind="java"/><InteractionEvent Delta="null" EndDate="2010-07-20 11:45:52.522 CEST" Interest="1.0" Kind="propagation" Navigation="org.eclipse.mylyn.core.model.edges.containment" OriginId="org.eclipse.mylyn.core.model.interest.propagation" StartDate="2010-07-20 11:45:52.522 CEST" StructureHandle="=org.jvnet.hudson.plugins.clearcase/src\/test\/java&amp;lt;hudson.plugins.clearcase.ucm" StructureKind="java"/><InteractionEvent Delta="null" EndDate="2010-07-20 11:45:52.522 CEST" Interest="1.0" Kind="propagation" Navigation="org.eclipse.mylyn.core.model.edges.containment" OriginId="org.eclipse.mylyn.core.model.interest.propagation" StartDate="2010-07-20 11:45:52.522 CEST" StructureHandle="/org.jvnet.hudson.plugins.clearcase/src/main/java" StructureKind="resource"/><InteractionEvent Delta="null" EndDate="2010-07-20 11:47:12.865 CEST" Interest="1.0" Kind="propagation" Navigation="org.eclipse.mylyn.core.model.edges.containment" OriginId="org.eclipse.mylyn.core.model.interest.propagation" StartDate="2010-07-20 11:47:12.865 CEST" StructureHandle="/org.jvnet.hudson.plugins.clearcase/src" StructureKind="resource"/><InteractionEvent Delta="null" EndDate="2010-07-20 11:47:12.834 CEST" Interest="1.0" Kind="propagation" Navigation="org.eclipse.mylyn.core.model.edges.containment" OriginId="org.eclipse.mylyn.core.model.interest.propagation" StartDate="2010-07-20 11:47:12.834 CEST" StructureHandle="/org.jvnet.hudson.plugins.clearcase/src/main/java" StructureKind="resource"/><InteractionEvent Delta="null" EndDate="2010-07-20 11:45:52.522 CEST" Interest="1.0" Kind="propagation" Navigation="org.eclipse.mylyn.core.model.edges.containment" OriginId="org.eclipse.mylyn.core.model.interest.propagation" StartDate="2010-07-20 11:45:52.522 CEST" StructureHandle="/org.jvnet.hudson.plugins.clearcase/src/main/java/hudson/plugins" StructureKind="resource"/><InteractionEvent Delta="null" EndDate="2010-07-20 11:45:52.522 CEST" Interest="0.01699996" Kind="propagation" Navigation="org.eclipse.mylyn.core.model.edges.containment" OriginId="org.eclipse.mylyn.core.model.interest.propagation" StartDate="2010-07-20 11:45:52.522 CEST" StructureHandle="=org.jvnet.hudson.plugins.clearcase" StructureKind="resource"/><InteractionEvent Delta="null" EndDate="2010-07-20 11:45:57.960 CEST" Interest="1.0" Kind="propagation" Navigation="org.eclipse.mylyn.core.model.edges.containment" OriginId="org.eclipse.mylyn.core.model.interest.propagation" StartDate="2010-07-20 11:45:57.960 CEST" StructureHandle="/org.jvnet.hudson.plugins.clearcase/src/main/java" StructureKind="resource"/><InteractionEvent Delta="null" EndDate="2010-07-20 11:45:52.522 CEST" Interest="0.01700002" Kind="propagation" Navigation="org.eclipse.mylyn.core.model.edges.containment" OriginId="org.eclipse.mylyn.core.model.interest.propagation" StartDate="2010-07-20 11:45:52.522 CEST" StructureHandle="=org.jvnet.hudson.plugins.clearcase/src\/test\/java" StructureKind="java"/><InteractionEvent Delta="null" EndDate="2010-07-20 11:45:52.522 CEST" Interest="0.01700002" Kind="propagation" Navigation="org.eclipse.mylyn.core.model.edges.containment" OriginId="org.eclipse.mylyn.core.model.interest.propagation" StartDate="2010-07-20 11:45:52.522 CEST" StructureHandle="/org.jvnet.hudson.plugins.clearcase/src" StructureKind="resource"/><InteractionEvent Delta="null" EndDate="2010-07-20 11:45:57.491 CEST" Interest="1.0" Kind="propagation" Navigation="org.eclipse.mylyn.core.model.edges.containment" OriginId="org.eclipse.mylyn.core.model.interest.propagation" StartDate="2010-07-20 11:45:57.491 CEST" StructureHandle="/org.jvnet.hudson.plugins.clearcase/src/main/java/hudson/plugins/clearcase/action" StructureKind="resource"/><InteractionEvent Delta="null" EndDate="2010-07-20 11:45:57.960 CEST" Interest="0.70000005" Kind="propagation" Navigation="org.eclipse.mylyn.core.model.edges.containment" OriginId="org.eclipse.mylyn.core.model.interest.propagation" StartDate="2010-07-20 11:45:57.960 CEST" StructureHandle="=org.jvnet.hudson.plugins.clearcase/src\/main\/java" StructureKind="java"/><InteractionEvent Delta="null" EndDate="2010-07-20 11:47:12.865 CEST" Interest="1.0" Kind="edit" Navigation="null" OriginId="org.eclipse.jdt.ui.CompilationUnitEditor" StartDate="2010-07-20 11:47:12.865 CEST" StructureHandle="=org.jvnet.hudson.plugins.clearcase/src\/main\/java&amp;lt;hudson.plugins.clearcase.action{DynamicCheckoutAction.java" StructureKind="java"/><InteractionEvent Delta="null" EndDate="2010-07-20 11:45:52.522 CEST" Interest="1.0" Kind="propagation" Navigation="org.eclipse.mylyn.core.model.edges.containment" OriginId="org.eclipse.mylyn.core.model.interest.propagation" StartDate="2010-07-20 11:45:52.522 CEST" StructureHandle="/org.jvnet.hudson.plugins.clearcase/src/test" StructureKind="resource"/><InteractionEvent Delta="null" EndDate="2010-07-20 11:45:52.522 CEST" Interest="1.0" Kind="propagation" Navigation="org.eclipse.mylyn.core.model.edges.containment" OriginId="org.eclipse.mylyn.core.model.interest.propagation" StartDate="2010-07-20 11:45:52.522 CEST" StructureHandle="/org.jvnet.hudson.plugins.clearcase/src/test/java/hudson/plugins/clearcase" StructureKind="resource"/><InteractionEvent Delta="null" EndDate="2010-07-20 11:45:57.491 CEST" Interest="1.0" Kind="propagation" Navigation="org.eclipse.mylyn.core.model.edges.containment" OriginId="org.eclipse.mylyn.core.model.interest.propagation" StartDate="2010-07-20 11:45:57.491 CEST" StructureHandle="/org.jvnet.hudson.plugins.clearcase/src/main" StructureKind="resource"/><InteractionEvent Delta="null" EndDate="2010-07-20 11:45:52.522 CEST" Interest="1.0" Kind="propagation" Navigation="org.eclipse.mylyn.core.model.edges.containment" OriginId="org.eclipse.mylyn.core.model.interest.propagation" StartDate="2010-07-20 11:45:52.522 CEST" StructureHandle="=org.jvnet.hudson.plugins.clearcase/src\/test\/java" StructureKind="java"/><InteractionEvent Delta="null" EndDate="2010-07-20 11:45:57.381 CEST" Interest="0.9830001" Kind="propagation" Navigation="org.eclipse.mylyn.core.model.edges.containment" OriginId="org.eclipse.mylyn.core.model.interest.propagation" StartDate="2010-07-20 11:45:57.381 CEST" StructureHandle="=org.jvnet.hudson.plugins.clearcase/src\/main\/java" StructureKind="java"/><InteractionEvent Delta="null" EndDate="2010-07-20 11:47:12.834 CEST" Interest="1.0" Kind="propagation" Navigation="org.eclipse.mylyn.core.model.edges.containment" OriginId="org.eclipse.mylyn.core.model.interest.propagation" StartDate="2010-07-20 11:47:12.834 CEST" StructureHandle="/org.jvnet.hudson.plugins.clearcase/src/main" StructureKind="resource"/><InteractionEvent Delta="null" EndDate="2010-07-20 11:45:52.522 CEST" Interest="0.01700002" Kind="propagation" Navigation="org.eclipse.mylyn.core.model.edges.containment" OriginId="org.eclipse.mylyn.core.model.interest.propagation" StartDate="2010-07-20 11:45:52.522 CEST" StructureHandle="/org.jvnet.hudson.plugins.clearcase/src/test/java/hudson/plugins/clearcase" StructureKind="resource"/><InteractionEvent Delta="null" EndDate="2010-07-20 11:45:57.381 CEST" Interest="0.9490002" Kind="propagation" Navigation="org.eclipse.mylyn.core.model.edges.containment" OriginId="org.eclipse.mylyn.core.model.interest.propagation" StartDate="2010-07-20 11:45:57.381 CEST" StructureHandle="/" StructureKind="resource"/><InteractionEvent Delta="null" EndDate="2010-07-20 11:45:52.522 CEST" Interest="1.0" Kind="propagation" Navigation="org.eclipse.mylyn.core.model.edges.containment" OriginId="org.eclipse.mylyn.core.model.interest.propagation" StartDate="2010-07-20 11:45:52.522 CEST" StructureHandle="/org.jvnet.hudson.plugins.clearcase/src/test/java/hudson/plugins/clearcase/ucm" StructureKind="resource"/><InteractionEvent Delta="null" EndDate="2010-07-20 11:45:57.538 CEST" Interest="1.0" Kind="edit" Navigation="null" OriginId="org.eclipse.jdt.ui.CompilationUnitEditor" StartDate="2010-07-20 11:45:57.538 CEST" StructureHandle="=org.jvnet.hudson.plugins.clearcase/src\/main\/java&amp;lt;hudson.plugins.clearcase.action{DynamicCheckoutAction.java" StructureKind="java"/><InteractionEvent Delta="null" EndDate="2010-07-20 11:45:57.538 CEST" Interest="1.0" Kind="propagation" Navigation="org.eclipse.mylyn.core.model.edges.containment" OriginId="org.eclipse.mylyn.core.model.interest.propagation" StartDate="2010-07-20 11:45:57.538 CEST" StructureHandle="=org.jvnet.hudson.plugins.clearcase" StructureKind="resource"/><InteractionEvent Delta="null" EndDate="2010-07-20 11:45:57.491 CEST" Interest="1.0" Kind="propagation" Navigation="org.eclipse.mylyn.core.model.edges.containment" OriginId="org.eclipse.mylyn.core.model.interest.propagation" StartDate="2010-07-20 11:45:57.491 CEST" StructureHandle="/org.jvnet.hudson.plugins.clearcase/src/main/java/hudson/plugins" StructureKind="resource"/><InteractionEvent Delta="null" EndDate="2010-07-20 11:45:57.381 CEST" Interest="0.9830001" Kind="propagation" Navigation="org.eclipse.mylyn.core.model.edges.containment" OriginId="org.eclipse.mylyn.core.model.interest.propagation" StartDate="2010-07-20 11:45:57.381 CEST" StructureHandle="/org.jvnet.hudson.plugins.clearcase/src/main/java/hudson/plugins" StructureKind="resource"/><InteractionEvent Delta="null" EndDate="2010-07-20 11:45:57.538 CEST" Interest="1.0" Kind="propagation" Navigation="org.eclipse.mylyn.core.model.edges.containment" OriginId="org.eclipse.mylyn.core.model.interest.propagation" StartDate="2010-07-20 11:45:57.538 CEST" StructureHandle="/" StructureKind="resource"/><InteractionEvent Delta="null" EndDate="2010-07-20 11:45:52.522 CEST" Interest="0.01699996" Kind="propagation" Navigation="org.eclipse.mylyn.core.model.edges.containment" OriginId="org.eclipse.mylyn.core.model.interest.propagation" StartDate="2010-07-20 11:45:52.522 CEST" StructureHandle="/org.jvnet.hudson.plugins.clearcase/src" StructureKind="resource"/><InteractionEvent Delta="null" EndDate="2010-07-20 11:45:57.960 CEST" Interest="1.0" Kind="propagation" Navigation="null" OriginId="org.eclipse.jdt.ui.CompilationUnitEditor" StartDate="2010-07-20 11:45:57.960 CEST" StructureHandle="/org.jvnet.hudson.plugins.clearcase/src/main/java/hudson/plugins/clearcase/action/DynamicCheckoutAction.java" StructureKind="resource"/><InteractionEvent Delta="null" EndDate="2010-07-20 11:45:52.522 CEST" Interest="1.0" Kind="propagation" Navigation="org.eclipse.mylyn.core.model.edges.containment" OriginId="org.eclipse.mylyn.core.model.interest.propagation" StartDate="2010-07-20 11:45:52.522 CEST" StructureHandle="/org.jvnet.hudson.plugins.clearcase/src" StructureKind="resource"/><InteractionEvent Delta="null" EndDate="2010-07-20 11:45:57.381 CEST" Interest="1.0" Kind="selection" Navigation="null" OriginId="org.eclipse.jdt.ui.PackageExplorer" StartDate="2010-07-20 11:45:57.381 CEST" StructureHandle="=org.jvnet.hudson.plugins.clearcase/src\/main\/java&amp;lt;hudson.plugins.clearcase.action{DynamicCheckoutAction.java" StructureKind="java"/></InteractionHistory>