<com.zanox.hudson.plugins.FTPPublisher_-DescriptorImpl plugin="ftppublisher@1.2">
  <sites>
    <com.zanox.hudson.plugins.FTPSite>
      <profileName>PreCrewing</profileName>
      <hostname>slnxairbusevpt02.colo.fr.sopra</hostname>
      <timeOut>30000000</timeOut>
      <port>21</port>
      <username>precrewing</username>
      <password>Sopra123!*</password>
      <ftpDir>/</ftpDir>
    </com.zanox.hudson.plugins.FTPSite>
  </sites>
  <flattenFilesSelectedByDefault>false</flattenFilesSelectedByDefault>
</com.zanox.hudson.plugins.FTPPublisher_-DescriptorImpl>