<de.silpion.jenkins.plugins.gitflow.GitflowBuildWrapper_-DescriptorImpl plugin="gitflow@1.0.1">
  <masterBranch>master</masterBranch>
  <developBranch>develop</developBranch>
  <releaseBranchPrefix>release/</releaseBranchPrefix>
  <hotfixBranchPrefix>hotfix/</hotfixBranchPrefix>
  <featureBranchPrefix>feature/</featureBranchPrefix>
  <versionTagPrefix/>
  <markSuccessfulBuildUnstableOnBrokenBranches>false</markSuccessfulBuildUnstableOnBrokenBranches>
</de.silpion.jenkins.plugins.gitflow.GitflowBuildWrapper_-DescriptorImpl>