<hudson.plugins.sonar.SonarGlobalConfiguration plugin="sonar@2.6.1">
  <installations>
    <hudson.plugins.sonar.SonarInstallation>
      <name>SonarQube PreCrewing</name>
      <serverUrl>http://lcolocdkairbus05.colo.fr.sopra:10008/</serverUrl>
      <serverVersion>5.3</serverVersion>
      <serverAuthenticationToken>0a33662e216fea03f21621ed73c7f6bcd14646fd</serverAuthenticationToken>
      <mojoVersion/>
      <databaseUrl/>
      <databaseLogin/>
      <additionalProperties/>
      <additionalAnalysisProperties/>
      <triggers>
        <skipScmCause>false</skipScmCause>
        <skipUpstreamCause>false</skipUpstreamCause>
        <envVar/>
      </triggers>
      <sonarLogin/>
      <databaseSecret>#secret#</databaseSecret>
      <sonarSecret>#secret#</sonarSecret>
    </hudson.plugins.sonar.SonarInstallation>
  </installations>
  <buildWrapperEnabled>true</buildWrapperEnabled>
</hudson.plugins.sonar.SonarGlobalConfiguration>