<hudson.plugins.disk__usage.DiskUsageProjectActionFactory_-DescriptorImpl plugin="disk-usage@0.28">
  <countIntervalBuilds>0 */6 * * *</countIntervalBuilds>
  <calculationBuilds>true</calculationBuilds>
  <countIntervalJobs>0 */6 * * *</countIntervalJobs>
  <calculationJobs>true</calculationJobs>
  <countIntervalWorkspace>0 */6 * * *</countIntervalWorkspace>
  <calculationWorkspace>true</calculationWorkspace>
  <checkWorkspaceOnSlave>false</checkWorkspaceOnSlave>
  <showFreeSpaceForJobDirectory>true</showFreeSpaceForJobDirectory>
  <excludedJobs/>
  <diskUsageBuilds>0</diskUsageBuilds>
  <diskUsageJobsWithoutBuilds>0</diskUsageJobsWithoutBuilds>
  <diskUsageWorkspaces>0</diskUsageWorkspaces>
  <diskUsageLockedBuilds>0</diskUsageLockedBuilds>
  <showGraph>false</showGraph>
  <historyLength>183</historyLength>
  <history class="hudson.plugins.disk_usage.DiskUsageProjectActionFactory$DescriptorImpl$1" serialization="custom">
    <unserializable-parents/>
    <linked-list>
      <default/>
      <int>95</int>
      <hudson.plugins.disk__usage.DiskUsageOvearallGraphGenerator_-DiskUsageRecord>
        <buildUsage>0</buildUsage>
        <wsUsage>0</wsUsage>
        <date class="hudson.plugins.disk_usage.DiskUsageOvearallGraphGenerator$DiskUsageRecord$1" serialization="custom">
          <date>
            <long>1506432482974</long>
          </date>
          <hudson.plugins.disk__usage.DiskUsageOvearallGraphGenerator_-DiskUsageRecord_-1>
            <default>
              <outer-class reference="../../../.."/>
            </default>
          </hudson.plugins.disk__usage.DiskUsageOvearallGraphGenerator_-DiskUsageRecord_-1>
        </date>
        <jobsWithoutBuildsUsage>0</jobsWithoutBuildsUsage>
        <allSpace>21003583488</allSpace>
        <diskUsageNonSlaveWorkspaces>0</diskUsageNonSlaveWorkspaces>
      </hudson.plugins.disk__usage.DiskUsageOvearallGraphGenerator_-DiskUsageRecord>
      <hudson.plugins.disk__usage.DiskUsageOvearallGraphGenerator_-DiskUsageRecord>
        <buildUsage>0</buildUsage>
        <wsUsage>0</wsUsage>
        <date class="hudson.plugins.disk_usage.DiskUsageOvearallGraphGenerator$DiskUsageRecord$1" serialization="custom">
          <date>
            <long>1506518882973</long>
          </date>
          <hudson.plugins.disk__usage.DiskUsageOvearallGraphGenerator_-DiskUsageRecord_-1>
            <default>
              <outer-class reference="../../../.."/>
            </default>
          </hudson.plugins.disk__usage.DiskUsageOvearallGraphGenerator_-DiskUsageRecord_-1>
        </date>
        <jobsWithoutBuildsUsage>0</jobsWithoutBuildsUsage>
        <allSpace>21003583488</allSpace>
        <diskUsageNonSlaveWorkspaces>0</diskUsageNonSlaveWorkspaces>
      </hudson.plugins.disk__usage.DiskUsageOvearallGraphGenerator_-DiskUsageRecord>
      <hudson.plugins.disk__usage.DiskUsageOvearallGraphGenerator_-DiskUsageRecord>
        <buildUsage>20922</buildUsage>
        <wsUsage>400408</wsUsage>
        <date class="hudson.plugins.disk_usage.DiskUsageOvearallGraphGenerator$DiskUsageRecord$1" serialization="custom">
          <date>
            <long>1506549157029</long>
          </date>
          <hudson.plugins.disk__usage.DiskUsageOvearallGraphGenerator_-DiskUsageRecord_-1>
            <default>
              <outer-class reference="../../../.."/>
            </default>
          </hudson.plugins.disk__usage.DiskUsageOvearallGraphGenerator_-DiskUsageRecord_-1>
        </date>
        <jobsWithoutBuildsUsage>0</jobsWithoutBuildsUsage>
        <allSpace>21003583488</allSpace>
        <diskUsageNonSlaveWorkspaces>0</diskUsageNonSlaveWorkspaces>
      </hudson.plugins.disk__usage.DiskUsageOvearallGraphGenerator_-DiskUsageRecord>
      <hudson.plugins.disk__usage.DiskUsageOvearallGraphGenerator_-DiskUsageRecord>
        <buildUsage>20922</buildUsage>
        <wsUsage>400408</wsUsage>
        <date class="hudson.plugins.disk_usage.DiskUsageOvearallGraphGenerator$DiskUsageRecord$1" serialization="custom">
          <date>
            <long>1506635557028</long>
          </date>
          <hudson.plugins.disk__usage.DiskUsageOvearallGraphGenerator_-DiskUsageRecord_-1>
            <default>
              <outer-class reference="../../../.."/>
            </default>
          </hudson.plugins.disk__usage.DiskUsageOvearallGraphGenerator_-DiskUsageRecord_-1>
        </date>
        <jobsWithoutBuildsUsage>0</jobsWithoutBuildsUsage>
        <allSpace>21003583488</allSpace>
        <diskUsageNonSlaveWorkspaces>0</diskUsageNonSlaveWorkspaces>
      </hudson.plugins.disk__usage.DiskUsageOvearallGraphGenerator_-DiskUsageRecord>
      <hudson.plugins.disk__usage.DiskUsageOvearallGraphGenerator_-DiskUsageRecord>
        <buildUsage>20922</buildUsage>
        <wsUsage>400408</wsUsage>
        <date class="hudson.plugins.disk_usage.DiskUsageOvearallGraphGenerator$DiskUsageRecord$1" serialization="custom">
          <date>
            <long>1506721957028</long>
          </date>
          <hudson.plugins.disk__usage.DiskUsageOvearallGraphGenerator_-DiskUsageRecord_-1>
            <default>
              <outer-class reference="../../../.."/>
            </default>
          </hudson.plugins.disk__usage.DiskUsageOvearallGraphGenerator_-DiskUsageRecord_-1>
        </date>
        <jobsWithoutBuildsUsage>0</jobsWithoutBuildsUsage>
        <allSpace>21003583488</allSpace>
        <diskUsageNonSlaveWorkspaces>0</diskUsageNonSlaveWorkspaces>
      </hudson.plugins.disk__usage.DiskUsageOvearallGraphGenerator_-DiskUsageRecord>
      <hudson.plugins.disk__usage.DiskUsageOvearallGraphGenerator_-DiskUsageRecord>
        <buildUsage>20922</buildUsage>
        <wsUsage>400408</wsUsage>
        <date class="hudson.plugins.disk_usage.DiskUsageOvearallGraphGenerator$DiskUsageRecord$1" serialization="custom">
          <date>
            <long>1506808357028</long>
          </date>
          <hudson.plugins.disk__usage.DiskUsageOvearallGraphGenerator_-DiskUsageRecord_-1>
            <default>
              <outer-class reference="../../../.."/>
            </default>
          </hudson.plugins.disk__usage.DiskUsageOvearallGraphGenerator_-DiskUsageRecord_-1>
        </date>
        <jobsWithoutBuildsUsage>0</jobsWithoutBuildsUsage>
        <allSpace>21003583488</allSpace>
        <diskUsageNonSlaveWorkspaces>0</diskUsageNonSlaveWorkspaces>
      </hudson.plugins.disk__usage.DiskUsageOvearallGraphGenerator_-DiskUsageRecord>
      <hudson.plugins.disk__usage.DiskUsageOvearallGraphGenerator_-DiskUsageRecord>
        <buildUsage>20922</buildUsage>
        <wsUsage>400408</wsUsage>
        <date class="hudson.plugins.disk_usage.DiskUsageOvearallGraphGenerator$DiskUsageRecord$1" serialization="custom">
          <date>
            <long>1506894757028</long>
          </date>
          <hudson.plugins.disk__usage.DiskUsageOvearallGraphGenerator_-DiskUsageRecord_-1>
            <default>
              <outer-class reference="../../../.."/>
            </default>
          </hudson.plugins.disk__usage.DiskUsageOvearallGraphGenerator_-DiskUsageRecord_-1>
        </date>
        <jobsWithoutBuildsUsage>0</jobsWithoutBuildsUsage>
        <allSpace>21003583488</allSpace>
        <diskUsageNonSlaveWorkspaces>0</diskUsageNonSlaveWorkspaces>
      </hudson.plugins.disk__usage.DiskUsageOvearallGraphGenerator_-DiskUsageRecord>
      <hudson.plugins.disk__usage.DiskUsageOvearallGraphGenerator_-DiskUsageRecord>
        <buildUsage>20922</buildUsage>
        <wsUsage>400408</wsUsage>
        <date class="hudson.plugins.disk_usage.DiskUsageOvearallGraphGenerator$DiskUsageRecord$1" serialization="custom">
          <date>
            <long>1506981157028</long>
          </date>
          <hudson.plugins.disk__usage.DiskUsageOvearallGraphGenerator_-DiskUsageRecord_-1>
            <default>
              <outer-class reference="../../../.."/>
            </default>
          </hudson.plugins.disk__usage.DiskUsageOvearallGraphGenerator_-DiskUsageRecord_-1>
        </date>
        <jobsWithoutBuildsUsage>0</jobsWithoutBuildsUsage>
        <allSpace>21003583488</allSpace>
        <diskUsageNonSlaveWorkspaces>0</diskUsageNonSlaveWorkspaces>
      </hudson.plugins.disk__usage.DiskUsageOvearallGraphGenerator_-DiskUsageRecord>
      <hudson.plugins.disk__usage.DiskUsageOvearallGraphGenerator_-DiskUsageRecord>
        <buildUsage>55670</buildUsage>
        <wsUsage>2966886</wsUsage>
        <date class="hudson.plugins.disk_usage.DiskUsageOvearallGraphGenerator$DiskUsageRecord$1" serialization="custom">
          <date>
            <long>1507048910777</long>
          </date>
          <hudson.plugins.disk__usage.DiskUsageOvearallGraphGenerator_-DiskUsageRecord_-1>
            <default>
              <outer-class reference="../../../.."/>
            </default>
          </hudson.plugins.disk__usage.DiskUsageOvearallGraphGenerator_-DiskUsageRecord_-1>
        </date>
        <jobsWithoutBuildsUsage>0</jobsWithoutBuildsUsage>
        <allSpace>21003583488</allSpace>
        <diskUsageNonSlaveWorkspaces>0</diskUsageNonSlaveWorkspaces>
      </hudson.plugins.disk__usage.DiskUsageOvearallGraphGenerator_-DiskUsageRecord>
      <hudson.plugins.disk__usage.DiskUsageOvearallGraphGenerator_-DiskUsageRecord>
        <buildUsage>122027</buildUsage>
        <wsUsage>5774597</wsUsage>
        <date class="hudson.plugins.disk_usage.DiskUsageOvearallGraphGenerator$DiskUsageRecord$1" serialization="custom">
          <date>
            <long>1507135310775</long>
          </date>
          <hudson.plugins.disk__usage.DiskUsageOvearallGraphGenerator_-DiskUsageRecord_-1>
            <default>
              <outer-class reference="../../../.."/>
            </default>
          </hudson.plugins.disk__usage.DiskUsageOvearallGraphGenerator_-DiskUsageRecord_-1>
        </date>
        <jobsWithoutBuildsUsage>0</jobsWithoutBuildsUsage>
        <allSpace>21003583488</allSpace>
        <diskUsageNonSlaveWorkspaces>0</diskUsageNonSlaveWorkspaces>
      </hudson.plugins.disk__usage.DiskUsageOvearallGraphGenerator_-DiskUsageRecord>
      <hudson.plugins.disk__usage.DiskUsageOvearallGraphGenerator_-DiskUsageRecord>
        <buildUsage>122027</buildUsage>
        <wsUsage>5774597</wsUsage>
        <date class="hudson.plugins.disk_usage.DiskUsageOvearallGraphGenerator$DiskUsageRecord$1" serialization="custom">
          <date>
            <long>1507221710775</long>
          </date>
          <hudson.plugins.disk__usage.DiskUsageOvearallGraphGenerator_-DiskUsageRecord_-1>
            <default>
              <outer-class reference="../../../.."/>
            </default>
          </hudson.plugins.disk__usage.DiskUsageOvearallGraphGenerator_-DiskUsageRecord_-1>
        </date>
        <jobsWithoutBuildsUsage>0</jobsWithoutBuildsUsage>
        <allSpace>21003583488</allSpace>
        <diskUsageNonSlaveWorkspaces>0</diskUsageNonSlaveWorkspaces>
      </hudson.plugins.disk__usage.DiskUsageOvearallGraphGenerator_-DiskUsageRecord>
      <hudson.plugins.disk__usage.DiskUsageOvearallGraphGenerator_-DiskUsageRecord>
        <buildUsage>149908</buildUsage>
        <wsUsage>6722441</wsUsage>
        <date class="hudson.plugins.disk_usage.DiskUsageOvearallGraphGenerator$DiskUsageRecord$1" serialization="custom">
          <date>
            <long>1507308110775</long>
          </date>
          <hudson.plugins.disk__usage.DiskUsageOvearallGraphGenerator_-DiskUsageRecord_-1>
            <default>
              <outer-class reference="../../../.."/>
            </default>
          </hudson.plugins.disk__usage.DiskUsageOvearallGraphGenerator_-DiskUsageRecord_-1>
        </date>
        <jobsWithoutBuildsUsage>0</jobsWithoutBuildsUsage>
        <allSpace>21003583488</allSpace>
        <diskUsageNonSlaveWorkspaces>0</diskUsageNonSlaveWorkspaces>
      </hudson.plugins.disk__usage.DiskUsageOvearallGraphGenerator_-DiskUsageRecord>
      <hudson.plugins.disk__usage.DiskUsageOvearallGraphGenerator_-DiskUsageRecord>
        <buildUsage>179157</buildUsage>
        <wsUsage>6750740</wsUsage>
        <date class="hudson.plugins.disk_usage.DiskUsageOvearallGraphGenerator$DiskUsageRecord$1" serialization="custom">
          <date>
            <long>1507394510775</long>
          </date>
          <hudson.plugins.disk__usage.DiskUsageOvearallGraphGenerator_-DiskUsageRecord_-1>
            <default>
              <outer-class reference="../../../.."/>
            </default>
          </hudson.plugins.disk__usage.DiskUsageOvearallGraphGenerator_-DiskUsageRecord_-1>
        </date>
        <jobsWithoutBuildsUsage>0</jobsWithoutBuildsUsage>
        <allSpace>21003583488</allSpace>
        <diskUsageNonSlaveWorkspaces>0</diskUsageNonSlaveWorkspaces>
      </hudson.plugins.disk__usage.DiskUsageOvearallGraphGenerator_-DiskUsageRecord>
      <hudson.plugins.disk__usage.DiskUsageOvearallGraphGenerator_-DiskUsageRecord>
        <buildUsage>179157</buildUsage>
        <wsUsage>6750740</wsUsage>
        <date class="hudson.plugins.disk_usage.DiskUsageOvearallGraphGenerator$DiskUsageRecord$1" serialization="custom">
          <date>
            <long>1507480910775</long>
          </date>
          <hudson.plugins.disk__usage.DiskUsageOvearallGraphGenerator_-DiskUsageRecord_-1>
            <default>
              <outer-class reference="../../../.."/>
            </default>
          </hudson.plugins.disk__usage.DiskUsageOvearallGraphGenerator_-DiskUsageRecord_-1>
        </date>
        <jobsWithoutBuildsUsage>0</jobsWithoutBuildsUsage>
        <allSpace>21003583488</allSpace>
        <diskUsageNonSlaveWorkspaces>0</diskUsageNonSlaveWorkspaces>
      </hudson.plugins.disk__usage.DiskUsageOvearallGraphGenerator_-DiskUsageRecord>
      <hudson.plugins.disk__usage.DiskUsageOvearallGraphGenerator_-DiskUsageRecord>
        <buildUsage>179157</buildUsage>
        <wsUsage>6750740</wsUsage>
        <date class="hudson.plugins.disk_usage.DiskUsageOvearallGraphGenerator$DiskUsageRecord$1" serialization="custom">
          <date>
            <long>1507567310775</long>
          </date>
          <hudson.plugins.disk__usage.DiskUsageOvearallGraphGenerator_-DiskUsageRecord_-1>
            <default>
              <outer-class reference="../../../.."/>
            </default>
          </hudson.plugins.disk__usage.DiskUsageOvearallGraphGenerator_-DiskUsageRecord_-1>
        </date>
        <jobsWithoutBuildsUsage>0</jobsWithoutBuildsUsage>
        <allSpace>21003583488</allSpace>
        <diskUsageNonSlaveWorkspaces>0</diskUsageNonSlaveWorkspaces>
      </hudson.plugins.disk__usage.DiskUsageOvearallGraphGenerator_-DiskUsageRecord>
      <hudson.plugins.disk__usage.DiskUsageOvearallGraphGenerator_-DiskUsageRecord>
        <buildUsage>207046</buildUsage>
        <wsUsage>7359967</wsUsage>
        <date class="hudson.plugins.disk_usage.DiskUsageOvearallGraphGenerator$DiskUsageRecord$1" serialization="custom">
          <date>
            <long>1507653710776</long>
          </date>
          <hudson.plugins.disk__usage.DiskUsageOvearallGraphGenerator_-DiskUsageRecord_-1>
            <default>
              <outer-class reference="../../../.."/>
            </default>
          </hudson.plugins.disk__usage.DiskUsageOvearallGraphGenerator_-DiskUsageRecord_-1>
        </date>
        <jobsWithoutBuildsUsage>0</jobsWithoutBuildsUsage>
        <allSpace>21003583488</allSpace>
        <diskUsageNonSlaveWorkspaces>0</diskUsageNonSlaveWorkspaces>
      </hudson.plugins.disk__usage.DiskUsageOvearallGraphGenerator_-DiskUsageRecord>
      <hudson.plugins.disk__usage.DiskUsageOvearallGraphGenerator_-DiskUsageRecord>
        <buildUsage>207046</buildUsage>
        <wsUsage>7359967</wsUsage>
        <date class="hudson.plugins.disk_usage.DiskUsageOvearallGraphGenerator$DiskUsageRecord$1" serialization="custom">
          <date>
            <long>1507740110776</long>
          </date>
          <hudson.plugins.disk__usage.DiskUsageOvearallGraphGenerator_-DiskUsageRecord_-1>
            <default>
              <outer-class reference="../../../.."/>
            </default>
          </hudson.plugins.disk__usage.DiskUsageOvearallGraphGenerator_-DiskUsageRecord_-1>
        </date>
        <jobsWithoutBuildsUsage>0</jobsWithoutBuildsUsage>
        <allSpace>21003583488</allSpace>
        <diskUsageNonSlaveWorkspaces>0</diskUsageNonSlaveWorkspaces>
      </hudson.plugins.disk__usage.DiskUsageOvearallGraphGenerator_-DiskUsageRecord>
      <hudson.plugins.disk__usage.DiskUsageOvearallGraphGenerator_-DiskUsageRecord>
        <buildUsage>207046</buildUsage>
        <wsUsage>7359967</wsUsage>
        <date class="hudson.plugins.disk_usage.DiskUsageOvearallGraphGenerator$DiskUsageRecord$1" serialization="custom">
          <date>
            <long>1507826510775</long>
          </date>
          <hudson.plugins.disk__usage.DiskUsageOvearallGraphGenerator_-DiskUsageRecord_-1>
            <default>
              <outer-class reference="../../../.."/>
            </default>
          </hudson.plugins.disk__usage.DiskUsageOvearallGraphGenerator_-DiskUsageRecord_-1>
        </date>
        <jobsWithoutBuildsUsage>0</jobsWithoutBuildsUsage>
        <allSpace>21003583488</allSpace>
        <diskUsageNonSlaveWorkspaces>0</diskUsageNonSlaveWorkspaces>
      </hudson.plugins.disk__usage.DiskUsageOvearallGraphGenerator_-DiskUsageRecord>
      <hudson.plugins.disk__usage.DiskUsageOvearallGraphGenerator_-DiskUsageRecord>
        <buildUsage>207046</buildUsage>
        <wsUsage>7359967</wsUsage>
        <date class="hudson.plugins.disk_usage.DiskUsageOvearallGraphGenerator$DiskUsageRecord$1" serialization="custom">
          <date>
            <long>1507912910775</long>
          </date>
          <hudson.plugins.disk__usage.DiskUsageOvearallGraphGenerator_-DiskUsageRecord_-1>
            <default>
              <outer-class reference="../../../.."/>
            </default>
          </hudson.plugins.disk__usage.DiskUsageOvearallGraphGenerator_-DiskUsageRecord_-1>
        </date>
        <jobsWithoutBuildsUsage>0</jobsWithoutBuildsUsage>
        <allSpace>21003583488</allSpace>
        <diskUsageNonSlaveWorkspaces>0</diskUsageNonSlaveWorkspaces>
      </hudson.plugins.disk__usage.DiskUsageOvearallGraphGenerator_-DiskUsageRecord>
      <hudson.plugins.disk__usage.DiskUsageOvearallGraphGenerator_-DiskUsageRecord>
        <buildUsage>207046</buildUsage>
        <wsUsage>7359967</wsUsage>
        <date class="hudson.plugins.disk_usage.DiskUsageOvearallGraphGenerator$DiskUsageRecord$1" serialization="custom">
          <date>
            <long>1507999310783</long>
          </date>
          <hudson.plugins.disk__usage.DiskUsageOvearallGraphGenerator_-DiskUsageRecord_-1>
            <default>
              <outer-class reference="../../../.."/>
            </default>
          </hudson.plugins.disk__usage.DiskUsageOvearallGraphGenerator_-DiskUsageRecord_-1>
        </date>
        <jobsWithoutBuildsUsage>0</jobsWithoutBuildsUsage>
        <allSpace>21003583488</allSpace>
        <diskUsageNonSlaveWorkspaces>0</diskUsageNonSlaveWorkspaces>
      </hudson.plugins.disk__usage.DiskUsageOvearallGraphGenerator_-DiskUsageRecord>
      <hudson.plugins.disk__usage.DiskUsageOvearallGraphGenerator_-DiskUsageRecord>
        <buildUsage>207046</buildUsage>
        <wsUsage>7359967</wsUsage>
        <date class="hudson.plugins.disk_usage.DiskUsageOvearallGraphGenerator$DiskUsageRecord$1" serialization="custom">
          <date>
            <long>1508085710822</long>
          </date>
          <hudson.plugins.disk__usage.DiskUsageOvearallGraphGenerator_-DiskUsageRecord_-1>
            <default>
              <outer-class reference="../../../.."/>
            </default>
          </hudson.plugins.disk__usage.DiskUsageOvearallGraphGenerator_-DiskUsageRecord_-1>
        </date>
        <jobsWithoutBuildsUsage>0</jobsWithoutBuildsUsage>
        <allSpace>21003583488</allSpace>
        <diskUsageNonSlaveWorkspaces>0</diskUsageNonSlaveWorkspaces>
      </hudson.plugins.disk__usage.DiskUsageOvearallGraphGenerator_-DiskUsageRecord>
      <hudson.plugins.disk__usage.DiskUsageOvearallGraphGenerator_-DiskUsageRecord>
        <buildUsage>316808</buildUsage>
        <wsUsage>7507777</wsUsage>
        <date class="hudson.plugins.disk_usage.DiskUsageOvearallGraphGenerator$DiskUsageRecord$1" serialization="custom">
          <date>
            <long>1508172110776</long>
          </date>
          <hudson.plugins.disk__usage.DiskUsageOvearallGraphGenerator_-DiskUsageRecord_-1>
            <default>
              <outer-class reference="../../../.."/>
            </default>
          </hudson.plugins.disk__usage.DiskUsageOvearallGraphGenerator_-DiskUsageRecord_-1>
        </date>
        <jobsWithoutBuildsUsage>0</jobsWithoutBuildsUsage>
        <allSpace>21003583488</allSpace>
        <diskUsageNonSlaveWorkspaces>0</diskUsageNonSlaveWorkspaces>
      </hudson.plugins.disk__usage.DiskUsageOvearallGraphGenerator_-DiskUsageRecord>
      <hudson.plugins.disk__usage.DiskUsageOvearallGraphGenerator_-DiskUsageRecord>
        <buildUsage>343638</buildUsage>
        <wsUsage>7541119</wsUsage>
        <date class="hudson.plugins.disk_usage.DiskUsageOvearallGraphGenerator$DiskUsageRecord$1" serialization="custom">
          <date>
            <long>1508258510776</long>
          </date>
          <hudson.plugins.disk__usage.DiskUsageOvearallGraphGenerator_-DiskUsageRecord_-1>
            <default>
              <outer-class reference="../../../.."/>
            </default>
          </hudson.plugins.disk__usage.DiskUsageOvearallGraphGenerator_-DiskUsageRecord_-1>
        </date>
        <jobsWithoutBuildsUsage>0</jobsWithoutBuildsUsage>
        <allSpace>21003583488</allSpace>
        <diskUsageNonSlaveWorkspaces>0</diskUsageNonSlaveWorkspaces>
      </hudson.plugins.disk__usage.DiskUsageOvearallGraphGenerator_-DiskUsageRecord>
      <hudson.plugins.disk__usage.DiskUsageOvearallGraphGenerator_-DiskUsageRecord>
        <buildUsage>849805</buildUsage>
        <wsUsage>125834674</wsUsage>
        <date class="hudson.plugins.disk_usage.DiskUsageOvearallGraphGenerator$DiskUsageRecord$1" serialization="custom">
          <date>
            <long>1508344910776</long>
          </date>
          <hudson.plugins.disk__usage.DiskUsageOvearallGraphGenerator_-DiskUsageRecord_-1>
            <default>
              <outer-class reference="../../../.."/>
            </default>
          </hudson.plugins.disk__usage.DiskUsageOvearallGraphGenerator_-DiskUsageRecord_-1>
        </date>
        <jobsWithoutBuildsUsage>0</jobsWithoutBuildsUsage>
        <allSpace>21003583488</allSpace>
        <diskUsageNonSlaveWorkspaces>0</diskUsageNonSlaveWorkspaces>
      </hudson.plugins.disk__usage.DiskUsageOvearallGraphGenerator_-DiskUsageRecord>
      <hudson.plugins.disk__usage.DiskUsageOvearallGraphGenerator_-DiskUsageRecord>
        <buildUsage>1504034</buildUsage>
        <wsUsage>91726397</wsUsage>
        <date class="hudson.plugins.disk_usage.DiskUsageOvearallGraphGenerator$DiskUsageRecord$1" serialization="custom">
          <date>
            <long>1508499504580</long>
          </date>
          <hudson.plugins.disk__usage.DiskUsageOvearallGraphGenerator_-DiskUsageRecord_-1>
            <default>
              <outer-class reference="../../../.."/>
            </default>
          </hudson.plugins.disk__usage.DiskUsageOvearallGraphGenerator_-DiskUsageRecord_-1>
        </date>
        <jobsWithoutBuildsUsage>0</jobsWithoutBuildsUsage>
        <allSpace>21003583488</allSpace>
        <diskUsageNonSlaveWorkspaces>0</diskUsageNonSlaveWorkspaces>
      </hudson.plugins.disk__usage.DiskUsageOvearallGraphGenerator_-DiskUsageRecord>
      <hudson.plugins.disk__usage.DiskUsageOvearallGraphGenerator_-DiskUsageRecord>
        <buildUsage>1899294</buildUsage>
        <wsUsage>108405074</wsUsage>
        <date class="hudson.plugins.disk_usage.DiskUsageOvearallGraphGenerator$DiskUsageRecord$1" serialization="custom">
          <date>
            <long>1508585904574</long>
          </date>
          <hudson.plugins.disk__usage.DiskUsageOvearallGraphGenerator_-DiskUsageRecord_-1>
            <default>
              <outer-class reference="../../../.."/>
            </default>
          </hudson.plugins.disk__usage.DiskUsageOvearallGraphGenerator_-DiskUsageRecord_-1>
        </date>
        <jobsWithoutBuildsUsage>0</jobsWithoutBuildsUsage>
        <allSpace>21003583488</allSpace>
        <diskUsageNonSlaveWorkspaces>0</diskUsageNonSlaveWorkspaces>
      </hudson.plugins.disk__usage.DiskUsageOvearallGraphGenerator_-DiskUsageRecord>
      <hudson.plugins.disk__usage.DiskUsageOvearallGraphGenerator_-DiskUsageRecord>
        <buildUsage>1899294</buildUsage>
        <wsUsage>108405074</wsUsage>
        <date class="hudson.plugins.disk_usage.DiskUsageOvearallGraphGenerator$DiskUsageRecord$1" serialization="custom">
          <date>
            <long>1508672304566</long>
          </date>
          <hudson.plugins.disk__usage.DiskUsageOvearallGraphGenerator_-DiskUsageRecord_-1>
            <default>
              <outer-class reference="../../../.."/>
            </default>
          </hudson.plugins.disk__usage.DiskUsageOvearallGraphGenerator_-DiskUsageRecord_-1>
        </date>
        <jobsWithoutBuildsUsage>0</jobsWithoutBuildsUsage>
        <allSpace>21003583488</allSpace>
        <diskUsageNonSlaveWorkspaces>0</diskUsageNonSlaveWorkspaces>
      </hudson.plugins.disk__usage.DiskUsageOvearallGraphGenerator_-DiskUsageRecord>
      <hudson.plugins.disk__usage.DiskUsageOvearallGraphGenerator_-DiskUsageRecord>
        <buildUsage>1919459</buildUsage>
        <wsUsage>108405075</wsUsage>
        <date class="hudson.plugins.disk_usage.DiskUsageOvearallGraphGenerator$DiskUsageRecord$1" serialization="custom">
          <date>
            <long>1508758704561</long>
          </date>
          <hudson.plugins.disk__usage.DiskUsageOvearallGraphGenerator_-DiskUsageRecord_-1>
            <default>
              <outer-class reference="../../../.."/>
            </default>
          </hudson.plugins.disk__usage.DiskUsageOvearallGraphGenerator_-DiskUsageRecord_-1>
        </date>
        <jobsWithoutBuildsUsage>0</jobsWithoutBuildsUsage>
        <allSpace>21003583488</allSpace>
        <diskUsageNonSlaveWorkspaces>0</diskUsageNonSlaveWorkspaces>
      </hudson.plugins.disk__usage.DiskUsageOvearallGraphGenerator_-DiskUsageRecord>
      <hudson.plugins.disk__usage.DiskUsageOvearallGraphGenerator_-DiskUsageRecord>
        <buildUsage>2022865</buildUsage>
        <wsUsage>108410843</wsUsage>
        <date class="hudson.plugins.disk_usage.DiskUsageOvearallGraphGenerator$DiskUsageRecord$1" serialization="custom">
          <date>
            <long>1508845104561</long>
          </date>
          <hudson.plugins.disk__usage.DiskUsageOvearallGraphGenerator_-DiskUsageRecord_-1>
            <default>
              <outer-class reference="../../../.."/>
            </default>
          </hudson.plugins.disk__usage.DiskUsageOvearallGraphGenerator_-DiskUsageRecord_-1>
        </date>
        <jobsWithoutBuildsUsage>0</jobsWithoutBuildsUsage>
        <allSpace>21003583488</allSpace>
        <diskUsageNonSlaveWorkspaces>0</diskUsageNonSlaveWorkspaces>
      </hudson.plugins.disk__usage.DiskUsageOvearallGraphGenerator_-DiskUsageRecord>
      <hudson.plugins.disk__usage.DiskUsageOvearallGraphGenerator_-DiskUsageRecord>
        <buildUsage>2136311</buildUsage>
        <wsUsage>108469065</wsUsage>
        <date class="hudson.plugins.disk_usage.DiskUsageOvearallGraphGenerator$DiskUsageRecord$1" serialization="custom">
          <date>
            <long>1508931504561</long>
          </date>
          <hudson.plugins.disk__usage.DiskUsageOvearallGraphGenerator_-DiskUsageRecord_-1>
            <default>
              <outer-class reference="../../../.."/>
            </default>
          </hudson.plugins.disk__usage.DiskUsageOvearallGraphGenerator_-DiskUsageRecord_-1>
        </date>
        <jobsWithoutBuildsUsage>0</jobsWithoutBuildsUsage>
        <allSpace>21003583488</allSpace>
        <diskUsageNonSlaveWorkspaces>0</diskUsageNonSlaveWorkspaces>
      </hudson.plugins.disk__usage.DiskUsageOvearallGraphGenerator_-DiskUsageRecord>
      <hudson.plugins.disk__usage.DiskUsageOvearallGraphGenerator_-DiskUsageRecord>
        <buildUsage>2136311</buildUsage>
        <wsUsage>108469065</wsUsage>
        <date class="hudson.plugins.disk_usage.DiskUsageOvearallGraphGenerator$DiskUsageRecord$1" serialization="custom">
          <date>
            <long>1509017907130</long>
          </date>
          <hudson.plugins.disk__usage.DiskUsageOvearallGraphGenerator_-DiskUsageRecord_-1>
            <default>
              <outer-class reference="../../../.."/>
            </default>
          </hudson.plugins.disk__usage.DiskUsageOvearallGraphGenerator_-DiskUsageRecord_-1>
        </date>
        <jobsWithoutBuildsUsage>0</jobsWithoutBuildsUsage>
        <allSpace>21003583488</allSpace>
        <diskUsageNonSlaveWorkspaces>0</diskUsageNonSlaveWorkspaces>
      </hudson.plugins.disk__usage.DiskUsageOvearallGraphGenerator_-DiskUsageRecord>
      <hudson.plugins.disk__usage.DiskUsageOvearallGraphGenerator_-DiskUsageRecord>
        <buildUsage>2318190</buildUsage>
        <wsUsage>108418147</wsUsage>
        <date class="hudson.plugins.disk_usage.DiskUsageOvearallGraphGenerator$DiskUsageRecord$1" serialization="custom">
          <date>
            <long>1509174598628</long>
          </date>
          <hudson.plugins.disk__usage.DiskUsageOvearallGraphGenerator_-DiskUsageRecord_-1>
            <default>
              <outer-class reference="../../../.."/>
            </default>
          </hudson.plugins.disk__usage.DiskUsageOvearallGraphGenerator_-DiskUsageRecord_-1>
        </date>
        <jobsWithoutBuildsUsage>0</jobsWithoutBuildsUsage>
        <allSpace>21003583488</allSpace>
        <diskUsageNonSlaveWorkspaces>0</diskUsageNonSlaveWorkspaces>
      </hudson.plugins.disk__usage.DiskUsageOvearallGraphGenerator_-DiskUsageRecord>
      <hudson.plugins.disk__usage.DiskUsageOvearallGraphGenerator_-DiskUsageRecord>
        <buildUsage>2318190</buildUsage>
        <wsUsage>108418147</wsUsage>
        <date class="hudson.plugins.disk_usage.DiskUsageOvearallGraphGenerator$DiskUsageRecord$1" serialization="custom">
          <date>
            <long>1509260998598</long>
          </date>
          <hudson.plugins.disk__usage.DiskUsageOvearallGraphGenerator_-DiskUsageRecord_-1>
            <default>
              <outer-class reference="../../../.."/>
            </default>
          </hudson.plugins.disk__usage.DiskUsageOvearallGraphGenerator_-DiskUsageRecord_-1>
        </date>
        <jobsWithoutBuildsUsage>0</jobsWithoutBuildsUsage>
        <allSpace>21003583488</allSpace>
        <diskUsageNonSlaveWorkspaces>0</diskUsageNonSlaveWorkspaces>
      </hudson.plugins.disk__usage.DiskUsageOvearallGraphGenerator_-DiskUsageRecord>
      <hudson.plugins.disk__usage.DiskUsageOvearallGraphGenerator_-DiskUsageRecord>
        <buildUsage>2318190</buildUsage>
        <wsUsage>108418147</wsUsage>
        <date class="hudson.plugins.disk_usage.DiskUsageOvearallGraphGenerator$DiskUsageRecord$1" serialization="custom">
          <date>
            <long>1509347398612</long>
          </date>
          <hudson.plugins.disk__usage.DiskUsageOvearallGraphGenerator_-DiskUsageRecord_-1>
            <default>
              <outer-class reference="../../../.."/>
            </default>
          </hudson.plugins.disk__usage.DiskUsageOvearallGraphGenerator_-DiskUsageRecord_-1>
        </date>
        <jobsWithoutBuildsUsage>0</jobsWithoutBuildsUsage>
        <allSpace>21003583488</allSpace>
        <diskUsageNonSlaveWorkspaces>0</diskUsageNonSlaveWorkspaces>
      </hudson.plugins.disk__usage.DiskUsageOvearallGraphGenerator_-DiskUsageRecord>
      <hudson.plugins.disk__usage.DiskUsageOvearallGraphGenerator_-DiskUsageRecord>
        <buildUsage>2318190</buildUsage>
        <wsUsage>108418147</wsUsage>
        <date class="hudson.plugins.disk_usage.DiskUsageOvearallGraphGenerator$DiskUsageRecord$1" serialization="custom">
          <date>
            <long>1509433799101</long>
          </date>
          <hudson.plugins.disk__usage.DiskUsageOvearallGraphGenerator_-DiskUsageRecord_-1>
            <default>
              <outer-class reference="../../../.."/>
            </default>
          </hudson.plugins.disk__usage.DiskUsageOvearallGraphGenerator_-DiskUsageRecord_-1>
        </date>
        <jobsWithoutBuildsUsage>0</jobsWithoutBuildsUsage>
        <allSpace>21003583488</allSpace>
        <diskUsageNonSlaveWorkspaces>0</diskUsageNonSlaveWorkspaces>
      </hudson.plugins.disk__usage.DiskUsageOvearallGraphGenerator_-DiskUsageRecord>
      <hudson.plugins.disk__usage.DiskUsageOvearallGraphGenerator_-DiskUsageRecord>
        <buildUsage>2318190</buildUsage>
        <wsUsage>108418147</wsUsage>
        <date class="hudson.plugins.disk_usage.DiskUsageOvearallGraphGenerator$DiskUsageRecord$1" serialization="custom">
          <date>
            <long>1509520198630</long>
          </date>
          <hudson.plugins.disk__usage.DiskUsageOvearallGraphGenerator_-DiskUsageRecord_-1>
            <default>
              <outer-class reference="../../../.."/>
            </default>
          </hudson.plugins.disk__usage.DiskUsageOvearallGraphGenerator_-DiskUsageRecord_-1>
        </date>
        <jobsWithoutBuildsUsage>0</jobsWithoutBuildsUsage>
        <allSpace>21003583488</allSpace>
        <diskUsageNonSlaveWorkspaces>0</diskUsageNonSlaveWorkspaces>
      </hudson.plugins.disk__usage.DiskUsageOvearallGraphGenerator_-DiskUsageRecord>
      <hudson.plugins.disk__usage.DiskUsageOvearallGraphGenerator_-DiskUsageRecord>
        <buildUsage>2318190</buildUsage>
        <wsUsage>108418147</wsUsage>
        <date class="hudson.plugins.disk_usage.DiskUsageOvearallGraphGenerator$DiskUsageRecord$1" serialization="custom">
          <date>
            <long>1509606598640</long>
          </date>
          <hudson.plugins.disk__usage.DiskUsageOvearallGraphGenerator_-DiskUsageRecord_-1>
            <default>
              <outer-class reference="../../../.."/>
            </default>
          </hudson.plugins.disk__usage.DiskUsageOvearallGraphGenerator_-DiskUsageRecord_-1>
        </date>
        <jobsWithoutBuildsUsage>0</jobsWithoutBuildsUsage>
        <allSpace>21003583488</allSpace>
        <diskUsageNonSlaveWorkspaces>0</diskUsageNonSlaveWorkspaces>
      </hudson.plugins.disk__usage.DiskUsageOvearallGraphGenerator_-DiskUsageRecord>
      <hudson.plugins.disk__usage.DiskUsageOvearallGraphGenerator_-DiskUsageRecord>
        <buildUsage>2541005</buildUsage>
        <wsUsage>108516769</wsUsage>
        <date class="hudson.plugins.disk_usage.DiskUsageOvearallGraphGenerator$DiskUsageRecord$1" serialization="custom">
          <date>
            <long>1509692998627</long>
          </date>
          <hudson.plugins.disk__usage.DiskUsageOvearallGraphGenerator_-DiskUsageRecord_-1>
            <default>
              <outer-class reference="../../../.."/>
            </default>
          </hudson.plugins.disk__usage.DiskUsageOvearallGraphGenerator_-DiskUsageRecord_-1>
        </date>
        <jobsWithoutBuildsUsage>0</jobsWithoutBuildsUsage>
        <allSpace>21003583488</allSpace>
        <diskUsageNonSlaveWorkspaces>0</diskUsageNonSlaveWorkspaces>
      </hudson.plugins.disk__usage.DiskUsageOvearallGraphGenerator_-DiskUsageRecord>
      <hudson.plugins.disk__usage.DiskUsageOvearallGraphGenerator_-DiskUsageRecord>
        <buildUsage>2577065</buildUsage>
        <wsUsage>109219129</wsUsage>
        <date class="hudson.plugins.disk_usage.DiskUsageOvearallGraphGenerator$DiskUsageRecord$1" serialization="custom">
          <date>
            <long>1509768712932</long>
          </date>
          <hudson.plugins.disk__usage.DiskUsageOvearallGraphGenerator_-DiskUsageRecord_-1>
            <default>
              <outer-class reference="../../../.."/>
            </default>
          </hudson.plugins.disk__usage.DiskUsageOvearallGraphGenerator_-DiskUsageRecord_-1>
        </date>
        <jobsWithoutBuildsUsage>0</jobsWithoutBuildsUsage>
        <allSpace>21003583488</allSpace>
        <diskUsageNonSlaveWorkspaces>0</diskUsageNonSlaveWorkspaces>
      </hudson.plugins.disk__usage.DiskUsageOvearallGraphGenerator_-DiskUsageRecord>
      <hudson.plugins.disk__usage.DiskUsageOvearallGraphGenerator_-DiskUsageRecord>
        <buildUsage>2577065</buildUsage>
        <wsUsage>109219129</wsUsage>
        <date class="hudson.plugins.disk_usage.DiskUsageOvearallGraphGenerator$DiskUsageRecord$1" serialization="custom">
          <date>
            <long>1509855112932</long>
          </date>
          <hudson.plugins.disk__usage.DiskUsageOvearallGraphGenerator_-DiskUsageRecord_-1>
            <default>
              <outer-class reference="../../../.."/>
            </default>
          </hudson.plugins.disk__usage.DiskUsageOvearallGraphGenerator_-DiskUsageRecord_-1>
        </date>
        <jobsWithoutBuildsUsage>0</jobsWithoutBuildsUsage>
        <allSpace>21003583488</allSpace>
        <diskUsageNonSlaveWorkspaces>0</diskUsageNonSlaveWorkspaces>
      </hudson.plugins.disk__usage.DiskUsageOvearallGraphGenerator_-DiskUsageRecord>
      <hudson.plugins.disk__usage.DiskUsageOvearallGraphGenerator_-DiskUsageRecord>
        <buildUsage>2577065</buildUsage>
        <wsUsage>109219129</wsUsage>
        <date class="hudson.plugins.disk_usage.DiskUsageOvearallGraphGenerator$DiskUsageRecord$1" serialization="custom">
          <date>
            <long>1509941512930</long>
          </date>
          <hudson.plugins.disk__usage.DiskUsageOvearallGraphGenerator_-DiskUsageRecord_-1>
            <default>
              <outer-class reference="../../../.."/>
            </default>
          </hudson.plugins.disk__usage.DiskUsageOvearallGraphGenerator_-DiskUsageRecord_-1>
        </date>
        <jobsWithoutBuildsUsage>0</jobsWithoutBuildsUsage>
        <allSpace>21003583488</allSpace>
        <diskUsageNonSlaveWorkspaces>0</diskUsageNonSlaveWorkspaces>
      </hudson.plugins.disk__usage.DiskUsageOvearallGraphGenerator_-DiskUsageRecord>
      <hudson.plugins.disk__usage.DiskUsageOvearallGraphGenerator_-DiskUsageRecord>
        <buildUsage>3088701</buildUsage>
        <wsUsage>355105618</wsUsage>
        <date class="hudson.plugins.disk_usage.DiskUsageOvearallGraphGenerator$DiskUsageRecord$1" serialization="custom">
          <date>
            <long>1510062116244</long>
          </date>
          <hudson.plugins.disk__usage.DiskUsageOvearallGraphGenerator_-DiskUsageRecord_-1>
            <default>
              <outer-class reference="../../../.."/>
            </default>
          </hudson.plugins.disk__usage.DiskUsageOvearallGraphGenerator_-DiskUsageRecord_-1>
        </date>
        <jobsWithoutBuildsUsage>0</jobsWithoutBuildsUsage>
        <allSpace>21003583488</allSpace>
        <diskUsageNonSlaveWorkspaces>0</diskUsageNonSlaveWorkspaces>
      </hudson.plugins.disk__usage.DiskUsageOvearallGraphGenerator_-DiskUsageRecord>
      <hudson.plugins.disk__usage.DiskUsageOvearallGraphGenerator_-DiskUsageRecord>
        <buildUsage>3219914</buildUsage>
        <wsUsage>361064197</wsUsage>
        <date class="hudson.plugins.disk_usage.DiskUsageOvearallGraphGenerator$DiskUsageRecord$1" serialization="custom">
          <date>
            <long>1510148516226</long>
          </date>
          <hudson.plugins.disk__usage.DiskUsageOvearallGraphGenerator_-DiskUsageRecord_-1>
            <default>
              <outer-class reference="../../../.."/>
            </default>
          </hudson.plugins.disk__usage.DiskUsageOvearallGraphGenerator_-DiskUsageRecord_-1>
        </date>
        <jobsWithoutBuildsUsage>0</jobsWithoutBuildsUsage>
        <allSpace>21003583488</allSpace>
        <diskUsageNonSlaveWorkspaces>0</diskUsageNonSlaveWorkspaces>
      </hudson.plugins.disk__usage.DiskUsageOvearallGraphGenerator_-DiskUsageRecord>
      <hudson.plugins.disk__usage.DiskUsageOvearallGraphGenerator_-DiskUsageRecord>
        <buildUsage>3324480</buildUsage>
        <wsUsage>361288056</wsUsage>
        <date class="hudson.plugins.disk_usage.DiskUsageOvearallGraphGenerator$DiskUsageRecord$1" serialization="custom">
          <date>
            <long>1510234916238</long>
          </date>
          <hudson.plugins.disk__usage.DiskUsageOvearallGraphGenerator_-DiskUsageRecord_-1>
            <default>
              <outer-class reference="../../../.."/>
            </default>
          </hudson.plugins.disk__usage.DiskUsageOvearallGraphGenerator_-DiskUsageRecord_-1>
        </date>
        <jobsWithoutBuildsUsage>0</jobsWithoutBuildsUsage>
        <allSpace>21003583488</allSpace>
        <diskUsageNonSlaveWorkspaces>0</diskUsageNonSlaveWorkspaces>
      </hudson.plugins.disk__usage.DiskUsageOvearallGraphGenerator_-DiskUsageRecord>
      <hudson.plugins.disk__usage.DiskUsageOvearallGraphGenerator_-DiskUsageRecord>
        <buildUsage>4019602</buildUsage>
        <wsUsage>363313690</wsUsage>
        <date class="hudson.plugins.disk_usage.DiskUsageOvearallGraphGenerator$DiskUsageRecord$1" serialization="custom">
          <date>
            <long>1510400930357</long>
          </date>
          <hudson.plugins.disk__usage.DiskUsageOvearallGraphGenerator_-DiskUsageRecord_-1>
            <default>
              <outer-class reference="../../../.."/>
            </default>
          </hudson.plugins.disk__usage.DiskUsageOvearallGraphGenerator_-DiskUsageRecord_-1>
        </date>
        <jobsWithoutBuildsUsage>0</jobsWithoutBuildsUsage>
        <allSpace>21003583488</allSpace>
        <diskUsageNonSlaveWorkspaces>0</diskUsageNonSlaveWorkspaces>
      </hudson.plugins.disk__usage.DiskUsageOvearallGraphGenerator_-DiskUsageRecord>
      <hudson.plugins.disk__usage.DiskUsageOvearallGraphGenerator_-DiskUsageRecord>
        <buildUsage>4019602</buildUsage>
        <wsUsage>363313690</wsUsage>
        <date class="hudson.plugins.disk_usage.DiskUsageOvearallGraphGenerator$DiskUsageRecord$1" serialization="custom">
          <date>
            <long>1510487330351</long>
          </date>
          <hudson.plugins.disk__usage.DiskUsageOvearallGraphGenerator_-DiskUsageRecord_-1>
            <default>
              <outer-class reference="../../../.."/>
            </default>
          </hudson.plugins.disk__usage.DiskUsageOvearallGraphGenerator_-DiskUsageRecord_-1>
        </date>
        <jobsWithoutBuildsUsage>0</jobsWithoutBuildsUsage>
        <allSpace>21003583488</allSpace>
        <diskUsageNonSlaveWorkspaces>0</diskUsageNonSlaveWorkspaces>
      </hudson.plugins.disk__usage.DiskUsageOvearallGraphGenerator_-DiskUsageRecord>
      <hudson.plugins.disk__usage.DiskUsageOvearallGraphGenerator_-DiskUsageRecord>
        <buildUsage>4019602</buildUsage>
        <wsUsage>363313690</wsUsage>
        <date class="hudson.plugins.disk_usage.DiskUsageOvearallGraphGenerator$DiskUsageRecord$1" serialization="custom">
          <date>
            <long>1510573730367</long>
          </date>
          <hudson.plugins.disk__usage.DiskUsageOvearallGraphGenerator_-DiskUsageRecord_-1>
            <default>
              <outer-class reference="../../../.."/>
            </default>
          </hudson.plugins.disk__usage.DiskUsageOvearallGraphGenerator_-DiskUsageRecord_-1>
        </date>
        <jobsWithoutBuildsUsage>0</jobsWithoutBuildsUsage>
        <allSpace>21003583488</allSpace>
        <diskUsageNonSlaveWorkspaces>0</diskUsageNonSlaveWorkspaces>
      </hudson.plugins.disk__usage.DiskUsageOvearallGraphGenerator_-DiskUsageRecord>
      <hudson.plugins.disk__usage.DiskUsageOvearallGraphGenerator_-DiskUsageRecord>
        <buildUsage>4332829</buildUsage>
        <wsUsage>398411205</wsUsage>
        <date class="hudson.plugins.disk_usage.DiskUsageOvearallGraphGenerator$DiskUsageRecord$1" serialization="custom">
          <date>
            <long>1510660130363</long>
          </date>
          <hudson.plugins.disk__usage.DiskUsageOvearallGraphGenerator_-DiskUsageRecord_-1>
            <default>
              <outer-class reference="../../../.."/>
            </default>
          </hudson.plugins.disk__usage.DiskUsageOvearallGraphGenerator_-DiskUsageRecord_-1>
        </date>
        <jobsWithoutBuildsUsage>0</jobsWithoutBuildsUsage>
        <allSpace>21003583488</allSpace>
        <diskUsageNonSlaveWorkspaces>0</diskUsageNonSlaveWorkspaces>
      </hudson.plugins.disk__usage.DiskUsageOvearallGraphGenerator_-DiskUsageRecord>
      <hudson.plugins.disk__usage.DiskUsageOvearallGraphGenerator_-DiskUsageRecord>
        <buildUsage>4839682</buildUsage>
        <wsUsage>398612935</wsUsage>
        <date class="hudson.plugins.disk_usage.DiskUsageOvearallGraphGenerator$DiskUsageRecord$1" serialization="custom">
          <date>
            <long>1510746530352</long>
          </date>
          <hudson.plugins.disk__usage.DiskUsageOvearallGraphGenerator_-DiskUsageRecord_-1>
            <default>
              <outer-class reference="../../../.."/>
            </default>
          </hudson.plugins.disk__usage.DiskUsageOvearallGraphGenerator_-DiskUsageRecord_-1>
        </date>
        <jobsWithoutBuildsUsage>0</jobsWithoutBuildsUsage>
        <allSpace>21003583488</allSpace>
        <diskUsageNonSlaveWorkspaces>0</diskUsageNonSlaveWorkspaces>
      </hudson.plugins.disk__usage.DiskUsageOvearallGraphGenerator_-DiskUsageRecord>
      <hudson.plugins.disk__usage.DiskUsageOvearallGraphGenerator_-DiskUsageRecord>
        <buildUsage>5707986</buildUsage>
        <wsUsage>402936082</wsUsage>
        <date class="hudson.plugins.disk_usage.DiskUsageOvearallGraphGenerator$DiskUsageRecord$1" serialization="custom">
          <date>
            <long>1510848279217</long>
          </date>
          <hudson.plugins.disk__usage.DiskUsageOvearallGraphGenerator_-DiskUsageRecord_-1>
            <default>
              <outer-class reference="../../../.."/>
            </default>
          </hudson.plugins.disk__usage.DiskUsageOvearallGraphGenerator_-DiskUsageRecord_-1>
        </date>
        <jobsWithoutBuildsUsage>0</jobsWithoutBuildsUsage>
        <allSpace>21003583488</allSpace>
        <diskUsageNonSlaveWorkspaces>0</diskUsageNonSlaveWorkspaces>
      </hudson.plugins.disk__usage.DiskUsageOvearallGraphGenerator_-DiskUsageRecord>
      <hudson.plugins.disk__usage.DiskUsageOvearallGraphGenerator_-DiskUsageRecord>
        <buildUsage>5922191</buildUsage>
        <wsUsage>395951569</wsUsage>
        <date class="hudson.plugins.disk_usage.DiskUsageOvearallGraphGenerator$DiskUsageRecord$1" serialization="custom">
          <date>
            <long>1510934679212</long>
          </date>
          <hudson.plugins.disk__usage.DiskUsageOvearallGraphGenerator_-DiskUsageRecord_-1>
            <default>
              <outer-class reference="../../../.."/>
            </default>
          </hudson.plugins.disk__usage.DiskUsageOvearallGraphGenerator_-DiskUsageRecord_-1>
        </date>
        <jobsWithoutBuildsUsage>0</jobsWithoutBuildsUsage>
        <allSpace>21003583488</allSpace>
        <diskUsageNonSlaveWorkspaces>0</diskUsageNonSlaveWorkspaces>
      </hudson.plugins.disk__usage.DiskUsageOvearallGraphGenerator_-DiskUsageRecord>
      <hudson.plugins.disk__usage.DiskUsageOvearallGraphGenerator_-DiskUsageRecord>
        <buildUsage>6031949</buildUsage>
        <wsUsage>396055667</wsUsage>
        <date class="hudson.plugins.disk_usage.DiskUsageOvearallGraphGenerator$DiskUsageRecord$1" serialization="custom">
          <date>
            <long>1511014276343</long>
          </date>
          <hudson.plugins.disk__usage.DiskUsageOvearallGraphGenerator_-DiskUsageRecord_-1>
            <default>
              <outer-class reference="../../../.."/>
            </default>
          </hudson.plugins.disk__usage.DiskUsageOvearallGraphGenerator_-DiskUsageRecord_-1>
        </date>
        <jobsWithoutBuildsUsage>0</jobsWithoutBuildsUsage>
        <allSpace>21003583488</allSpace>
        <diskUsageNonSlaveWorkspaces>0</diskUsageNonSlaveWorkspaces>
      </hudson.plugins.disk__usage.DiskUsageOvearallGraphGenerator_-DiskUsageRecord>
      <hudson.plugins.disk__usage.DiskUsageOvearallGraphGenerator_-DiskUsageRecord>
        <buildUsage>6031949</buildUsage>
        <wsUsage>396055667</wsUsage>
        <date class="hudson.plugins.disk_usage.DiskUsageOvearallGraphGenerator$DiskUsageRecord$1" serialization="custom">
          <date>
            <long>1511100676337</long>
          </date>
          <hudson.plugins.disk__usage.DiskUsageOvearallGraphGenerator_-DiskUsageRecord_-1>
            <default>
              <outer-class reference="../../../.."/>
            </default>
          </hudson.plugins.disk__usage.DiskUsageOvearallGraphGenerator_-DiskUsageRecord_-1>
        </date>
        <jobsWithoutBuildsUsage>0</jobsWithoutBuildsUsage>
        <allSpace>21003583488</allSpace>
        <diskUsageNonSlaveWorkspaces>0</diskUsageNonSlaveWorkspaces>
      </hudson.plugins.disk__usage.DiskUsageOvearallGraphGenerator_-DiskUsageRecord>
      <hudson.plugins.disk__usage.DiskUsageOvearallGraphGenerator_-DiskUsageRecord>
        <buildUsage>6133993</buildUsage>
        <wsUsage>396217155</wsUsage>
        <date class="hudson.plugins.disk_usage.DiskUsageOvearallGraphGenerator$DiskUsageRecord$1" serialization="custom">
          <date>
            <long>1511187076359</long>
          </date>
          <hudson.plugins.disk__usage.DiskUsageOvearallGraphGenerator_-DiskUsageRecord_-1>
            <default>
              <outer-class reference="../../../.."/>
            </default>
          </hudson.plugins.disk__usage.DiskUsageOvearallGraphGenerator_-DiskUsageRecord_-1>
        </date>
        <jobsWithoutBuildsUsage>0</jobsWithoutBuildsUsage>
        <allSpace>21003583488</allSpace>
        <diskUsageNonSlaveWorkspaces>0</diskUsageNonSlaveWorkspaces>
      </hudson.plugins.disk__usage.DiskUsageOvearallGraphGenerator_-DiskUsageRecord>
      <hudson.plugins.disk__usage.DiskUsageOvearallGraphGenerator_-DiskUsageRecord>
        <buildUsage>6674709</buildUsage>
        <wsUsage>396541842</wsUsage>
        <date class="hudson.plugins.disk_usage.DiskUsageOvearallGraphGenerator$DiskUsageRecord$1" serialization="custom">
          <date>
            <long>1511273476341</long>
          </date>
          <hudson.plugins.disk__usage.DiskUsageOvearallGraphGenerator_-DiskUsageRecord_-1>
            <default>
              <outer-class reference="../../../.."/>
            </default>
          </hudson.plugins.disk__usage.DiskUsageOvearallGraphGenerator_-DiskUsageRecord_-1>
        </date>
        <jobsWithoutBuildsUsage>0</jobsWithoutBuildsUsage>
        <allSpace>21003583488</allSpace>
        <diskUsageNonSlaveWorkspaces>0</diskUsageNonSlaveWorkspaces>
      </hudson.plugins.disk__usage.DiskUsageOvearallGraphGenerator_-DiskUsageRecord>
      <hudson.plugins.disk__usage.DiskUsageOvearallGraphGenerator_-DiskUsageRecord>
        <buildUsage>6884272</buildUsage>
        <wsUsage>396851248</wsUsage>
        <date class="hudson.plugins.disk_usage.DiskUsageOvearallGraphGenerator$DiskUsageRecord$1" serialization="custom">
          <date>
            <long>1511320392242</long>
          </date>
          <hudson.plugins.disk__usage.DiskUsageOvearallGraphGenerator_-DiskUsageRecord_-1>
            <default>
              <outer-class reference="../../../.."/>
            </default>
          </hudson.plugins.disk__usage.DiskUsageOvearallGraphGenerator_-DiskUsageRecord_-1>
        </date>
        <jobsWithoutBuildsUsage>0</jobsWithoutBuildsUsage>
        <allSpace>21003583488</allSpace>
        <diskUsageNonSlaveWorkspaces>0</diskUsageNonSlaveWorkspaces>
      </hudson.plugins.disk__usage.DiskUsageOvearallGraphGenerator_-DiskUsageRecord>
      <hudson.plugins.disk__usage.DiskUsageOvearallGraphGenerator_-DiskUsageRecord>
        <buildUsage>7653786</buildUsage>
        <wsUsage>147922750</wsUsage>
        <date class="hudson.plugins.disk_usage.DiskUsageOvearallGraphGenerator$DiskUsageRecord$1" serialization="custom">
          <date>
            <long>1511406792234</long>
          </date>
          <hudson.plugins.disk__usage.DiskUsageOvearallGraphGenerator_-DiskUsageRecord_-1>
            <default>
              <outer-class reference="../../../.."/>
            </default>
          </hudson.plugins.disk__usage.DiskUsageOvearallGraphGenerator_-DiskUsageRecord_-1>
        </date>
        <jobsWithoutBuildsUsage>0</jobsWithoutBuildsUsage>
        <allSpace>21003583488</allSpace>
        <diskUsageNonSlaveWorkspaces>0</diskUsageNonSlaveWorkspaces>
      </hudson.plugins.disk__usage.DiskUsageOvearallGraphGenerator_-DiskUsageRecord>
      <hudson.plugins.disk__usage.DiskUsageOvearallGraphGenerator_-DiskUsageRecord>
        <buildUsage>7884142</buildUsage>
        <wsUsage>131147923</wsUsage>
        <date class="hudson.plugins.disk_usage.DiskUsageOvearallGraphGenerator$DiskUsageRecord$1" serialization="custom">
          <date>
            <long>1511504361558</long>
          </date>
          <hudson.plugins.disk__usage.DiskUsageOvearallGraphGenerator_-DiskUsageRecord_-1>
            <default>
              <outer-class reference="../../../.."/>
            </default>
          </hudson.plugins.disk__usage.DiskUsageOvearallGraphGenerator_-DiskUsageRecord_-1>
        </date>
        <jobsWithoutBuildsUsage>0</jobsWithoutBuildsUsage>
        <allSpace>21003583488</allSpace>
        <diskUsageNonSlaveWorkspaces>0</diskUsageNonSlaveWorkspaces>
      </hudson.plugins.disk__usage.DiskUsageOvearallGraphGenerator_-DiskUsageRecord>
      <hudson.plugins.disk__usage.DiskUsageOvearallGraphGenerator_-DiskUsageRecord>
        <buildUsage>8206840</buildUsage>
        <wsUsage>113565258</wsUsage>
        <date class="hudson.plugins.disk_usage.DiskUsageOvearallGraphGenerator$DiskUsageRecord$1" serialization="custom">
          <date>
            <long>1511590761547</long>
          </date>
          <hudson.plugins.disk__usage.DiskUsageOvearallGraphGenerator_-DiskUsageRecord_-1>
            <default>
              <outer-class reference="../../../.."/>
            </default>
          </hudson.plugins.disk__usage.DiskUsageOvearallGraphGenerator_-DiskUsageRecord_-1>
        </date>
        <jobsWithoutBuildsUsage>0</jobsWithoutBuildsUsage>
        <allSpace>21003583488</allSpace>
        <diskUsageNonSlaveWorkspaces>0</diskUsageNonSlaveWorkspaces>
      </hudson.plugins.disk__usage.DiskUsageOvearallGraphGenerator_-DiskUsageRecord>
      <hudson.plugins.disk__usage.DiskUsageOvearallGraphGenerator_-DiskUsageRecord>
        <buildUsage>876322</buildUsage>
        <wsUsage>108818991</wsUsage>
        <date class="hudson.plugins.disk_usage.DiskUsageOvearallGraphGenerator$DiskUsageRecord$1" serialization="custom">
          <date>
            <long>1511677161559</long>
          </date>
          <hudson.plugins.disk__usage.DiskUsageOvearallGraphGenerator_-DiskUsageRecord_-1>
            <default>
              <outer-class reference="../../../.."/>
            </default>
          </hudson.plugins.disk__usage.DiskUsageOvearallGraphGenerator_-DiskUsageRecord_-1>
        </date>
        <jobsWithoutBuildsUsage>0</jobsWithoutBuildsUsage>
        <allSpace>21003583488</allSpace>
        <diskUsageNonSlaveWorkspaces>0</diskUsageNonSlaveWorkspaces>
      </hudson.plugins.disk__usage.DiskUsageOvearallGraphGenerator_-DiskUsageRecord>
      <hudson.plugins.disk__usage.DiskUsageOvearallGraphGenerator_-DiskUsageRecord>
        <buildUsage>876322</buildUsage>
        <wsUsage>108818991</wsUsage>
        <date class="hudson.plugins.disk_usage.DiskUsageOvearallGraphGenerator$DiskUsageRecord$1" serialization="custom">
          <date>
            <long>1511763562032</long>
          </date>
          <hudson.plugins.disk__usage.DiskUsageOvearallGraphGenerator_-DiskUsageRecord_-1>
            <default>
              <outer-class reference="../../../.."/>
            </default>
          </hudson.plugins.disk__usage.DiskUsageOvearallGraphGenerator_-DiskUsageRecord_-1>
        </date>
        <jobsWithoutBuildsUsage>0</jobsWithoutBuildsUsage>
        <allSpace>21003583488</allSpace>
        <diskUsageNonSlaveWorkspaces>0</diskUsageNonSlaveWorkspaces>
      </hudson.plugins.disk__usage.DiskUsageOvearallGraphGenerator_-DiskUsageRecord>
      <hudson.plugins.disk__usage.DiskUsageOvearallGraphGenerator_-DiskUsageRecord>
        <buildUsage>876322</buildUsage>
        <wsUsage>108818991</wsUsage>
        <date class="hudson.plugins.disk_usage.DiskUsageOvearallGraphGenerator$DiskUsageRecord$1" serialization="custom">
          <date>
            <long>1511849961959</long>
          </date>
          <hudson.plugins.disk__usage.DiskUsageOvearallGraphGenerator_-DiskUsageRecord_-1>
            <default>
              <outer-class reference="../../../.."/>
            </default>
          </hudson.plugins.disk__usage.DiskUsageOvearallGraphGenerator_-DiskUsageRecord_-1>
        </date>
        <jobsWithoutBuildsUsage>0</jobsWithoutBuildsUsage>
        <allSpace>21003583488</allSpace>
        <diskUsageNonSlaveWorkspaces>0</diskUsageNonSlaveWorkspaces>
      </hudson.plugins.disk__usage.DiskUsageOvearallGraphGenerator_-DiskUsageRecord>
      <hudson.plugins.disk__usage.DiskUsageOvearallGraphGenerator_-DiskUsageRecord>
        <buildUsage>876322</buildUsage>
        <wsUsage>108818991</wsUsage>
        <date class="hudson.plugins.disk_usage.DiskUsageOvearallGraphGenerator$DiskUsageRecord$1" serialization="custom">
          <date>
            <long>1511936362024</long>
          </date>
          <hudson.plugins.disk__usage.DiskUsageOvearallGraphGenerator_-DiskUsageRecord_-1>
            <default>
              <outer-class reference="../../../.."/>
            </default>
          </hudson.plugins.disk__usage.DiskUsageOvearallGraphGenerator_-DiskUsageRecord_-1>
        </date>
        <jobsWithoutBuildsUsage>0</jobsWithoutBuildsUsage>
        <allSpace>21003583488</allSpace>
        <diskUsageNonSlaveWorkspaces>0</diskUsageNonSlaveWorkspaces>
      </hudson.plugins.disk__usage.DiskUsageOvearallGraphGenerator_-DiskUsageRecord>
      <hudson.plugins.disk__usage.DiskUsageOvearallGraphGenerator_-DiskUsageRecord>
        <buildUsage>876322</buildUsage>
        <wsUsage>108818991</wsUsage>
        <date class="hudson.plugins.disk_usage.DiskUsageOvearallGraphGenerator$DiskUsageRecord$1" serialization="custom">
          <date>
            <long>1512022761928</long>
          </date>
          <hudson.plugins.disk__usage.DiskUsageOvearallGraphGenerator_-DiskUsageRecord_-1>
            <default>
              <outer-class reference="../../../.."/>
            </default>
          </hudson.plugins.disk__usage.DiskUsageOvearallGraphGenerator_-DiskUsageRecord_-1>
        </date>
        <jobsWithoutBuildsUsage>0</jobsWithoutBuildsUsage>
        <allSpace>21003583488</allSpace>
        <diskUsageNonSlaveWorkspaces>0</diskUsageNonSlaveWorkspaces>
      </hudson.plugins.disk__usage.DiskUsageOvearallGraphGenerator_-DiskUsageRecord>
      <hudson.plugins.disk__usage.DiskUsageOvearallGraphGenerator_-DiskUsageRecord>
        <buildUsage>900524</buildUsage>
        <wsUsage>1220522</wsUsage>
        <date class="hudson.plugins.disk_usage.DiskUsageOvearallGraphGenerator$DiskUsageRecord$1" serialization="custom">
          <date>
            <long>1512109162015</long>
          </date>
          <hudson.plugins.disk__usage.DiskUsageOvearallGraphGenerator_-DiskUsageRecord_-1>
            <default>
              <outer-class reference="../../../.."/>
            </default>
          </hudson.plugins.disk__usage.DiskUsageOvearallGraphGenerator_-DiskUsageRecord_-1>
        </date>
        <jobsWithoutBuildsUsage>0</jobsWithoutBuildsUsage>
        <allSpace>21003583488</allSpace>
        <diskUsageNonSlaveWorkspaces>0</diskUsageNonSlaveWorkspaces>
      </hudson.plugins.disk__usage.DiskUsageOvearallGraphGenerator_-DiskUsageRecord>
      <hudson.plugins.disk__usage.DiskUsageOvearallGraphGenerator_-DiskUsageRecord>
        <buildUsage>900524</buildUsage>
        <wsUsage>1220522</wsUsage>
        <date class="hudson.plugins.disk_usage.DiskUsageOvearallGraphGenerator$DiskUsageRecord$1" serialization="custom">
          <date>
            <long>1512195562127</long>
          </date>
          <hudson.plugins.disk__usage.DiskUsageOvearallGraphGenerator_-DiskUsageRecord_-1>
            <default>
              <outer-class reference="../../../.."/>
            </default>
          </hudson.plugins.disk__usage.DiskUsageOvearallGraphGenerator_-DiskUsageRecord_-1>
        </date>
        <jobsWithoutBuildsUsage>0</jobsWithoutBuildsUsage>
        <allSpace>21003583488</allSpace>
        <diskUsageNonSlaveWorkspaces>0</diskUsageNonSlaveWorkspaces>
      </hudson.plugins.disk__usage.DiskUsageOvearallGraphGenerator_-DiskUsageRecord>
      <hudson.plugins.disk__usage.DiskUsageOvearallGraphGenerator_-DiskUsageRecord>
        <buildUsage>900524</buildUsage>
        <wsUsage>1220522</wsUsage>
        <date class="hudson.plugins.disk_usage.DiskUsageOvearallGraphGenerator$DiskUsageRecord$1" serialization="custom">
          <date>
            <long>1512281961560</long>
          </date>
          <hudson.plugins.disk__usage.DiskUsageOvearallGraphGenerator_-DiskUsageRecord_-1>
            <default>
              <outer-class reference="../../../.."/>
            </default>
          </hudson.plugins.disk__usage.DiskUsageOvearallGraphGenerator_-DiskUsageRecord_-1>
        </date>
        <jobsWithoutBuildsUsage>0</jobsWithoutBuildsUsage>
        <allSpace>21003583488</allSpace>
        <diskUsageNonSlaveWorkspaces>0</diskUsageNonSlaveWorkspaces>
      </hudson.plugins.disk__usage.DiskUsageOvearallGraphGenerator_-DiskUsageRecord>
      <hudson.plugins.disk__usage.DiskUsageOvearallGraphGenerator_-DiskUsageRecord>
        <buildUsage>900524</buildUsage>
        <wsUsage>1220522</wsUsage>
        <date class="hudson.plugins.disk_usage.DiskUsageOvearallGraphGenerator$DiskUsageRecord$1" serialization="custom">
          <date>
            <long>1512368362066</long>
          </date>
          <hudson.plugins.disk__usage.DiskUsageOvearallGraphGenerator_-DiskUsageRecord_-1>
            <default>
              <outer-class reference="../../../.."/>
            </default>
          </hudson.plugins.disk__usage.DiskUsageOvearallGraphGenerator_-DiskUsageRecord_-1>
        </date>
        <jobsWithoutBuildsUsage>0</jobsWithoutBuildsUsage>
        <allSpace>21003583488</allSpace>
        <diskUsageNonSlaveWorkspaces>0</diskUsageNonSlaveWorkspaces>
      </hudson.plugins.disk__usage.DiskUsageOvearallGraphGenerator_-DiskUsageRecord>
      <hudson.plugins.disk__usage.DiskUsageOvearallGraphGenerator_-DiskUsageRecord>
        <buildUsage>900524</buildUsage>
        <wsUsage>1220522</wsUsage>
        <date class="hudson.plugins.disk_usage.DiskUsageOvearallGraphGenerator$DiskUsageRecord$1" serialization="custom">
          <date>
            <long>1512454762011</long>
          </date>
          <hudson.plugins.disk__usage.DiskUsageOvearallGraphGenerator_-DiskUsageRecord_-1>
            <default>
              <outer-class reference="../../../.."/>
            </default>
          </hudson.plugins.disk__usage.DiskUsageOvearallGraphGenerator_-DiskUsageRecord_-1>
        </date>
        <jobsWithoutBuildsUsage>0</jobsWithoutBuildsUsage>
        <allSpace>21003583488</allSpace>
        <diskUsageNonSlaveWorkspaces>0</diskUsageNonSlaveWorkspaces>
      </hudson.plugins.disk__usage.DiskUsageOvearallGraphGenerator_-DiskUsageRecord>
      <hudson.plugins.disk__usage.DiskUsageOvearallGraphGenerator_-DiskUsageRecord>
        <buildUsage>900524</buildUsage>
        <wsUsage>1220522</wsUsage>
        <date class="hudson.plugins.disk_usage.DiskUsageOvearallGraphGenerator$DiskUsageRecord$1" serialization="custom">
          <date>
            <long>1512541162235</long>
          </date>
          <hudson.plugins.disk__usage.DiskUsageOvearallGraphGenerator_-DiskUsageRecord_-1>
            <default>
              <outer-class reference="../../../.."/>
            </default>
          </hudson.plugins.disk__usage.DiskUsageOvearallGraphGenerator_-DiskUsageRecord_-1>
        </date>
        <jobsWithoutBuildsUsage>0</jobsWithoutBuildsUsage>
        <allSpace>21003583488</allSpace>
        <diskUsageNonSlaveWorkspaces>0</diskUsageNonSlaveWorkspaces>
      </hudson.plugins.disk__usage.DiskUsageOvearallGraphGenerator_-DiskUsageRecord>
      <hudson.plugins.disk__usage.DiskUsageOvearallGraphGenerator_-DiskUsageRecord>
        <buildUsage>900524</buildUsage>
        <wsUsage>1220522</wsUsage>
        <date class="hudson.plugins.disk_usage.DiskUsageOvearallGraphGenerator$DiskUsageRecord$1" serialization="custom">
          <date>
            <long>1512627561974</long>
          </date>
          <hudson.plugins.disk__usage.DiskUsageOvearallGraphGenerator_-DiskUsageRecord_-1>
            <default>
              <outer-class reference="../../../.."/>
            </default>
          </hudson.plugins.disk__usage.DiskUsageOvearallGraphGenerator_-DiskUsageRecord_-1>
        </date>
        <jobsWithoutBuildsUsage>0</jobsWithoutBuildsUsage>
        <allSpace>21003583488</allSpace>
        <diskUsageNonSlaveWorkspaces>0</diskUsageNonSlaveWorkspaces>
      </hudson.plugins.disk__usage.DiskUsageOvearallGraphGenerator_-DiskUsageRecord>
      <hudson.plugins.disk__usage.DiskUsageOvearallGraphGenerator_-DiskUsageRecord>
        <buildUsage>900524</buildUsage>
        <wsUsage>1220522</wsUsage>
        <date class="hudson.plugins.disk_usage.DiskUsageOvearallGraphGenerator$DiskUsageRecord$1" serialization="custom">
          <date>
            <long>1512713962229</long>
          </date>
          <hudson.plugins.disk__usage.DiskUsageOvearallGraphGenerator_-DiskUsageRecord_-1>
            <default>
              <outer-class reference="../../../.."/>
            </default>
          </hudson.plugins.disk__usage.DiskUsageOvearallGraphGenerator_-DiskUsageRecord_-1>
        </date>
        <jobsWithoutBuildsUsage>0</jobsWithoutBuildsUsage>
        <allSpace>21003583488</allSpace>
        <diskUsageNonSlaveWorkspaces>0</diskUsageNonSlaveWorkspaces>
      </hudson.plugins.disk__usage.DiskUsageOvearallGraphGenerator_-DiskUsageRecord>
      <hudson.plugins.disk__usage.DiskUsageOvearallGraphGenerator_-DiskUsageRecord>
        <buildUsage>900524</buildUsage>
        <wsUsage>1220522</wsUsage>
        <date class="hudson.plugins.disk_usage.DiskUsageOvearallGraphGenerator$DiskUsageRecord$1" serialization="custom">
          <date>
            <long>1512800361601</long>
          </date>
          <hudson.plugins.disk__usage.DiskUsageOvearallGraphGenerator_-DiskUsageRecord_-1>
            <default>
              <outer-class reference="../../../.."/>
            </default>
          </hudson.plugins.disk__usage.DiskUsageOvearallGraphGenerator_-DiskUsageRecord_-1>
        </date>
        <jobsWithoutBuildsUsage>0</jobsWithoutBuildsUsage>
        <allSpace>21003583488</allSpace>
        <diskUsageNonSlaveWorkspaces>0</diskUsageNonSlaveWorkspaces>
      </hudson.plugins.disk__usage.DiskUsageOvearallGraphGenerator_-DiskUsageRecord>
      <hudson.plugins.disk__usage.DiskUsageOvearallGraphGenerator_-DiskUsageRecord>
        <buildUsage>900524</buildUsage>
        <wsUsage>1220522</wsUsage>
        <date class="hudson.plugins.disk_usage.DiskUsageOvearallGraphGenerator$DiskUsageRecord$1" serialization="custom">
          <date>
            <long>1512886761590</long>
          </date>
          <hudson.plugins.disk__usage.DiskUsageOvearallGraphGenerator_-DiskUsageRecord_-1>
            <default>
              <outer-class reference="../../../.."/>
            </default>
          </hudson.plugins.disk__usage.DiskUsageOvearallGraphGenerator_-DiskUsageRecord_-1>
        </date>
        <jobsWithoutBuildsUsage>0</jobsWithoutBuildsUsage>
        <allSpace>21003583488</allSpace>
        <diskUsageNonSlaveWorkspaces>0</diskUsageNonSlaveWorkspaces>
      </hudson.plugins.disk__usage.DiskUsageOvearallGraphGenerator_-DiskUsageRecord>
      <hudson.plugins.disk__usage.DiskUsageOvearallGraphGenerator_-DiskUsageRecord>
        <buildUsage>900524</buildUsage>
        <wsUsage>1220522</wsUsage>
        <date class="hudson.plugins.disk_usage.DiskUsageOvearallGraphGenerator$DiskUsageRecord$1" serialization="custom">
          <date>
            <long>1512973162013</long>
          </date>
          <hudson.plugins.disk__usage.DiskUsageOvearallGraphGenerator_-DiskUsageRecord_-1>
            <default>
              <outer-class reference="../../../.."/>
            </default>
          </hudson.plugins.disk__usage.DiskUsageOvearallGraphGenerator_-DiskUsageRecord_-1>
        </date>
        <jobsWithoutBuildsUsage>0</jobsWithoutBuildsUsage>
        <allSpace>21003583488</allSpace>
        <diskUsageNonSlaveWorkspaces>0</diskUsageNonSlaveWorkspaces>
      </hudson.plugins.disk__usage.DiskUsageOvearallGraphGenerator_-DiskUsageRecord>
      <hudson.plugins.disk__usage.DiskUsageOvearallGraphGenerator_-DiskUsageRecord>
        <buildUsage>900524</buildUsage>
        <wsUsage>1220522</wsUsage>
        <date class="hudson.plugins.disk_usage.DiskUsageOvearallGraphGenerator$DiskUsageRecord$1" serialization="custom">
          <date>
            <long>1513059562033</long>
          </date>
          <hudson.plugins.disk__usage.DiskUsageOvearallGraphGenerator_-DiskUsageRecord_-1>
            <default>
              <outer-class reference="../../../.."/>
            </default>
          </hudson.plugins.disk__usage.DiskUsageOvearallGraphGenerator_-DiskUsageRecord_-1>
        </date>
        <jobsWithoutBuildsUsage>0</jobsWithoutBuildsUsage>
        <allSpace>21003583488</allSpace>
        <diskUsageNonSlaveWorkspaces>0</diskUsageNonSlaveWorkspaces>
      </hudson.plugins.disk__usage.DiskUsageOvearallGraphGenerator_-DiskUsageRecord>
      <hudson.plugins.disk__usage.DiskUsageOvearallGraphGenerator_-DiskUsageRecord>
        <buildUsage>900524</buildUsage>
        <wsUsage>1220522</wsUsage>
        <date class="hudson.plugins.disk_usage.DiskUsageOvearallGraphGenerator$DiskUsageRecord$1" serialization="custom">
          <date>
            <long>1513152846177</long>
          </date>
          <hudson.plugins.disk__usage.DiskUsageOvearallGraphGenerator_-DiskUsageRecord_-1>
            <default>
              <outer-class reference="../../../.."/>
            </default>
          </hudson.plugins.disk__usage.DiskUsageOvearallGraphGenerator_-DiskUsageRecord_-1>
        </date>
        <jobsWithoutBuildsUsage>0</jobsWithoutBuildsUsage>
        <allSpace>21003583488</allSpace>
        <diskUsageNonSlaveWorkspaces>0</diskUsageNonSlaveWorkspaces>
      </hudson.plugins.disk__usage.DiskUsageOvearallGraphGenerator_-DiskUsageRecord>
      <hudson.plugins.disk__usage.DiskUsageOvearallGraphGenerator_-DiskUsageRecord>
        <buildUsage>937408</buildUsage>
        <wsUsage>1244315</wsUsage>
        <date class="hudson.plugins.disk_usage.DiskUsageOvearallGraphGenerator$DiskUsageRecord$1" serialization="custom">
          <date>
            <long>1513210343355</long>
          </date>
          <hudson.plugins.disk__usage.DiskUsageOvearallGraphGenerator_-DiskUsageRecord_-1>
            <default>
              <outer-class reference="../../../.."/>
            </default>
          </hudson.plugins.disk__usage.DiskUsageOvearallGraphGenerator_-DiskUsageRecord_-1>
        </date>
        <jobsWithoutBuildsUsage>0</jobsWithoutBuildsUsage>
        <allSpace>21003583488</allSpace>
        <diskUsageNonSlaveWorkspaces>0</diskUsageNonSlaveWorkspaces>
      </hudson.plugins.disk__usage.DiskUsageOvearallGraphGenerator_-DiskUsageRecord>
      <hudson.plugins.disk__usage.DiskUsageOvearallGraphGenerator_-DiskUsageRecord>
        <buildUsage>959954</buildUsage>
        <wsUsage>1244315</wsUsage>
        <date class="hudson.plugins.disk_usage.DiskUsageOvearallGraphGenerator$DiskUsageRecord$1" serialization="custom">
          <date>
            <long>1513423129619</long>
          </date>
          <hudson.plugins.disk__usage.DiskUsageOvearallGraphGenerator_-DiskUsageRecord_-1>
            <default>
              <outer-class reference="../../../.."/>
            </default>
          </hudson.plugins.disk__usage.DiskUsageOvearallGraphGenerator_-DiskUsageRecord_-1>
        </date>
        <jobsWithoutBuildsUsage>0</jobsWithoutBuildsUsage>
        <allSpace>21003583488</allSpace>
        <diskUsageNonSlaveWorkspaces>0</diskUsageNonSlaveWorkspaces>
      </hudson.plugins.disk__usage.DiskUsageOvearallGraphGenerator_-DiskUsageRecord>
      <hudson.plugins.disk__usage.DiskUsageOvearallGraphGenerator_-DiskUsageRecord>
        <buildUsage>959954</buildUsage>
        <wsUsage>1244315</wsUsage>
        <date class="hudson.plugins.disk_usage.DiskUsageOvearallGraphGenerator$DiskUsageRecord$1" serialization="custom">
          <date>
            <long>1513509529603</long>
          </date>
          <hudson.plugins.disk__usage.DiskUsageOvearallGraphGenerator_-DiskUsageRecord_-1>
            <default>
              <outer-class reference="../../../.."/>
            </default>
          </hudson.plugins.disk__usage.DiskUsageOvearallGraphGenerator_-DiskUsageRecord_-1>
        </date>
        <jobsWithoutBuildsUsage>0</jobsWithoutBuildsUsage>
        <allSpace>21003583488</allSpace>
        <diskUsageNonSlaveWorkspaces>0</diskUsageNonSlaveWorkspaces>
      </hudson.plugins.disk__usage.DiskUsageOvearallGraphGenerator_-DiskUsageRecord>
      <hudson.plugins.disk__usage.DiskUsageOvearallGraphGenerator_-DiskUsageRecord>
        <buildUsage>959954</buildUsage>
        <wsUsage>1244315</wsUsage>
        <date class="hudson.plugins.disk_usage.DiskUsageOvearallGraphGenerator$DiskUsageRecord$1" serialization="custom">
          <date>
            <long>1513595929602</long>
          </date>
          <hudson.plugins.disk__usage.DiskUsageOvearallGraphGenerator_-DiskUsageRecord_-1>
            <default>
              <outer-class reference="../../../.."/>
            </default>
          </hudson.plugins.disk__usage.DiskUsageOvearallGraphGenerator_-DiskUsageRecord_-1>
        </date>
        <jobsWithoutBuildsUsage>0</jobsWithoutBuildsUsage>
        <allSpace>21003583488</allSpace>
        <diskUsageNonSlaveWorkspaces>0</diskUsageNonSlaveWorkspaces>
      </hudson.plugins.disk__usage.DiskUsageOvearallGraphGenerator_-DiskUsageRecord>
      <hudson.plugins.disk__usage.DiskUsageOvearallGraphGenerator_-DiskUsageRecord>
        <buildUsage>959954</buildUsage>
        <wsUsage>1244315</wsUsage>
        <date class="hudson.plugins.disk_usage.DiskUsageOvearallGraphGenerator$DiskUsageRecord$1" serialization="custom">
          <date>
            <long>1513682329602</long>
          </date>
          <hudson.plugins.disk__usage.DiskUsageOvearallGraphGenerator_-DiskUsageRecord_-1>
            <default>
              <outer-class reference="../../../.."/>
            </default>
          </hudson.plugins.disk__usage.DiskUsageOvearallGraphGenerator_-DiskUsageRecord_-1>
        </date>
        <jobsWithoutBuildsUsage>0</jobsWithoutBuildsUsage>
        <allSpace>21003583488</allSpace>
        <diskUsageNonSlaveWorkspaces>0</diskUsageNonSlaveWorkspaces>
      </hudson.plugins.disk__usage.DiskUsageOvearallGraphGenerator_-DiskUsageRecord>
      <hudson.plugins.disk__usage.DiskUsageOvearallGraphGenerator_-DiskUsageRecord>
        <buildUsage>972396</buildUsage>
        <wsUsage>1981426</wsUsage>
        <date class="hudson.plugins.disk_usage.DiskUsageOvearallGraphGenerator$DiskUsageRecord$1" serialization="custom">
          <date>
            <long>1513773978917</long>
          </date>
          <hudson.plugins.disk__usage.DiskUsageOvearallGraphGenerator_-DiskUsageRecord_-1>
            <default>
              <outer-class reference="../../../.."/>
            </default>
          </hudson.plugins.disk__usage.DiskUsageOvearallGraphGenerator_-DiskUsageRecord_-1>
        </date>
        <jobsWithoutBuildsUsage>0</jobsWithoutBuildsUsage>
        <allSpace>21003583488</allSpace>
        <diskUsageNonSlaveWorkspaces>0</diskUsageNonSlaveWorkspaces>
      </hudson.plugins.disk__usage.DiskUsageOvearallGraphGenerator_-DiskUsageRecord>
      <hudson.plugins.disk__usage.DiskUsageOvearallGraphGenerator_-DiskUsageRecord>
        <buildUsage>1049034</buildUsage>
        <wsUsage>761154</wsUsage>
        <date class="hudson.plugins.disk_usage.DiskUsageOvearallGraphGenerator$DiskUsageRecord$1" serialization="custom">
          <date>
            <long>1513867249096</long>
          </date>
          <hudson.plugins.disk__usage.DiskUsageOvearallGraphGenerator_-DiskUsageRecord_-1>
            <default>
              <outer-class reference="../../../.."/>
            </default>
          </hudson.plugins.disk__usage.DiskUsageOvearallGraphGenerator_-DiskUsageRecord_-1>
        </date>
        <jobsWithoutBuildsUsage>0</jobsWithoutBuildsUsage>
        <allSpace>21003583488</allSpace>
        <diskUsageNonSlaveWorkspaces>0</diskUsageNonSlaveWorkspaces>
      </hudson.plugins.disk__usage.DiskUsageOvearallGraphGenerator_-DiskUsageRecord>
      <hudson.plugins.disk__usage.DiskUsageOvearallGraphGenerator_-DiskUsageRecord>
        <buildUsage>1074727</buildUsage>
        <wsUsage>764320</wsUsage>
        <date class="hudson.plugins.disk_usage.DiskUsageOvearallGraphGenerator$DiskUsageRecord$1" serialization="custom">
          <date>
            <long>1513981622041</long>
          </date>
          <hudson.plugins.disk__usage.DiskUsageOvearallGraphGenerator_-DiskUsageRecord_-1>
            <default>
              <outer-class reference="../../../.."/>
            </default>
          </hudson.plugins.disk__usage.DiskUsageOvearallGraphGenerator_-DiskUsageRecord_-1>
        </date>
        <jobsWithoutBuildsUsage>0</jobsWithoutBuildsUsage>
        <allSpace>21003583488</allSpace>
        <diskUsageNonSlaveWorkspaces>0</diskUsageNonSlaveWorkspaces>
      </hudson.plugins.disk__usage.DiskUsageOvearallGraphGenerator_-DiskUsageRecord>
      <hudson.plugins.disk__usage.DiskUsageOvearallGraphGenerator_-DiskUsageRecord>
        <buildUsage>1101699</buildUsage>
        <wsUsage>780461</wsUsage>
        <date class="hudson.plugins.disk_usage.DiskUsageOvearallGraphGenerator$DiskUsageRecord$1" serialization="custom">
          <date>
            <long>1514068022040</long>
          </date>
          <hudson.plugins.disk__usage.DiskUsageOvearallGraphGenerator_-DiskUsageRecord_-1>
            <default>
              <outer-class reference="../../../.."/>
            </default>
          </hudson.plugins.disk__usage.DiskUsageOvearallGraphGenerator_-DiskUsageRecord_-1>
        </date>
        <jobsWithoutBuildsUsage>0</jobsWithoutBuildsUsage>
        <allSpace>21003583488</allSpace>
        <diskUsageNonSlaveWorkspaces>0</diskUsageNonSlaveWorkspaces>
      </hudson.plugins.disk__usage.DiskUsageOvearallGraphGenerator_-DiskUsageRecord>
      <hudson.plugins.disk__usage.DiskUsageOvearallGraphGenerator_-DiskUsageRecord>
        <buildUsage>1165581</buildUsage>
        <wsUsage>787080</wsUsage>
        <date class="hudson.plugins.disk_usage.DiskUsageOvearallGraphGenerator$DiskUsageRecord$1" serialization="custom">
          <date>
            <long>1514154422042</long>
          </date>
          <hudson.plugins.disk__usage.DiskUsageOvearallGraphGenerator_-DiskUsageRecord_-1>
            <default>
              <outer-class reference="../../../.."/>
            </default>
          </hudson.plugins.disk__usage.DiskUsageOvearallGraphGenerator_-DiskUsageRecord_-1>
        </date>
        <jobsWithoutBuildsUsage>0</jobsWithoutBuildsUsage>
        <allSpace>21003583488</allSpace>
        <diskUsageNonSlaveWorkspaces>0</diskUsageNonSlaveWorkspaces>
      </hudson.plugins.disk__usage.DiskUsageOvearallGraphGenerator_-DiskUsageRecord>
      <hudson.plugins.disk__usage.DiskUsageOvearallGraphGenerator_-DiskUsageRecord>
        <buildUsage>1165581</buildUsage>
        <wsUsage>787080</wsUsage>
        <date class="hudson.plugins.disk_usage.DiskUsageOvearallGraphGenerator$DiskUsageRecord$1" serialization="custom">
          <date>
            <long>1514240822075</long>
          </date>
          <hudson.plugins.disk__usage.DiskUsageOvearallGraphGenerator_-DiskUsageRecord_-1>
            <default>
              <outer-class reference="../../../.."/>
            </default>
          </hudson.plugins.disk__usage.DiskUsageOvearallGraphGenerator_-DiskUsageRecord_-1>
        </date>
        <jobsWithoutBuildsUsage>0</jobsWithoutBuildsUsage>
        <allSpace>21003583488</allSpace>
        <diskUsageNonSlaveWorkspaces>0</diskUsageNonSlaveWorkspaces>
      </hudson.plugins.disk__usage.DiskUsageOvearallGraphGenerator_-DiskUsageRecord>
      <hudson.plugins.disk__usage.DiskUsageOvearallGraphGenerator_-DiskUsageRecord>
        <buildUsage>1165581</buildUsage>
        <wsUsage>787080</wsUsage>
        <date class="hudson.plugins.disk_usage.DiskUsageOvearallGraphGenerator$DiskUsageRecord$1" serialization="custom">
          <date>
            <long>1514327222105</long>
          </date>
          <hudson.plugins.disk__usage.DiskUsageOvearallGraphGenerator_-DiskUsageRecord_-1>
            <default>
              <outer-class reference="../../../.."/>
            </default>
          </hudson.plugins.disk__usage.DiskUsageOvearallGraphGenerator_-DiskUsageRecord_-1>
        </date>
        <jobsWithoutBuildsUsage>0</jobsWithoutBuildsUsage>
        <allSpace>21003583488</allSpace>
        <diskUsageNonSlaveWorkspaces>0</diskUsageNonSlaveWorkspaces>
      </hudson.plugins.disk__usage.DiskUsageOvearallGraphGenerator_-DiskUsageRecord>
      <hudson.plugins.disk__usage.DiskUsageOvearallGraphGenerator_-DiskUsageRecord>
        <buildUsage>1165581</buildUsage>
        <wsUsage>787080</wsUsage>
        <date class="hudson.plugins.disk_usage.DiskUsageOvearallGraphGenerator$DiskUsageRecord$1" serialization="custom">
          <date>
            <long>1514413622076</long>
          </date>
          <hudson.plugins.disk__usage.DiskUsageOvearallGraphGenerator_-DiskUsageRecord_-1>
            <default>
              <outer-class reference="../../../.."/>
            </default>
          </hudson.plugins.disk__usage.DiskUsageOvearallGraphGenerator_-DiskUsageRecord_-1>
        </date>
        <jobsWithoutBuildsUsage>0</jobsWithoutBuildsUsage>
        <allSpace>21003583488</allSpace>
        <diskUsageNonSlaveWorkspaces>0</diskUsageNonSlaveWorkspaces>
      </hudson.plugins.disk__usage.DiskUsageOvearallGraphGenerator_-DiskUsageRecord>
      <hudson.plugins.disk__usage.DiskUsageOvearallGraphGenerator_-DiskUsageRecord>
        <buildUsage>1165581</buildUsage>
        <wsUsage>787080</wsUsage>
        <date class="hudson.plugins.disk_usage.DiskUsageOvearallGraphGenerator$DiskUsageRecord$1" serialization="custom">
          <date>
            <long>1514500022075</long>
          </date>
          <hudson.plugins.disk__usage.DiskUsageOvearallGraphGenerator_-DiskUsageRecord_-1>
            <default>
              <outer-class reference="../../../.."/>
            </default>
          </hudson.plugins.disk__usage.DiskUsageOvearallGraphGenerator_-DiskUsageRecord_-1>
        </date>
        <jobsWithoutBuildsUsage>0</jobsWithoutBuildsUsage>
        <allSpace>21003583488</allSpace>
        <diskUsageNonSlaveWorkspaces>0</diskUsageNonSlaveWorkspaces>
      </hudson.plugins.disk__usage.DiskUsageOvearallGraphGenerator_-DiskUsageRecord>
      <hudson.plugins.disk__usage.DiskUsageOvearallGraphGenerator_-DiskUsageRecord>
        <buildUsage>1165581</buildUsage>
        <wsUsage>787080</wsUsage>
        <date class="hudson.plugins.disk_usage.DiskUsageOvearallGraphGenerator$DiskUsageRecord$1" serialization="custom">
          <date>
            <long>1514586422581</long>
          </date>
          <hudson.plugins.disk__usage.DiskUsageOvearallGraphGenerator_-DiskUsageRecord_-1>
            <default>
              <outer-class reference="../../../.."/>
            </default>
          </hudson.plugins.disk__usage.DiskUsageOvearallGraphGenerator_-DiskUsageRecord_-1>
        </date>
        <jobsWithoutBuildsUsage>0</jobsWithoutBuildsUsage>
        <allSpace>21003583488</allSpace>
        <diskUsageNonSlaveWorkspaces>0</diskUsageNonSlaveWorkspaces>
      </hudson.plugins.disk__usage.DiskUsageOvearallGraphGenerator_-DiskUsageRecord>
      <hudson.plugins.disk__usage.DiskUsageOvearallGraphGenerator_-DiskUsageRecord>
        <buildUsage>1165581</buildUsage>
        <wsUsage>787080</wsUsage>
        <date class="hudson.plugins.disk_usage.DiskUsageOvearallGraphGenerator$DiskUsageRecord$1" serialization="custom">
          <date>
            <long>1514672822807</long>
          </date>
          <hudson.plugins.disk__usage.DiskUsageOvearallGraphGenerator_-DiskUsageRecord_-1>
            <default>
              <outer-class reference="../../../.."/>
            </default>
          </hudson.plugins.disk__usage.DiskUsageOvearallGraphGenerator_-DiskUsageRecord_-1>
        </date>
        <jobsWithoutBuildsUsage>0</jobsWithoutBuildsUsage>
        <allSpace>21003583488</allSpace>
        <diskUsageNonSlaveWorkspaces>0</diskUsageNonSlaveWorkspaces>
      </hudson.plugins.disk__usage.DiskUsageOvearallGraphGenerator_-DiskUsageRecord>
      <hudson.plugins.disk__usage.DiskUsageOvearallGraphGenerator_-DiskUsageRecord>
        <buildUsage>1165581</buildUsage>
        <wsUsage>787080</wsUsage>
        <date class="hudson.plugins.disk_usage.DiskUsageOvearallGraphGenerator$DiskUsageRecord$1" serialization="custom">
          <date>
            <long>1514759222088</long>
          </date>
          <hudson.plugins.disk__usage.DiskUsageOvearallGraphGenerator_-DiskUsageRecord_-1>
            <default>
              <outer-class reference="../../../.."/>
            </default>
          </hudson.plugins.disk__usage.DiskUsageOvearallGraphGenerator_-DiskUsageRecord_-1>
        </date>
        <jobsWithoutBuildsUsage>0</jobsWithoutBuildsUsage>
        <allSpace>21003583488</allSpace>
        <diskUsageNonSlaveWorkspaces>0</diskUsageNonSlaveWorkspaces>
      </hudson.plugins.disk__usage.DiskUsageOvearallGraphGenerator_-DiskUsageRecord>
      <hudson.plugins.disk__usage.DiskUsageOvearallGraphGenerator_-DiskUsageRecord>
        <buildUsage>1165581</buildUsage>
        <wsUsage>787080</wsUsage>
        <date class="hudson.plugins.disk_usage.DiskUsageOvearallGraphGenerator$DiskUsageRecord$1" serialization="custom">
          <date>
            <long>1514845622625</long>
          </date>
          <hudson.plugins.disk__usage.DiskUsageOvearallGraphGenerator_-DiskUsageRecord_-1>
            <default>
              <outer-class reference="../../../.."/>
            </default>
          </hudson.plugins.disk__usage.DiskUsageOvearallGraphGenerator_-DiskUsageRecord_-1>
        </date>
        <jobsWithoutBuildsUsage>0</jobsWithoutBuildsUsage>
        <allSpace>21003583488</allSpace>
        <diskUsageNonSlaveWorkspaces>0</diskUsageNonSlaveWorkspaces>
      </hudson.plugins.disk__usage.DiskUsageOvearallGraphGenerator_-DiskUsageRecord>
    </linked-list>
    <hudson.plugins.disk__usage.DiskUsageProjectActionFactory_-DescriptorImpl_-1>
      <default>
        <outer-class reference="../../../.."/>
      </default>
    </hudson.plugins.disk__usage.DiskUsageProjectActionFactory_-DescriptorImpl_-1>
  </history>
  <timeoutWorkspace>5</timeoutWorkspace>
</hudson.plugins.disk__usage.DiskUsageProjectActionFactory_-DescriptorImpl>