<jenkins.plugins.publish__over__ftp.BapFtpPublisherPlugin_-Descriptor plugin="publish-over-ftp@1.12">
  <hostConfigurations>
    <jenkins.plugins.publish__over__ftp.BapFtpHostConfiguration>
      <name>PreCrewing</name>
      <hostname>slnxairbusevpt02.colo.fr.sopra</hostname>
      <username>precrewing</username>
      <secretPassword>#secret#</secretPassword>
      <remoteRootDir>/</remoteRootDir>
      <port>21</port>
      <timeout>300000</timeout>
      <useActiveData>false</useActiveData>
      <disableMakeNestedDirs>false</disableMakeNestedDirs>
      <disableRemoteVerification>false</disableRemoteVerification>
      <useFtpOverTls>false</useFtpOverTls>
    </jenkins.plugins.publish__over__ftp.BapFtpHostConfiguration>
  </hostConfigurations>
  <defaults class="jenkins.plugins.publish_over_ftp.options.FtpPluginDefaults"/>
</jenkins.plugins.publish__over__ftp.BapFtpPublisherPlugin_-Descriptor>