<org.jenkinsci.plugins.sharedworkspace.SharedWorkspace_-DescriptorImpl plugin="shared-workspace@1.0.2">
  <workspaces>
    <org.jenkinsci.plugins.sharedworkspace.SharedWorkspace>
      <name>Core System</name>
      <url>D:\WS\Core System</url>
    </org.jenkinsci.plugins.sharedworkspace.SharedWorkspace>
    <org.jenkinsci.plugins.sharedworkspace.SharedWorkspace>
      <name>PreCrewing Services</name>
      <url>D:\WS\PreCrewingServices</url>
    </org.jenkinsci.plugins.sharedworkspace.SharedWorkspace>
    <org.jenkinsci.plugins.sharedworkspace.SharedWorkspace>
      <name>PreCrewing Web</name>
      <url>D:\WS\PreCrewingWeb</url>
    </org.jenkinsci.plugins.sharedworkspace.SharedWorkspace>
    <org.jenkinsci.plugins.sharedworkspace.SharedWorkspace>
      <name>PreCrewing Gateway</name>
      <url>D:\WS\PreCrewingGateway</url>
    </org.jenkinsci.plugins.sharedworkspace.SharedWorkspace>
    <org.jenkinsci.plugins.sharedworkspace.SharedWorkspace>
      <name>PreCrewing Micro-Services</name>
      <url>D:\WS\MicroServices</url>
    </org.jenkinsci.plugins.sharedworkspace.SharedWorkspace>
  </workspaces>
</org.jenkinsci.plugins.sharedworkspace.SharedWorkspace_-DescriptorImpl>