<org.jenkinsci.plugins.DependencyCheck.DependencyCheckBuilder_-DescriptorImpl plugin="dependency-check-jenkins-plugin@3.0.2">
  <dataMirroringType>0</dataMirroringType>
  <dbconnstr/>
  <dbdriver/>
  <dbpath/>
  <dbuser/>
  <dbpassword/>
  <isNvdProxyBypassed>false</isNvdProxyBypassed>
  <cveUrl12Modified/>
  <cveUrl20Modified/>
  <cveUrl12Base/>
  <cveUrl20Base/>
  <isJarAnalyzerEnabled>true</isJarAnalyzerEnabled>
  <isNspAnalyzerEnabled>true</isNspAnalyzerEnabled>
  <isComposerLockAnalyzerEnabled>true</isComposerLockAnalyzerEnabled>
  <isPythonDistributionAnalyzerEnabled>true</isPythonDistributionAnalyzerEnabled>
  <isPythonPackageAnalyzerEnabled>true</isPythonPackageAnalyzerEnabled>
  <isRubyBundlerAuditAnalyzerEnabled>true</isRubyBundlerAuditAnalyzerEnabled>
  <isRubyGemAnalyzerEnabled>true</isRubyGemAnalyzerEnabled>
  <isCocoaPodsAnalyzerEnabled>true</isCocoaPodsAnalyzerEnabled>
  <isSwiftPackageManagerAnalyzerEnabled>true</isSwiftPackageManagerAnalyzerEnabled>
  <isArchiveAnalyzerEnabled>true</isArchiveAnalyzerEnabled>
  <isAssemblyAnalyzerEnabled>true</isAssemblyAnalyzerEnabled>
  <isNuspecAnalyzerEnabled>true</isNuspecAnalyzerEnabled>
  <isCentralAnalyzerEnabled>true</isCentralAnalyzerEnabled>
  <isNexusAnalyzerEnabled>false</isNexusAnalyzerEnabled>
  <isAutoconfAnalyzerEnabled>true</isAutoconfAnalyzerEnabled>
  <isCmakeAnalyzerEnabled>true</isCmakeAnalyzerEnabled>
  <isOpensslAnalyzerEnabled>true</isOpensslAnalyzerEnabled>
  <nexusUrl/>
  <isNexusProxyBypassed>false</isNexusProxyBypassed>
  <monoPath/>
  <bundleAuditPath/>
  <tempPath/>
  <globalDataDirectory/>
  <isQuickQueryTimestampEnabled>true</isQuickQueryTimestampEnabled>
</org.jenkinsci.plugins.DependencyCheck.DependencyCheckBuilder_-DescriptorImpl>