<org.jvnet.hudson.plugins.SSHBuildWrapper_-DescriptorImpl plugin="ssh@2.5">
  <sites>
    <org.jvnet.hudson.plugins.CredentialsSSHSite>
      <hostname>slnxairbusevpt02.colo.fr.sopra</hostname>
      <username>root</username>
      <port>22</port>
      <credentialId>PreCrewingRoot</credentialId>
      <serverAliveInterval>0</serverAliveInterval>
      <timeout>0</timeout>
      <pty>false</pty>
    </org.jvnet.hudson.plugins.CredentialsSSHSite>
  </sites>
</org.jvnet.hudson.plugins.SSHBuildWrapper_-DescriptorImpl>