<org.jvnet.hudson.plugins.thinbackup.ThinBackupPluginImpl plugin="thinBackup@1.9">
  <fullBackupSchedule>H 22 * * 7</fullBackupSchedule>
  <diffBackupSchedule>H 3 * * *</diffBackupSchedule>
  <backupPath>/jenkins/backups</backupPath>
  <nrMaxStoredFull>5</nrMaxStoredFull>
  <excludedFilesRegex/>
  <waitForIdle>true</waitForIdle>
  <forceQuietModeTimeout>120</forceQuietModeTimeout>
  <cleanupDiff>true</cleanupDiff>
  <moveOldBackupsToZipFile>true</moveOldBackupsToZipFile>
  <backupBuildResults>true</backupBuildResults>
  <backupBuildArchive>false</backupBuildArchive>
  <backupPluginArchives>false</backupPluginArchives>
  <backupUserContents>false</backupUserContents>
  <backupNextBuildNumber>false</backupNextBuildNumber>
  <backupBuildsToKeepOnly>false</backupBuildsToKeepOnly>
</org.jvnet.hudson.plugins.thinbackup.ThinBackupPluginImpl>