<?xml version='1.0' encoding='UTF-8'?>
<result>
  <suites>
    <suite>
      <file>c:\hudson\jobs\UT1.14_from1.15\workspace\temporary-junit-reports\TEST-Infineon.Mfg.UWM.Exceptions.Tests.ExceptionHandlingTest1304081435198.xml</file>
      <name>Infineon.Mfg.UWM.Exceptions.Tests.ExceptionHandlingTest</name>
      <duration>0.047</duration>
      <cases>
        <case>
          <duration>0.047</duration>
          <className>Infineon.Mfg.UWM.Exceptions.Tests.ExceptionHandlingTest</className>
          <testName>YodaRequests_DeactivateInkMap</testName>
          <skipped>false</skipped>
          <failedSince>0</failedSince>
        </case>
      </cases>
    </suite>
    <suite>
      <file>c:\hudson\jobs\UT1.14_from1.15\workspace\temporary-junit-reports\TEST-Infineon.Mfg.UWM.Exceptions.Tests.ExceptionHandlingTest1304081435229.xml</file>
      <name>Infineon.Mfg.UWM.Exceptions.Tests.ExceptionHandlingTest</name>
      <duration>9.360001</duration>
      <cases>
        <case>
          <duration>1.875</duration>
          <className>Infineon.Mfg.UWM.Exceptions.Tests.ExceptionHandlingTest</className>
          <testName>YodaRequests_Succeeding(AddKLARF_LotUTL4402A_Waf12.xml)</testName>
          <skipped>false</skipped>
          <failedSince>0</failedSince>
        </case>
        <case>
          <duration>1.484</duration>
          <className>Infineon.Mfg.UWM.Exceptions.Tests.ExceptionHandlingTest</className>
          <testName>YodaRequests_Succeeding(AddKLARF_LotUTL4404A_Waf12.xml)</testName>
          <skipped>false</skipped>
          <failedSince>0</failedSince>
        </case>
        <case>
          <duration>0.344</duration>
          <className>Infineon.Mfg.UWM.Exceptions.Tests.ExceptionHandlingTest</className>
          <testName>YodaRequests_Succeeding(GetBlankInkMapByLotMea_LotUTL4402A_Waf11.xml)</testName>
          <skipped>false</skipped>
          <failedSince>0</failedSince>
        </case>
        <case>
          <duration>0.422</duration>
          <className>Infineon.Mfg.UWM.Exceptions.Tests.ExceptionHandlingTest</className>
          <testName>YodaRequests_Succeeding(GetBlankInkMapByLotMea_LotUTL4404A_Waf11.xml)</testName>
          <skipped>false</skipped>
          <failedSince>0</failedSince>
        </case>
        <case>
          <duration>0.563</duration>
          <className>Infineon.Mfg.UWM.Exceptions.Tests.ExceptionHandlingTest</className>
          <testName>YodaRequests_Succeeding(GetLockStatusForWafers_LotUTL4402A.xml)</testName>
          <skipped>false</skipped>
          <failedSince>0</failedSince>
        </case>
        <case>
          <duration>0.719</duration>
          <className>Infineon.Mfg.UWM.Exceptions.Tests.ExceptionHandlingTest</className>
          <testName>YodaRequests_Succeeding(GetLockStatusForWafers_LotUTL4404A.xml)</testName>
          <skipped>false</skipped>
          <failedSince>0</failedSince>
        </case>
        <case>
          <duration>0.313</duration>
          <className>Infineon.Mfg.UWM.Exceptions.Tests.ExceptionHandlingTest</className>
          <testName>YodaRequests_Succeeding(GetMap0ByBaunumber_10000015.xml)</testName>
          <skipped>false</skipped>
          <failedSince>0</failedSince>
        </case>
        <case>
          <duration>0.5</duration>
          <className>Infineon.Mfg.UWM.Exceptions.Tests.ExceptionHandlingTest</className>
          <testName>YodaRequests_Succeeding(GetMap0ByBNO_10000014DeactivatedMap0_StatusEmpty.xml)</testName>
          <skipped>false</skipped>
          <failedSince>0</failedSince>
        </case>
        <case>
          <duration>0.359</duration>
          <className>Infineon.Mfg.UWM.Exceptions.Tests.ExceptionHandlingTest</className>
          <testName>YodaRequests_Succeeding(GetMap0ByBNO_10000014DeactivatedMap0_StatusOmitted.xml)</testName>
          <skipped>false</skipped>
          <failedSince>0</failedSince>
        </case>
        <case>
          <duration>0.344</duration>
          <className>Infineon.Mfg.UWM.Exceptions.Tests.ExceptionHandlingTest</className>
          <testName>YodaRequests_Succeeding(GetMap0ByLotMea_LotUTL4402A.xml)</testName>
          <skipped>false</skipped>
          <failedSince>0</failedSince>
        </case>
        <case>
          <duration>0.328</duration>
          <className>Infineon.Mfg.UWM.Exceptions.Tests.ExceptionHandlingTest</className>
          <testName>YodaRequests_Succeeding(GetMap0ByLotMea_LotUTL4404A.xml)</testName>
          <skipped>false</skipped>
          <failedSince>0</failedSince>
        </case>
        <case>
          <duration>0.438</duration>
          <className>Infineon.Mfg.UWM.Exceptions.Tests.ExceptionHandlingTest</className>
          <testName>YodaRequests_Succeeding(GetSummaryMap_LotUTL4402A_Waf11.xml)</testName>
          <skipped>false</skipped>
          <failedSince>0</failedSince>
        </case>
        <case>
          <duration>0.734</duration>
          <className>Infineon.Mfg.UWM.Exceptions.Tests.ExceptionHandlingTest</className>
          <testName>YodaRequests_Succeeding(GetSummaryMap_LotUTL4404A_Waf11.xml)</testName>
          <skipped>false</skipped>
          <failedSince>0</failedSince>
        </case>
        <case>
          <duration>0.453</duration>
          <className>Infineon.Mfg.UWM.Exceptions.Tests.ExceptionHandlingTest</className>
          <testName>YodaRequests_Succeeding(LotExists_LotUTL4402A.xml)</testName>
          <skipped>false</skipped>
          <failedSince>0</failedSince>
        </case>
        <case>
          <duration>0.484</duration>
          <className>Infineon.Mfg.UWM.Exceptions.Tests.ExceptionHandlingTest</className>
          <testName>YodaRequests_Succeeding(LotExists_LotUTL4404A.xml)</testName>
          <skipped>false</skipped>
          <failedSince>0</failedSince>
        </case>
      </cases>
    </suite>
  </suites>
  <duration>9.407001</duration>
  <keepLongStdio>true</keepLongStdio>
</result>