{
  "version" : "3.0.0",
  "gauges" : {
    "jenkins.executor.count.value" : {
      "value" : 20
    },
    "jenkins.executor.free.value" : {
      "value" : 20
    },
    "jenkins.executor.in-use.value" : {
      "value" : 0
    },
    "jenkins.health-check.count" : {
      "value" : 4
    },
    "jenkins.health-check.inverse-score" : {
      "value" : 0.0
    },
    "jenkins.health-check.score" : {
      "value" : 1.0
    },
    "jenkins.job.averageDepth" : {
      "value" : 1.0
    },
    "jenkins.job.count.value" : {
      "value" : 25
    },
    "jenkins.node.count.value" : {
      "value" : 3
    },
    "jenkins.node.offline.value" : {
      "value" : 2
    },
    "jenkins.node.online.value" : {
      "value" : 1
    },
    "jenkins.plugins.active" : {
      "value" : 86
    },
    "jenkins.plugins.failed" : {
      "value" : 1
    },
    "jenkins.plugins.inactive" : {
      "value" : 1
    },
    "jenkins.plugins.withUpdate" : {
      "value" : 0
    },
    "jenkins.project.count.value" : {
      "value" : 25
    },
    "jenkins.project.disabled.count.value" : {
      "value" : 3
    },
    "jenkins.project.enabled.count.value" : {
      "value" : 22
    },
    "jenkins.queue.blocked.value" : {
      "value" : 0
    },
    "jenkins.queue.buildable.value" : {
      "value" : 0
    },
    "jenkins.queue.pending.value" : {
      "value" : 0
    },
    "jenkins.queue.size.value" : {
      "value" : 0
    },
    "jenkins.queue.stuck.value" : {
      "value" : 0
    },
    "jenkins.versions.core" : {
      "value" : "2.7.1"
    },
    "jenkins.versions.plugin.ace-editor" : {
      "value" : "1.1"
    },
    "jenkins.versions.plugin.analysis-core" : {
      "value" : "1.79"
    },
    "jenkins.versions.plugin.ant" : {
      "value" : "1.3"
    },
    "jenkins.versions.plugin.antisamy-markup-formatter" : {
      "value" : "1.5"
    },
    "jenkins.versions.plugin.bouncycastle-api" : {
      "value" : "1.648.3"
    },
    "jenkins.versions.plugin.branch-api" : {
      "value" : "1.10"
    },
    "jenkins.versions.plugin.build-user-vars-plugin" : {
      "value" : "1.5"
    },
    "jenkins.versions.plugin.clone-workspace-scm" : {
      "value" : "0.6"
    },
    "jenkins.versions.plugin.cloudbees-folder" : {
      "value" : "5.12"
    },
    "jenkins.versions.plugin.conditional-buildstep" : {
      "value" : "1.3.5"
    },
    "jenkins.versions.plugin.copy-to-slave" : {
      "value" : "1.4.4"
    },
    "jenkins.versions.plugin.credentials" : {
      "value" : "2.1.4"
    },
    "jenkins.versions.plugin.cvs" : {
      "value" : "2.12"
    },
    "jenkins.versions.plugin.durable-task" : {
      "value" : "1.12"
    },
    "jenkins.versions.plugin.email-ext" : {
      "value" : "2.45"
    },
    "jenkins.versions.plugin.envinject" : {
      "value" : "1.92.1"
    },
    "jenkins.versions.plugin.external-monitor-job" : {
      "value" : "1.6"
    },
    "jenkins.versions.plugin.findbugs" : {
      "value" : "4.65"
    },
    "jenkins.versions.plugin.git" : {
      "value" : "2.5.3"
    },
    "jenkins.versions.plugin.git-client" : {
      "value" : "1.19.7"
    },
    "jenkins.versions.plugin.git-server" : {
      "value" : "1.7"
    },
    "jenkins.versions.plugin.gitlab-hook" : {
      "value" : "1.4.2"
    },
    "jenkins.versions.plugin.gitlab-merge-request-jenkins" : {
      "value" : "2.0.0"
    },
    "jenkins.versions.plugin.gitlab-plugin" : {
      "value" : "1.3.0"
    },
    "jenkins.versions.plugin.handlebars" : {
      "value" : "1.1.1"
    },
    "jenkins.versions.plugin.hudson-wsclean-plugin" : {
      "value" : "1.0.5"
    },
    "jenkins.versions.plugin.icon-shim" : {
      "value" : "2.0.3"
    },
    "jenkins.versions.plugin.instant-messaging" : {
      "value" : "1.35"
    },
    "jenkins.versions.plugin.ircbot" : {
      "value" : "2.27"
    },
    "jenkins.versions.plugin.jackson2-api" : {
      "value" : "2.7.3"
    },
    "jenkins.versions.plugin.jacoco" : {
      "value" : "2.0.1"
    },
    "jenkins.versions.plugin.javadoc" : {
      "value" : "1.4"
    },
    "jenkins.versions.plugin.jenkins-multijob-plugin" : {
      "value" : "1.21"
    },
    "jenkins.versions.plugin.jquery-detached" : {
      "value" : "1.2.1"
    },
    "jenkins.versions.plugin.junit" : {
      "value" : "1.15"
    },
    "jenkins.versions.plugin.kerberos-sso" : {
      "value" : "1.0.2"
    },
    "jenkins.versions.plugin.ldap" : {
      "value" : "1.12"
    },
    "jenkins.versions.plugin.mailer" : {
      "value" : "1.17"
    },
    "jenkins.versions.plugin.mapdb-api" : {
      "value" : "1.0.9.0"
    },
    "jenkins.versions.plugin.matrix-auth" : {
      "value" : "1.4"
    },
    "jenkins.versions.plugin.matrix-project" : {
      "value" : "1.7.1"
    },
    "jenkins.versions.plugin.maven-plugin" : {
      "value" : "2.13"
    },
    "jenkins.versions.plugin.mercurial" : {
      "value" : "1.56"
    },
    "jenkins.versions.plugin.metrics" : {
      "value" : "3.1.2.9"
    },
    "jenkins.versions.plugin.momentjs" : {
      "value" : "1.1.1"
    },
    "jenkins.versions.plugin.multi-slave-config-plugin" : {
      "value" : "1.2.0"
    },
    "jenkins.versions.plugin.multiple-scms" : {
      "value" : "0.6"
    },
    "jenkins.versions.plugin.naginator" : {
      "value" : "1.17.1"
    },
    "jenkins.versions.plugin.next-build-number" : {
      "value" : "1.4"
    },
    "jenkins.versions.plugin.pam-auth" : {
      "value" : "1.3"
    },
    "jenkins.versions.plugin.parameterized-trigger" : {
      "value" : "2.32"
    },
    "jenkins.versions.plugin.pipeline-build-step" : {
      "value" : "2.2"
    },
    "jenkins.versions.plugin.pipeline-input-step" : {
      "value" : "2.0"
    },
    "jenkins.versions.plugin.pipeline-rest-api" : {
      "value" : "1.6"
    },
    "jenkins.versions.plugin.pipeline-stage-step" : {
      "value" : "2.1"
    },
    "jenkins.versions.plugin.pipeline-stage-view" : {
      "value" : "1.6"
    },
    "jenkins.versions.plugin.ruby-runtime" : {
      "value" : "0.12"
    },
    "jenkins.versions.plugin.run-condition" : {
      "value" : "1.0"
    },
    "jenkins.versions.plugin.scm-api" : {
      "value" : "1.2"
    },
    "jenkins.versions.plugin.script-security" : {
      "value" : "1.21"
    },
    "jenkins.versions.plugin.slave-setup" : {
      "value" : "1.10"
    },
    "jenkins.versions.plugin.slave-status" : {
      "value" : "1.6"
    },
    "jenkins.versions.plugin.ssh-agent" : {
      "value" : "1.13"
    },
    "jenkins.versions.plugin.ssh-credentials" : {
      "value" : "1.12"
    },
    "jenkins.versions.plugin.ssh-slaves" : {
      "value" : "1.11"
    },
    "jenkins.versions.plugin.structs" : {
      "value" : "1.3"
    },
    "jenkins.versions.plugin.subversion" : {
      "value" : "2.6"
    },
    "jenkins.versions.plugin.svnmerge" : {
      "value" : "2.6"
    },
    "jenkins.versions.plugin.tap" : {
      "value" : "1.25"
    },
    "jenkins.versions.plugin.throttle-concurrents" : {
      "value" : "1.9.0"
    },
    "jenkins.versions.plugin.token-macro" : {
      "value" : "1.12.1"
    },
    "jenkins.versions.plugin.translation" : {
      "value" : "1.15"
    },
    "jenkins.versions.plugin.windows-slaves" : {
      "value" : "1.1"
    },
    "jenkins.versions.plugin.workflow-aggregator" : {
      "value" : "2.2"
    },
    "jenkins.versions.plugin.workflow-api" : {
      "value" : "2.1"
    },
    "jenkins.versions.plugin.workflow-basic-steps" : {
      "value" : "2.1"
    },
    "jenkins.versions.plugin.workflow-cps" : {
      "value" : "2.10"
    },
    "jenkins.versions.plugin.workflow-cps-global-lib" : {
      "value" : "2.1"
    },
    "jenkins.versions.plugin.workflow-durable-task-step" : {
      "value" : "2.4"
    },
    "jenkins.versions.plugin.workflow-job" : {
      "value" : "2.4"
    },
    "jenkins.versions.plugin.workflow-multibranch" : {
      "value" : "2.8"
    },
    "jenkins.versions.plugin.workflow-scm-step" : {
      "value" : "2.2"
    },
    "jenkins.versions.plugin.workflow-step-api" : {
      "value" : "2.3"
    },
    "jenkins.versions.plugin.workflow-support" : {
      "value" : "2.2"
    },
    "jenkins.versions.plugin.ws-cleanup" : {
      "value" : "0.30"
    },
    "system.cpu.load" : {
      "value" : 0.04
    },
    "vm.blocked.count" : {
      "value" : 0
    },
    "vm.class.loaded" : {
      "value" : 24164
    },
    "vm.class.unloaded" : {
      "value" : 88
    },
    "vm.count" : {
      "value" : 55
    },
    "vm.cpu.load" : {
      "value" : 0.025811379091402648
    },
    "vm.daemon.count" : {
      "value" : 47
    },
    "vm.deadlock.count" : {
      "value" : 0
    },
    "vm.deadlocks" : {
      "value" : [ ]
    },
    "vm.file.descriptor.ratio" : {
      "value" : 0.1435546875
    },
    "vm.gc.PS-MarkSweep.count" : {
      "value" : 2
    },
    "vm.gc.PS-MarkSweep.time" : {
      "value" : 873
    },
    "vm.gc.PS-Scavenge.count" : {
      "value" : 158
    },
    "vm.gc.PS-Scavenge.time" : {
      "value" : 1981
    },
    "vm.memory.heap.committed" : {
      "value" : 287309824
    },
    "vm.memory.heap.init" : {
      "value" : 258325376
    },
    "vm.memory.heap.max" : {
      "value" : 3674210304
    },
    "vm.memory.heap.usage" : {
      "value" : 0.050931802079013495
    },
    "vm.memory.heap.used" : {
      "value" : 187134152
    },
    "vm.memory.non-heap.committed" : {
      "value" : 261947392
    },
    "vm.memory.non-heap.init" : {
      "value" : 24576000
    },
    "vm.memory.non-heap.max" : {
      "value" : 1124073472
    },
    "vm.memory.non-heap.usage" : {
      "value" : 0.12400950958479696
    },
    "vm.memory.non-heap.used" : {
      "value" : 139395800
    },
    "vm.memory.pools.Code-Cache.committed" : {
      "value" : 17104896
    },
    "vm.memory.pools.Code-Cache.init" : {
      "value" : 2555904
    },
    "vm.memory.pools.Code-Cache.max" : {
      "value" : 50331648
    },
    "vm.memory.pools.Code-Cache.usage" : {
      "value" : 0.33617528279622394
    },
    "vm.memory.pools.Code-Cache.used" : {
      "value" : 16920256
    },
    "vm.memory.pools.PS-Eden-Space.committed" : {
      "value" : 45613056
    },
    "vm.memory.pools.PS-Eden-Space.init" : {
      "value" : 65536000
    },
    "vm.memory.pools.PS-Eden-Space.max" : {
      "value" : 1374158848
    },
    "vm.memory.pools.PS-Eden-Space.usage" : {
      "value" : 0.012042374885614389
    },
    "vm.memory.pools.PS-Eden-Space.used" : {
      "value" : 16548136
    },
    "vm.memory.pools.PS-Old-Gen.committed" : {
      "value" : 240123904
    },
    "vm.memory.pools.PS-Old-Gen.init" : {
      "value" : 171966464
    },
    "vm.memory.pools.PS-Old-Gen.max" : {
      "value" : 2755657728
    },
    "vm.memory.pools.PS-Old-Gen.usage" : {
      "value" : 0.06145808250392409
    },
    "vm.memory.pools.PS-Old-Gen.used" : {
      "value" : 169357440
    },
    "vm.memory.pools.PS-Perm-Gen.committed" : {
      "value" : 244842496
    },
    "vm.memory.pools.PS-Perm-Gen.init" : {
      "value" : 22020096
    },
    "vm.memory.pools.PS-Perm-Gen.max" : {
      "value" : 1073741824
    },
    "vm.memory.pools.PS-Perm-Gen.usage" : {
      "value" : 0.11406423896551132
    },
    "vm.memory.pools.PS-Perm-Gen.used" : {
      "value" : 122475544
    },
    "vm.memory.pools.PS-Survivor-Space.committed" : {
      "value" : 1572864
    },
    "vm.memory.pools.PS-Survivor-Space.init" : {
      "value" : 10485760
    },
    "vm.memory.pools.PS-Survivor-Space.max" : {
      "value" : 1572864
    },
    "vm.memory.pools.PS-Survivor-Space.usage" : {
      "value" : 0.7811075846354166
    },
    "vm.memory.pools.PS-Survivor-Space.used" : {
      "value" : 1228576
    },
    "vm.memory.total.committed" : {
      "value" : 549257216
    },
    "vm.memory.total.init" : {
      "value" : 282901376
    },
    "vm.memory.total.max" : {
      "value" : 4798283776
    },
    "vm.memory.total.used" : {
      "value" : 326529952
    },
    "vm.new.count" : {
      "value" : 0
    },
    "vm.runnable.count" : {
      "value" : 14
    },
    "vm.terminated.count" : {
      "value" : 0
    },
    "vm.timed_waiting.count" : {
      "value" : 9
    },
    "vm.uptime.milliseconds" : {
      "value" : 13443027
    },
    "vm.waiting.count" : {
      "value" : 32
    }
  },
  "counters" : {
    "http.activeRequests" : {
      "count" : 1
    }
  },
  "histograms" : {
    "jenkins.executor.count.history" : {
      "count" : 0,
      "max" : 0,
      "mean" : 0.0,
      "min" : 0,
      "p50" : 0.0,
      "p75" : 0.0,
      "p95" : 0.0,
      "p98" : 0.0,
      "p99" : 0.0,
      "p999" : 0.0,
      "values" : [ ],
      "stddev" : 0.0
    },
    "jenkins.executor.free.history" : {
      "count" : 0,
      "max" : 0,
      "mean" : 0.0,
      "min" : 0,
      "p50" : 0.0,
      "p75" : 0.0,
      "p95" : 0.0,
      "p98" : 0.0,
      "p99" : 0.0,
      "p999" : 0.0,
      "values" : [ ],
      "stddev" : 0.0
    },
    "jenkins.executor.in-use.history" : {
      "count" : 0,
      "max" : 0,
      "mean" : 0.0,
      "min" : 0,
      "p50" : 0.0,
      "p75" : 0.0,
      "p95" : 0.0,
      "p98" : 0.0,
      "p99" : 0.0,
      "p999" : 0.0,
      "values" : [ ],
      "stddev" : 0.0
    },
    "jenkins.job.count.history" : {
      "count" : 0,
      "max" : 0,
      "mean" : 0.0,
      "min" : 0,
      "p50" : 0.0,
      "p75" : 0.0,
      "p95" : 0.0,
      "p98" : 0.0,
      "p99" : 0.0,
      "p999" : 0.0,
      "values" : [ ],
      "stddev" : 0.0
    },
    "jenkins.node.count.history" : {
      "count" : 0,
      "max" : 0,
      "mean" : 0.0,
      "min" : 0,
      "p50" : 0.0,
      "p75" : 0.0,
      "p95" : 0.0,
      "p98" : 0.0,
      "p99" : 0.0,
      "p999" : 0.0,
      "values" : [ ],
      "stddev" : 0.0
    },
    "jenkins.node.offline.history" : {
      "count" : 0,
      "max" : 0,
      "mean" : 0.0,
      "min" : 0,
      "p50" : 0.0,
      "p75" : 0.0,
      "p95" : 0.0,
      "p98" : 0.0,
      "p99" : 0.0,
      "p999" : 0.0,
      "values" : [ ],
      "stddev" : 0.0
    },
    "jenkins.node.online.history" : {
      "count" : 0,
      "max" : 0,
      "mean" : 0.0,
      "min" : 0,
      "p50" : 0.0,
      "p75" : 0.0,
      "p95" : 0.0,
      "p98" : 0.0,
      "p99" : 0.0,
      "p999" : 0.0,
      "values" : [ ],
      "stddev" : 0.0
    },
    "jenkins.project.count.history" : {
      "count" : 0,
      "max" : 0,
      "mean" : 0.0,
      "min" : 0,
      "p50" : 0.0,
      "p75" : 0.0,
      "p95" : 0.0,
      "p98" : 0.0,
      "p99" : 0.0,
      "p999" : 0.0,
      "values" : [ ],
      "stddev" : 0.0
    },
    "jenkins.project.disabled.count.history" : {
      "count" : 0,
      "max" : 0,
      "mean" : 0.0,
      "min" : 0,
      "p50" : 0.0,
      "p75" : 0.0,
      "p95" : 0.0,
      "p98" : 0.0,
      "p99" : 0.0,
      "p999" : 0.0,
      "values" : [ ],
      "stddev" : 0.0
    },
    "jenkins.project.enabled.count.history" : {
      "count" : 0,
      "max" : 0,
      "mean" : 0.0,
      "min" : 0,
      "p50" : 0.0,
      "p75" : 0.0,
      "p95" : 0.0,
      "p98" : 0.0,
      "p99" : 0.0,
      "p999" : 0.0,
      "values" : [ ],
      "stddev" : 0.0
    },
    "jenkins.queue.blocked.history" : {
      "count" : 0,
      "max" : 0,
      "mean" : 0.0,
      "min" : 0,
      "p50" : 0.0,
      "p75" : 0.0,
      "p95" : 0.0,
      "p98" : 0.0,
      "p99" : 0.0,
      "p999" : 0.0,
      "values" : [ ],
      "stddev" : 0.0
    },
    "jenkins.queue.buildable.history" : {
      "count" : 0,
      "max" : 0,
      "mean" : 0.0,
      "min" : 0,
      "p50" : 0.0,
      "p75" : 0.0,
      "p95" : 0.0,
      "p98" : 0.0,
      "p99" : 0.0,
      "p999" : 0.0,
      "values" : [ ],
      "stddev" : 0.0
    },
    "jenkins.queue.pending.history" : {
      "count" : 0,
      "max" : 0,
      "mean" : 0.0,
      "min" : 0,
      "p50" : 0.0,
      "p75" : 0.0,
      "p95" : 0.0,
      "p98" : 0.0,
      "p99" : 0.0,
      "p999" : 0.0,
      "values" : [ ],
      "stddev" : 0.0
    },
    "jenkins.queue.size.history" : {
      "count" : 0,
      "max" : 0,
      "mean" : 0.0,
      "min" : 0,
      "p50" : 0.0,
      "p75" : 0.0,
      "p95" : 0.0,
      "p98" : 0.0,
      "p99" : 0.0,
      "p999" : 0.0,
      "values" : [ ],
      "stddev" : 0.0
    },
    "jenkins.queue.stuck.history" : {
      "count" : 0,
      "max" : 0,
      "mean" : 0.0,
      "min" : 0,
      "p50" : 0.0,
      "p75" : 0.0,
      "p95" : 0.0,
      "p98" : 0.0,
      "p99" : 0.0,
      "p999" : 0.0,
      "values" : [ ],
      "stddev" : 0.0
    },
    "system.cpu.load.x100.history" : {
      "count" : 0,
      "max" : 0,
      "mean" : 0.0,
      "min" : 0,
      "p50" : 0.0,
      "p75" : 0.0,
      "p95" : 0.0,
      "p98" : 0.0,
      "p99" : 0.0,
      "p999" : 0.0,
      "values" : [ ],
      "stddev" : 0.0
    },
    "system.cpu.load.x100.window.15m" : {
      "count" : 0,
      "max" : 0,
      "mean" : 0.0,
      "min" : 0,
      "p50" : 0.0,
      "p75" : 0.0,
      "p95" : 0.0,
      "p98" : 0.0,
      "p99" : 0.0,
      "p999" : 0.0,
      "values" : [ ],
      "stddev" : 0.0
    },
    "system.cpu.load.x100.window.1h" : {
      "count" : 0,
      "max" : 0,
      "mean" : 0.0,
      "min" : 0,
      "p50" : 0.0,
      "p75" : 0.0,
      "p95" : 0.0,
      "p98" : 0.0,
      "p99" : 0.0,
      "p999" : 0.0,
      "values" : [ ],
      "stddev" : 0.0
    },
    "system.cpu.load.x100.window.5m" : {
      "count" : 0,
      "max" : 0,
      "mean" : 0.0,
      "min" : 0,
      "p50" : 0.0,
      "p75" : 0.0,
      "p95" : 0.0,
      "p98" : 0.0,
      "p99" : 0.0,
      "p999" : 0.0,
      "values" : [ ],
      "stddev" : 0.0
    },
    "vm.cpu.load.x100.history" : {
      "count" : 0,
      "max" : 0,
      "mean" : 0.0,
      "min" : 0,
      "p50" : 0.0,
      "p75" : 0.0,
      "p95" : 0.0,
      "p98" : 0.0,
      "p99" : 0.0,
      "p999" : 0.0,
      "values" : [ ],
      "stddev" : 0.0
    },
    "vm.cpu.load.x100.window.15m" : {
      "count" : 0,
      "max" : 0,
      "mean" : 0.0,
      "min" : 0,
      "p50" : 0.0,
      "p75" : 0.0,
      "p95" : 0.0,
      "p98" : 0.0,
      "p99" : 0.0,
      "p999" : 0.0,
      "values" : [ ],
      "stddev" : 0.0
    },
    "vm.cpu.load.x100.window.1h" : {
      "count" : 0,
      "max" : 0,
      "mean" : 0.0,
      "min" : 0,
      "p50" : 0.0,
      "p75" : 0.0,
      "p95" : 0.0,
      "p98" : 0.0,
      "p99" : 0.0,
      "p999" : 0.0,
      "values" : [ ],
      "stddev" : 0.0
    },
    "vm.cpu.load.x100.window.5m" : {
      "count" : 0,
      "max" : 0,
      "mean" : 0.0,
      "min" : 0,
      "p50" : 0.0,
      "p75" : 0.0,
      "p95" : 0.0,
      "p98" : 0.0,
      "p99" : 0.0,
      "p999" : 0.0,
      "values" : [ ],
      "stddev" : 0.0
    },
    "vm.file.descriptor.ratio.x100.history" : {
      "count" : 0,
      "max" : 0,
      "mean" : 0.0,
      "min" : 0,
      "p50" : 0.0,
      "p75" : 0.0,
      "p95" : 0.0,
      "p98" : 0.0,
      "p99" : 0.0,
      "p999" : 0.0,
      "values" : [ ],
      "stddev" : 0.0
    },
    "vm.file.descriptor.ratio.x100.window.15m" : {
      "count" : 0,
      "max" : 0,
      "mean" : 0.0,
      "min" : 0,
      "p50" : 0.0,
      "p75" : 0.0,
      "p95" : 0.0,
      "p98" : 0.0,
      "p99" : 0.0,
      "p999" : 0.0,
      "values" : [ ],
      "stddev" : 0.0
    },
    "vm.file.descriptor.ratio.x100.window.1h" : {
      "count" : 0,
      "max" : 0,
      "mean" : 0.0,
      "min" : 0,
      "p50" : 0.0,
      "p75" : 0.0,
      "p95" : 0.0,
      "p98" : 0.0,
      "p99" : 0.0,
      "p999" : 0.0,
      "values" : [ ],
      "stddev" : 0.0
    },
    "vm.file.descriptor.ratio.x100.window.5m" : {
      "count" : 0,
      "max" : 0,
      "mean" : 0.0,
      "min" : 0,
      "p50" : 0.0,
      "p75" : 0.0,
      "p95" : 0.0,
      "p98" : 0.0,
      "p99" : 0.0,
      "p999" : 0.0,
      "values" : [ ],
      "stddev" : 0.0
    },
    "vm.memory.heap.committed.history" : {
      "count" : 0,
      "max" : 0,
      "mean" : 0.0,
      "min" : 0,
      "p50" : 0.0,
      "p75" : 0.0,
      "p95" : 0.0,
      "p98" : 0.0,
      "p99" : 0.0,
      "p999" : 0.0,
      "values" : [ ],
      "stddev" : 0.0
    },
    "vm.memory.heap.committed.window.15m" : {
      "count" : 0,
      "max" : 0,
      "mean" : 0.0,
      "min" : 0,
      "p50" : 0.0,
      "p75" : 0.0,
      "p95" : 0.0,
      "p98" : 0.0,
      "p99" : 0.0,
      "p999" : 0.0,
      "values" : [ ],
      "stddev" : 0.0
    },
    "vm.memory.heap.committed.window.1h" : {
      "count" : 0,
      "max" : 0,
      "mean" : 0.0,
      "min" : 0,
      "p50" : 0.0,
      "p75" : 0.0,
      "p95" : 0.0,
      "p98" : 0.0,
      "p99" : 0.0,
      "p999" : 0.0,
      "values" : [ ],
      "stddev" : 0.0
    },
    "vm.memory.heap.committed.window.5m" : {
      "count" : 0,
      "max" : 0,
      "mean" : 0.0,
      "min" : 0,
      "p50" : 0.0,
      "p75" : 0.0,
      "p95" : 0.0,
      "p98" : 0.0,
      "p99" : 0.0,
      "p999" : 0.0,
      "values" : [ ],
      "stddev" : 0.0
    },
    "vm.memory.heap.usage.x100.history" : {
      "count" : 0,
      "max" : 0,
      "mean" : 0.0,
      "min" : 0,
      "p50" : 0.0,
      "p75" : 0.0,
      "p95" : 0.0,
      "p98" : 0.0,
      "p99" : 0.0,
      "p999" : 0.0,
      "values" : [ ],
      "stddev" : 0.0
    },
    "vm.memory.heap.usage.x100.window.15m" : {
      "count" : 0,
      "max" : 0,
      "mean" : 0.0,
      "min" : 0,
      "p50" : 0.0,
      "p75" : 0.0,
      "p95" : 0.0,
      "p98" : 0.0,
      "p99" : 0.0,
      "p999" : 0.0,
      "values" : [ ],
      "stddev" : 0.0
    },
    "vm.memory.heap.usage.x100.window.1h" : {
      "count" : 0,
      "max" : 0,
      "mean" : 0.0,
      "min" : 0,
      "p50" : 0.0,
      "p75" : 0.0,
      "p95" : 0.0,
      "p98" : 0.0,
      "p99" : 0.0,
      "p999" : 0.0,
      "values" : [ ],
      "stddev" : 0.0
    },
    "vm.memory.heap.usage.x100.window.5m" : {
      "count" : 0,
      "max" : 0,
      "mean" : 0.0,
      "min" : 0,
      "p50" : 0.0,
      "p75" : 0.0,
      "p95" : 0.0,
      "p98" : 0.0,
      "p99" : 0.0,
      "p999" : 0.0,
      "values" : [ ],
      "stddev" : 0.0
    },
    "vm.memory.heap.used.history" : {
      "count" : 0,
      "max" : 0,
      "mean" : 0.0,
      "min" : 0,
      "p50" : 0.0,
      "p75" : 0.0,
      "p95" : 0.0,
      "p98" : 0.0,
      "p99" : 0.0,
      "p999" : 0.0,
      "values" : [ ],
      "stddev" : 0.0
    },
    "vm.memory.heap.used.window.15m" : {
      "count" : 0,
      "max" : 0,
      "mean" : 0.0,
      "min" : 0,
      "p50" : 0.0,
      "p75" : 0.0,
      "p95" : 0.0,
      "p98" : 0.0,
      "p99" : 0.0,
      "p999" : 0.0,
      "values" : [ ],
      "stddev" : 0.0
    },
    "vm.memory.heap.used.window.1h" : {
      "count" : 0,
      "max" : 0,
      "mean" : 0.0,
      "min" : 0,
      "p50" : 0.0,
      "p75" : 0.0,
      "p95" : 0.0,
      "p98" : 0.0,
      "p99" : 0.0,
      "p999" : 0.0,
      "values" : [ ],
      "stddev" : 0.0
    },
    "vm.memory.heap.used.window.5m" : {
      "count" : 0,
      "max" : 0,
      "mean" : 0.0,
      "min" : 0,
      "p50" : 0.0,
      "p75" : 0.0,
      "p95" : 0.0,
      "p98" : 0.0,
      "p99" : 0.0,
      "p999" : 0.0,
      "values" : [ ],
      "stddev" : 0.0
    },
    "vm.memory.non-heap.committed.history" : {
      "count" : 0,
      "max" : 0,
      "mean" : 0.0,
      "min" : 0,
      "p50" : 0.0,
      "p75" : 0.0,
      "p95" : 0.0,
      "p98" : 0.0,
      "p99" : 0.0,
      "p999" : 0.0,
      "values" : [ ],
      "stddev" : 0.0
    },
    "vm.memory.non-heap.committed.window.15m" : {
      "count" : 0,
      "max" : 0,
      "mean" : 0.0,
      "min" : 0,
      "p50" : 0.0,
      "p75" : 0.0,
      "p95" : 0.0,
      "p98" : 0.0,
      "p99" : 0.0,
      "p999" : 0.0,
      "values" : [ ],
      "stddev" : 0.0
    },
    "vm.memory.non-heap.committed.window.1h" : {
      "count" : 0,
      "max" : 0,
      "mean" : 0.0,
      "min" : 0,
      "p50" : 0.0,
      "p75" : 0.0,
      "p95" : 0.0,
      "p98" : 0.0,
      "p99" : 0.0,
      "p999" : 0.0,
      "values" : [ ],
      "stddev" : 0.0
    },
    "vm.memory.non-heap.committed.window.5m" : {
      "count" : 0,
      "max" : 0,
      "mean" : 0.0,
      "min" : 0,
      "p50" : 0.0,
      "p75" : 0.0,
      "p95" : 0.0,
      "p98" : 0.0,
      "p99" : 0.0,
      "p999" : 0.0,
      "values" : [ ],
      "stddev" : 0.0
    },
    "vm.memory.non-heap.usage.x100.history" : {
      "count" : 0,
      "max" : 0,
      "mean" : 0.0,
      "min" : 0,
      "p50" : 0.0,
      "p75" : 0.0,
      "p95" : 0.0,
      "p98" : 0.0,
      "p99" : 0.0,
      "p999" : 0.0,
      "values" : [ ],
      "stddev" : 0.0
    },
    "vm.memory.non-heap.usage.x100.window.15m" : {
      "count" : 0,
      "max" : 0,
      "mean" : 0.0,
      "min" : 0,
      "p50" : 0.0,
      "p75" : 0.0,
      "p95" : 0.0,
      "p98" : 0.0,
      "p99" : 0.0,
      "p999" : 0.0,
      "values" : [ ],
      "stddev" : 0.0
    },
    "vm.memory.non-heap.usage.x100.window.1h" : {
      "count" : 0,
      "max" : 0,
      "mean" : 0.0,
      "min" : 0,
      "p50" : 0.0,
      "p75" : 0.0,
      "p95" : 0.0,
      "p98" : 0.0,
      "p99" : 0.0,
      "p999" : 0.0,
      "values" : [ ],
      "stddev" : 0.0
    },
    "vm.memory.non-heap.usage.x100.window.5m" : {
      "count" : 0,
      "max" : 0,
      "mean" : 0.0,
      "min" : 0,
      "p50" : 0.0,
      "p75" : 0.0,
      "p95" : 0.0,
      "p98" : 0.0,
      "p99" : 0.0,
      "p999" : 0.0,
      "values" : [ ],
      "stddev" : 0.0
    },
    "vm.memory.non-heap.used.history" : {
      "count" : 0,
      "max" : 0,
      "mean" : 0.0,
      "min" : 0,
      "p50" : 0.0,
      "p75" : 0.0,
      "p95" : 0.0,
      "p98" : 0.0,
      "p99" : 0.0,
      "p999" : 0.0,
      "values" : [ ],
      "stddev" : 0.0
    },
    "vm.memory.non-heap.used.window.15m" : {
      "count" : 0,
      "max" : 0,
      "mean" : 0.0,
      "min" : 0,
      "p50" : 0.0,
      "p75" : 0.0,
      "p95" : 0.0,
      "p98" : 0.0,
      "p99" : 0.0,
      "p999" : 0.0,
      "values" : [ ],
      "stddev" : 0.0
    },
    "vm.memory.non-heap.used.window.1h" : {
      "count" : 0,
      "max" : 0,
      "mean" : 0.0,
      "min" : 0,
      "p50" : 0.0,
      "p75" : 0.0,
      "p95" : 0.0,
      "p98" : 0.0,
      "p99" : 0.0,
      "p999" : 0.0,
      "values" : [ ],
      "stddev" : 0.0
    },
    "vm.memory.non-heap.used.window.5m" : {
      "count" : 0,
      "max" : 0,
      "mean" : 0.0,
      "min" : 0,
      "p50" : 0.0,
      "p75" : 0.0,
      "p95" : 0.0,
      "p98" : 0.0,
      "p99" : 0.0,
      "p999" : 0.0,
      "values" : [ ],
      "stddev" : 0.0
    },
    "vm.memory.pools.Code-Cache.committed.history" : {
      "count" : 0,
      "max" : 0,
      "mean" : 0.0,
      "min" : 0,
      "p50" : 0.0,
      "p75" : 0.0,
      "p95" : 0.0,
      "p98" : 0.0,
      "p99" : 0.0,
      "p999" : 0.0,
      "values" : [ ],
      "stddev" : 0.0
    },
    "vm.memory.pools.Code-Cache.committed.window.15m" : {
      "count" : 0,
      "max" : 0,
      "mean" : 0.0,
      "min" : 0,
      "p50" : 0.0,
      "p75" : 0.0,
      "p95" : 0.0,
      "p98" : 0.0,
      "p99" : 0.0,
      "p999" : 0.0,
      "values" : [ ],
      "stddev" : 0.0
    },
    "vm.memory.pools.Code-Cache.committed.window.1h" : {
      "count" : 0,
      "max" : 0,
      "mean" : 0.0,
      "min" : 0,
      "p50" : 0.0,
      "p75" : 0.0,
      "p95" : 0.0,
      "p98" : 0.0,
      "p99" : 0.0,
      "p999" : 0.0,
      "values" : [ ],
      "stddev" : 0.0
    },
    "vm.memory.pools.Code-Cache.committed.window.5m" : {
      "count" : 0,
      "max" : 0,
      "mean" : 0.0,
      "min" : 0,
      "p50" : 0.0,
      "p75" : 0.0,
      "p95" : 0.0,
      "p98" : 0.0,
      "p99" : 0.0,
      "p999" : 0.0,
      "values" : [ ],
      "stddev" : 0.0
    },
    "vm.memory.pools.Code-Cache.usage.x100.history" : {
      "count" : 0,
      "max" : 0,
      "mean" : 0.0,
      "min" : 0,
      "p50" : 0.0,
      "p75" : 0.0,
      "p95" : 0.0,
      "p98" : 0.0,
      "p99" : 0.0,
      "p999" : 0.0,
      "values" : [ ],
      "stddev" : 0.0
    },
    "vm.memory.pools.Code-Cache.usage.x100.window.15m" : {
      "count" : 0,
      "max" : 0,
      "mean" : 0.0,
      "min" : 0,
      "p50" : 0.0,
      "p75" : 0.0,
      "p95" : 0.0,
      "p98" : 0.0,
      "p99" : 0.0,
      "p999" : 0.0,
      "values" : [ ],
      "stddev" : 0.0
    },
    "vm.memory.pools.Code-Cache.usage.x100.window.1h" : {
      "count" : 0,
      "max" : 0,
      "mean" : 0.0,
      "min" : 0,
      "p50" : 0.0,
      "p75" : 0.0,
      "p95" : 0.0,
      "p98" : 0.0,
      "p99" : 0.0,
      "p999" : 0.0,
      "values" : [ ],
      "stddev" : 0.0
    },
    "vm.memory.pools.Code-Cache.usage.x100.window.5m" : {
      "count" : 0,
      "max" : 0,
      "mean" : 0.0,
      "min" : 0,
      "p50" : 0.0,
      "p75" : 0.0,
      "p95" : 0.0,
      "p98" : 0.0,
      "p99" : 0.0,
      "p999" : 0.0,
      "values" : [ ],
      "stddev" : 0.0
    },
    "vm.memory.pools.Code-Cache.used.history" : {
      "count" : 0,
      "max" : 0,
      "mean" : 0.0,
      "min" : 0,
      "p50" : 0.0,
      "p75" : 0.0,
      "p95" : 0.0,
      "p98" : 0.0,
      "p99" : 0.0,
      "p999" : 0.0,
      "values" : [ ],
      "stddev" : 0.0
    },
    "vm.memory.pools.Code-Cache.used.window.15m" : {
      "count" : 0,
      "max" : 0,
      "mean" : 0.0,
      "min" : 0,
      "p50" : 0.0,
      "p75" : 0.0,
      "p95" : 0.0,
      "p98" : 0.0,
      "p99" : 0.0,
      "p999" : 0.0,
      "values" : [ ],
      "stddev" : 0.0
    },
    "vm.memory.pools.Code-Cache.used.window.1h" : {
      "count" : 0,
      "max" : 0,
      "mean" : 0.0,
      "min" : 0,
      "p50" : 0.0,
      "p75" : 0.0,
      "p95" : 0.0,
      "p98" : 0.0,
      "p99" : 0.0,
      "p999" : 0.0,
      "values" : [ ],
      "stddev" : 0.0
    },
    "vm.memory.pools.Code-Cache.used.window.5m" : {
      "count" : 0,
      "max" : 0,
      "mean" : 0.0,
      "min" : 0,
      "p50" : 0.0,
      "p75" : 0.0,
      "p95" : 0.0,
      "p98" : 0.0,
      "p99" : 0.0,
      "p999" : 0.0,
      "values" : [ ],
      "stddev" : 0.0
    },
    "vm.memory.pools.PS-Eden-Space.committed.history" : {
      "count" : 0,
      "max" : 0,
      "mean" : 0.0,
      "min" : 0,
      "p50" : 0.0,
      "p75" : 0.0,
      "p95" : 0.0,
      "p98" : 0.0,
      "p99" : 0.0,
      "p999" : 0.0,
      "values" : [ ],
      "stddev" : 0.0
    },
    "vm.memory.pools.PS-Eden-Space.committed.window.15m" : {
      "count" : 0,
      "max" : 0,
      "mean" : 0.0,
      "min" : 0,
      "p50" : 0.0,
      "p75" : 0.0,
      "p95" : 0.0,
      "p98" : 0.0,
      "p99" : 0.0,
      "p999" : 0.0,
      "values" : [ ],
      "stddev" : 0.0
    },
    "vm.memory.pools.PS-Eden-Space.committed.window.1h" : {
      "count" : 0,
      "max" : 0,
      "mean" : 0.0,
      "min" : 0,
      "p50" : 0.0,
      "p75" : 0.0,
      "p95" : 0.0,
      "p98" : 0.0,
      "p99" : 0.0,
      "p999" : 0.0,
      "values" : [ ],
      "stddev" : 0.0
    },
    "vm.memory.pools.PS-Eden-Space.committed.window.5m" : {
      "count" : 0,
      "max" : 0,
      "mean" : 0.0,
      "min" : 0,
      "p50" : 0.0,
      "p75" : 0.0,
      "p95" : 0.0,
      "p98" : 0.0,
      "p99" : 0.0,
      "p999" : 0.0,
      "values" : [ ],
      "stddev" : 0.0
    },
    "vm.memory.pools.PS-Eden-Space.usage.x100.history" : {
      "count" : 0,
      "max" : 0,
      "mean" : 0.0,
      "min" : 0,
      "p50" : 0.0,
      "p75" : 0.0,
      "p95" : 0.0,
      "p98" : 0.0,
      "p99" : 0.0,
      "p999" : 0.0,
      "values" : [ ],
      "stddev" : 0.0
    },
    "vm.memory.pools.PS-Eden-Space.usage.x100.window.15m" : {
      "count" : 0,
      "max" : 0,
      "mean" : 0.0,
      "min" : 0,
      "p50" : 0.0,
      "p75" : 0.0,
      "p95" : 0.0,
      "p98" : 0.0,
      "p99" : 0.0,
      "p999" : 0.0,
      "values" : [ ],
      "stddev" : 0.0
    },
    "vm.memory.pools.PS-Eden-Space.usage.x100.window.1h" : {
      "count" : 0,
      "max" : 0,
      "mean" : 0.0,
      "min" : 0,
      "p50" : 0.0,
      "p75" : 0.0,
      "p95" : 0.0,
      "p98" : 0.0,
      "p99" : 0.0,
      "p999" : 0.0,
      "values" : [ ],
      "stddev" : 0.0
    },
    "vm.memory.pools.PS-Eden-Space.usage.x100.window.5m" : {
      "count" : 0,
      "max" : 0,
      "mean" : 0.0,
      "min" : 0,
      "p50" : 0.0,
      "p75" : 0.0,
      "p95" : 0.0,
      "p98" : 0.0,
      "p99" : 0.0,
      "p999" : 0.0,
      "values" : [ ],
      "stddev" : 0.0
    },
    "vm.memory.pools.PS-Eden-Space.used.history" : {
      "count" : 0,
      "max" : 0,
      "mean" : 0.0,
      "min" : 0,
      "p50" : 0.0,
      "p75" : 0.0,
      "p95" : 0.0,
      "p98" : 0.0,
      "p99" : 0.0,
      "p999" : 0.0,
      "values" : [ ],
      "stddev" : 0.0
    },
    "vm.memory.pools.PS-Eden-Space.used.window.15m" : {
      "count" : 0,
      "max" : 0,
      "mean" : 0.0,
      "min" : 0,
      "p50" : 0.0,
      "p75" : 0.0,
      "p95" : 0.0,
      "p98" : 0.0,
      "p99" : 0.0,
      "p999" : 0.0,
      "values" : [ ],
      "stddev" : 0.0
    },
    "vm.memory.pools.PS-Eden-Space.used.window.1h" : {
      "count" : 0,
      "max" : 0,
      "mean" : 0.0,
      "min" : 0,
      "p50" : 0.0,
      "p75" : 0.0,
      "p95" : 0.0,
      "p98" : 0.0,
      "p99" : 0.0,
      "p999" : 0.0,
      "values" : [ ],
      "stddev" : 0.0
    },
    "vm.memory.pools.PS-Eden-Space.used.window.5m" : {
      "count" : 0,
      "max" : 0,
      "mean" : 0.0,
      "min" : 0,
      "p50" : 0.0,
      "p75" : 0.0,
      "p95" : 0.0,
      "p98" : 0.0,
      "p99" : 0.0,
      "p999" : 0.0,
      "values" : [ ],
      "stddev" : 0.0
    },
    "vm.memory.pools.PS-Old-Gen.committed.history" : {
      "count" : 0,
      "max" : 0,
      "mean" : 0.0,
      "min" : 0,
      "p50" : 0.0,
      "p75" : 0.0,
      "p95" : 0.0,
      "p98" : 0.0,
      "p99" : 0.0,
      "p999" : 0.0,
      "values" : [ ],
      "stddev" : 0.0
    },
    "vm.memory.pools.PS-Old-Gen.committed.window.15m" : {
      "count" : 0,
      "max" : 0,
      "mean" : 0.0,
      "min" : 0,
      "p50" : 0.0,
      "p75" : 0.0,
      "p95" : 0.0,
      "p98" : 0.0,
      "p99" : 0.0,
      "p999" : 0.0,
      "values" : [ ],
      "stddev" : 0.0
    },
    "vm.memory.pools.PS-Old-Gen.committed.window.1h" : {
      "count" : 0,
      "max" : 0,
      "mean" : 0.0,
      "min" : 0,
      "p50" : 0.0,
      "p75" : 0.0,
      "p95" : 0.0,
      "p98" : 0.0,
      "p99" : 0.0,
      "p999" : 0.0,
      "values" : [ ],
      "stddev" : 0.0
    },
    "vm.memory.pools.PS-Old-Gen.committed.window.5m" : {
      "count" : 0,
      "max" : 0,
      "mean" : 0.0,
      "min" : 0,
      "p50" : 0.0,
      "p75" : 0.0,
      "p95" : 0.0,
      "p98" : 0.0,
      "p99" : 0.0,
      "p999" : 0.0,
      "values" : [ ],
      "stddev" : 0.0
    },
    "vm.memory.pools.PS-Old-Gen.usage.x100.history" : {
      "count" : 0,
      "max" : 0,
      "mean" : 0.0,
      "min" : 0,
      "p50" : 0.0,
      "p75" : 0.0,
      "p95" : 0.0,
      "p98" : 0.0,
      "p99" : 0.0,
      "p999" : 0.0,
      "values" : [ ],
      "stddev" : 0.0
    },
    "vm.memory.pools.PS-Old-Gen.usage.x100.window.15m" : {
      "count" : 0,
      "max" : 0,
      "mean" : 0.0,
      "min" : 0,
      "p50" : 0.0,
      "p75" : 0.0,
      "p95" : 0.0,
      "p98" : 0.0,
      "p99" : 0.0,
      "p999" : 0.0,
      "values" : [ ],
      "stddev" : 0.0
    },
    "vm.memory.pools.PS-Old-Gen.usage.x100.window.1h" : {
      "count" : 0,
      "max" : 0,
      "mean" : 0.0,
      "min" : 0,
      "p50" : 0.0,
      "p75" : 0.0,
      "p95" : 0.0,
      "p98" : 0.0,
      "p99" : 0.0,
      "p999" : 0.0,
      "values" : [ ],
      "stddev" : 0.0
    },
    "vm.memory.pools.PS-Old-Gen.usage.x100.window.5m" : {
      "count" : 0,
      "max" : 0,
      "mean" : 0.0,
      "min" : 0,
      "p50" : 0.0,
      "p75" : 0.0,
      "p95" : 0.0,
      "p98" : 0.0,
      "p99" : 0.0,
      "p999" : 0.0,
      "values" : [ ],
      "stddev" : 0.0
    },
    "vm.memory.pools.PS-Old-Gen.used.history" : {
      "count" : 0,
      "max" : 0,
      "mean" : 0.0,
      "min" : 0,
      "p50" : 0.0,
      "p75" : 0.0,
      "p95" : 0.0,
      "p98" : 0.0,
      "p99" : 0.0,
      "p999" : 0.0,
      "values" : [ ],
      "stddev" : 0.0
    },
    "vm.memory.pools.PS-Old-Gen.used.window.15m" : {
      "count" : 0,
      "max" : 0,
      "mean" : 0.0,
      "min" : 0,
      "p50" : 0.0,
      "p75" : 0.0,
      "p95" : 0.0,
      "p98" : 0.0,
      "p99" : 0.0,
      "p999" : 0.0,
      "values" : [ ],
      "stddev" : 0.0
    },
    "vm.memory.pools.PS-Old-Gen.used.window.1h" : {
      "count" : 0,
      "max" : 0,
      "mean" : 0.0,
      "min" : 0,
      "p50" : 0.0,
      "p75" : 0.0,
      "p95" : 0.0,
      "p98" : 0.0,
      "p99" : 0.0,
      "p999" : 0.0,
      "values" : [ ],
      "stddev" : 0.0
    },
    "vm.memory.pools.PS-Old-Gen.used.window.5m" : {
      "count" : 0,
      "max" : 0,
      "mean" : 0.0,
      "min" : 0,
      "p50" : 0.0,
      "p75" : 0.0,
      "p95" : 0.0,
      "p98" : 0.0,
      "p99" : 0.0,
      "p999" : 0.0,
      "values" : [ ],
      "stddev" : 0.0
    },
    "vm.memory.pools.PS-Perm-Gen.committed.history" : {
      "count" : 0,
      "max" : 0,
      "mean" : 0.0,
      "min" : 0,
      "p50" : 0.0,
      "p75" : 0.0,
      "p95" : 0.0,
      "p98" : 0.0,
      "p99" : 0.0,
      "p999" : 0.0,
      "values" : [ ],
      "stddev" : 0.0
    },
    "vm.memory.pools.PS-Perm-Gen.committed.window.15m" : {
      "count" : 0,
      "max" : 0,
      "mean" : 0.0,
      "min" : 0,
      "p50" : 0.0,
      "p75" : 0.0,
      "p95" : 0.0,
      "p98" : 0.0,
      "p99" : 0.0,
      "p999" : 0.0,
      "values" : [ ],
      "stddev" : 0.0
    },
    "vm.memory.pools.PS-Perm-Gen.committed.window.1h" : {
      "count" : 0,
      "max" : 0,
      "mean" : 0.0,
      "min" : 0,
      "p50" : 0.0,
      "p75" : 0.0,
      "p95" : 0.0,
      "p98" : 0.0,
      "p99" : 0.0,
      "p999" : 0.0,
      "values" : [ ],
      "stddev" : 0.0
    },
    "vm.memory.pools.PS-Perm-Gen.committed.window.5m" : {
      "count" : 0,
      "max" : 0,
      "mean" : 0.0,
      "min" : 0,
      "p50" : 0.0,
      "p75" : 0.0,
      "p95" : 0.0,
      "p98" : 0.0,
      "p99" : 0.0,
      "p999" : 0.0,
      "values" : [ ],
      "stddev" : 0.0
    },
    "vm.memory.pools.PS-Perm-Gen.usage.x100.history" : {
      "count" : 0,
      "max" : 0,
      "mean" : 0.0,
      "min" : 0,
      "p50" : 0.0,
      "p75" : 0.0,
      "p95" : 0.0,
      "p98" : 0.0,
      "p99" : 0.0,
      "p999" : 0.0,
      "values" : [ ],
      "stddev" : 0.0
    },
    "vm.memory.pools.PS-Perm-Gen.usage.x100.window.15m" : {
      "count" : 0,
      "max" : 0,
      "mean" : 0.0,
      "min" : 0,
      "p50" : 0.0,
      "p75" : 0.0,
      "p95" : 0.0,
      "p98" : 0.0,
      "p99" : 0.0,
      "p999" : 0.0,
      "values" : [ ],
      "stddev" : 0.0
    },
    "vm.memory.pools.PS-Perm-Gen.usage.x100.window.1h" : {
      "count" : 0,
      "max" : 0,
      "mean" : 0.0,
      "min" : 0,
      "p50" : 0.0,
      "p75" : 0.0,
      "p95" : 0.0,
      "p98" : 0.0,
      "p99" : 0.0,
      "p999" : 0.0,
      "values" : [ ],
      "stddev" : 0.0
    },
    "vm.memory.pools.PS-Perm-Gen.usage.x100.window.5m" : {
      "count" : 0,
      "max" : 0,
      "mean" : 0.0,
      "min" : 0,
      "p50" : 0.0,
      "p75" : 0.0,
      "p95" : 0.0,
      "p98" : 0.0,
      "p99" : 0.0,
      "p999" : 0.0,
      "values" : [ ],
      "stddev" : 0.0
    },
    "vm.memory.pools.PS-Perm-Gen.used.history" : {
      "count" : 0,
      "max" : 0,
      "mean" : 0.0,
      "min" : 0,
      "p50" : 0.0,
      "p75" : 0.0,
      "p95" : 0.0,
      "p98" : 0.0,
      "p99" : 0.0,
      "p999" : 0.0,
      "values" : [ ],
      "stddev" : 0.0
    },
    "vm.memory.pools.PS-Perm-Gen.used.window.15m" : {
      "count" : 0,
      "max" : 0,
      "mean" : 0.0,
      "min" : 0,
      "p50" : 0.0,
      "p75" : 0.0,
      "p95" : 0.0,
      "p98" : 0.0,
      "p99" : 0.0,
      "p999" : 0.0,
      "values" : [ ],
      "stddev" : 0.0
    },
    "vm.memory.pools.PS-Perm-Gen.used.window.1h" : {
      "count" : 0,
      "max" : 0,
      "mean" : 0.0,
      "min" : 0,
      "p50" : 0.0,
      "p75" : 0.0,
      "p95" : 0.0,
      "p98" : 0.0,
      "p99" : 0.0,
      "p999" : 0.0,
      "values" : [ ],
      "stddev" : 0.0
    },
    "vm.memory.pools.PS-Perm-Gen.used.window.5m" : {
      "count" : 0,
      "max" : 0,
      "mean" : 0.0,
      "min" : 0,
      "p50" : 0.0,
      "p75" : 0.0,
      "p95" : 0.0,
      "p98" : 0.0,
      "p99" : 0.0,
      "p999" : 0.0,
      "values" : [ ],
      "stddev" : 0.0
    },
    "vm.memory.pools.PS-Survivor-Space.committed.history" : {
      "count" : 0,
      "max" : 0,
      "mean" : 0.0,
      "min" : 0,
      "p50" : 0.0,
      "p75" : 0.0,
      "p95" : 0.0,
      "p98" : 0.0,
      "p99" : 0.0,
      "p999" : 0.0,
      "values" : [ ],
      "stddev" : 0.0
    },
    "vm.memory.pools.PS-Survivor-Space.committed.window.15m" : {
      "count" : 0,
      "max" : 0,
      "mean" : 0.0,
      "min" : 0,
      "p50" : 0.0,
      "p75" : 0.0,
      "p95" : 0.0,
      "p98" : 0.0,
      "p99" : 0.0,
      "p999" : 0.0,
      "values" : [ ],
      "stddev" : 0.0
    },
    "vm.memory.pools.PS-Survivor-Space.committed.window.1h" : {
      "count" : 0,
      "max" : 0,
      "mean" : 0.0,
      "min" : 0,
      "p50" : 0.0,
      "p75" : 0.0,
      "p95" : 0.0,
      "p98" : 0.0,
      "p99" : 0.0,
      "p999" : 0.0,
      "values" : [ ],
      "stddev" : 0.0
    },
    "vm.memory.pools.PS-Survivor-Space.committed.window.5m" : {
      "count" : 0,
      "max" : 0,
      "mean" : 0.0,
      "min" : 0,
      "p50" : 0.0,
      "p75" : 0.0,
      "p95" : 0.0,
      "p98" : 0.0,
      "p99" : 0.0,
      "p999" : 0.0,
      "values" : [ ],
      "stddev" : 0.0
    },
    "vm.memory.pools.PS-Survivor-Space.usage.x100.history" : {
      "count" : 0,
      "max" : 0,
      "mean" : 0.0,
      "min" : 0,
      "p50" : 0.0,
      "p75" : 0.0,
      "p95" : 0.0,
      "p98" : 0.0,
      "p99" : 0.0,
      "p999" : 0.0,
      "values" : [ ],
      "stddev" : 0.0
    },
    "vm.memory.pools.PS-Survivor-Space.usage.x100.window.15m" : {
      "count" : 0,
      "max" : 0,
      "mean" : 0.0,
      "min" : 0,
      "p50" : 0.0,
      "p75" : 0.0,
      "p95" : 0.0,
      "p98" : 0.0,
      "p99" : 0.0,
      "p999" : 0.0,
      "values" : [ ],
      "stddev" : 0.0
    },
    "vm.memory.pools.PS-Survivor-Space.usage.x100.window.1h" : {
      "count" : 0,
      "max" : 0,
      "mean" : 0.0,
      "min" : 0,
      "p50" : 0.0,
      "p75" : 0.0,
      "p95" : 0.0,
      "p98" : 0.0,
      "p99" : 0.0,
      "p999" : 0.0,
      "values" : [ ],
      "stddev" : 0.0
    },
    "vm.memory.pools.PS-Survivor-Space.usage.x100.window.5m" : {
      "count" : 0,
      "max" : 0,
      "mean" : 0.0,
      "min" : 0,
      "p50" : 0.0,
      "p75" : 0.0,
      "p95" : 0.0,
      "p98" : 0.0,
      "p99" : 0.0,
      "p999" : 0.0,
      "values" : [ ],
      "stddev" : 0.0
    },
    "vm.memory.pools.PS-Survivor-Space.used.history" : {
      "count" : 0,
      "max" : 0,
      "mean" : 0.0,
      "min" : 0,
      "p50" : 0.0,
      "p75" : 0.0,
      "p95" : 0.0,
      "p98" : 0.0,
      "p99" : 0.0,
      "p999" : 0.0,
      "values" : [ ],
      "stddev" : 0.0
    },
    "vm.memory.pools.PS-Survivor-Space.used.window.15m" : {
      "count" : 0,
      "max" : 0,
      "mean" : 0.0,
      "min" : 0,
      "p50" : 0.0,
      "p75" : 0.0,
      "p95" : 0.0,
      "p98" : 0.0,
      "p99" : 0.0,
      "p999" : 0.0,
      "values" : [ ],
      "stddev" : 0.0
    },
    "vm.memory.pools.PS-Survivor-Space.used.window.1h" : {
      "count" : 0,
      "max" : 0,
      "mean" : 0.0,
      "min" : 0,
      "p50" : 0.0,
      "p75" : 0.0,
      "p95" : 0.0,
      "p98" : 0.0,
      "p99" : 0.0,
      "p999" : 0.0,
      "values" : [ ],
      "stddev" : 0.0
    },
    "vm.memory.pools.PS-Survivor-Space.used.window.5m" : {
      "count" : 0,
      "max" : 0,
      "mean" : 0.0,
      "min" : 0,
      "p50" : 0.0,
      "p75" : 0.0,
      "p95" : 0.0,
      "p98" : 0.0,
      "p99" : 0.0,
      "p999" : 0.0,
      "values" : [ ],
      "stddev" : 0.0
    },
    "vm.memory.total.committed.history" : {
      "count" : 0,
      "max" : 0,
      "mean" : 0.0,
      "min" : 0,
      "p50" : 0.0,
      "p75" : 0.0,
      "p95" : 0.0,
      "p98" : 0.0,
      "p99" : 0.0,
      "p999" : 0.0,
      "values" : [ ],
      "stddev" : 0.0
    },
    "vm.memory.total.committed.window.15m" : {
      "count" : 0,
      "max" : 0,
      "mean" : 0.0,
      "min" : 0,
      "p50" : 0.0,
      "p75" : 0.0,
      "p95" : 0.0,
      "p98" : 0.0,
      "p99" : 0.0,
      "p999" : 0.0,
      "values" : [ ],
      "stddev" : 0.0
    },
    "vm.memory.total.committed.window.1h" : {
      "count" : 0,
      "max" : 0,
      "mean" : 0.0,
      "min" : 0,
      "p50" : 0.0,
      "p75" : 0.0,
      "p95" : 0.0,
      "p98" : 0.0,
      "p99" : 0.0,
      "p999" : 0.0,
      "values" : [ ],
      "stddev" : 0.0
    },
    "vm.memory.total.committed.window.5m" : {
      "count" : 0,
      "max" : 0,
      "mean" : 0.0,
      "min" : 0,
      "p50" : 0.0,
      "p75" : 0.0,
      "p95" : 0.0,
      "p98" : 0.0,
      "p99" : 0.0,
      "p999" : 0.0,
      "values" : [ ],
      "stddev" : 0.0
    },
    "vm.memory.total.used.history" : {
      "count" : 0,
      "max" : 0,
      "mean" : 0.0,
      "min" : 0,
      "p50" : 0.0,
      "p75" : 0.0,
      "p95" : 0.0,
      "p98" : 0.0,
      "p99" : 0.0,
      "p999" : 0.0,
      "values" : [ ],
      "stddev" : 0.0
    },
    "vm.memory.total.used.window.15m" : {
      "count" : 0,
      "max" : 0,
      "mean" : 0.0,
      "min" : 0,
      "p50" : 0.0,
      "p75" : 0.0,
      "p95" : 0.0,
      "p98" : 0.0,
      "p99" : 0.0,
      "p999" : 0.0,
      "values" : [ ],
      "stddev" : 0.0
    },
    "vm.memory.total.used.window.1h" : {
      "count" : 0,
      "max" : 0,
      "mean" : 0.0,
      "min" : 0,
      "p50" : 0.0,
      "p75" : 0.0,
      "p95" : 0.0,
      "p98" : 0.0,
      "p99" : 0.0,
      "p999" : 0.0,
      "values" : [ ],
      "stddev" : 0.0
    },
    "vm.memory.total.used.window.5m" : {
      "count" : 0,
      "max" : 0,
      "mean" : 0.0,
      "min" : 0,
      "p50" : 0.0,
      "p75" : 0.0,
      "p95" : 0.0,
      "p98" : 0.0,
      "p99" : 0.0,
      "p999" : 0.0,
      "values" : [ ],
      "stddev" : 0.0
    }
  },
  "meters" : {
    "http.responseCodes.badRequest" : {
      "count" : 0,
      "m15_rate" : 0.0,
      "m1_rate" : 0.0,
      "m5_rate" : 0.0,
      "mean_rate" : 0.0,
      "units" : "events/minute"
    },
    "http.responseCodes.created" : {
      "count" : 0,
      "m15_rate" : 0.0,
      "m1_rate" : 0.0,
      "m5_rate" : 0.0,
      "mean_rate" : 0.0,
      "units" : "events/minute"
    },
    "http.responseCodes.forbidden" : {
      "count" : 0,
      "m15_rate" : 0.0,
      "m1_rate" : 0.0,
      "m5_rate" : 0.0,
      "mean_rate" : 0.0,
      "units" : "events/minute"
    },
    "http.responseCodes.noContent" : {
      "count" : 0,
      "m15_rate" : 0.0,
      "m1_rate" : 0.0,
      "m5_rate" : 0.0,
      "mean_rate" : 0.0,
      "units" : "events/minute"
    },
    "http.responseCodes.notFound" : {
      "count" : 2,
      "m15_rate" : 0.06517921610120951,
      "m1_rate" : 0.061336674771672865,
      "m5_rate" : 0.11507558938915313,
      "mean_rate" : 0.0337902842096289,
      "units" : "events/minute"
    },
    "http.responseCodes.notModified" : {
      "count" : 68,
      "m15_rate" : 0.15512825488288381,
      "m1_rate" : 7.246064004345001E-21,
      "m5_rate" : 5.455737897986939E-4,
      "mean_rate" : 1.148869608542988,
      "units" : "events/minute"
    },
    "http.responseCodes.ok" : {
      "count" : 1155,
      "m15_rate" : 22.8246329680902,
      "m1_rate" : 23.828055399556415,
      "m5_rate" : 23.66688904633548,
      "mean_rate" : 19.513888252667847,
      "units" : "events/minute"
    },
    "http.responseCodes.other" : {
      "count" : 0,
      "m15_rate" : 0.0,
      "m1_rate" : 0.0,
      "m5_rate" : 0.0,
      "mean_rate" : 0.0,
      "units" : "events/minute"
    },
    "http.responseCodes.serverError" : {
      "count" : 0,
      "m15_rate" : 0.0,
      "m1_rate" : 0.0,
      "m5_rate" : 0.0,
      "mean_rate" : 0.0,
      "units" : "events/minute"
    },
    "http.responseCodes.serviceUnavailable" : {
      "count" : 0,
      "m15_rate" : 0.0,
      "m1_rate" : 0.0,
      "m5_rate" : 0.0,
      "mean_rate" : 0.0,
      "units" : "events/minute"
    },
    "jenkins.job.scheduled" : {
      "count" : 0,
      "m15_rate" : 0.0,
      "m1_rate" : 0.0,
      "m5_rate" : 0.0,
      "mean_rate" : 0.0,
      "units" : "events/minute"
    },
    "jenkins.runs.aborted" : {
      "count" : 0,
      "m15_rate" : 0.0,
      "m1_rate" : 0.0,
      "m5_rate" : 0.0,
      "mean_rate" : 0.0,
      "units" : "events/minute"
    },
    "jenkins.runs.failure" : {
      "count" : 0,
      "m15_rate" : 0.0,
      "m1_rate" : 0.0,
      "m5_rate" : 0.0,
      "mean_rate" : 0.0,
      "units" : "events/minute"
    },
    "jenkins.runs.not_built" : {
      "count" : 0,
      "m15_rate" : 0.0,
      "m1_rate" : 0.0,
      "m5_rate" : 0.0,
      "mean_rate" : 0.0,
      "units" : "events/minute"
    },
    "jenkins.runs.success" : {
      "count" : 0,
      "m15_rate" : 0.0,
      "m1_rate" : 0.0,
      "m5_rate" : 0.0,
      "mean_rate" : 0.0,
      "units" : "events/minute"
    },
    "jenkins.runs.total" : {
      "count" : 0,
      "m15_rate" : 0.0,
      "m1_rate" : 0.0,
      "m5_rate" : 0.0,
      "mean_rate" : 0.0,
      "units" : "events/minute"
    },
    "jenkins.runs.unstable" : {
      "count" : 0,
      "m15_rate" : 0.0,
      "m1_rate" : 0.0,
      "m5_rate" : 0.0,
      "mean_rate" : 0.0,
      "units" : "events/minute"
    }
  },
  "timers" : {
    "http.requests" : {
      "count" : 1225,
      "max" : 4.994811545,
      "mean" : 0.054705470411102686,
      "min" : 0.001632338,
      "p50" : 0.021173678,
      "p75" : 0.092651229,
      "p95" : 0.09513542300000001,
      "p98" : 0.10271311100000001,
      "p99" : 0.10271311100000001,
      "p999" : 0.10296972400000001,
      "values" : [ 0.001632338, 0.0017724260000000001, 0.002248314, 0.0024847180000000003, 0.00248824, 0.002686391, 0.002725416, 0.002803733, 0.0028041650000000004, 0.002818923, 0.0028201560000000003, 0.002842485, 0.0028793340000000003, 0.002889861, 0.0029145940000000004, 0.0029326010000000004, 0.0029511330000000003, 0.002958048, 0.002966596, 0.0030009750000000003, 0.0030817690000000003, 0.003143236, 0.0031475730000000003, 0.003152658, 0.0032640760000000003, 0.00331167, 0.0033927180000000003, 0.0036392100000000004, 0.003711877, 0.003955041, 0.003989892, 0.004004326, 0.004463583, 0.004500035, 0.004771168, 0.004879479, 0.004895045000000001, 0.00492739, 0.005017318000000001, 0.005035165, 0.005326452000000001, 0.005486623, 0.0058007300000000005, 0.006197379, 0.006660374, 0.006672506000000001, 0.007179747, 0.007220313000000001, 0.008069168, 0.008367922, 0.008806036, 0.0088533, 0.008853414, 0.008944704000000001, 0.009025138, 0.009045529, 0.009094290000000001, 0.009136086, 0.009141718, 0.009143463000000001, 0.009148304000000001, 0.009159696, 0.009160068, 0.009163008, 0.009166962, 0.009184156, 0.009205278, 0.009209351000000001, 0.009210941, 0.009218731, 0.00923404, 0.009253421000000001, 0.009263245, 0.009264796, 0.009270975, 0.009279260000000001, 0.009286225, 0.009300742, 0.009310117000000001, 0.009316619, 0.009330913000000001, 0.009350789, 0.009357853000000001, 0.009417429, 0.009434076000000001, 0.009436431, 0.009448768, 0.009465890000000001, 0.009530848, 0.010458744, 0.010464186, 0.010605042, 0.011165560000000001, 0.011243633000000001, 0.011269656000000001, 0.011453089000000001, 0.011962701000000001, 0.011975924, 0.012098016000000001, 0.012292616000000001, 0.0127361, 0.012750529, 0.012791664000000001, 0.013139533, 0.013235073, 0.013444005, 0.014211852, 0.014428383000000001, 0.014526237000000001, 0.015198689000000001, 0.015381165, 0.015420088, 0.015987064000000002, 0.016034361, 0.016036339, 0.016065534, 0.016108419000000002, 0.016122349, 0.016127769, 0.016141161, 0.016172291000000002, 0.016469136000000002, 0.016483996, 0.016520124, 0.016549401000000002, 0.016628618, 0.016644298000000002, 0.016682336000000002, 0.016728197, 0.016741842, 0.016847103000000002, 0.016848676, 0.016850866000000003, 0.016855771000000002, 0.016863527, 0.016863808, 0.016864582, 0.016865614, 0.016867733, 0.016869148, 0.016872355000000002, 0.016875489, 0.016880475000000002, 0.016881874, 0.016888807000000002, 0.016889301000000002, 0.016893624, 0.01689458, 0.016897532, 0.016898003, 0.016899605, 0.016901551, 0.016902201000000002, 0.016903064000000002, 0.016903483, 0.016904545, 0.016904702, 0.016905191, 0.016905395, 0.01690676, 0.016907116, 0.01690882, 0.016909768000000002, 0.016910537, 0.016911873, 0.016912101000000002, 0.016912173000000003, 0.016915651, 0.016916052, 0.016916155000000002, 0.016916534, 0.016916555, 0.016917384, 0.016918821, 0.016924407000000002, 0.016924557, 0.016925803, 0.016926152, 0.016926348, 0.016927103000000002, 0.01692726, 0.016928423, 0.016928501000000002, 0.016930229, 0.016930392000000002, 0.016930444, 0.016930463, 0.016930498000000002, 0.01693112, 0.016931894, 0.016934302000000002, 0.01693565, 0.016936636, 0.016937538000000002, 0.016937573, 0.016939232000000002, 0.016939361, 0.016939767, 0.016940514, 0.016940616000000002, 0.016940812, 0.016941153, 0.016941239, 0.016941375, 0.016941521, 0.016942724000000003, 0.016942942000000003, 0.016943024, 0.016943394, 0.016944089000000002, 0.016946378, 0.016946802, 0.016947240000000002, 0.016947352000000002, 0.016947435, 0.016948301000000002, 0.016948704000000002, 0.016949197000000003, 0.016949252, 0.016949508000000002, 0.016949576, 0.016952195, 0.016952247, 0.016954078, 0.016954722000000002, 0.016954834000000002, 0.016954986000000002, 0.016955657000000002, 0.016955863, 0.016956337000000002, 0.016956342000000003, 0.016957798, 0.016959228, 0.016959711000000002, 0.016959972, 0.016960047000000002, 0.016960113000000002, 0.016960129, 0.016962113, 0.016962349, 0.01696322, 0.016963916000000002, 0.016965858, 0.016967044, 0.016967356, 0.016967401, 0.016968204, 0.016968583000000002, 0.016969101, 0.016969293, 0.016969522, 0.016970032, 0.016970073000000002, 0.016971369, 0.016971432, 0.016971571, 0.016971848, 0.016973126, 0.01697369, 0.01697373, 0.01697459, 0.016975067, 0.016975471000000002, 0.016975687, 0.016975976, 0.016976291, 0.016976313, 0.016976561, 0.016976895000000002, 0.016976904, 0.016977765000000002, 0.016977995000000003, 0.016978083, 0.016978337, 0.016978698, 0.016979035, 0.016980295, 0.016982853000000003, 0.016983853, 0.016984293, 0.016984387, 0.016984615, 0.016984851000000002, 0.016984959, 0.016985032, 0.016985181000000002, 0.01698525, 0.016986495, 0.016987001, 0.016987539, 0.016987561, 0.016988396, 0.01698844, 0.016988574, 0.016988837, 0.016989134, 0.016989243, 0.016989481, 0.016989557000000002, 0.016990190000000002, 0.016990491, 0.01699213, 0.016992708000000002, 0.016992819000000003, 0.016992819000000003, 0.016993152, 0.01699343, 0.016994163, 0.016995947, 0.016996104, 0.016996216, 0.016996867000000002, 0.016998536, 0.016998963000000002, 0.016999596000000002, 0.017000217, 0.017000318, 0.017000732, 0.017001034, 0.017001391, 0.017001695, 0.017001879, 0.017003597000000002, 0.017003614, 0.01700372, 0.017003731, 0.017003784, 0.0170041, 0.017004522, 0.01700511, 0.017005138, 0.017005578, 0.017005932, 0.017006867000000002, 0.017006954, 0.017007901000000002, 0.017009328, 0.017009562000000002, 0.017009795, 0.017010144, 0.017010323, 0.017010518000000002, 0.017010835000000002, 0.017011687, 0.017013928, 0.017014228000000003, 0.017015350000000002, 0.01701577, 0.017017674, 0.017017826, 0.017017952, 0.017018281, 0.017019104, 0.017019285000000002, 0.01701957, 0.017020646, 0.017022003, 0.017022219, 0.017022332, 0.017023563000000002, 0.017023765, 0.017025569, 0.017026017, 0.017026664, 0.017026871000000002, 0.017028524, 0.017029040000000002, 0.017029445, 0.01703002, 0.017030553, 0.017031105, 0.017031622, 0.017031782000000002, 0.017032491, 0.017033838000000003, 0.017033843, 0.017034260000000002, 0.017034578, 0.017035798, 0.017037323, 0.017037364000000003, 0.017037594, 0.017037774000000002, 0.017038436, 0.017038974000000002, 0.017039531, 0.017041206, 0.01704214, 0.017042536, 0.017042552000000002, 0.01704456, 0.017045112, 0.017045232, 0.017045423, 0.017045645, 0.017045804, 0.017046625000000003, 0.017047666, 0.017048052, 0.017048838, 0.01704928, 0.017050708, 0.017053466, 0.017056292, 0.017057151, 0.017057253, 0.017060271000000002, 0.017060508000000002, 0.017061319000000002, 0.017062295, 0.017063224000000002, 0.017063336000000002, 0.017065803, 0.017066835000000002, 0.017068664, 0.017069949, 0.017070965, 0.017071901, 0.017072946000000002, 0.017074783, 0.017076639, 0.017077885, 0.017078129, 0.017078532, 0.017079138, 0.017079266000000003, 0.017080077000000003, 0.017080265, 0.017080571000000003, 0.017080632000000002, 0.017080655, 0.017088765000000002, 0.017088914, 0.017090718, 0.017091634, 0.017093880000000002, 0.017094230000000002, 0.017094855000000003, 0.017094949, 0.017096095000000002, 0.017097320000000003, 0.017099546, 0.017103071, 0.017104331, 0.01710628, 0.017108560000000002, 0.017109313, 0.017110426, 0.017113757, 0.017113765, 0.017114434, 0.017118493000000002, 0.017122103, 0.017123348, 0.017123575000000002, 0.017125105, 0.017125535, 0.017129117000000003, 0.017129897, 0.017131143, 0.017131923, 0.017134382, 0.01713543, 0.017135923, 0.017137014000000002, 0.017141049000000002, 0.017143605000000003, 0.017144678, 0.017145577000000002, 0.017145753, 0.017151449000000003, 0.017151952, 0.017153791, 0.017154183, 0.01715529, 0.017156707, 0.017157332, 0.017163124000000002, 0.017167579000000002, 0.017168936000000003, 0.017179332000000002, 0.017183386000000002, 0.017184414000000002, 0.01719368, 0.017197796, 0.017200205, 0.017200249, 0.017209486, 0.017212572000000002, 0.017234665, 0.01724126, 0.017261053000000002, 0.017269992, 0.017472881000000003, 0.019344094000000003, 0.021173678, 0.025786840000000002, 0.026479124000000003, 0.026660265000000002, 0.026735577, 0.026843362000000003, 0.026879882, 0.026905117000000003, 0.027120607, 0.027148732000000002, 0.027344937000000003, 0.027412522, 0.02761303, 0.027631949000000003, 0.027655138000000003, 0.027669127, 0.027669659000000003, 0.027669893, 0.027672295000000003, 0.027676165000000003, 0.027682537, 0.027684235, 0.027685596000000003, 0.02770227, 0.027708280000000002, 0.027727122000000003, 0.027732191000000003, 0.027741896000000002, 0.027751027, 0.027754968, 0.027759622, 0.027760986, 0.027765242000000002, 0.027766892, 0.027768302, 0.027769559000000003, 0.027772614, 0.027774824, 0.027776381000000003, 0.027777097, 0.027782219, 0.027784155, 0.027784792000000003, 0.027786087, 0.027786755000000003, 0.027790932, 0.027791274, 0.027796300000000003, 0.027797531, 0.027797906, 0.027798449000000003, 0.027799017000000002, 0.027799061000000003, 0.027800475, 0.027802343, 0.027807238, 0.027809153000000003, 0.027812885000000002, 0.027814515, 0.027815436000000002, 0.027816331000000003, 0.027823264, 0.027827079, 0.027828790000000003, 0.027831919, 0.027838336, 0.027839181, 0.027842044000000003, 0.027842235000000003, 0.027844147000000003, 0.027845698000000002, 0.02784597, 0.027847048000000003, 0.027849993000000003, 0.027851778, 0.027867882, 0.027868276, 0.027872697000000002, 0.027874836, 0.027876013, 0.027878037, 0.027883289000000002, 0.027890738, 0.027893605000000002, 0.027898272000000002, 0.027898636, 0.027898638000000003, 0.027900615, 0.027901894000000003, 0.027905454000000003, 0.027906908, 0.027908835000000003, 0.027909321, 0.02791756, 0.027918873, 0.027920100000000003, 0.02792112, 0.027925361000000003, 0.027927229, 0.027927977000000003, 0.027934988, 0.027944339000000002, 0.027944387, 0.027944698, 0.027945223, 0.027946937, 0.027952637000000002, 0.027953256000000003, 0.027963574, 0.027965140000000003, 0.027969087, 0.027969292000000003, 0.027972509000000003, 0.027977631000000003, 0.02797913, 0.027981006000000003, 0.027983771, 0.027985549000000002, 0.027989802, 0.027994035, 0.028009678000000003, 0.028031759000000003, 0.028041989000000003, 0.028058310000000003, 0.028112077000000003, 0.02813014, 0.028156, 0.028349254, 0.035103279, 0.040893434, 0.059174573, 0.070358154, 0.074738149, 0.074773618, 0.076145392, 0.07638404500000001, 0.079611312, 0.080546001, 0.083368306, 0.08339697, 0.08539246, 0.08555987000000001, 0.085723122, 0.085954398, 0.086011824, 0.08614705900000001, 0.08625178, 0.08866997, 0.08869444400000001, 0.089206596, 0.089801237, 0.08982182400000001, 0.089895633, 0.089939156, 0.090042675, 0.09004809400000001, 0.090125997, 0.09037859300000001, 0.09038288900000001, 0.091093823, 0.091176269, 0.09171179800000001, 0.091906415, 0.092037825, 0.09207941, 0.09211530500000001, 0.092200326, 0.092217581, 0.092220143, 0.09222569700000001, 0.092226652, 0.092228971, 0.09224116800000001, 0.092248328, 0.09225516900000001, 0.092262593, 0.092267995, 0.09226967000000001, 0.092272039, 0.09227555700000001, 0.092292861, 0.092293541, 0.092297999, 0.092301191, 0.092307703, 0.09231573200000001, 0.092317615, 0.09232656900000001, 0.092328901, 0.09233614200000001, 0.09234283400000001, 0.092343324, 0.092344671, 0.09234621000000001, 0.092348362, 0.092361177, 0.092361329, 0.092369297, 0.092369436, 0.092375205, 0.09237572100000001, 0.092375761, 0.092378843, 0.092380533, 0.09238128100000001, 0.09238491, 0.092388813, 0.092392106, 0.092392467, 0.092393817, 0.09239625600000001, 0.09239746, 0.09239870400000001, 0.092400091, 0.092406863, 0.09240890900000001, 0.092410035, 0.09241592200000001, 0.092416972, 0.09241821700000001, 0.0924186, 0.092420949, 0.09242135500000001, 0.09242691900000001, 0.092428253, 0.09242945200000001, 0.092431864, 0.092434026, 0.09243646300000001, 0.09244194900000001, 0.092457546, 0.092461423, 0.092461581, 0.092462842, 0.092465745, 0.09246668400000001, 0.092467714, 0.092468064, 0.092468777, 0.09247029000000001, 0.092472516, 0.092473234, 0.092474579, 0.09247482200000001, 0.092474944, 0.09247753800000001, 0.092478035, 0.092478874, 0.092480116, 0.09248015200000001, 0.092480633, 0.092488519, 0.09248998800000001, 0.092490292, 0.09249388900000001, 0.092495665, 0.09249760100000001, 0.092498329, 0.09250077400000001, 0.092503315, 0.09250585600000001, 0.0925064, 0.092507009, 0.09250865500000001, 0.092517584, 0.09252090900000001, 0.09252197100000001, 0.09252427, 0.092528256, 0.09252887300000001, 0.092529305, 0.09253129, 0.092532321, 0.09253256800000001, 0.092535003, 0.092535989, 0.092538747, 0.092539614, 0.092540229, 0.092541384, 0.09254166600000001, 0.09254429, 0.092545685, 0.092546316, 0.09254659700000001, 0.09255376800000001, 0.092558105, 0.092558333, 0.092562141, 0.09256276000000001, 0.092563215, 0.09256745200000001, 0.09257010700000001, 0.09257059100000001, 0.09257417800000001, 0.092576001, 0.09257635900000001, 0.09257778300000001, 0.092578066, 0.092579874, 0.092580065, 0.09258268, 0.09258329500000001, 0.09258368700000001, 0.09258443200000001, 0.092584867, 0.092585634, 0.092588318, 0.092589526, 0.092590077, 0.09259051900000001, 0.092592909, 0.092596868, 0.092603239, 0.092604192, 0.092606749, 0.092607168, 0.092608942, 0.092609881, 0.09261000500000001, 0.09261211000000001, 0.092613156, 0.09261382500000001, 0.09261397, 0.09261699400000001, 0.092619751, 0.092620564, 0.09262125800000001, 0.092621306, 0.092622087, 0.09262477200000001, 0.09262782600000001, 0.092628373, 0.09262996500000001, 0.092631904, 0.092635929, 0.092637377, 0.092638045, 0.09263848400000001, 0.092640866, 0.09264217500000001, 0.09264461900000001, 0.092645559, 0.092645926, 0.09264963600000001, 0.092651229, 0.092651274, 0.092652254, 0.092653048, 0.092658904, 0.09265893800000001, 0.09265959700000001, 0.092661461, 0.09266183600000001, 0.09266310000000001, 0.09266315300000001, 0.09266774900000001, 0.09266777200000001, 0.092670848, 0.09267251700000001, 0.092676202, 0.092677438, 0.092678043, 0.09267866300000001, 0.09268290600000001, 0.09269017700000001, 0.09269068800000001, 0.09269070500000001, 0.092692328, 0.092694732, 0.09269483, 0.09269682900000001, 0.092698338, 0.09269843500000001, 0.092702302, 0.09270415500000001, 0.092704244, 0.092704465, 0.092709228, 0.09271348700000001, 0.09271523000000001, 0.092716191, 0.09271657900000001, 0.09272187200000001, 0.09272359200000001, 0.09272390600000001, 0.092726549, 0.092731832, 0.09273202300000001, 0.09273273400000001, 0.092736913, 0.092738756, 0.09274212500000001, 0.092744037, 0.092746406, 0.092748885, 0.09275369400000001, 0.09275559700000001, 0.092759507, 0.092769083, 0.092774797, 0.09277529300000001, 0.092775673, 0.09277824700000001, 0.09278281000000001, 0.09278415000000001, 0.09278570300000001, 0.09278599200000001, 0.09278713300000001, 0.092789068, 0.0927902, 0.09279221900000001, 0.09279274200000001, 0.092801225, 0.09280872400000001, 0.09280882800000001, 0.09280894, 0.092811551, 0.092814216, 0.092815569, 0.09281816400000001, 0.092818389, 0.09281942, 0.092821765, 0.09282240400000001, 0.09282411900000001, 0.09282836000000001, 0.092831826, 0.09283684, 0.092837126, 0.09284197500000001, 0.092843836, 0.092844597, 0.09284718700000001, 0.092847712, 0.092853296, 0.09286580400000001, 0.09286619500000001, 0.09287073100000001, 0.09287128900000001, 0.09287395700000001, 0.09287990500000001, 0.092885487, 0.09288728900000001, 0.09289180200000001, 0.09289345, 0.092895404, 0.09291017300000001, 0.09292494700000001, 0.092943178, 0.09295188800000001, 0.092952593, 0.09296009400000001, 0.092965667, 0.092967779, 0.092976918, 0.09297833900000001, 0.092990288, 0.092998279, 0.093038058, 0.093050617, 0.093155816, 0.093164301, 0.093187904, 0.093221462, 0.09323798000000001, 0.09327059400000001, 0.09328161600000001, 0.093283237, 0.093285173, 0.093309475, 0.093330619, 0.09335610400000001, 0.093356615, 0.09342075500000001, 0.093431094, 0.09344076500000001, 0.093446466, 0.09345180900000001, 0.093460098, 0.09349906000000001, 0.093503796, 0.093507116, 0.093516204, 0.093519003, 0.09352278500000001, 0.093536117, 0.09358914500000001, 0.093600105, 0.09360460500000001, 0.09362151, 0.0937362, 0.09383363, 0.09386163900000001, 0.09389061900000001, 0.093900671, 0.093900833, 0.09391719400000001, 0.09423705, 0.09431473400000001, 0.09513542300000001, 0.10049827900000001, 0.10071838300000001, 0.10080572, 0.10082545000000001, 0.101081105, 0.10119256300000001, 0.10166944100000001, 0.10185664600000001, 0.101986062, 0.10208513200000001, 0.10264853600000001, 0.10271311100000001, 0.10283610600000001, 0.10296972400000001, 0.103036895, 0.103071572, 0.10307284800000001, 0.103186238, 0.10322811500000001, 0.10345572400000001, 0.103513428, 0.10386208000000001, 0.104677036, 0.105463073, 0.10580460800000001, 0.10634629000000001, 0.10768274100000001, 0.487887255, 0.49659367400000004, 0.5426465260000001, 0.608096745, 4.994811545 ],
      "stddev" : 0.038286823878413534,
      "m15_rate" : 23.0449404390743,
      "m1_rate" : 23.889392074328086,
      "m5_rate" : 23.782510209514427,
      "mean_rate" : 20.69653281726309,
      "duration_units" : "seconds",
      "rate_units" : "calls/minute"
    },
    "jenkins.health-check.duration" : {
      "count" : 0,
      "max" : 0.0,
      "mean" : 0.0,
      "min" : 0.0,
      "p50" : 0.0,
      "p75" : 0.0,
      "p95" : 0.0,
      "p98" : 0.0,
      "p99" : 0.0,
      "p999" : 0.0,
      "values" : [ ],
      "stddev" : 0.0,
      "m15_rate" : 0.0,
      "m1_rate" : 0.0,
      "m5_rate" : 0.0,
      "mean_rate" : 0.0,
      "duration_units" : "seconds",
      "rate_units" : "calls/minute"
    },
    "jenkins.job.blocked.duration" : {
      "count" : 0,
      "max" : 0.0,
      "mean" : 0.0,
      "min" : 0.0,
      "p50" : 0.0,
      "p75" : 0.0,
      "p95" : 0.0,
      "p98" : 0.0,
      "p99" : 0.0,
      "p999" : 0.0,
      "values" : [ ],
      "stddev" : 0.0,
      "m15_rate" : 0.0,
      "m1_rate" : 0.0,
      "m5_rate" : 0.0,
      "mean_rate" : 0.0,
      "duration_units" : "seconds",
      "rate_units" : "calls/minute"
    },
    "jenkins.job.buildable.duration" : {
      "count" : 0,
      "max" : 0.0,
      "mean" : 0.0,
      "min" : 0.0,
      "p50" : 0.0,
      "p75" : 0.0,
      "p95" : 0.0,
      "p98" : 0.0,
      "p99" : 0.0,
      "p999" : 0.0,
      "values" : [ ],
      "stddev" : 0.0,
      "m15_rate" : 0.0,
      "m1_rate" : 0.0,
      "m5_rate" : 0.0,
      "mean_rate" : 0.0,
      "duration_units" : "seconds",
      "rate_units" : "calls/minute"
    },
    "jenkins.job.building.duration" : {
      "count" : 0,
      "max" : 0.0,
      "mean" : 0.0,
      "min" : 0.0,
      "p50" : 0.0,
      "p75" : 0.0,
      "p95" : 0.0,
      "p98" : 0.0,
      "p99" : 0.0,
      "p999" : 0.0,
      "values" : [ ],
      "stddev" : 0.0,
      "m15_rate" : 0.0,
      "m1_rate" : 0.0,
      "m5_rate" : 0.0,
      "mean_rate" : 0.0,
      "duration_units" : "seconds",
      "rate_units" : "calls/minute"
    },
    "jenkins.job.queuing.duration" : {
      "count" : 0,
      "max" : 0.0,
      "mean" : 0.0,
      "min" : 0.0,
      "p50" : 0.0,
      "p75" : 0.0,
      "p95" : 0.0,
      "p98" : 0.0,
      "p99" : 0.0,
      "p999" : 0.0,
      "values" : [ ],
      "stddev" : 0.0,
      "m15_rate" : 0.0,
      "m1_rate" : 0.0,
      "m5_rate" : 0.0,
      "mean_rate" : 0.0,
      "duration_units" : "seconds",
      "rate_units" : "calls/minute"
    },
    "jenkins.job.total.duration" : {
      "count" : 0,
      "max" : 0.0,
      "mean" : 0.0,
      "min" : 0.0,
      "p50" : 0.0,
      "p75" : 0.0,
      "p95" : 0.0,
      "p98" : 0.0,
      "p99" : 0.0,
      "p999" : 0.0,
      "values" : [ ],
      "stddev" : 0.0,
      "m15_rate" : 0.0,
      "m1_rate" : 0.0,
      "m5_rate" : 0.0,
      "mean_rate" : 0.0,
      "duration_units" : "seconds",
      "rate_units" : "calls/minute"
    },
    "jenkins.job.waiting.duration" : {
      "count" : 0,
      "max" : 0.0,
      "mean" : 0.0,
      "min" : 0.0,
      "p50" : 0.0,
      "p75" : 0.0,
      "p95" : 0.0,
      "p98" : 0.0,
      "p99" : 0.0,
      "p999" : 0.0,
      "values" : [ ],
      "stddev" : 0.0,
      "m15_rate" : 0.0,
      "m1_rate" : 0.0,
      "m5_rate" : 0.0,
      "mean_rate" : 0.0,
      "duration_units" : "seconds",
      "rate_units" : "calls/minute"
    }
  }
}