<?xml version='1.1' encoding='UTF-8'?>
<Tag plugin="workflow-support@2.18">
  <node class="cps.n.StepStartNode" plugin="workflow-cps@2.49-SNAPSHOT">
    <parentIds>
      <string>3</string>
    </parentIds>
    <id>4</id>
    <descriptorId>org.jenkinsci.plugins.workflow.support.steps.ExecutorStep</descriptorId>
  </node>
  <actions>
    <wf.a.BodyInvocationAction plugin="workflow-api@2.27"/>
    <wf.a.TimingAction plugin="workflow-api@2.27">
      <startTime>1524153818327</startTime>
    </wf.a.TimingAction>
  </actions>
</Tag>