<?xml version="1.0" encoding="UTF-8"?>

<BugCollection version="1.3.9" sequence="0" timestamp="1282302395631" analysisTimestamp="1282302398291" release="">
  <Project projectName="">
    </Project>
  <BugInstance type="BAS_BLOATED_ASSIGNMENT_SCOPE" priority="2" abbrev="BAS" category="PERFORMANCE">
    <Class classname="gti.batchreporting.ui.main.ChartModel">
      <SourceLine classname="gti.batchreporting.ui.main.ChartModel" start="27" end="1802" sourcefile="ChartModel.java" sourcepath="gti/batchreporting/ui/main/ChartModel.java"/>
    </Class>
    <Method classname="gti.batchreporting.ui.main.ChartModel" name="collectData" signature="()V" isStatic="false">
      <SourceLine classname="gti.batchreporting.ui.main.ChartModel" start="334" end="408" startBytecode="0" endBytecode="1070" sourcefile="ChartModel.java" sourcepath="gti/batchreporting/ui/main/ChartModel.java"/>
    </Method>
    <SourceLine classname="gti.batchreporting.ui.main.ChartModel" start="338" end="338" startBytecode="27" endBytecode="27" sourcefile="ChartModel.java" sourcepath="gti/batchreporting/ui/main/ChartModel.java"/>
  </BugInstance>
  <BugInstance type="BAS_BLOATED_ASSIGNMENT_SCOPE" priority="2" abbrev="BAS" category="PERFORMANCE">
    <Class classname="gti.batchreporting.ui.main.ChartModel">
      <SourceLine classname="gti.batchreporting.ui.main.ChartModel" start="27" end="1802" sourcefile="ChartModel.java" sourcepath="gti/batchreporting/ui/main/ChartModel.java"/>
    </Class>
    <Method classname="gti.batchreporting.ui.main.ChartModel" name="collectData" signature="()V" isStatic="false">
      <SourceLine classname="gti.batchreporting.ui.main.ChartModel" start="334" end="408" startBytecode="0" endBytecode="1070" sourcefile="ChartModel.java" sourcepath="gti/batchreporting/ui/main/ChartModel.java"/>
    </Method>
    <SourceLine classname="gti.batchreporting.ui.main.ChartModel" start="339" end="339" startBytecode="35" endBytecode="35" sourcefile="ChartModel.java" sourcepath="gti/batchreporting/ui/main/ChartModel.java"/>
  </BugInstance>
  <BugInstance type="BAS_BLOATED_ASSIGNMENT_SCOPE" priority="2" abbrev="BAS" category="PERFORMANCE">
    <Class classname="gti.batchreporting.ui.main.ChartModel">
      <SourceLine classname="gti.batchreporting.ui.main.ChartModel" start="27" end="1802" sourcefile="ChartModel.java" sourcepath="gti/batchreporting/ui/main/ChartModel.java"/>
    </Class>
    <Method classname="gti.batchreporting.ui.main.ChartModel" name="collectData" signature="()V" isStatic="false">
      <SourceLine classname="gti.batchreporting.ui.main.ChartModel" start="334" end="408" startBytecode="0" endBytecode="1070" sourcefile="ChartModel.java" sourcepath="gti/batchreporting/ui/main/ChartModel.java"/>
    </Method>
    <SourceLine classname="gti.batchreporting.ui.main.ChartModel" start="340" end="340" startBytecode="43" endBytecode="43" sourcefile="ChartModel.java" sourcepath="gti/batchreporting/ui/main/ChartModel.java"/>
  </BugInstance>
  <BugInstance type="FCBL_FIELD_COULD_BE_LOCAL" priority="2" abbrev="FCBL" category="CORRECTNESS">
    <Class classname="gti.batchreporting.ui.main.ChartModel">
      <SourceLine classname="gti.batchreporting.ui.main.ChartModel" start="27" end="1802" sourcefile="ChartModel.java" sourcepath="gti/batchreporting/ui/main/ChartModel.java"/>
    </Class>
    <Field classname="gti.batchreporting.ui.main.ChartModel" name="m_maxRecords" signature="I" isStatic="false">
      <SourceLine classname="gti.batchreporting.ui.main.ChartModel" sourcefile="ChartModel.java" sourcepath="gti/batchreporting/ui/main/ChartModel.java"/>
    </Field>
    <SourceLine classname="gti.batchreporting.ui.main.ChartModel" start="92" end="92" startBytecode="8" endBytecode="8" sourcefile="ChartModel.java" sourcepath="gti/batchreporting/ui/main/ChartModel.java"/>
  </BugInstance>
  <BugInstance type="LII_LIST_INDEXED_ITERATING" priority="2" abbrev="LII" category="STYLE">
    <Class classname="gti.batchreporting.ui.main.ChartModel">
      <SourceLine classname="gti.batchreporting.ui.main.ChartModel" start="27" end="1802" sourcefile="ChartModel.java" sourcepath="gti/batchreporting/ui/main/ChartModel.java"/>
    </Class>
    <Method classname="gti.batchreporting.ui.main.ChartModel" name="getSelectedChartData" signature="(I)Lgti/chart/xydata/XYChartDataIF;" isStatic="false">
      <SourceLine classname="gti.batchreporting.ui.main.ChartModel" start="571" end="584" startBytecode="0" endBytecode="171" sourcefile="ChartModel.java" sourcepath="gti/batchreporting/ui/main/ChartModel.java"/>
    </Method>
    <SourceLine classname="gti.batchreporting.ui.main.ChartModel" start="571" end="571" startBytecode="2" endBytecode="65" sourcefile="ChartModel.java" sourcepath="gti/batchreporting/ui/main/ChartModel.java"/>
  </BugInstance>
  <BugInstance type="SPP_USE_ISEMPTY" priority="2" abbrev="SPP" category="STYLE">
    <Class classname="gti.batchreporting.ui.main.ChartModel">
      <SourceLine classname="gti.batchreporting.ui.main.ChartModel" start="27" end="1802" sourcefile="ChartModel.java" sourcepath="gti/batchreporting/ui/main/ChartModel.java"/>
    </Class>
    <Method classname="gti.batchreporting.ui.main.ChartModel" name="initCRecipeSelected" signature="()V" isStatic="false">
      <SourceLine classname="gti.batchreporting.ui.main.ChartModel" start="238" end="286" startBytecode="0" endBytecode="572" sourcefile="ChartModel.java" sourcepath="gti/batchreporting/ui/main/ChartModel.java"/>
    </Method>
    <SourceLine classname="gti.batchreporting.ui.main.ChartModel" start="242" end="242" startBytecode="35" endBytecode="35" sourcefile="ChartModel.java" sourcepath="gti/batchreporting/ui/main/ChartModel.java"/>
  </BugInstance>
  <BugInstance type="SPP_USE_ISEMPTY" priority="2" abbrev="SPP" category="STYLE">
    <Class classname="gti.batchreporting.ui.main.ChartModel">
      <SourceLine classname="gti.batchreporting.ui.main.ChartModel" start="27" end="1802" sourcefile="ChartModel.java" sourcepath="gti/batchreporting/ui/main/ChartModel.java"/>
    </Class>
    <Method classname="gti.batchreporting.ui.main.ChartModel" name="makeTipOption" signature="(I)Ljava/lang/String;" isStatic="false">
      <SourceLine classname="gti.batchreporting.ui.main.ChartModel" start="1703" end="1723" startBytecode="0" endBytecode="286" sourcefile="ChartModel.java" sourcepath="gti/batchreporting/ui/main/ChartModel.java"/>
    </Method>
    <SourceLine classname="gti.batchreporting.ui.main.ChartModel" start="1713" end="1713" startBytecode="75" endBytecode="75" sourcefile="ChartModel.java" sourcepath="gti/batchreporting/ui/main/ChartModel.java"/>
  </BugInstance>
  <BugInstance type="SPP_USE_ISEMPTY" priority="2" abbrev="SPP" category="STYLE">
    <Class classname="gti.batchreporting.ui.main.ChartModel">
      <SourceLine classname="gti.batchreporting.ui.main.ChartModel" start="27" end="1802" sourcefile="ChartModel.java" sourcepath="gti/batchreporting/ui/main/ChartModel.java"/>
    </Class>
    <Method classname="gti.batchreporting.ui.main.ChartModel" name="makeUrlOption" signature="(I)Ljava/lang/String;" isStatic="false">
      <SourceLine classname="gti.batchreporting.ui.main.ChartModel" start="1731" end="1751" startBytecode="0" endBytecode="188" sourcefile="ChartModel.java" sourcepath="gti/batchreporting/ui/main/ChartModel.java"/>
    </Method>
    <SourceLine classname="gti.batchreporting.ui.main.ChartModel" start="1740" end="1740" startBytecode="37" endBytecode="37" sourcefile="ChartModel.java" sourcepath="gti/batchreporting/ui/main/ChartModel.java"/>
  </BugInstance>
  <BugInstance type="USBR_UNNECESSARY_STORE_BEFORE_RETURN" priority="2" abbrev="USBR" category="STYLE">
    <Class classname="gti.batchreporting.ui.main.ChartModel">
      <SourceLine classname="gti.batchreporting.ui.main.ChartModel" start="27" end="1802" sourcefile="ChartModel.java" sourcepath="gti/batchreporting/ui/main/ChartModel.java"/>
    </Class>
    <Method classname="gti.batchreporting.ui.main.ChartModel" name="getXYChartData" signature="(Lgti/ui/base/CurrentRow;)Lgti/chart/xydata/XYChartDataIF;" isStatic="false">
      <SourceLine classname="gti.batchreporting.ui.main.ChartModel" start="550" end="556" startBytecode="0" endBytecode="137" sourcefile="ChartModel.java" sourcepath="gti/batchreporting/ui/main/ChartModel.java"/>
    </Method>
    <SourceLine classname="gti.batchreporting.ui.main.ChartModel" start="556" end="556" startBytecode="25" endBytecode="25" sourcefile="ChartModel.java" sourcepath="gti/batchreporting/ui/main/ChartModel.java"/>
  </BugInstance>
  <BugInstance type="URV_INHERITED_METHOD_WITH_RELATED_TYPES" priority="2" abbrev="URV" category="STYLE">
    <Class classname="gti.batchreporting.ui.main.ChartModel$Detail_RecordCount_ModelAdapter">
      <SourceLine classname="gti.batchreporting.ui.main.ChartModel$Detail_RecordCount_ModelAdapter" start="1374" end="1389" sourcefile="ChartModel.java" sourcepath="gti/batchreporting/ui/main/ChartModel.java"/>
    </Class>
    <Method classname="gti.batchreporting.ui.main.ChartModel$Detail_RecordCount_ModelAdapter" name="getValueAt" signature="(Lgti/ui/base/CurrentRow;)Ljava/lang/Object;" isStatic="false">
      <SourceLine classname="gti.batchreporting.ui.main.ChartModel$Detail_RecordCount_ModelAdapter" start="1385" end="1389" startBytecode="0" endBytecode="99" sourcefile="ChartModel.java" sourcepath="gti/batchreporting/ui/main/ChartModel.java"/>
    </Method>
    <String value="java.lang.Comparable"/>
    <SourceLine classname="gti.batchreporting.ui.main.ChartModel$Detail_RecordCount_ModelAdapter" start="1387" end="1387" startBytecode="14" endBytecode="14" sourcefile="ChartModel.java" sourcepath="gti/batchreporting/ui/main/ChartModel.java"/>
    <SourceLine classname="gti.batchreporting.ui.main.ChartModel$Detail_RecordCount_ModelAdapter" start="1389" end="1389" startBytecode="30" endBytecode="30" sourcefile="ChartModel.java" sourcepath="gti/batchreporting/ui/main/ChartModel.java"/>
  </BugInstance>
  <BugInstance type="ITC_INHERITANCE_TYPE_CHECKING" priority="2" abbrev="ITC" category="STYLE">
    <Class classname="gti.batchreporting.ui.main.ChartModel$XYChartData_SelectAction_ModelAdapter">
      <SourceLine classname="gti.batchreporting.ui.main.ChartModel$XYChartData_SelectAction_ModelAdapter" start="950" end="1034" sourcefile="ChartModel.java" sourcepath="gti/batchreporting/ui/main/ChartModel.java"/>
    </Class>
    <Method classname="gti.batchreporting.ui.main.ChartModel$XYChartData_SelectAction_ModelAdapter" name="getValueAt" signature="(Lgti/ui/base/CurrentRow;)Ljava/lang/Object;" isStatic="false">
      <SourceLine classname="gti.batchreporting.ui.main.ChartModel$XYChartData_SelectAction_ModelAdapter" start="982" end="993" startBytecode="0" endBytecode="145" sourcefile="ChartModel.java" sourcepath="gti/batchreporting/ui/main/ChartModel.java"/>
    </Method>
    <SourceLine classname="gti.batchreporting.ui.main.ChartModel$XYChartData_SelectAction_ModelAdapter" start="984" end="984" startBytecode="9" endBytecode="9" sourcefile="ChartModel.java" sourcepath="gti/batchreporting/ui/main/ChartModel.java"/>
  </BugInstance>
  <BugInstance type="CFS_CONFUSING_FUNCTION_SEMANTICS" priority="2" abbrev="CFS" category="STYLE">
    <Class classname="gti.batchreporting.ui.main.ChartRangeDialogView">
      <SourceLine classname="gti.batchreporting.ui.main.ChartRangeDialogView" start="16" end="134" sourcefile="ChartRangeDialogView.java" sourcepath="gti/batchreporting/ui/main/ChartRangeDialogView.java"/>
    </Class>
    <Method classname="gti.batchreporting.ui.main.ChartRangeDialogView" name="makeButtonPanel" signature="(Lgti/ui/util/layout/DialogPanel;)Ljavax/swing/JComponent;" isStatic="false">
      <SourceLine classname="gti.batchreporting.ui.main.ChartRangeDialogView" start="73" end="103" startBytecode="0" endBytecode="258" sourcefile="ChartRangeDialogView.java" sourcepath="gti/batchreporting/ui/main/ChartRangeDialogView.java"/>
    </Method>
    <SourceLine classname="gti.batchreporting.ui.main.ChartRangeDialogView" start="103" end="103" startBytecode="104" endBytecode="104" sourcefile="ChartRangeDialogView.java" sourcepath="gti/batchreporting/ui/main/ChartRangeDialogView.java"/>
    <SourceLine classname="gti.batchreporting.ui.main.ChartRangeDialogView" start="77" end="77" startBytecode="26" endBytecode="26" sourcefile="ChartRangeDialogView.java" sourcepath="gti/batchreporting/ui/main/ChartRangeDialogView.java"/>
  </BugInstance>
  <BugInstance type="S508C_NO_SETLABELFOR" priority="2" abbrev="S508C" category="CORRECTNESS">
    <Class classname="gti.batchreporting.ui.main.ChartRangeDialogView">
      <SourceLine classname="gti.batchreporting.ui.main.ChartRangeDialogView" start="16" end="134" sourcefile="ChartRangeDialogView.java" sourcepath="gti/batchreporting/ui/main/ChartRangeDialogView.java"/>
    </Class>
    <Method classname="gti.batchreporting.ui.main.ChartRangeDialogView" name="makePanel" signature="()Ljavax/swing/JComponent;" isStatic="false">
      <SourceLine classname="gti.batchreporting.ui.main.ChartRangeDialogView" start="44" end="63" startBytecode="0" endBytecode="254" sourcefile="ChartRangeDialogView.java" sourcepath="gti/batchreporting/ui/main/ChartRangeDialogView.java"/>
    </Method>
    <SourceLine classname="gti.batchreporting.ui.main.ChartRangeDialogView" start="59" end="59" startBytecode="104" endBytecode="104" sourcefile="ChartRangeDialogView.java" sourcepath="gti/batchreporting/ui/main/ChartRangeDialogView.java"/>
  </BugInstance>
  <BugInstance type="SMII_STATIC_METHOD_INSTANCE_INVOCATION" priority="2" abbrev="SMII" category="STYLE">
    <Class classname="gti.batchreporting.util.log.Log">
      <SourceLine classname="gti.batchreporting.util.log.Log" start="5" end="20" sourcefile="Log.java" sourcepath="gti/batchreporting/util/log/Log.java"/>
    </Class>
    <Method classname="gti.batchreporting.util.log.Log" name="&lt;clinit&gt;" signature="()V" isStatic="true">
      <SourceLine classname="gti.batchreporting.util.log.Log" start="12" end="20" startBytecode="0" endBytecode="66" sourcefile="Log.java" sourcepath="gti/batchreporting/util/log/Log.java"/>
    </Method>
    <SourceLine classname="gti.batchreporting.util.log.Log" start="14" end="14" startBytecode="6" endBytecode="6" sourcefile="Log.java" sourcepath="gti/batchreporting/util/log/Log.java"/>
  </BugInstance>
  <BugInstance type="PCOA_PARTIALLY_CONSTRUCTED_OBJECT_ACCESS" priority="2" abbrev="PCOA" category="CORRECTNESS">
    <Class classname="gti.batchreporting.xydata.BatchXYChartData">
      <SourceLine classname="gti.batchreporting.xydata.BatchXYChartData" start="16" end="88" sourcefile="BatchXYChartData.java" sourcepath="gti/batchreporting/xydata/BatchXYChartData.java"/>
    </Class>
    <Method classname="gti.batchreporting.xydata.BatchXYChartData" name="&lt;init&gt;" signature="(Ljava/lang/String;)V" isStatic="false">
      <SourceLine classname="gti.batchreporting.xydata.BatchXYChartData" start="28" end="31" startBytecode="0" endBytecode="80" sourcefile="BatchXYChartData.java" sourcepath="gti/batchreporting/xydata/BatchXYChartData.java"/>
    </Method>
    <SourceLine classname="gti.batchreporting.xydata.BatchXYChartData" start="30" end="30" startBytecode="13" endBytecode="13" sourcefile="BatchXYChartData.java" sourcepath="gti/batchreporting/xydata/BatchXYChartData.java"/>
  </BugInstance>
  <Errors errors="0" missingClasses="0"></Errors>
  <FindBugsSummary timestamp="Fri, 20 Aug 2010 13:06:35 +0200" total_classes="70" referenced_classes="734" total_bugs="15" total_size="2118" num_packages="8" vm_version="17.0-b16" cpu_seconds="42.55" clock_seconds="24.65" peak_mbytes="225.96" alloc_mbytes="439.12" gc_seconds="1.43" priority_2="15">
    <PackageStats package="gti.batchreporting.client.jfree" total_bugs="0" total_types="3" total_size="200">
      <ClassStats class="gti.batchreporting.client.jfree.DotShape" sourceFile="DotShape.java" interface="false" size="55" bugs="0"/>
      <ClassStats class="gti.batchreporting.client.jfree.LineShape" sourceFile="LineShape.java" interface="false" size="40" bugs="0"/>
      <ClassStats class="gti.batchreporting.client.jfree.ViewChartPanel" sourceFile="ViewChartPanel.java" interface="false" size="105" bugs="0"/>
    </PackageStats>
    <PackageStats package="gti.batchreporting.ui.base.view" total_bugs="0" total_types="1" total_size="4">
      <ClassStats class="gti.batchreporting.ui.base.view.ChartPanelAdapter" sourceFile="ChartPanelAdapter.java" interface="false" size="4" bugs="0"/>
    </PackageStats>
    <PackageStats package="gti.batchreporting.ui.main" total_bugs="13" total_types="42" total_size="1236" priority_2="13">
      <ClassStats class="gti.batchreporting.ui.main.ChartForm" sourceFile="ChartForm.java" interface="false" size="16" bugs="0"/>
      <ClassStats class="gti.batchreporting.ui.main.ChartModel" sourceFile="ChartModel.java" interface="false" size="442" bugs="9" priority_2="9"/>
      <ClassStats class="gti.batchreporting.ui.main.ChartModel$BatchLabel" sourceFile="ChartModel.java" interface="false" size="14" bugs="0"/>
      <ClassStats class="gti.batchreporting.ui.main.ChartModel$ChartModel_ModelAdapter" sourceFile="ChartModel.java" interface="false" size="8" bugs="0"/>
      <ClassStats class="gti.batchreporting.ui.main.ChartModel$Detail_RecordCountState_ModelAdapter" sourceFile="ChartModel.java" interface="false" size="15" bugs="0"/>
      <ClassStats class="gti.batchreporting.ui.main.ChartModel$Detail_RecordCount_ModelAdapter" sourceFile="ChartModel.java" interface="false" size="13" bugs="1" priority_2="1"/>
      <ClassStats class="gti.batchreporting.ui.main.ChartModel$Detail_SelectedCode_ModelAdapter" sourceFile="ChartModel.java" interface="false" size="11" bugs="0"/>
      <ClassStats class="gti.batchreporting.ui.main.ChartModel$Detail_SelectedFromDate_ModelAdapter" sourceFile="ChartModel.java" interface="false" size="11" bugs="0"/>
      <ClassStats class="gti.batchreporting.ui.main.ChartModel$Detail_SelectedOrder_ModelAdapter" sourceFile="ChartModel.java" interface="false" size="11" bugs="0"/>
      <ClassStats class="gti.batchreporting.ui.main.ChartModel$Detail_SelectedProcedure_ModelAdapter" sourceFile="ChartModel.java" interface="false" size="11" bugs="0"/>
      <ClassStats class="gti.batchreporting.ui.main.ChartModel$Detail_SelectedTillDate_ModelAdapter" sourceFile="ChartModel.java" interface="false" size="11" bugs="0"/>
      <ClassStats class="gti.batchreporting.ui.main.ChartModel$Selected_XYChartData_Color_ModelAdapter" sourceFile="ChartModel.java" interface="false" size="26" bugs="0"/>
      <ClassStats class="gti.batchreporting.ui.main.ChartModel$Selected_XYChartData_Description_ModelAdapter" sourceFile="ChartModel.java" interface="false" size="14" bugs="0"/>
      <ClassStats class="gti.batchreporting.ui.main.ChartModel$Selected_XYChartData_Name_ModelAdapter" sourceFile="ChartModel.java" interface="false" size="17" bugs="0"/>
      <ClassStats class="gti.batchreporting.ui.main.ChartModel$Selected_XYChartData_ScaleMaximum_ModelAdapter" sourceFile="ChartModel.java" interface="false" size="18" bugs="0"/>
      <ClassStats class="gti.batchreporting.ui.main.ChartModel$Selected_XYChartData_SetCurrent_ModelAdapter" sourceFile="ChartModel.java" interface="false" size="18" bugs="0"/>
      <ClassStats class="gti.batchreporting.ui.main.ChartModel$Selected_XYChartData_Type_ModelAdapter" sourceFile="ChartModel.java" interface="false" size="14" bugs="0"/>
      <ClassStats class="gti.batchreporting.ui.main.ChartModel$Selected_XYChartData_Value_ModelAdapter" sourceFile="ChartModel.java" interface="false" size="11" bugs="0"/>
      <ClassStats class="gti.batchreporting.ui.main.ChartModel$XYChartData_Description_ModelAdapter" sourceFile="ChartModel.java" interface="false" size="14" bugs="0"/>
      <ClassStats class="gti.batchreporting.ui.main.ChartModel$XYChartData_Name_ModelAdapter" sourceFile="ChartModel.java" interface="false" size="41" bugs="0"/>
      <ClassStats class="gti.batchreporting.ui.main.ChartModel$XYChartData_Phase_ModelAdapter" sourceFile="ChartModel.java" interface="false" size="14" bugs="0"/>
      <ClassStats class="gti.batchreporting.ui.main.ChartModel$XYChartData_SelectAction_ModelAdapter" sourceFile="ChartModel.java" interface="false" size="36" bugs="1" priority_2="1"/>
      <ClassStats class="gti.batchreporting.ui.main.ChartModel$XYChartData_Selected_ModelAdapter" sourceFile="ChartModel.java" interface="false" size="35" bugs="0"/>
      <ClassStats class="gti.batchreporting.ui.main.ChartModel$XYChartData_ShowAllSetPoints_ModelAdapter" sourceFile="ChartModel.java" interface="false" size="13" bugs="0"/>
      <ClassStats class="gti.batchreporting.ui.main.ChartModel$XYChartData_Show_ModelAdapter" sourceFile="ChartModel.java" interface="false" size="9" bugs="0"/>
      <ClassStats class="gti.batchreporting.ui.main.ChartModel$XYChartData_Tab_ModelAdapter" sourceFile="ChartModel.java" interface="false" size="24" bugs="0"/>
      <ClassStats class="gti.batchreporting.ui.main.ChartModel$XYChartData_Title_ModelAdapter" sourceFile="ChartModel.java" interface="false" size="14" bugs="0"/>
      <ClassStats class="gti.batchreporting.ui.main.ChartModel$XYChartData_Type_ModelAdapter" sourceFile="ChartModel.java" interface="false" size="14" bugs="0"/>
      <ClassStats class="gti.batchreporting.ui.main.ChartModel$XYChart_Print_ModelAdapter" sourceFile="ChartModel.java" interface="false" size="6" bugs="0"/>
      <ClassStats class="gti.batchreporting.ui.main.ChartRangeDialogView" sourceFile="ChartRangeDialogView.java" interface="false" size="52" bugs="2" priority_2="2"/>
      <ClassStats class="gti.batchreporting.ui.main.ChartRangeDialogView$1" sourceFile="ChartRangeDialogView.java" interface="false" size="8" bugs="0"/>
      <ClassStats class="gti.batchreporting.ui.main.ChartRangeModel" sourceFile="ChartRangeModel.java" interface="false" size="36" bugs="0"/>
      <ClassStats class="gti.batchreporting.ui.main.ChartRangeModel$ChartRange_Cancel_ModelAdapter" sourceFile="ChartRangeModel.java" interface="false" size="9" bugs="0"/>
      <ClassStats class="gti.batchreporting.ui.main.ChartRangeModel$ChartRange_FromDate_ModelAdapter" sourceFile="ChartRangeModel.java" interface="false" size="12" bugs="0"/>
      <ClassStats class="gti.batchreporting.ui.main.ChartRangeModel$ChartRange_OK_ModelAdapter" sourceFile="ChartRangeModel.java" interface="false" size="9" bugs="0"/>
      <ClassStats class="gti.batchreporting.ui.main.ChartRangeModel$ChartRange_TillDate_ModelAdapter" sourceFile="ChartRangeModel.java" interface="false" size="12" bugs="0"/>
      <ClassStats class="gti.batchreporting.ui.main.ChartSelectView" sourceFile="ChartSelectView.java" interface="false" size="83" bugs="0"/>
      <ClassStats class="gti.batchreporting.ui.main.ChartSelectView$1" sourceFile="ChartSelectView.java" interface="false" size="7" bugs="0"/>
      <ClassStats class="gti.batchreporting.ui.main.ChartView" sourceFile="ChartView.java" interface="false" size="69" bugs="0"/>
      <ClassStats class="gti.batchreporting.ui.main.ChartView$1" sourceFile="ChartView.java" interface="false" size="8" bugs="0"/>
      <ClassStats class="gti.batchreporting.ui.main.ChartView$2" sourceFile="ChartView.java" interface="false" size="16" bugs="0"/>
      <ClassStats class="gti.batchreporting.ui.main.ChartView$3" sourceFile="ChartView.java" interface="false" size="14" bugs="0"/>
    </PackageStats>
    <PackageStats package="gti.batchreporting.util.log" total_bugs="1" total_types="1" total_size="11" priority_2="1">
      <ClassStats class="gti.batchreporting.util.log.Log" sourceFile="Log.java" interface="false" size="11" bugs="1" priority_2="1"/>
    </PackageStats>
    <PackageStats package="gti.batchreporting.xydata" total_bugs="1" total_types="15" total_size="528" priority_2="1">
      <ClassStats class="gti.batchreporting.xydata.AbstractCRecipeStepValueXYChartData" sourceFile="AbstractCRecipeStepValueXYChartData.java" interface="false" size="49" bugs="0"/>
      <ClassStats class="gti.batchreporting.xydata.AbstractPhaseChartData" sourceFile="AbstractPhaseChartData.java" interface="false" size="57" bugs="0"/>
      <ClassStats class="gti.batchreporting.xydata.BatchChartDataset" sourceFile="BatchChartDataset.java" interface="false" size="56" bugs="0"/>
      <ClassStats class="gti.batchreporting.xydata.BatchChartRenderer" sourceFile="BatchChartRenderer.java" interface="false" size="14" bugs="0"/>
      <ClassStats class="gti.batchreporting.xydata.BatchXYChartData" sourceFile="BatchXYChartData.java" interface="false" size="30" bugs="1" priority_2="1"/>
      <ClassStats class="gti.batchreporting.xydata.BatchXYChartDomain" sourceFile="BatchXYChartDomain.java" interface="false" size="44" bugs="0"/>
      <ClassStats class="gti.batchreporting.xydata.CRecipeEventXYChartData" sourceFile="CRecipeEventXYChartData.java" interface="false" size="24" bugs="0"/>
      <ClassStats class="gti.batchreporting.xydata.CRecipeStepValue" sourceFile="CRecipeStepValue.java" interface="false" size="102" bugs="0"/>
      <ClassStats class="gti.batchreporting.xydata.DummyXYChartData" sourceFile="DummyXYChartData.java" interface="false" size="16" bugs="0"/>
      <ClassStats class="gti.batchreporting.xydata.PhaseDurationXYChartData" sourceFile="PhaseDurationXYChartData.java" interface="false" size="24" bugs="0"/>
      <ClassStats class="gti.batchreporting.xydata.ReportValueXYChartData" sourceFile="ReportValueXYChartData.java" interface="false" size="18" bugs="0"/>
      <ClassStats class="gti.batchreporting.xydata.SecondsSincePreviousBatchXYChartData" sourceFile="SecondsSincePreviousBatchXYChartData.java" interface="false" size="30" bugs="0"/>
      <ClassStats class="gti.batchreporting.xydata.SetPointXYChartData" sourceFile="SetPointXYChartData.java" interface="false" size="19" bugs="0"/>
      <ClassStats class="gti.batchreporting.xydata.Type" sourceFile="Type.java" interface="false" size="19" bugs="0"/>
      <ClassStats class="gti.batchreporting.xydata.UnitDurationXYChartData" sourceFile="UnitDurationXYChartData.java" interface="false" size="26" bugs="0"/>
    </PackageStats>
    <PackageStats package="gti.module" total_bugs="0" total_types="1" total_size="10">
      <ClassStats class="gti.module.BatchReportingModule" sourceFile="BatchReportingModule.java" interface="false" size="10" bugs="0"/>
    </PackageStats>
    <PackageStats package="gti.ui.aspect" total_bugs="0" total_types="6" total_size="114">
      <ClassStats class="gti.ui.aspect.CRecipeBatchAspectUI" sourceFile="CRecipeBatchAspectUI.java" interface="false" size="18" bugs="0"/>
      <ClassStats class="gti.ui.aspect.CRecipeBatchAspectUI$ProductionOrder_To_BatchChart_ModelAdapter" sourceFile="CRecipeBatchAspectUI.java" interface="false" size="7" bugs="0"/>
      <ClassStats class="gti.ui.aspect.CRecipeBatchAspectUI$ShowBatchGrafiekViewAdapterHook" sourceFile="CRecipeBatchAspectUI.java" interface="false" size="47" bugs="0"/>
      <ClassStats class="gti.ui.aspect.ProductionOrderBatchAspectUI" sourceFile="ProductionOrderBatchAspectUI.java" interface="false" size="19" bugs="0"/>
      <ClassStats class="gti.ui.aspect.ProductionOrderBatchAspectUI$ProductionOrder_To_BatchChart_ModelAdapter" sourceFile="ProductionOrderBatchAspectUI.java" interface="false" size="7" bugs="0"/>
      <ClassStats class="gti.ui.aspect.ProductionOrderBatchAspectUI$ShowBatchGrafiekViewAdapterHook" sourceFile="ProductionOrderBatchAspectUI.java" interface="false" size="16" bugs="0"/>
    </PackageStats>
    <PackageStats package="gti.ui.browser.ui" total_bugs="0" total_types="1" total_size="15">
      <ClassStats class="gti.ui.browser.ui.BrowserBatchReportingUI" sourceFile="BrowserBatchReportingUI.java" interface="false" size="15" bugs="0"/>
    </PackageStats>
    <FindBugsProfile>
      <ClassProfile name="com.mebigfatguy.fbcontrib.detect.InheritanceTypeChecking" totalMilliseconds="11" invocations="70" avgMicrosecondsPerInvocation="163" maxMicrosecondsPerInvocation="2628" standardDeviationMircosecondsPerInvocation="370"/>
      <ClassProfile name="gti.findbugs.ObjectUtilEqualsChecker" totalMilliseconds="11" invocations="70" avgMicrosecondsPerInvocation="166" maxMicrosecondsPerInvocation="2124" standardDeviationMircosecondsPerInvocation="291"/>
      <ClassProfile name="edu.umd.cs.findbugs.classfile.engine.bcel.ConstantPoolGenFactory" totalMilliseconds="12" invocations="70" avgMicrosecondsPerInvocation="177" maxMicrosecondsPerInvocation="5814" standardDeviationMircosecondsPerInvocation="686"/>
      <ClassProfile name="edu.umd.cs.findbugs.detect.FindBugsSummaryStats" totalMilliseconds="12" invocations="734" avgMicrosecondsPerInvocation="16" maxMicrosecondsPerInvocation="2330" standardDeviationMircosecondsPerInvocation="86"/>
      <ClassProfile name="edu.umd.cs.findbugs.detect.FindNullDerefsInvolvingNonShortCircuitEvaluation" totalMilliseconds="12" invocations="70" avgMicrosecondsPerInvocation="178" maxMicrosecondsPerInvocation="2407" standardDeviationMircosecondsPerInvocation="319"/>
      <ClassProfile name="com.mebigfatguy.fbcontrib.detect.StaticMethodInstanceInvocation" totalMilliseconds="12" invocations="70" avgMicrosecondsPerInvocation="179" maxMicrosecondsPerInvocation="1672" standardDeviationMircosecondsPerInvocation="260"/>
      <ClassProfile name="edu.umd.cs.findbugs.detect.SynchronizeOnClassLiteralNotGetClass" totalMilliseconds="12" invocations="70" avgMicrosecondsPerInvocation="182" maxMicrosecondsPerInvocation="2782" standardDeviationMircosecondsPerInvocation="375"/>
      <ClassProfile name="com.mebigfatguy.fbcontrib.detect.ListIndexedIterating" totalMilliseconds="12" invocations="70" avgMicrosecondsPerInvocation="184" maxMicrosecondsPerInvocation="4274" standardDeviationMircosecondsPerInvocation="606"/>
      <ClassProfile name="edu.umd.cs.findbugs.detect.Naming" totalMilliseconds="12" invocations="70" avgMicrosecondsPerInvocation="185" maxMicrosecondsPerInvocation="718" standardDeviationMircosecondsPerInvocation="137"/>
      <ClassProfile name="com.mebigfatguy.fbcontrib.detect.InconsistentKeyNameCasing" totalMilliseconds="13" invocations="70" avgMicrosecondsPerInvocation="188" maxMicrosecondsPerInvocation="2693" standardDeviationMircosecondsPerInvocation="365"/>
      <ClassProfile name="edu.umd.cs.findbugs.classfile.engine.bcel.LoadedFieldSetFactory" totalMilliseconds="13" invocations="359" avgMicrosecondsPerInvocation="38" maxMicrosecondsPerInvocation="1460" standardDeviationMircosecondsPerInvocation="112"/>
      <ClassProfile name="edu.umd.cs.findbugs.detect.FindFieldSelfAssignment" totalMilliseconds="13" invocations="70" avgMicrosecondsPerInvocation="199" maxMicrosecondsPerInvocation="2444" standardDeviationMircosecondsPerInvocation="312"/>
      <ClassProfile name="edu.umd.cs.findbugs.detect.AppendingToAnObjectOutputStream" totalMilliseconds="14" invocations="70" avgMicrosecondsPerInvocation="201" maxMicrosecondsPerInvocation="2473" standardDeviationMircosecondsPerInvocation="329"/>
      <ClassProfile name="edu.umd.cs.findbugs.detect.FindFloatEquality" totalMilliseconds="14" invocations="70" avgMicrosecondsPerInvocation="202" maxMicrosecondsPerInvocation="2318" standardDeviationMircosecondsPerInvocation="340"/>
      <ClassProfile name="com.mebigfatguy.fbcontrib.detect.ImproperPropertiesUse" totalMilliseconds="14" invocations="70" avgMicrosecondsPerInvocation="203" maxMicrosecondsPerInvocation="2650" standardDeviationMircosecondsPerInvocation="374"/>
      <ClassProfile name="edu.umd.cs.findbugs.detect.SynchronizationOnSharedBuiltinConstant" totalMilliseconds="14" invocations="70" avgMicrosecondsPerInvocation="205" maxMicrosecondsPerInvocation="2673" standardDeviationMircosecondsPerInvocation="350"/>
      <ClassProfile name="com.mebigfatguy.fbcontrib.detect.TailRecursion" totalMilliseconds="14" invocations="70" avgMicrosecondsPerInvocation="209" maxMicrosecondsPerInvocation="2592" standardDeviationMircosecondsPerInvocation="349"/>
      <ClassProfile name="edu.umd.cs.findbugs.detect.FindBadForLoop" totalMilliseconds="14" invocations="70" avgMicrosecondsPerInvocation="209" maxMicrosecondsPerInvocation="2786" standardDeviationMircosecondsPerInvocation="360"/>
      <ClassProfile name="edu.umd.cs.findbugs.detect.SynchronizingOnContentsOfFieldToProtectField" totalMilliseconds="14" invocations="70" avgMicrosecondsPerInvocation="213" maxMicrosecondsPerInvocation="2548" standardDeviationMircosecondsPerInvocation="340"/>
      <ClassProfile name="edu.umd.cs.findbugs.detect.FormatStringChecker" totalMilliseconds="15" invocations="70" avgMicrosecondsPerInvocation="216" maxMicrosecondsPerInvocation="2664" standardDeviationMircosecondsPerInvocation="376"/>
      <ClassProfile name="com.mebigfatguy.fbcontrib.detect.ConstantListIndex" totalMilliseconds="15" invocations="70" avgMicrosecondsPerInvocation="218" maxMicrosecondsPerInvocation="2872" standardDeviationMircosecondsPerInvocation="382"/>
      <ClassProfile name="com.mebigfatguy.fbcontrib.detect.SpuriousThreadStates" totalMilliseconds="15" invocations="70" avgMicrosecondsPerInvocation="218" maxMicrosecondsPerInvocation="2783" standardDeviationMircosecondsPerInvocation="344"/>
      <ClassProfile name="edu.umd.cs.findbugs.detect.BadResultSetAccess" totalMilliseconds="15" invocations="70" avgMicrosecondsPerInvocation="218" maxMicrosecondsPerInvocation="2334" standardDeviationMircosecondsPerInvocation="325"/>
      <ClassProfile name="edu.umd.cs.findbugs.classfile.engine.bcel.ClassContextClassAnalysisEngine" totalMilliseconds="15" invocations="896" avgMicrosecondsPerInvocation="17" maxMicrosecondsPerInvocation="2366" standardDeviationMircosecondsPerInvocation="79"/>
      <ClassProfile name="edu.umd.cs.findbugs.detect.InfiniteRecursiveLoop" totalMilliseconds="15" invocations="70" avgMicrosecondsPerInvocation="222" maxMicrosecondsPerInvocation="3071" standardDeviationMircosecondsPerInvocation="412"/>
      <ClassProfile name="com.mebigfatguy.fbcontrib.detect.DubiousSetOfCollections" totalMilliseconds="15" invocations="70" avgMicrosecondsPerInvocation="223" maxMicrosecondsPerInvocation="3142" standardDeviationMircosecondsPerInvocation="412"/>
      <ClassProfile name="edu.umd.cs.findbugs.detect.BadSyntaxForRegularExpression" totalMilliseconds="15" invocations="70" avgMicrosecondsPerInvocation="226" maxMicrosecondsPerInvocation="2549" standardDeviationMircosecondsPerInvocation="342"/>
      <ClassProfile name="edu.umd.cs.findbugs.detect.NumberConstructor" totalMilliseconds="16" invocations="70" avgMicrosecondsPerInvocation="229" maxMicrosecondsPerInvocation="2972" standardDeviationMircosecondsPerInvocation="394"/>
      <ClassProfile name="com.mebigfatguy.fbcontrib.detect.UseEnumCollections" totalMilliseconds="16" invocations="70" avgMicrosecondsPerInvocation="229" maxMicrosecondsPerInvocation="3339" standardDeviationMircosecondsPerInvocation="415"/>
      <ClassProfile name="com.mebigfatguy.fbcontrib.detect.SloppyClassReflection" totalMilliseconds="16" invocations="70" avgMicrosecondsPerInvocation="231" maxMicrosecondsPerInvocation="2575" standardDeviationMircosecondsPerInvocation="351"/>
      <ClassProfile name="com.mebigfatguy.fbcontrib.detect.LoggerOddities" totalMilliseconds="16" invocations="70" avgMicrosecondsPerInvocation="235" maxMicrosecondsPerInvocation="2891" standardDeviationMircosecondsPerInvocation="379"/>
      <ClassProfile name="com.mebigfatguy.fbcontrib.detect.InappropriateToStringUse" totalMilliseconds="16" invocations="70" avgMicrosecondsPerInvocation="240" maxMicrosecondsPerInvocation="3023" standardDeviationMircosecondsPerInvocation="425"/>
      <ClassProfile name="com.mebigfatguy.fbcontrib.detect.ArrayBasedCollections" totalMilliseconds="17" invocations="70" avgMicrosecondsPerInvocation="250" maxMicrosecondsPerInvocation="2950" standardDeviationMircosecondsPerInvocation="360"/>
      <ClassProfile name="com.mebigfatguy.fbcontrib.detect.SyncCollectionIterators" totalMilliseconds="17" invocations="70" avgMicrosecondsPerInvocation="252" maxMicrosecondsPerInvocation="3209" standardDeviationMircosecondsPerInvocation="418"/>
      <ClassProfile name="edu.umd.cs.findbugs.detect.NoteUnconditionalParamDerefs" totalMilliseconds="17" invocations="70" avgMicrosecondsPerInvocation="253" maxMicrosecondsPerInvocation="1364" standardDeviationMircosecondsPerInvocation="217"/>
      <ClassProfile name="edu.umd.cs.findbugs.detect.FindUnrelatedTypesInGenericContainer" totalMilliseconds="18" invocations="70" avgMicrosecondsPerInvocation="258" maxMicrosecondsPerInvocation="2249" standardDeviationMircosecondsPerInvocation="319"/>
      <ClassProfile name="com.mebigfatguy.fbcontrib.detect.PossibleConstantAllocationInLoop" totalMilliseconds="19" invocations="70" avgMicrosecondsPerInvocation="280" maxMicrosecondsPerInvocation="3534" standardDeviationMircosecondsPerInvocation="484"/>
      <ClassProfile name="edu.umd.cs.findbugs.detect.MethodReturnCheck" totalMilliseconds="19" invocations="70" avgMicrosecondsPerInvocation="282" maxMicrosecondsPerInvocation="3569" standardDeviationMircosecondsPerInvocation="463"/>
      <ClassProfile name="com.mebigfatguy.fbcontrib.detect.UseToArray" totalMilliseconds="20" invocations="70" avgMicrosecondsPerInvocation="288" maxMicrosecondsPerInvocation="4455" standardDeviationMircosecondsPerInvocation="580"/>
      <ClassProfile name="com.mebigfatguy.fbcontrib.detect.UseSplit" totalMilliseconds="20" invocations="70" avgMicrosecondsPerInvocation="289" maxMicrosecondsPerInvocation="3479" standardDeviationMircosecondsPerInvocation="490"/>
      <ClassProfile name="com.mebigfatguy.fbcontrib.detect.UnrelatedCollectionContents" totalMilliseconds="20" invocations="70" avgMicrosecondsPerInvocation="291" maxMicrosecondsPerInvocation="4412" standardDeviationMircosecondsPerInvocation="530"/>
      <ClassProfile name="edu.umd.cs.findbugs.detect.InfiniteLoop" totalMilliseconds="20" invocations="70" avgMicrosecondsPerInvocation="297" maxMicrosecondsPerInvocation="4034" standardDeviationMircosecondsPerInvocation="582"/>
      <ClassProfile name="edu.umd.cs.findbugs.detect.RepeatedConditionals" totalMilliseconds="20" invocations="70" avgMicrosecondsPerInvocation="297" maxMicrosecondsPerInvocation="3995" standardDeviationMircosecondsPerInvocation="522"/>
      <ClassProfile name="com.mebigfatguy.fbcontrib.detect.PartiallyConstructedObjectAccess" totalMilliseconds="21" invocations="70" avgMicrosecondsPerInvocation="300" maxMicrosecondsPerInvocation="4552" standardDeviationMircosecondsPerInvocation="564"/>
      <ClassProfile name="com.mebigfatguy.fbcontrib.detect.ReflectionOnObjectMethods" totalMilliseconds="22" invocations="70" avgMicrosecondsPerInvocation="321" maxMicrosecondsPerInvocation="3117" standardDeviationMircosecondsPerInvocation="465"/>
      <ClassProfile name="edu.umd.cs.findbugs.detect.FindSelfComparison" totalMilliseconds="23" invocations="70" avgMicrosecondsPerInvocation="330" maxMicrosecondsPerInvocation="4340" standardDeviationMircosecondsPerInvocation="581"/>
      <ClassProfile name="edu.umd.cs.findbugs.detect.RuntimeExceptionCapture" totalMilliseconds="23" invocations="70" avgMicrosecondsPerInvocation="330" maxMicrosecondsPerInvocation="3279" standardDeviationMircosecondsPerInvocation="472"/>
      <ClassProfile name="com.mebigfatguy.fbcontrib.detect.WriteOnlyCollection" totalMilliseconds="23" invocations="70" avgMicrosecondsPerInvocation="330" maxMicrosecondsPerInvocation="4015" standardDeviationMircosecondsPerInvocation="589"/>
      <ClassProfile name="gti.findbugs.SwitchOnEnum" totalMilliseconds="23" invocations="70" avgMicrosecondsPerInvocation="331" maxMicrosecondsPerInvocation="4032" standardDeviationMircosecondsPerInvocation="552"/>
      <ClassProfile name="com.mebigfatguy.fbcontrib.detect.OrphanedDOMNode" totalMilliseconds="23" invocations="70" avgMicrosecondsPerInvocation="334" maxMicrosecondsPerInvocation="4517" standardDeviationMircosecondsPerInvocation="556"/>
      <ClassProfile name="edu.umd.cs.findbugs.detect.MutableStaticFields" totalMilliseconds="24" invocations="70" avgMicrosecondsPerInvocation="344" maxMicrosecondsPerInvocation="20167" standardDeviationMircosecondsPerInvocation="2388"/>
      <ClassProfile name="edu.umd.cs.findbugs.detect.FindPuzzlers" totalMilliseconds="24" invocations="70" avgMicrosecondsPerInvocation="347" maxMicrosecondsPerInvocation="4741" standardDeviationMircosecondsPerInvocation="622"/>
      <ClassProfile name="com.mebigfatguy.fbcontrib.detect.Section508Compliance" totalMilliseconds="24" invocations="70" avgMicrosecondsPerInvocation="351" maxMicrosecondsPerInvocation="4320" standardDeviationMircosecondsPerInvocation="557"/>
      <ClassProfile name="com.mebigfatguy.fbcontrib.detect.UseAddAll" totalMilliseconds="25" invocations="70" avgMicrosecondsPerInvocation="367" maxMicrosecondsPerInvocation="6437" standardDeviationMircosecondsPerInvocation="820"/>
      <ClassProfile name="com.mebigfatguy.fbcontrib.detect.UnnecessaryNewNullCheck" totalMilliseconds="26" invocations="70" avgMicrosecondsPerInvocation="385" maxMicrosecondsPerInvocation="16132" standardDeviationMircosecondsPerInvocation="1925"/>
      <ClassProfile name="com.mebigfatguy.fbcontrib.detect.SuspiciousClusteredSessionSupport" totalMilliseconds="27" invocations="70" avgMicrosecondsPerInvocation="395" maxMicrosecondsPerInvocation="3957" standardDeviationMircosecondsPerInvocation="658"/>
      <ClassProfile name="com.mebigfatguy.fbcontrib.detect.LocalSynchronizedCollection" totalMilliseconds="28" invocations="70" avgMicrosecondsPerInvocation="400" maxMicrosecondsPerInvocation="3587" standardDeviationMircosecondsPerInvocation="527"/>
      <ClassProfile name="com.mebigfatguy.fbcontrib.detect.PossiblyRedundantMethodCalls" totalMilliseconds="29" invocations="70" avgMicrosecondsPerInvocation="426" maxMicrosecondsPerInvocation="5082" standardDeviationMircosecondsPerInvocation="749"/>
      <ClassProfile name="edu.umd.cs.findbugs.util.TopologicalSort" totalMilliseconds="30" invocations="71" avgMicrosecondsPerInvocation="429" maxMicrosecondsPerInvocation="20311" standardDeviationMircosecondsPerInvocation="2403"/>
      <ClassProfile name="edu.umd.cs.findbugs.detect.Methods" totalMilliseconds="31" invocations="734" avgMicrosecondsPerInvocation="43" maxMicrosecondsPerInvocation="2770" standardDeviationMircosecondsPerInvocation="154"/>
      <ClassProfile name="edu.umd.cs.findbugs.detect.NoteCheckReturnValue" totalMilliseconds="32" invocations="734" avgMicrosecondsPerInvocation="44" maxMicrosecondsPerInvocation="2843" standardDeviationMircosecondsPerInvocation="149"/>
      <ClassProfile name="com.mebigfatguy.fbcontrib.detect.SillynessPotPourri" totalMilliseconds="32" invocations="70" avgMicrosecondsPerInvocation="469" maxMicrosecondsPerInvocation="6550" standardDeviationMircosecondsPerInvocation="865"/>
      <ClassProfile name="edu.umd.cs.findbugs.detect.NoteAnnotationRetention" totalMilliseconds="33" invocations="734" avgMicrosecondsPerInvocation="46" maxMicrosecondsPerInvocation="2891" standardDeviationMircosecondsPerInvocation="151"/>
      <ClassProfile name="edu.umd.cs.findbugs.detect.DumbMethods" totalMilliseconds="34" invocations="70" avgMicrosecondsPerInvocation="494" maxMicrosecondsPerInvocation="6759" standardDeviationMircosecondsPerInvocation="892"/>
      <ClassProfile name="edu.umd.cs.findbugs.detect.ReadOfInstanceFieldInMethodInvokedByConstructorInSuperclass" totalMilliseconds="35" invocations="70" avgMicrosecondsPerInvocation="505" maxMicrosecondsPerInvocation="24061" standardDeviationMircosecondsPerInvocation="2842"/>
      <ClassProfile name="edu.umd.cs.findbugs.detect.FindNonSerializableStoreIntoSession" totalMilliseconds="36" invocations="70" avgMicrosecondsPerInvocation="520" maxMicrosecondsPerInvocation="28168" standardDeviationMircosecondsPerInvocation="3330"/>
      <ClassProfile name="edu.umd.cs.findbugs.detect.CrossSiteScripting" totalMilliseconds="36" invocations="70" avgMicrosecondsPerInvocation="521" maxMicrosecondsPerInvocation="20949" standardDeviationMircosecondsPerInvocation="2489"/>
      <ClassProfile name="edu.umd.cs.findbugs.detect.NoteNonNullAnnotations" totalMilliseconds="37" invocations="734" avgMicrosecondsPerInvocation="50" maxMicrosecondsPerInvocation="2830" standardDeviationMircosecondsPerInvocation="164"/>
      <ClassProfile name="edu.umd.cs.findbugs.detect.UnreadFields" totalMilliseconds="37" invocations="70" avgMicrosecondsPerInvocation="534" maxMicrosecondsPerInvocation="7811" standardDeviationMircosecondsPerInvocation="964"/>
      <ClassProfile name="com.mebigfatguy.fbcontrib.detect.DeletingWhileIterating" totalMilliseconds="38" invocations="70" avgMicrosecondsPerInvocation="551" maxMicrosecondsPerInvocation="8056" standardDeviationMircosecondsPerInvocation="1073"/>
      <ClassProfile name="edu.umd.cs.findbugs.detect.FindNullDeref" totalMilliseconds="38" invocations="70" avgMicrosecondsPerInvocation="552" maxMicrosecondsPerInvocation="4162" standardDeviationMircosecondsPerInvocation="796"/>
      <ClassProfile name="edu.umd.cs.findbugs.classfile.engine.asm.ClassReaderAnalysisEngine" totalMilliseconds="39" invocations="2872" avgMicrosecondsPerInvocation="13" maxMicrosecondsPerInvocation="8003" standardDeviationMircosecondsPerInvocation="200"/>
      <ClassProfile name="edu.umd.cs.findbugs.detect.FindHEmismatch" totalMilliseconds="40" invocations="70" avgMicrosecondsPerInvocation="577" maxMicrosecondsPerInvocation="20888" standardDeviationMircosecondsPerInvocation="2482"/>
      <ClassProfile name="edu.umd.cs.findbugs.detect.FindDoubleCheck" totalMilliseconds="40" invocations="70" avgMicrosecondsPerInvocation="582" maxMicrosecondsPerInvocation="32563" standardDeviationMircosecondsPerInvocation="3854"/>
      <ClassProfile name="edu.umd.cs.findbugs.detect.FindSqlInjection" totalMilliseconds="41" invocations="70" avgMicrosecondsPerInvocation="599" maxMicrosecondsPerInvocation="16801" standardDeviationMircosecondsPerInvocation="2011"/>
      <ClassProfile name="edu.umd.cs.findbugs.detect.NoteJCIPAnnotation" totalMilliseconds="43" invocations="734" avgMicrosecondsPerInvocation="59" maxMicrosecondsPerInvocation="3102" standardDeviationMircosecondsPerInvocation="201"/>
      <ClassProfile name="com.mebigfatguy.fbcontrib.detect.SuspiciousWaitOnConcurrentObject" totalMilliseconds="43" invocations="70" avgMicrosecondsPerInvocation="628" maxMicrosecondsPerInvocation="29600" standardDeviationMircosecondsPerInvocation="3502"/>
      <ClassProfile name="edu.umd.cs.findbugs.detect.DumbMethodInvocations" totalMilliseconds="44" invocations="70" avgMicrosecondsPerInvocation="632" maxMicrosecondsPerInvocation="22882" standardDeviationMircosecondsPerInvocation="2704"/>
      <ClassProfile name="com.mebigfatguy.fbcontrib.detect.CustomBuiltXML" totalMilliseconds="44" invocations="70" avgMicrosecondsPerInvocation="637" maxMicrosecondsPerInvocation="32332" standardDeviationMircosecondsPerInvocation="3823"/>
      <ClassProfile name="edu.umd.cs.findbugs.classfile.engine.bcel.ReverseDepthFirstSearchFactory" totalMilliseconds="44" invocations="359" avgMicrosecondsPerInvocation="124" maxMicrosecondsPerInvocation="24074" standardDeviationMircosecondsPerInvocation="1268"/>
      <ClassProfile name="com.mebigfatguy.fbcontrib.detect.JDBCVendorReliance" totalMilliseconds="45" invocations="70" avgMicrosecondsPerInvocation="650" maxMicrosecondsPerInvocation="24352" standardDeviationMircosecondsPerInvocation="2901"/>
      <ClassProfile name="edu.umd.cs.findbugs.detect.FindRefComparison" totalMilliseconds="45" invocations="70" avgMicrosecondsPerInvocation="654" maxMicrosecondsPerInvocation="4533" standardDeviationMircosecondsPerInvocation="836"/>
      <ClassProfile name="edu.umd.cs.findbugs.detect.HugeSharedStringConstants" totalMilliseconds="47" invocations="70" avgMicrosecondsPerInvocation="672" maxMicrosecondsPerInvocation="44072" standardDeviationMircosecondsPerInvocation="5225"/>
      <ClassProfile name="edu.umd.cs.findbugs.detect.NoteSuppressedWarnings" totalMilliseconds="47" invocations="734" avgMicrosecondsPerInvocation="64" maxMicrosecondsPerInvocation="2468" standardDeviationMircosecondsPerInvocation="175"/>
      <ClassProfile name="edu.umd.cs.findbugs.detect.URLProblems" totalMilliseconds="47" invocations="70" avgMicrosecondsPerInvocation="679" maxMicrosecondsPerInvocation="7510" standardDeviationMircosecondsPerInvocation="1194"/>
      <ClassProfile name="edu.umd.cs.findbugs.classfile.engine.bcel.AssertionMethodsFactory" totalMilliseconds="47" invocations="70" avgMicrosecondsPerInvocation="680" maxMicrosecondsPerInvocation="42532" standardDeviationMircosecondsPerInvocation="5039"/>
      <ClassProfile name="edu.umd.cs.findbugs.detect.SerializableIdiom" totalMilliseconds="48" invocations="70" avgMicrosecondsPerInvocation="689" maxMicrosecondsPerInvocation="25264" standardDeviationMircosecondsPerInvocation="3064"/>
      <ClassProfile name="edu.umd.cs.findbugs.detect.DuplicateBranches" totalMilliseconds="49" invocations="70" avgMicrosecondsPerInvocation="702" maxMicrosecondsPerInvocation="31093" standardDeviationMircosecondsPerInvocation="3720"/>
      <ClassProfile name="edu.umd.cs.findbugs.detect.BooleanReturnNull" totalMilliseconds="49" invocations="70" avgMicrosecondsPerInvocation="703" maxMicrosecondsPerInvocation="45240" standardDeviationMircosecondsPerInvocation="5362"/>
      <ClassProfile name="edu.umd.cs.findbugs.detect.SwitchFallthrough" totalMilliseconds="50" invocations="70" avgMicrosecondsPerInvocation="721" maxMicrosecondsPerInvocation="24229" standardDeviationMircosecondsPerInvocation="2894"/>
      <ClassProfile name="gti.findbugs.TranslationFormatStringChecker" totalMilliseconds="51" invocations="70" avgMicrosecondsPerInvocation="735" maxMicrosecondsPerInvocation="36360" standardDeviationMircosecondsPerInvocation="4300"/>
      <ClassProfile name="com.mebigfatguy.fbcontrib.detect.InefficientStringBuffering" totalMilliseconds="53" invocations="70" avgMicrosecondsPerInvocation="761" maxMicrosecondsPerInvocation="35700" standardDeviationMircosecondsPerInvocation="4210"/>
      <ClassProfile name="com.mebigfatguy.fbcontrib.detect.AbstractClassEmptyMethods" totalMilliseconds="53" invocations="70" avgMicrosecondsPerInvocation="765" maxMicrosecondsPerInvocation="53057" standardDeviationMircosecondsPerInvocation="6295"/>
      <ClassProfile name="edu.umd.cs.findbugs.classfile.engine.bcel.DepthFirstSearchFactory" totalMilliseconds="56" invocations="438" avgMicrosecondsPerInvocation="128" maxMicrosecondsPerInvocation="32109" standardDeviationMircosecondsPerInvocation="1532"/>
      <ClassProfile name="edu.umd.cs.findbugs.detect.LostLoggerDueToWeakReference" totalMilliseconds="56" invocations="70" avgMicrosecondsPerInvocation="808" maxMicrosecondsPerInvocation="43998" standardDeviationMircosecondsPerInvocation="5204"/>
      <ClassProfile name="com.mebigfatguy.fbcontrib.detect.BloatedAssignmentScope" totalMilliseconds="57" invocations="70" avgMicrosecondsPerInvocation="820" maxMicrosecondsPerInvocation="24440" standardDeviationMircosecondsPerInvocation="2983"/>
      <ClassProfile name="edu.umd.cs.findbugs.detect.FindNullDeref$CheckCallSitesAndReturnInstructions" totalMilliseconds="57" invocations="357" avgMicrosecondsPerInvocation="161" maxMicrosecondsPerInvocation="2200" standardDeviationMircosecondsPerInvocation="240"/>
      <ClassProfile name="com.mebigfatguy.fbcontrib.detect.FieldCouldBeLocal" totalMilliseconds="63" invocations="70" avgMicrosecondsPerInvocation="909" maxMicrosecondsPerInvocation="50336" standardDeviationMircosecondsPerInvocation="5967"/>
      <ClassProfile name="edu.umd.cs.findbugs.classfile.engine.bcel.MethodFactory" totalMilliseconds="64" invocations="683" avgMicrosecondsPerInvocation="94" maxMicrosecondsPerInvocation="32002" standardDeviationMircosecondsPerInvocation="1225"/>
      <ClassProfile name="com.mebigfatguy.fbcontrib.detect.CopiedOverriddenMethod" totalMilliseconds="65" invocations="70" avgMicrosecondsPerInvocation="933" maxMicrosecondsPerInvocation="14874" standardDeviationMircosecondsPerInvocation="1853"/>
      <ClassProfile name="com.mebigfatguy.fbcontrib.detect.OverlyConcreteParameter" totalMilliseconds="66" invocations="70" avgMicrosecondsPerInvocation="956" maxMicrosecondsPerInvocation="24575" standardDeviationMircosecondsPerInvocation="3211"/>
      <ClassProfile name="edu.umd.cs.findbugs.detect.FindBadCast2" totalMilliseconds="67" invocations="70" avgMicrosecondsPerInvocation="964" maxMicrosecondsPerInvocation="43737" standardDeviationMircosecondsPerInvocation="5256"/>
      <ClassProfile name="edu.umd.cs.findbugs.detect.FindNonShortCircuit" totalMilliseconds="69" invocations="70" avgMicrosecondsPerInvocation="993" maxMicrosecondsPerInvocation="52384" standardDeviationMircosecondsPerInvocation="6201"/>
      <ClassProfile name="edu.umd.cs.findbugs.detect.FindDeadLocalStores" totalMilliseconds="69" invocations="70" avgMicrosecondsPerInvocation="998" maxMicrosecondsPerInvocation="22564" standardDeviationMircosecondsPerInvocation="2893"/>
      <ClassProfile name="edu.umd.cs.findbugs.detect.NoteCheckReturnValueAnnotations" totalMilliseconds="72" invocations="734" avgMicrosecondsPerInvocation="98" maxMicrosecondsPerInvocation="40918" standardDeviationMircosecondsPerInvocation="1517"/>
      <ClassProfile name="edu.umd.cs.findbugs.detect.NoteNonnullReturnValues" totalMilliseconds="83" invocations="70" avgMicrosecondsPerInvocation="1190" maxMicrosecondsPerInvocation="42944" standardDeviationMircosecondsPerInvocation="5088"/>
      <ClassProfile name="edu.umd.cs.findbugs.detect.FindInconsistentSync2" totalMilliseconds="87" invocations="70" avgMicrosecondsPerInvocation="1246" maxMicrosecondsPerInvocation="18511" standardDeviationMircosecondsPerInvocation="2650"/>
      <ClassProfile name="edu.umd.cs.findbugs.detect.LoadOfKnownNullValue" totalMilliseconds="93" invocations="70" avgMicrosecondsPerInvocation="1334" maxMicrosecondsPerInvocation="12647" standardDeviationMircosecondsPerInvocation="2296"/>
      <ClassProfile name="edu.umd.cs.findbugs.classfile.engine.bcel.LiveLocalStoreDataflowFactory" totalMilliseconds="96" invocations="332" avgMicrosecondsPerInvocation="290" maxMicrosecondsPerInvocation="4761" standardDeviationMircosecondsPerInvocation="491"/>
      <ClassProfile name="edu.umd.cs.findbugs.NonReportingDetectorToDetector2Adapter" totalMilliseconds="109" invocations="10416" avgMicrosecondsPerInvocation="10" maxMicrosecondsPerInvocation="31595" standardDeviationMircosecondsPerInvocation="310"/>
      <ClassProfile name="com.mebigfatguy.fbcontrib.detect.MoreDumbMethods" totalMilliseconds="110" invocations="70" avgMicrosecondsPerInvocation="1573" maxMicrosecondsPerInvocation="25235" standardDeviationMircosecondsPerInvocation="3912"/>
      <ClassProfile name="edu.umd.cs.findbugs.DetectorToDetector2Adapter" totalMilliseconds="132" invocations="14804" avgMicrosecondsPerInvocation="8" maxMicrosecondsPerInvocation="33802" standardDeviationMircosecondsPerInvocation="290"/>
      <ClassProfile name="edu.umd.cs.findbugs.classfile.impl.ZipCodeBaseFactory" totalMilliseconds="135" invocations="169" avgMicrosecondsPerInvocation="801" maxMicrosecondsPerInvocation="89772" standardDeviationMircosecondsPerInvocation="6890"/>
      <ClassProfile name="edu.umd.cs.findbugs.classfile.engine.bcel.ConstantDataflowFactory" totalMilliseconds="183" invocations="359" avgMicrosecondsPerInvocation="511" maxMicrosecondsPerInvocation="32240" standardDeviationMircosecondsPerInvocation="1836"/>
      <ClassProfile name="edu.umd.cs.findbugs.ba.npe.TypeQualifierNullnessAnnotationDatabase" totalMilliseconds="208" invocations="4673" avgMicrosecondsPerInvocation="44" maxMicrosecondsPerInvocation="46346" standardDeviationMircosecondsPerInvocation="957"/>
      <ClassProfile name="edu.umd.cs.findbugs.detect.EqualsOperandShouldHaveClassCompatibleWithThis" totalMilliseconds="259" invocations="734" avgMicrosecondsPerInvocation="352" maxMicrosecondsPerInvocation="57233" standardDeviationMircosecondsPerInvocation="2218"/>
      <ClassProfile name="edu.umd.cs.findbugs.detect.BuildObligationPolicyDatabase" totalMilliseconds="312" invocations="734" avgMicrosecondsPerInvocation="425" maxMicrosecondsPerInvocation="77899" standardDeviationMircosecondsPerInvocation="2979"/>
      <ClassProfile name="edu.umd.cs.findbugs.detect.FindRefComparison$SpecialTypeAnalysis" totalMilliseconds="329" invocations="244" avgMicrosecondsPerInvocation="1351" maxMicrosecondsPerInvocation="26734" standardDeviationMircosecondsPerInvocation="2781"/>
      <ClassProfile name="com.mebigfatguy.fbcontrib.collect.CollectStatistics" totalMilliseconds="334" invocations="734" avgMicrosecondsPerInvocation="455" maxMicrosecondsPerInvocation="32209" standardDeviationMircosecondsPerInvocation="1671"/>
      <ClassProfile name="edu.umd.cs.findbugs.detect.ReflectiveClasses" totalMilliseconds="355" invocations="734" avgMicrosecondsPerInvocation="484" maxMicrosecondsPerInvocation="50492" standardDeviationMircosecondsPerInvocation="2545"/>
      <ClassProfile name="com.mebigfatguy.fbcontrib.detect.FinalParameters" totalMilliseconds="373" invocations="70" avgMicrosecondsPerInvocation="5332" maxMicrosecondsPerInvocation="52760" standardDeviationMircosecondsPerInvocation="10208"/>
      <ClassProfile name="edu.umd.cs.findbugs.classfile.engine.bcel.CFGFactory" totalMilliseconds="392" invocations="359" avgMicrosecondsPerInvocation="1094" maxMicrosecondsPerInvocation="103695" standardDeviationMircosecondsPerInvocation="5778"/>
      <ClassProfile name="edu.umd.cs.findbugs.classfile.engine.bcel.MethodGenFactory" totalMilliseconds="403" invocations="360" avgMicrosecondsPerInvocation="1120" maxMicrosecondsPerInvocation="121541" standardDeviationMircosecondsPerInvocation="7365"/>
      <ClassProfile name="edu.umd.cs.findbugs.classfile.engine.bcel.JavaClassAnalysisEngine" totalMilliseconds="473" invocations="888" avgMicrosecondsPerInvocation="532" maxMicrosecondsPerInvocation="76795" standardDeviationMircosecondsPerInvocation="3453"/>
      <ClassProfile name="edu.umd.cs.findbugs.detect.ReadReturnShouldBeChecked" totalMilliseconds="484" invocations="70" avgMicrosecondsPerInvocation="6916" maxMicrosecondsPerInvocation="478119" standardDeviationMircosecondsPerInvocation="56726"/>
      <ClassProfile name="edu.umd.cs.findbugs.detect.CalledMethods" totalMilliseconds="494" invocations="734" avgMicrosecondsPerInvocation="673" maxMicrosecondsPerInvocation="46117" standardDeviationMircosecondsPerInvocation="3118"/>
      <ClassProfile name="edu.umd.cs.findbugs.detect.OverridingEqualsNotSymmetrical" totalMilliseconds="678" invocations="734" avgMicrosecondsPerInvocation="923" maxMicrosecondsPerInvocation="61599" standardDeviationMircosecondsPerInvocation="4482"/>
      <ClassProfile name="edu.umd.cs.findbugs.classfile.engine.bcel.IsNullValueDataflowFactory" totalMilliseconds="711" invocations="359" avgMicrosecondsPerInvocation="1983" maxMicrosecondsPerInvocation="47513" standardDeviationMircosecondsPerInvocation="4080"/>
      <ClassProfile name="edu.umd.cs.findbugs.classfile.engine.bcel.ValueNumberDataflowFactory" totalMilliseconds="736" invocations="439" avgMicrosecondsPerInvocation="1676" maxMicrosecondsPerInvocation="56959" standardDeviationMircosecondsPerInvocation="5393"/>
      <ClassProfile name="edu.umd.cs.findbugs.ba.npe.NullDerefAndRedundantComparisonFinder" totalMilliseconds="740" invocations="357" avgMicrosecondsPerInvocation="2073" maxMicrosecondsPerInvocation="63660" standardDeviationMircosecondsPerInvocation="6119"/>
      <ClassProfile name="edu.umd.cs.findbugs.classfile.engine.bcel.TypeDataflowFactory" totalMilliseconds="743" invocations="361" avgMicrosecondsPerInvocation="2059" maxMicrosecondsPerInvocation="124745" standardDeviationMircosecondsPerInvocation="8555"/>
      <ClassProfile name="edu.umd.cs.findbugs.classfile.engine.bcel.UnconditionalValueDerefDataflowFactory" totalMilliseconds="1170" invocations="359" avgMicrosecondsPerInvocation="3260" maxMicrosecondsPerInvocation="66553" standardDeviationMircosecondsPerInvocation="8883"/>
      <ClassProfile name="edu.umd.cs.findbugs.detect.NoteDirectlyRelevantTypeQualifiers" totalMilliseconds="1188" invocations="734" avgMicrosecondsPerInvocation="1618" maxMicrosecondsPerInvocation="79728" standardDeviationMircosecondsPerInvocation="7222"/>
      <ClassProfile name="edu.umd.cs.findbugs.classfile.engine.ClassInfoAnalysisEngine" totalMilliseconds="1388" invocations="3119" avgMicrosecondsPerInvocation="445" maxMicrosecondsPerInvocation="65778" standardDeviationMircosecondsPerInvocation="2316"/>
      <ClassProfile name="edu.umd.cs.findbugs.classfile.engine.ClassDataAnalysisEngine" totalMilliseconds="1737" invocations="3123" avgMicrosecondsPerInvocation="556" maxMicrosecondsPerInvocation="107300" standardDeviationMircosecondsPerInvocation="2798"/>
      <ClassProfile name="edu.umd.cs.findbugs.detect.FieldItemSummary" totalMilliseconds="2048" invocations="734" avgMicrosecondsPerInvocation="2790" maxMicrosecondsPerInvocation="300531" standardDeviationMircosecondsPerInvocation="14387"/>
      <ClassProfile name="edu.umd.cs.findbugs.OpcodeStack$JumpInfoFactory" totalMilliseconds="2237" invocations="13765" avgMicrosecondsPerInvocation="162" maxMicrosecondsPerInvocation="316590" standardDeviationMircosecondsPerInvocation="3063"/>
    </FindBugsProfile>
  </FindBugsSummary>
  <ClassFeatures></ClassFeatures>
  <History></History>
</BugCollection>
