<?xml version="1.0" encoding="UTF-8"?><InteractionHistory Id="https://issues.jenkins-ci.org-141800" Version="1"><InteractionEvent Delta="null" EndDate="2011-11-01 10:01:06.303 EDT" Interest="5.0" Kind="selection" Navigation="null" OriginId="org.eclipse.jdt.ui.CompilationUnitEditor" StartDate="2011-11-01 09:59:18.670 EDT" StructureHandle="=jenkins-cloudformation-plugin/src\/main\/java&amp;lt;com.syncapse.jenkinsci.plugins.awscloudformationwrapper{CloudFormationBuildWrapper.java[CloudFormationBuildWrapper" StructureKind="java" NumEvents="5" CreationCount="4"/><InteractionEvent Delta="null" EndDate="2011-11-01 10:10:06.56 EDT" Interest="47.0" Kind="propagation" Navigation="null" OriginId="org.eclipse.jdt.ui.CompilationUnitEditor" StartDate="2011-11-01 09:59:17.879 EDT" StructureHandle="/jenkins-cloudformation-plugin/src/main/java/com/syncapse/jenkinsci/plugins/awscloudformationwrapper/CloudFormationBuildWrapper.java" StructureKind="resource" NumEvents="47" CreationCount="2"/><InteractionEvent Delta="null" EndDate="2011-11-01 10:10:06.57 EDT" Interest="47.0" Kind="propagation" Navigation="org.eclipse.mylyn.core.model.edges.containment" OriginId="org.eclipse.mylyn.core.model.interest.propagation" StartDate="2011-11-01 09:59:17.880 EDT" StructureHandle="/jenkins-cloudformation-plugin/src" StructureKind="resource" NumEvents="47" CreationCount="2"/><InteractionEvent Delta="null" EndDate="2011-11-01 09:59:07.781 EDT" Interest="1.0" Kind="selection" Navigation="null" OriginId="org.eclipse.jdt.ui.PackageExplorer" StartDate="2011-11-01 09:59:07.781 EDT" StructureHandle="=jenkins-cloudformation-plugin" StructureKind="java"/><InteractionEvent Delta="null" EndDate="2011-11-01 11:01:03.162 EDT" Interest="2.0" Kind="edit" Navigation="null" OriginId="org.eclipse.m2e.editor.MavenPomEditor" StartDate="2011-11-01 11:00:49.788 EDT" StructureHandle="/jenkins-cloudformation-plugin/pom.xml" StructureKind="resource" NumEvents="2" CreationCount="49"/><InteractionEvent Delta="null" EndDate="2011-11-01 11:01:03.162 EDT" Interest="52.0" Kind="propagation" Navigation="null" OriginId="org.eclipse.m2e.editor.MavenPomEditor" StartDate="2011-11-01 13:35:08.928 EDT" StructureHandle="/jenkins-cloudformation-plugin" StructureKind="resource" NumEvents="2" CreationCount="32"/><InteractionEvent Delta="null" EndDate="2011-11-01 10:10:06.57 EDT" Interest="46.017" Kind="propagation" Navigation="org.eclipse.mylyn.core.model.edges.containment" OriginId="org.eclipse.mylyn.core.model.interest.propagation" StartDate="2011-11-01 09:59:17.880 EDT" StructureHandle="=jenkins-cloudformation-plugin" StructureKind="resource" NumEvents="47" CreationCount="1"/><InteractionEvent Delta="null" EndDate="2011-11-01 10:10:06.57 EDT" Interest="47.0" Kind="propagation" Navigation="org.eclipse.mylyn.core.model.edges.containment" OriginId="org.eclipse.mylyn.core.model.interest.propagation" StartDate="2011-11-01 09:59:17.880 EDT" StructureHandle="/jenkins-cloudformation-plugin/src/main/java" StructureKind="resource" NumEvents="47" CreationCount="2"/><InteractionEvent Delta="null" EndDate="2011-11-01 10:01:14.571 EDT" Interest="18.0" Kind="edit" Navigation="null" OriginId="org.eclipse.jdt.ui.CompilationUnitEditor" StartDate="2011-11-01 09:59:51.25 EDT" StructureHandle="=jenkins-cloudformation-plugin/src\/main\/java&amp;lt;com.syncapse.jenkinsci.plugins.awscloudformationwrapper{CloudFormationBuildWrapper.java[CloudFormationBuildWrapper~readResolve" StructureKind="java" NumEvents="18" CreationCount="16"/><InteractionEvent Delta="null" EndDate="2011-11-01 10:10:06.57 EDT" Interest="47.0" Kind="propagation" Navigation="org.eclipse.mylyn.core.model.edges.containment" OriginId="org.eclipse.mylyn.core.model.interest.propagation" StartDate="2011-11-01 09:59:17.880 EDT" StructureHandle="/jenkins-cloudformation-plugin/src/main" StructureKind="resource" NumEvents="47" CreationCount="2"/><InteractionEvent Delta="null" EndDate="2011-11-01 09:59:45.167 EDT" Interest="5.0" Kind="edit" Navigation="null" OriginId="org.eclipse.jdt.ui.CompilationUnitEditor" StartDate="2011-11-01 09:59:31.155 EDT" StructureHandle="=jenkins-cloudformation-plugin/src\/main\/java&amp;lt;com.syncapse.jenkinsci.plugins.awscloudformationwrapper{CloudFormationBuildWrapper.java[CloudFormationBuildWrapper" StructureKind="java" NumEvents="5" CreationCount="4"/><InteractionEvent Delta="null" EndDate="2011-11-01 10:01:22.67 EDT" Interest="1.0" Kind="selection" Navigation="null" OriginId="org.eclipse.jdt.ui.CompilationUnitEditor" StartDate="2011-11-01 10:01:22.67 EDT" StructureHandle="=jenkins-cloudformation-plugin/src\/main\/java&amp;lt;com.syncapse.jenkinsci.plugins.awscloudformationwrapper{CloudFormationBuildWrapper.java[CloudFormationBuildWrapper~newCloudFormation~QStackBean;~QAbstractBuild\&amp;lt;**&amp;gt;;~QEnvVars;~QPrintStream;" StructureKind="java"/><InteractionEvent Delta="null" EndDate="2011-11-01 10:01:07.721 EDT" Interest="4.0" Kind="selection" Navigation="null" OriginId="org.eclipse.jdt.ui.CompilationUnitEditor" StartDate="2011-11-01 09:59:41.748 EDT" StructureHandle="=jenkins-cloudformation-plugin/src\/main\/java&amp;lt;com.syncapse.jenkinsci.plugins.awscloudformationwrapper{CloudFormationBuildWrapper.java[CloudFormationBuildWrapper~readResolve" StructureKind="java" NumEvents="4" CreationCount="16"/><InteractionEvent Delta="null" EndDate="2011-11-01 10:10:06.58 EDT" Interest="47.017" Kind="propagation" Navigation="org.eclipse.mylyn.core.model.edges.containment" OriginId="org.eclipse.mylyn.core.model.interest.propagation" StartDate="2011-11-01 09:59:07.781 EDT" StructureHandle="" StructureKind="java" NumEvents="48" CreationCount="1"/><InteractionEvent Delta="null" EndDate="2011-11-01 10:10:05.911 EDT" Interest="6.0" Kind="selection" Navigation="null" OriginId="org.eclipse.jdt.ui.CompilationUnitEditor" StartDate="2011-11-01 09:59:17.879 EDT" StructureHandle="=jenkins-cloudformation-plugin/src\/main\/java&amp;lt;com.syncapse.jenkinsci.plugins.awscloudformationwrapper{CloudFormationBuildWrapper.java" StructureKind="java" NumEvents="6" CreationCount="2"/><InteractionEvent Delta="null" EndDate="2011-11-01 13:35:08.928 EDT" Interest="52.0" Kind="propagation" Navigation="org.eclipse.mylyn.core.model.edges.containment" OriginId="org.eclipse.mylyn.core.model.interest.propagation" StartDate="2011-11-01 09:59:07.781 EDT" StructureHandle="/" StructureKind="resource" NumEvents="52" CreationCount="1"/><InteractionEvent Delta="null" EndDate="2011-11-01 10:10:05.912 EDT" Interest="17.837997" Kind="propagation" Navigation="org.eclipse.mylyn.core.model.edges.containment" OriginId="org.eclipse.mylyn.core.model.interest.propagation" StartDate="2011-11-01 09:59:17.880 EDT" StructureHandle="=jenkins-cloudformation-plugin/src\/main\/java" StructureKind="java" NumEvents="25" CreationCount="2"/><InteractionEvent Delta="null" EndDate="2011-11-01 10:01:14.572 EDT" Interest="11.837998" Kind="propagation" Navigation="org.eclipse.mylyn.core.model.edges.containment" OriginId="org.eclipse.mylyn.core.model.interest.propagation" StartDate="2011-11-01 09:59:24.507 EDT" StructureHandle="=jenkins-cloudformation-plugin/src\/main\/java&amp;lt;com.syncapse.jenkinsci.plugins.awscloudformationwrapper{CloudFormationBuildWrapper.java" StructureKind="java" NumEvents="18" CreationCount="2"/><InteractionEvent Delta="null" EndDate="2011-11-01 10:10:06.57 EDT" Interest="47.0" Kind="propagation" Navigation="org.eclipse.mylyn.core.model.edges.containment" OriginId="org.eclipse.mylyn.core.model.interest.propagation" StartDate="2011-11-01 09:59:17.880 EDT" StructureHandle="/jenkins-cloudformation-plugin/src/main/java/com/syncapse" StructureKind="resource" NumEvents="47" CreationCount="2"/><InteractionEvent Delta="null" EndDate="2011-11-01 13:35:08.926 EDT" Interest="2.0" Kind="selection" Navigation="null" OriginId="org.eclipse.m2e.editor.MavenPomEditor" StartDate="2011-11-01 11:00:47.449 EDT" StructureHandle="/jenkins-cloudformation-plugin/pom.xml" StructureKind="resource" NumEvents="2" CreationCount="49"/><InteractionEvent Delta="null" EndDate="2011-11-01 09:59:26.396 EDT" Interest="3.0" Kind="edit" Navigation="null" OriginId="org.eclipse.jdt.ui.CompilationUnitEditor" StartDate="2011-11-01 09:59:22.803 EDT" StructureHandle="=jenkins-cloudformation-plugin/src\/main\/java&amp;lt;com.syncapse.jenkinsci.plugins.awscloudformationwrapper{CloudFormationBuildWrapper.java[CloudFormationBuildWrapper^cloudFormations" StructureKind="java" NumEvents="3" CreationCount="5"/><InteractionEvent Delta="null" EndDate="2011-11-01 10:10:06.57 EDT" Interest="47.0" Kind="propagation" Navigation="org.eclipse.mylyn.core.model.edges.containment" OriginId="org.eclipse.mylyn.core.model.interest.propagation" StartDate="2011-11-01 09:59:17.880 EDT" StructureHandle="/jenkins-cloudformation-plugin/src/main/java/com/syncapse/jenkinsci/plugins" StructureKind="resource" NumEvents="47" CreationCount="2"/><InteractionEvent Delta="null" EndDate="2011-11-01 10:10:06.57 EDT" Interest="47.0" Kind="propagation" Navigation="org.eclipse.mylyn.core.model.edges.containment" OriginId="org.eclipse.mylyn.core.model.interest.propagation" StartDate="2011-11-01 09:59:17.880 EDT" StructureHandle="/jenkins-cloudformation-plugin/src/main/java/com" StructureKind="resource" NumEvents="47" CreationCount="2"/><InteractionEvent Delta="null" EndDate="2011-11-01 09:59:57.361 EDT" Interest="2.0" Kind="selection" Navigation="null" OriginId="org.eclipse.jdt.ui.CompilationUnitEditor" StartDate="2011-11-01 09:59:21.414 EDT" StructureHandle="=jenkins-cloudformation-plugin/src\/main\/java&amp;lt;com.syncapse.jenkinsci.plugins.awscloudformationwrapper{CloudFormationBuildWrapper.java[CloudFormationBuildWrapper^cloudFormations" StructureKind="java" NumEvents="2" CreationCount="5"/><InteractionEvent Delta="null" EndDate="2011-11-01 10:10:05.912 EDT" Interest="17.837997" Kind="propagation" Navigation="org.eclipse.mylyn.core.model.edges.containment" OriginId="org.eclipse.mylyn.core.model.interest.propagation" StartDate="2011-11-01 09:59:17.880 EDT" StructureHandle="=jenkins-cloudformation-plugin/src\/main\/java&amp;lt;com.syncapse.jenkinsci.plugins.awscloudformationwrapper" StructureKind="java" NumEvents="25" CreationCount="2"/><InteractionEvent Delta="null" EndDate="2011-11-01 10:10:06.57 EDT" Interest="47.0" Kind="propagation" Navigation="org.eclipse.mylyn.core.model.edges.containment" OriginId="org.eclipse.mylyn.core.model.interest.propagation" StartDate="2011-11-01 09:59:17.880 EDT" StructureHandle="/jenkins-cloudformation-plugin/src/main/java/com/syncapse/jenkinsci/plugins/awscloudformationwrapper" StructureKind="resource" NumEvents="47" CreationCount="2"/><InteractionEvent Delta="null" EndDate="2011-11-01 10:01:14.571 EDT" Interest="8.303999" Kind="propagation" Navigation="org.eclipse.mylyn.core.model.edges.containment" OriginId="org.eclipse.mylyn.core.model.interest.propagation" StartDate="2011-11-01 09:59:21.414 EDT" StructureHandle="=jenkins-cloudformation-plugin/src\/main\/java&amp;lt;com.syncapse.jenkinsci.plugins.awscloudformationwrapper{CloudFormationBuildWrapper.java[CloudFormationBuildWrapper" StructureKind="java" NumEvents="13" CreationCount="4"/><InteractionEvent Delta="null" EndDate="2011-11-01 10:10:06.56 EDT" Interest="1.0" Kind="edit" Navigation="null" OriginId="org.eclipse.jdt.ui.CompilationUnitEditor" StartDate="2011-11-01 10:10:06.56 EDT" StructureHandle="=jenkins-cloudformation-plugin/src\/main\/java&amp;lt;com.syncapse.jenkinsci.plugins.awscloudformationwrapper{CloudFormationBuildWrapper.java[CloudFormationBuildWrapper~newCloudFormation~QStackBean;~QAbstractBuild\&amp;lt;**&amp;gt;;~QEnvVars;~QPrintStream;" StructureKind="java"/><InteractionEvent Delta="null" EndDate="2011-11-01 10:10:06.57 EDT" Interest="47.0" Kind="propagation" Navigation="org.eclipse.mylyn.core.model.edges.containment" OriginId="org.eclipse.mylyn.core.model.interest.propagation" StartDate="2011-11-01 09:59:17.880 EDT" StructureHandle="/jenkins-cloudformation-plugin/src/main/java/com/syncapse/jenkinsci" StructureKind="resource" NumEvents="47" CreationCount="2"/></InteractionHistory>