<?xml version='1.0' encoding='UTF-8'?>
<annotation-array>
  <task>
    <message>How to manage different platforms configuration? --&gt;</message>
    <priority>NORMAL</priority>
    <key>392</key>
    <lineRanges>
      <range>
        <start>242</start>
        <end>242</end>
      </range>
    </lineRanges>
    <primaryLineNumber>242</primaryLineNumber>
    <fileName>D:/Hudson/jobs/moz-abcd/workspace/abcd/build.xml</fileName>
    <moduleName></moduleName>
    <packageName>undefined</packageName>
    <category></category>
    <type>TODO</type>
    <contextHashCode>2032273817</contextHashCode>
    <origin>tasks</origin>
  </task>
  <task>
    <message>this is redundant (done for each SecurityRules, while it depends only on the user)</message>
    <priority>NORMAL</priority>
    <key>409</key>
    <lineRanges>
      <range>
        <start>28</start>
        <end>28</end>
      </range>
    </lineRanges>
    <primaryLineNumber>28</primaryLineNumber>
    <fileName>D:/Hudson/jobs/moz-abcd/workspace/abcd/src/java/com/comp/gmi/moz/abcd/svc/data/server/security/impl/AbstractSecurityRules.java</fileName>
    <moduleName></moduleName>
    <packageName>com.comp.gmi.moz.abcd.svc.data.server.security.impl</packageName>
    <category></category>
    <type>TODO</type>
    <contextHashCode>-1210801438</contextHashCode>
    <origin>tasks</origin>
  </task>
  <task>
    <message>Should be automatically injected</message>
    <priority>NORMAL</priority>
    <key>422</key>
    <lineRanges>
      <range>
        <start>41</start>
        <end>41</end>
      </range>
    </lineRanges>
    <primaryLineNumber>41</primaryLineNumber>
    <fileName>D:/Hudson/jobs/moz-abcd/workspace/commons/src/java/com/comp/gmi/moz/user/server/service/AbstractServiceWithIdentification.java</fileName>
    <moduleName></moduleName>
    <packageName>com.comp.gmi.moz.user.server.service</packageName>
    <category></category>
    <type>TODO</type>
    <contextHashCode>2114124131</contextHashCode>
    <origin>tasks</origin>
  </task>
  <task>
    <message>Version must be created only once here! (see also below)</message>
    <priority>HIGH</priority>
    <key>403</key>
    <lineRanges>
      <range>
        <start>187</start>
        <end>187</end>
      </range>
    </lineRanges>
    <primaryLineNumber>187</primaryLineNumber>
    <fileName>D:/Hudson/jobs/moz-abcd/workspace/abcd/src/java/com/comp/gmi/moz/abcd/svc/data/server/dao/impl/HibernateVersionedObjectsDao.java</fileName>
    <moduleName></moduleName>
    <packageName>com.comp.gmi.moz.abcd.svc.data.server.dao.impl</packageName>
    <category></category>
    <type>FIXME</type>
    <contextHashCode>2083612757</contextHashCode>
    <origin>tasks</origin>
  </task>
  <task>
    <message>(GIM 15/01/2001) - Implement lastId feature</message>
    <priority>HIGH</priority>
    <key>413</key>
    <lineRanges>
      <range>
        <start>103</start>
        <end>103</end>
      </range>
    </lineRanges>
    <primaryLineNumber>103</primaryLineNumber>
    <fileName>D:/Hudson/jobs/moz-abcd/workspace/abcd/src/java/com/comp/gmi/moz/abcd/svc/data/server/service/impl/xyzsServiceImpl.java</fileName>
    <moduleName></moduleName>
    <packageName>com.comp.gmi.moz.abcd.svc.data.server.service.impl</packageName>
    <category></category>
    <type>FIXME</type>
    <contextHashCode>-237674327</contextHashCode>
    <origin>tasks</origin>
  </task>
  <task>
    <message>move the clone-ing to methods that actually modify the object</message>
    <priority>NORMAL</priority>
    <key>408</key>
    <lineRanges>
      <range>
        <start>120</start>
        <end>120</end>
      </range>
    </lineRanges>
    <primaryLineNumber>120</primaryLineNumber>
    <fileName>D:/Hudson/jobs/moz-abcd/workspace/abcd/src/java/com/comp/gmi/moz/abcd/svc/data/server/facade/impl/xyzsFacadeImpl.java</fileName>
    <moduleName></moduleName>
    <packageName>com.comp.gmi.moz.abcd.svc.data.server.facade.impl</packageName>
    <category></category>
    <type>TODO</type>
    <contextHashCode>1952668455</contextHashCode>
    <origin>tasks</origin>
  </task>
  <task>
    <message></message>
    <priority>NORMAL</priority>
    <key>418</key>
    <lineRanges>
      <range>
        <start>43</start>
        <end>43</end>
      </range>
    </lineRanges>
    <primaryLineNumber>43</primaryLineNumber>
    <fileName>D:/Hudson/jobs/moz-abcd/workspace/abcd/tests/java/com/comp/gmi/moz/abcd/svc/data/server/xyzsConstraintsIntegrationTest.java</fileName>
    <moduleName></moduleName>
    <packageName>com.comp.gmi.moz.abcd.svc.data.server</packageName>
    <category></category>
    <type>TODO</type>
    <contextHashCode>981941170</contextHashCode>
    <origin>tasks</origin>
  </task>
  <task>
    <message>Should be automatically injected</message>
    <priority>NORMAL</priority>
    <key>412</key>
    <lineRanges>
      <range>
        <start>59</start>
        <end>59</end>
      </range>
    </lineRanges>
    <primaryLineNumber>59</primaryLineNumber>
    <fileName>D:/Hudson/jobs/moz-abcd/workspace/abcd/src/java/com/comp/gmi/moz/abcd/svc/data/server/service/impl/xyzsServiceImpl.java</fileName>
    <moduleName></moduleName>
    <packageName>com.comp.gmi.moz.abcd.svc.data.server.service.impl</packageName>
    <category></category>
    <type>TODO</type>
    <contextHashCode>1900085863</contextHashCode>
    <origin>tasks</origin>
  </task>
  <task>
    <message>should do something with number</message>
    <priority>NORMAL</priority>
    <key>401</key>
    <lineRanges>
      <range>
        <start>93</start>
        <end>93</end>
      </range>
    </lineRanges>
    <primaryLineNumber>93</primaryLineNumber>
    <fileName>D:/Hudson/jobs/moz-abcd/workspace/abcd/src/java/com/comp/gmi/moz/abcd/svc/data/client/dao/RpcTagsFactory.java</fileName>
    <moduleName></moduleName>
    <packageName>com.comp.gmi.moz.abcd.svc.data.client.dao</packageName>
    <category></category>
    <type>TODO</type>
    <contextHashCode>404906275</contextHashCode>
    <origin>tasks</origin>
  </task>
  <task>
    <message>This should be done inside the same transaction as the actual delete</message>
    <priority>HIGH</priority>
    <key>407</key>
    <lineRanges>
      <range>
        <start>85</start>
        <end>85</end>
      </range>
    </lineRanges>
    <primaryLineNumber>85</primaryLineNumber>
    <fileName>D:/Hudson/jobs/moz-abcd/workspace/abcd/src/java/com/comp/gmi/moz/abcd/svc/data/server/facade/impl/xyzsFacadeImpl.java</fileName>
    <moduleName></moduleName>
    <packageName>com.comp.gmi.moz.abcd.svc.data.server.facade.impl</packageName>
    <category></category>
    <type>FIXME</type>
    <contextHashCode>-436974956</contextHashCode>
    <origin>tasks</origin>
  </task>
  <task>
    <message>should do something with number</message>
    <priority>NORMAL</priority>
    <key>419</key>
    <lineRanges>
      <range>
        <start>86</start>
        <end>86</end>
      </range>
    </lineRanges>
    <primaryLineNumber>86</primaryLineNumber>
    <fileName>D:/Hudson/jobs/moz-abcd/workspace/commons/src/java/com/comp/gmi/moz/reports/client/view/ReportsListPanel.java</fileName>
    <moduleName></moduleName>
    <packageName>com.comp.gmi.moz.reports.client.view</packageName>
    <category></category>
    <type>TODO</type>
    <contextHashCode>1092418898</contextHashCode>
    <origin>tasks</origin>
  </task>
  <task>
    <message>should be only a VersionListener</message>
    <priority>NORMAL</priority>
    <key>399</key>
    <lineRanges>
      <range>
        <start>207</start>
        <end>207</end>
      </range>
    </lineRanges>
    <primaryLineNumber>207</primaryLineNumber>
    <fileName>D:/Hudson/jobs/moz-abcd/workspace/abcd/src/java/com/comp/gmi/moz/abcd/svc/data/client/dao/RpcxyzsFactory.java</fileName>
    <moduleName></moduleName>
    <packageName>com.comp.gmi.moz.abcd.svc.data.client.dao</packageName>
    <category></category>
    <type>TODO</type>
    <contextHashCode>-482661371</contextHashCode>
    <origin>tasks</origin>
  </task>
  <task>
    <message>Check this (old code was ignoring version)</message>
    <priority>NORMAL</priority>
    <key>406</key>
    <lineRanges>
      <range>
        <start>80</start>
        <end>80</end>
      </range>
    </lineRanges>
    <primaryLineNumber>80</primaryLineNumber>
    <fileName>D:/Hudson/jobs/moz-abcd/workspace/abcd/src/java/com/comp/gmi/moz/abcd/svc/data/server/domain/VersionKey.java</fileName>
    <moduleName></moduleName>
    <packageName>com.comp.gmi.moz.abcd.svc.data.server.domain</packageName>
    <category></category>
    <type>TODO</type>
    <contextHashCode>1136108730</contextHashCode>
    <origin>tasks</origin>
  </task>
  <task>
    <message>Should be automatically injected</message>
    <priority>NORMAL</priority>
    <key>417</key>
    <lineRanges>
      <range>
        <start>57</start>
        <end>57</end>
      </range>
    </lineRanges>
    <primaryLineNumber>57</primaryLineNumber>
    <fileName>D:/Hudson/jobs/moz-abcd/workspace/abcd/src/java/com/comp/gmi/moz/abcd/svc/data/server/service/impl/TagsServiceImpl.java</fileName>
    <moduleName></moduleName>
    <packageName>com.comp.gmi.moz.abcd.svc.data.server.service.impl</packageName>
    <category></category>
    <type>TODO</type>
    <contextHashCode>-1406551772</contextHashCode>
    <origin>tasks</origin>
  </task>
  <task>
    <message>Should do something with version number</message>
    <priority>NORMAL</priority>
    <key>393</key>
    <lineRanges>
      <range>
        <start>72</start>
        <end>72</end>
      </range>
    </lineRanges>
    <primaryLineNumber>72</primaryLineNumber>
    <fileName>D:/Hudson/jobs/moz-abcd/workspace/abcd/src/java/com/comp/gmi/moz/abcd/client/view/TagCreationDialogBox.java</fileName>
    <moduleName></moduleName>
    <packageName>com.comp.gmi.moz.abcd.client.view</packageName>
    <category></category>
    <type>TODO</type>
    <contextHashCode>-1343320263</contextHashCode>
    <origin>tasks</origin>
  </task>
  <task>
    <message>Add selection by date</message>
    <priority>NORMAL</priority>
    <key>394</key>
    <lineRanges>
      <range>
        <start>40</start>
        <end>40</end>
      </range>
    </lineRanges>
    <primaryLineNumber>40</primaryLineNumber>
    <fileName>D:/Hudson/jobs/moz-abcd/workspace/abcd/src/java/com/comp/gmi/moz/abcd/client/view/VersionSelectionDialogBox.java</fileName>
    <moduleName></moduleName>
    <packageName>com.comp.gmi.moz.abcd.client.view</packageName>
    <category></category>
    <type>TODO</type>
    <contextHashCode>1190936097</contextHashCode>
    <origin>tasks</origin>
  </task>
  <task>
    <message>should create SecurityRules once per request</message>
    <priority>NORMAL</priority>
    <key>405</key>
    <lineRanges>
      <range>
        <start>448</start>
        <end>448</end>
      </range>
    </lineRanges>
    <primaryLineNumber>448</primaryLineNumber>
    <fileName>D:/Hudson/jobs/moz-abcd/workspace/abcd/src/java/com/comp/gmi/moz/abcd/svc/data/server/dao/impl/HibernateVersionedObjectsDao.java</fileName>
    <moduleName></moduleName>
    <packageName>com.comp.gmi.moz.abcd.svc.data.server.dao.impl</packageName>
    <category></category>
    <type>TODO</type>
    <contextHashCode>-1896207114</contextHashCode>
    <origin>tasks</origin>
  </task>
  <task>
    <message>first or last?</message>
    <priority>NORMAL</priority>
    <key>395</key>
    <lineRanges>
      <range>
        <start>234</start>
        <end>234</end>
      </range>
    </lineRanges>
    <primaryLineNumber>234</primaryLineNumber>
    <fileName>D:/Hudson/jobs/moz-abcd/workspace/abcd/src/java/com/comp/gmi/moz/abcd/svc/data/client/dao/DummyxyzsFactory.java</fileName>
    <moduleName></moduleName>
    <packageName>com.comp.gmi.moz.abcd.svc.data.client.dao</packageName>
    <category></category>
    <type>TODO</type>
    <contextHashCode>-2094459556</contextHashCode>
    <origin>tasks</origin>
  </task>
  <task>
    <message>should do something with number</message>
    <priority>NORMAL</priority>
    <key>397</key>
    <lineRanges>
      <range>
        <start>39</start>
        <end>39</end>
      </range>
    </lineRanges>
    <primaryLineNumber>39</primaryLineNumber>
    <fileName>D:/Hudson/jobs/moz-abcd/workspace/abcd/src/java/com/comp/gmi/moz/abcd/svc/data/client/dao/LovRecordsListDTOListenerAdapter.java</fileName>
    <moduleName></moduleName>
    <packageName>com.comp.gmi.moz.abcd.svc.data.client.dao</packageName>
    <category></category>
    <type>TODO</type>
    <contextHashCode>-1296270491</contextHashCode>
    <origin>tasks</origin>
  </task>
  <task>
    <message>pagination</message>
    <priority>NORMAL</priority>
    <key>421</key>
    <lineRanges>
      <range>
        <start>83</start>
        <end>83</end>
      </range>
    </lineRanges>
    <primaryLineNumber>83</primaryLineNumber>
    <fileName>D:/Hudson/jobs/moz-abcd/workspace/commons/src/java/com/comp/gmi/moz/reports/server/service/impl/ReportDefinitionsServiceImpl.java</fileName>
    <moduleName></moduleName>
    <packageName>com.comp.gmi.moz.reports.server.service.impl</packageName>
    <category></category>
    <type>TODO</type>
    <contextHashCode>371924459</contextHashCode>
    <origin>tasks</origin>
  </task>
  <task>
    <message>Should be automatically injected</message>
    <priority>NORMAL</priority>
    <key>415</key>
    <lineRanges>
      <range>
        <start>55</start>
        <end>55</end>
      </range>
    </lineRanges>
    <primaryLineNumber>55</primaryLineNumber>
    <fileName>D:/Hudson/jobs/moz-abcd/workspace/abcd/src/java/com/comp/gmi/moz/abcd/svc/data/server/service/impl/StatusServiceImpl.java</fileName>
    <moduleName></moduleName>
    <packageName>com.comp.gmi.moz.abcd.svc.data.server.service.impl</packageName>
    <category></category>
    <type>TODO</type>
    <contextHashCode>1796749230</contextHashCode>
    <origin>tasks</origin>
  </task>
  <task>
    <message>Fix this</message>
    <priority>NORMAL</priority>
    <key>400</key>
    <lineRanges>
      <range>
        <start>212</start>
        <end>212</end>
      </range>
    </lineRanges>
    <primaryLineNumber>212</primaryLineNumber>
    <fileName>D:/Hudson/jobs/moz-abcd/workspace/abcd/src/java/com/comp/gmi/moz/abcd/svc/data/client/dao/RpcxyzsFactory.java</fileName>
    <moduleName></moduleName>
    <packageName>com.comp.gmi.moz.abcd.svc.data.client.dao</packageName>
    <category></category>
    <type>TODO</type>
    <contextHashCode>1943565335</contextHashCode>
    <origin>tasks</origin>
  </task>
  <task>
    <message>Should be automatically injected</message>
    <priority>NORMAL</priority>
    <key>410</key>
    <lineRanges>
      <range>
        <start>55</start>
        <end>55</end>
      </range>
    </lineRanges>
    <primaryLineNumber>55</primaryLineNumber>
    <fileName>D:/Hudson/jobs/moz-abcd/workspace/abcd/src/java/com/comp/gmi/moz/abcd/svc/data/server/service/impl/AreasServiceImpl.java</fileName>
    <moduleName></moduleName>
    <packageName>com.comp.gmi.moz.abcd.svc.data.server.service.impl</packageName>
    <category></category>
    <type>TODO</type>
    <contextHashCode>-984559020</contextHashCode>
    <origin>tasks</origin>
  </task>
  <task>
    <message>should support multiple fields</message>
    <priority>NORMAL</priority>
    <key>396</key>
    <lineRanges>
      <range>
        <start>276</start>
        <end>276</end>
      </range>
    </lineRanges>
    <primaryLineNumber>276</primaryLineNumber>
    <fileName>D:/Hudson/jobs/moz-abcd/workspace/abcd/src/java/com/comp/gmi/moz/abcd/svc/data/client/dao/DummyxyzsFactory.java</fileName>
    <moduleName></moduleName>
    <packageName>com.comp.gmi.moz.abcd.svc.data.client.dao</packageName>
    <category></category>
    <type>TODO</type>
    <contextHashCode>-1029988595</contextHashCode>
    <origin>tasks</origin>
  </task>
  <task>
    <message>should do something with number</message>
    <priority>NORMAL</priority>
    <key>398</key>
    <lineRanges>
      <range>
        <start>171</start>
        <end>171</end>
      </range>
    </lineRanges>
    <primaryLineNumber>171</primaryLineNumber>
    <fileName>D:/Hudson/jobs/moz-abcd/workspace/abcd/src/java/com/comp/gmi/moz/abcd/svc/data/client/dao/RpcxyzsFactory.java</fileName>
    <moduleName></moduleName>
    <packageName>com.comp.gmi.moz.abcd.svc.data.client.dao</packageName>
    <category></category>
    <type>TODO</type>
    <contextHashCode>-1598181632</contextHashCode>
    <origin>tasks</origin>
  </task>
  <task>
    <message>Replace this by com.google.gwt.regexp.RegExp (not yet released as of 2.0.1, but see GWT r7517)</message>
    <priority>NORMAL</priority>
    <key>423</key>
    <lineRanges>
      <range>
        <start>14</start>
        <end>14</end>
      </range>
    </lineRanges>
    <primaryLineNumber>14</primaryLineNumber>
    <fileName>D:/Hudson/jobs/moz-abcd/workspace/commons/src/java/com/comp/gmi/moz/utils/client/tools/RegexHelper.java</fileName>
    <moduleName></moduleName>
    <packageName>com.comp.gmi.moz.utils.client.tools</packageName>
    <category></category>
    <type>TODO</type>
    <contextHashCode>-216301089</contextHashCode>
    <origin>tasks</origin>
  </task>
  <task>
    <message>Auto-generated constructor stub</message>
    <priority>NORMAL</priority>
    <key>424</key>
    <lineRanges>
      <range>
        <start>32</start>
        <end>32</end>
      </range>
    </lineRanges>
    <primaryLineNumber>32</primaryLineNumber>
    <fileName>D:/Hudson/jobs/moz-abcd/workspace/commons/src/java/com/comp/gmi/moz/utils/shared/RemoteServiceException.java</fileName>
    <moduleName></moduleName>
    <packageName>com.comp.gmi.moz.utils.shared</packageName>
    <category></category>
    <type>TODO</type>
    <contextHashCode>-382721205</contextHashCode>
    <origin>tasks</origin>
  </task>
  <task>
    <message>(GIM 15/01/2001) Implement lastId feature</message>
    <priority>HIGH</priority>
    <key>411</key>
    <lineRanges>
      <range>
        <start>63</start>
        <end>63</end>
      </range>
    </lineRanges>
    <primaryLineNumber>63</primaryLineNumber>
    <fileName>D:/Hudson/jobs/moz-abcd/workspace/abcd/src/java/com/comp/gmi/moz/abcd/svc/data/server/service/impl/AreasServiceImpl.java</fileName>
    <moduleName></moduleName>
    <packageName>com.comp.gmi.moz.abcd.svc.data.server.service.impl</packageName>
    <category></category>
    <type>FIXME</type>
    <contextHashCode>114987896</contextHashCode>
    <origin>tasks</origin>
  </task>
  <task>
    <message>pagination management</message>
    <priority>NORMAL</priority>
    <key>402</key>
    <lineRanges>
      <range>
        <start>114</start>
        <end>114</end>
      </range>
    </lineRanges>
    <primaryLineNumber>114</primaryLineNumber>
    <fileName>D:/Hudson/jobs/moz-abcd/workspace/abcd/src/java/com/comp/gmi/moz/abcd/svc/data/client/dao/RpcTagsFactory.java</fileName>
    <moduleName></moduleName>
    <packageName>com.comp.gmi.moz.abcd.svc.data.client.dao</packageName>
    <category></category>
    <type>TODO</type>
    <contextHashCode>46512362</contextHashCode>
    <origin>tasks</origin>
  </task>
  <task>
    <message>15/01/2010  To be implemented when the specifications are more</message>
    <priority>HIGH</priority>
    <key>414</key>
    <lineRanges>
      <range>
        <start>129</start>
        <end>129</end>
      </range>
    </lineRanges>
    <primaryLineNumber>129</primaryLineNumber>
    <fileName>D:/Hudson/jobs/moz-abcd/workspace/abcd/src/java/com/comp/gmi/moz/abcd/svc/data/server/service/impl/xyzsServiceImpl.java</fileName>
    <moduleName></moduleName>
    <packageName>com.comp.gmi.moz.abcd.svc.data.server.service.impl</packageName>
    <category></category>
    <type>FIXME</type>
    <contextHashCode>-1866668947</contextHashCode>
    <origin>tasks</origin>
  </task>
  <task>
    <message>(GIM 15/01/2001) Implement lastId feature</message>
    <priority>HIGH</priority>
    <key>416</key>
    <lineRanges>
      <range>
        <start>63</start>
        <end>63</end>
      </range>
    </lineRanges>
    <primaryLineNumber>63</primaryLineNumber>
    <fileName>D:/Hudson/jobs/moz-abcd/workspace/abcd/src/java/com/comp/gmi/moz/abcd/svc/data/server/service/impl/StatusServiceImpl.java</fileName>
    <moduleName></moduleName>
    <packageName>com.comp.gmi.moz.abcd.svc.data.server.service.impl</packageName>
    <category></category>
    <type>FIXME</type>
    <contextHashCode>-416178907</contextHashCode>
    <origin>tasks</origin>
  </task>
  <task>
    <message>Version should not be created here (see also above)</message>
    <priority>HIGH</priority>
    <key>404</key>
    <lineRanges>
      <range>
        <start>206</start>
        <end>206</end>
      </range>
    </lineRanges>
    <primaryLineNumber>206</primaryLineNumber>
    <fileName>D:/Hudson/jobs/moz-abcd/workspace/abcd/src/java/com/comp/gmi/moz/abcd/svc/data/server/dao/impl/HibernateVersionedObjectsDao.java</fileName>
    <moduleName></moduleName>
    <packageName>com.comp.gmi.moz.abcd.svc.data.server.dao.impl</packageName>
    <category></category>
    <type>FIXME</type>
    <contextHashCode>-581605737</contextHashCode>
    <origin>tasks</origin>
  </task>
  <task>
    <message></message>
    <priority>NORMAL</priority>
    <key>420</key>
    <lineRanges>
      <range>
        <start>18</start>
        <end>18</end>
      </range>
    </lineRanges>
    <primaryLineNumber>18</primaryLineNumber>
    <fileName>D:/Hudson/jobs/moz-abcd/workspace/commons/src/java/com/comp/gmi/moz/reports/server/exception/ReportException.java</fileName>
    <moduleName></moduleName>
    <packageName>com.comp.gmi.moz.reports.server.exception</packageName>
    <category></category>
    <type>TODO</type>
    <contextHashCode>-1483422632</contextHashCode>
    <origin>tasks</origin>
  </task>
</annotation-array>