<?xml version='1.1' encoding='UTF-8'?>
<Tag plugin="workflow-support@2.18">
  <node class="cps.n.StepAtomNode" plugin="workflow-cps@2.49-SNAPSHOT">
    <parentIds>
      <string>14</string>
    </parentIds>
    <id>20</id>
    <descriptorId>org.jenkinsci.plugins.workflow.support.steps.build.BuildTriggerStep</descriptorId>
  </node>
  <actions>
    <wf.a.TimingAction plugin="workflow-api@2.27">
      <startTime>1524153067598</startTime>
    </wf.a.TimingAction>
    <s.a.LogActionImpl>
      <charset>UTF-8</charset>
    </s.a.LogActionImpl>
    <cps.a.ArgumentsActionImpl plugin="workflow-cps@2.49-SNAPSHOT">
      <arguments>
        <entry>
          <string>job</string>
          <string>reproducer6</string>
        </entry>
        <entry>
          <string>propagate</string>
          <boolean>false</boolean>
        </entry>
      </arguments>
      <isUnmodifiedBySanitization>true</isUnmodifiedBySanitization>
    </cps.a.ArgumentsActionImpl>
    <wf.a.LabelAction plugin="workflow-api@2.27">
      <displayName>Building reproducer6</displayName>
    </wf.a.LabelAction>
  </actions>
</Tag>