<?xml version='1.1' encoding='UTF-8'?>
<analysisReport plugin="analysis-model-api@11.3.0">
  <id>-</id>
  <name>-</name>
  <originReportFile>-</originReportFile>
  <subReports>
    <analysisReport>
      <id>gcc</id>
      <name>GNU C Compiler (gcc)</name>
      <originReportFile>-</originReportFile>
      <subReports/>
      <elements class="linked-hash-set"/>
      <infoMessages/>
      <errorMessages/>
      <countersByKey/>
      <duplicatesSize>0</duplicatesSize>
    </analysisReport>
    <analysisReport>
      <id>gcc</id>
      <name>GNU C Compiler (gcc)</name>
      <originReportFile>-</originReportFile>
      <subReports/>
      <elements class="linked-hash-set"/>
      <infoMessages/>
      <errorMessages/>
      <countersByKey/>
      <duplicatesSize>0</duplicatesSize>
    </analysisReport>
    <analysisReport>
      <id>-</id>
      <name>-</name>
      <originReportFile>-</originReportFile>
      <subReports/>
      <elements class="linked-hash-set"/>
      <infoMessages/>
      <errorMessages/>
      <countersByKey/>
      <duplicatesSize>0</duplicatesSize>
    </analysisReport>
    <analysisReport>
      <id>gcc</id>
      <name>GNU C Compiler (gcc)</name>
      <originReportFile>-</originReportFile>
      <subReports/>
      <elements class="linked-hash-set"/>
      <infoMessages/>
      <errorMessages/>
      <countersByKey/>
      <duplicatesSize>0</duplicatesSize>
    </analysisReport>
    <analysisReport>
      <id>gcc</id>
      <name>GNU C Compiler (gcc)</name>
      <originReportFile>-</originReportFile>
      <subReports/>
      <elements class="linked-hash-set"/>
      <infoMessages/>
      <errorMessages/>
      <countersByKey/>
      <duplicatesSize>0</duplicatesSize>
    </analysisReport>
    <analysisReport>
      <id>-</id>
      <name>-</name>
      <originReportFile>-</originReportFile>
      <subReports/>
      <elements class="linked-hash-set"/>
      <infoMessages/>
      <errorMessages/>
      <countersByKey/>
      <duplicatesSize>0</duplicatesSize>
    </analysisReport>
    <analysisReport>
      <id>gcc</id>
      <name>GNU C Compiler (gcc)</name>
      <originReportFile>-</originReportFile>
      <subReports/>
      <elements class="linked-hash-set"/>
      <infoMessages/>
      <errorMessages/>
      <countersByKey/>
      <duplicatesSize>0</duplicatesSize>
    </analysisReport>
    <analysisReport>
      <id>gcc</id>
      <name>GNU C Compiler (gcc)</name>
      <originReportFile>-</originReportFile>
      <subReports/>
      <elements class="linked-hash-set"/>
      <infoMessages/>
      <errorMessages/>
      <countersByKey/>
      <duplicatesSize>0</duplicatesSize>
    </analysisReport>
    <analysisReport>
      <id>-</id>
      <name>-</name>
      <originReportFile>-</originReportFile>
      <subReports/>
      <elements class="linked-hash-set"/>
      <infoMessages/>
      <errorMessages/>
      <countersByKey/>
      <duplicatesSize>0</duplicatesSize>
    </analysisReport>
    <analysisReport>
      <id>gcc</id>
      <name>GNU C Compiler (gcc)</name>
      <originReportFile>-</originReportFile>
      <subReports/>
      <elements class="linked-hash-set"/>
      <infoMessages/>
      <errorMessages/>
      <countersByKey/>
      <duplicatesSize>0</duplicatesSize>
    </analysisReport>
    <analysisReport>
      <id>gcc</id>
      <name>GNU C Compiler (gcc)</name>
      <originReportFile>-</originReportFile>
      <subReports/>
      <elements class="linked-hash-set"/>
      <infoMessages/>
      <errorMessages/>
      <countersByKey/>
      <duplicatesSize>0</duplicatesSize>
    </analysisReport>
    <analysisReport>
      <id>-</id>
      <name>-</name>
      <originReportFile>-</originReportFile>
      <subReports/>
      <elements class="linked-hash-set"/>
      <infoMessages/>
      <errorMessages/>
      <countersByKey/>
      <duplicatesSize>0</duplicatesSize>
    </analysisReport>
    <analysisReport>
      <id>gcc</id>
      <name>GNU C Compiler (gcc)</name>
      <originReportFile>-</originReportFile>
      <subReports/>
      <elements class="linked-hash-set"/>
      <infoMessages/>
      <errorMessages/>
      <countersByKey/>
      <duplicatesSize>0</duplicatesSize>
    </analysisReport>
    <analysisReport>
      <id>gcc</id>
      <name>GNU C Compiler (gcc)</name>
      <originReportFile>-</originReportFile>
      <subReports/>
      <elements class="linked-hash-set"/>
      <infoMessages/>
      <errorMessages/>
      <countersByKey/>
      <duplicatesSize>0</duplicatesSize>
    </analysisReport>
    <analysisReport>
      <id>-</id>
      <name>-</name>
      <originReportFile>-</originReportFile>
      <subReports/>
      <elements class="linked-hash-set">
        <issue>
          <category>unused-parameter</category>
          <type>-</type>
          <severity>NORMAL</severity>
          <lineStart>1043</lineStart>
          <lineEnd>1043</lineEnd>
          <columnStart>81</columnStart>
          <columnEnd>81</columnEnd>
          <lineRanges/>
          <id>c4d44a33-0a6f-4356-930c-8ee301998e83</id>
          <reference>14</reference>
          <origin>gcc</origin>
          <originName>GNU C Compiler (gcc)</originName>
          <moduleName></moduleName>
          <packageName>-</packageName>
          <pathName>/var/lib/jenkins/sharedspace/PMP_ng-master/BUILD_APPLICATION/application/BUILD_TARGET_BOARD/CS3/BUILD_VARIANT/Release</pathName>
          <fileName>src/applications/units/pressure_ctrl/src/PressureCtrl.cpp</fileName>
          <message>unused parameter &apos;SC_State&apos; [-Wunused-parameter]
 1043 | int PressureCtrl::Process_ICVV_SCVV(Chamber::State_t IC_State, Chamber::State_t SC_State)
      |                                                                ~~~~~~~~~~~~~~~~~^~~~~~~~
Finished building: /var/lib/jenkins/sharedspace/PMP_ng-master/BUILD_APPLICATION/application/BUILD_TARGET_BOARD/CS3/BUILD_VARIANT/Release/src/applications/units/pressure_ctrl/src/PressureCtrl_Unit.cpp</message>
          <description></description>
          <fingerprint>078D72CC5B5CD82E15B35AFA12ED1895</fingerprint>
        </issue>
      </elements>
      <infoMessages/>
      <errorMessages/>
      <countersByKey/>
      <duplicatesSize>0</duplicatesSize>
    </analysisReport>
    <analysisReport>
      <id>gcc</id>
      <name>GNU C Compiler (gcc)</name>
      <originReportFile>-</originReportFile>
      <subReports/>
      <elements class="linked-hash-set"/>
      <infoMessages/>
      <errorMessages/>
      <countersByKey/>
      <duplicatesSize>0</duplicatesSize>
    </analysisReport>
    <analysisReport>
      <id>gcc</id>
      <name>GNU C Compiler (gcc)</name>
      <originReportFile>-</originReportFile>
      <subReports/>
      <elements class="linked-hash-set"/>
      <infoMessages/>
      <errorMessages/>
      <countersByKey/>
      <duplicatesSize>0</duplicatesSize>
    </analysisReport>
    <analysisReport>
      <id>-</id>
      <name>-</name>
      <originReportFile>-</originReportFile>
      <subReports/>
      <elements class="linked-hash-set"/>
      <infoMessages/>
      <errorMessages/>
      <countersByKey/>
      <duplicatesSize>0</duplicatesSize>
    </analysisReport>
    <analysisReport>
      <id>gcc</id>
      <name>GNU C Compiler (gcc)</name>
      <originReportFile>-</originReportFile>
      <subReports/>
      <elements class="linked-hash-set"/>
      <infoMessages/>
      <errorMessages/>
      <countersByKey/>
      <duplicatesSize>0</duplicatesSize>
    </analysisReport>
    <analysisReport>
      <id>gcc</id>
      <name>GNU C Compiler (gcc)</name>
      <originReportFile>-</originReportFile>
      <subReports/>
      <elements class="linked-hash-set"/>
      <infoMessages/>
      <errorMessages/>
      <countersByKey/>
      <duplicatesSize>0</duplicatesSize>
    </analysisReport>
    <analysisReport>
      <id>-</id>
      <name>-</name>
      <originReportFile>-</originReportFile>
      <subReports/>
      <elements class="linked-hash-set"/>
      <infoMessages/>
      <errorMessages/>
      <countersByKey/>
      <duplicatesSize>0</duplicatesSize>
    </analysisReport>
    <analysisReport>
      <id>gcc</id>
      <name>GNU C Compiler (gcc)</name>
      <originReportFile>-</originReportFile>
      <subReports/>
      <elements class="linked-hash-set"/>
      <infoMessages/>
      <errorMessages/>
      <countersByKey/>
      <duplicatesSize>0</duplicatesSize>
    </analysisReport>
    <analysisReport>
      <id>gcc</id>
      <name>GNU C Compiler (gcc)</name>
      <originReportFile>-</originReportFile>
      <subReports/>
      <elements class="linked-hash-set"/>
      <infoMessages/>
      <errorMessages/>
      <countersByKey/>
      <duplicatesSize>0</duplicatesSize>
    </analysisReport>
    <analysisReport>
      <id>-</id>
      <name>-</name>
      <originReportFile>-</originReportFile>
      <subReports/>
      <elements class="linked-hash-set"/>
      <infoMessages/>
      <errorMessages/>
      <countersByKey/>
      <duplicatesSize>0</duplicatesSize>
    </analysisReport>
    <analysisReport>
      <id>gcc</id>
      <name>GNU C Compiler (gcc)</name>
      <originReportFile>-</originReportFile>
      <subReports/>
      <elements class="linked-hash-set"/>
      <infoMessages/>
      <errorMessages/>
      <countersByKey/>
      <duplicatesSize>0</duplicatesSize>
    </analysisReport>
    <analysisReport>
      <id>gcc</id>
      <name>GNU C Compiler (gcc)</name>
      <originReportFile>-</originReportFile>
      <subReports/>
      <elements class="linked-hash-set"/>
      <infoMessages/>
      <errorMessages/>
      <countersByKey/>
      <duplicatesSize>0</duplicatesSize>
    </analysisReport>
    <analysisReport>
      <id>-</id>
      <name>-</name>
      <originReportFile>-</originReportFile>
      <subReports/>
      <elements class="linked-hash-set"/>
      <infoMessages/>
      <errorMessages/>
      <countersByKey/>
      <duplicatesSize>0</duplicatesSize>
    </analysisReport>
    <analysisReport>
      <id>gcc</id>
      <name>GNU C Compiler (gcc)</name>
      <originReportFile>-</originReportFile>
      <subReports/>
      <elements class="linked-hash-set"/>
      <infoMessages/>
      <errorMessages/>
      <countersByKey/>
      <duplicatesSize>0</duplicatesSize>
    </analysisReport>
    <analysisReport>
      <id>gcc</id>
      <name>GNU C Compiler (gcc)</name>
      <originReportFile>-</originReportFile>
      <subReports/>
      <elements class="linked-hash-set"/>
      <infoMessages/>
      <errorMessages/>
      <countersByKey/>
      <duplicatesSize>0</duplicatesSize>
    </analysisReport>
    <analysisReport>
      <id>-</id>
      <name>-</name>
      <originReportFile>-</originReportFile>
      <subReports/>
      <elements class="linked-hash-set"/>
      <infoMessages/>
      <errorMessages/>
      <countersByKey/>
      <duplicatesSize>0</duplicatesSize>
    </analysisReport>
    <analysisReport>
      <id>-</id>
      <name>-</name>
      <originReportFile>-</originReportFile>
      <subReports/>
      <elements class="linked-hash-set">
        <issue>
          <category>unused-parameter</category>
          <type>-</type>
          <severity reference="../../../../analysisReport[15]/elements/issue/severity"/>
          <lineStart>582</lineStart>
          <lineEnd>582</lineEnd>
          <columnStart>57</columnStart>
          <columnEnd>57</columnEnd>
          <lineRanges/>
          <id>a93da0eb-af9f-4cf6-9364-e14877a283f1</id>
          <reference>13</reference>
          <origin>gcc</origin>
          <originName>GNU C Compiler (gcc)</originName>
          <moduleName></moduleName>
          <packageName>-</packageName>
          <pathName>/var/lib/jenkins/sharedspace/PMP_ng-master/BUILD_APPLICATION/application/BUILD_TARGET_BOARD/ICT2/BUILD_VARIANT/Debug</pathName>
          <fileName>src/components/internal/drivers/motor/src/TMC5130.cpp</fileName>
          <message>unused parameter &apos;Timeout_ms&apos; [-Wunused-parameter]
  582 | int TMC5130::StepperEncoded::WaitForSlotExit(Timeout_t &amp;Timeout_ms)
      |                                              ~~~~~~~~~~~^~~~~~~~~~
Building file: /var/lib/jenkins/sharedspace/PMP_ng-master/BUILD_APPLICATION/application/BUILD_TARGET_BOARD/ICT2/BUILD_VARIANT/Debug/src/components/internal/drivers/dac/src/LTC2641.cpp</message>
          <description></description>
          <fingerprint>AC3BAF80F5FD291A40032B4184BA3D38</fingerprint>
        </issue>
      </elements>
      <infoMessages/>
      <errorMessages/>
      <countersByKey/>
      <duplicatesSize>0</duplicatesSize>
    </analysisReport>
  </subReports>
  <elements class="linked-hash-set"/>
  <infoMessages>
    <string>Parsing console log (workspace: &apos;/var/lib/jenkins/sharedspace/PMP_ng-master/BUILD_APPLICATION/application/BUILD_TARGET_BOARD/ICT2/BUILD_VARIANT/Debug&apos;)</string>
    <string>Successfully parsed console log</string>
    <string>-&gt; found 18 issues (skipped 0 duplicates)</string>
    <string>Post processing issues on &apos;Master&apos; with source code encoding &apos;UTF-8&apos;</string>
    <string>Creating SCM blamer to obtain author and commit information for affected files</string>
    <string>-&gt; No blamer installed yet. You need to install the &apos;git-forensics&apos; plugin to enable blaming for Git.</string>
    <string>Resolving file names for all issues in workspace &apos;/var/lib/jenkins/sharedspace/PMP_ng-master/BUILD_APPLICATION/application/BUILD_TARGET_BOARD/ICT2/BUILD_VARIANT/Debug&apos;</string>
    <string>-&gt; resolved paths in source directory (8 found, 0 not found)</string>
    <string>Resolving module names from module definitions (build.xml, pom.xml, or Manifest.mf files)</string>
    <string>-&gt; resolved module names for 18 issues</string>
    <string>Resolving package names (or namespaces) by parsing the affected files</string>
    <string>-&gt; resolved package names of 8 affected files</string>
    <string>No filter has been set, publishing all 18 issues</string>
    <string>Creating fingerprints for all affected code blocks to track issues over different builds</string>
    <string>-&gt; created fingerprints for 18 issues (skipped 0 issues)</string>
    <string>Copying affected files to Jenkins&apos; build folder &apos;/var/lib/jenkins/jobs/11-PMP_ng-master-Build/configurations/axis-BUILD_APPLICATION/application/axis-BUILD_TARGET_BOARD/ICT2/axis-BUILD_VARIANT/Debug/builds/14/files-with-issues&apos;</string>
    <string>-&gt; 8 copied, 0 not in workspace, 0 not-found, 0 with I/O error</string>
    <string>Repository miner is not configured, skipping repository mining</string>
    <string>Reference build recorder is not configured</string>
    <string>Obtaining reference build from same job (application,ICT2,Debug)</string>
    <string>Using reference build &apos;11-PMP_ng-master-Build/BUILD_APPLICATION=application,BUILD_TARGET_BOARD=ICT2,BUILD_VARIANT=Debug #13&apos; to compute new, fixed, and outstanding issues</string>
    <string>Parsing console log (workspace: &apos;/var/lib/jenkins/sharedspace/PMP_ng-master/BUILD_APPLICATION/application/BUILD_TARGET_BOARD/MCB1700/BUILD_VARIANT/Debug&apos;)</string>
    <string>Successfully parsed console log</string>
    <string>-&gt; found 16 issues (skipped 0 duplicates)</string>
    <string>Post processing issues on &apos;Master&apos; with source code encoding &apos;UTF-8&apos;</string>
    <string>Creating SCM blamer to obtain author and commit information for affected files</string>
    <string>-&gt; No blamer installed yet. You need to install the &apos;git-forensics&apos; plugin to enable blaming for Git.</string>
    <string>Resolving file names for all issues in workspace &apos;/var/lib/jenkins/sharedspace/PMP_ng-master/BUILD_APPLICATION/application/BUILD_TARGET_BOARD/MCB1700/BUILD_VARIANT/Debug&apos;</string>
    <string>-&gt; resolved paths in source directory (7 found, 0 not found)</string>
    <string>Resolving module names from module definitions (build.xml, pom.xml, or Manifest.mf files)</string>
    <string>-&gt; resolved module names for 16 issues</string>
    <string>Resolving package names (or namespaces) by parsing the affected files</string>
    <string>-&gt; resolved package names of 7 affected files</string>
    <string>No filter has been set, publishing all 16 issues</string>
    <string>Creating fingerprints for all affected code blocks to track issues over different builds</string>
    <string>-&gt; created fingerprints for 16 issues (skipped 0 issues)</string>
    <string>Copying affected files to Jenkins&apos; build folder &apos;/var/lib/jenkins/jobs/11-PMP_ng-master-Build/configurations/axis-BUILD_APPLICATION/application/axis-BUILD_TARGET_BOARD/MCB1700/axis-BUILD_VARIANT/Debug/builds/14/files-with-issues&apos;</string>
    <string>-&gt; 7 copied, 0 not in workspace, 0 not-found, 0 with I/O error</string>
    <string>Repository miner is not configured, skipping repository mining</string>
    <string>Reference build recorder is not configured</string>
    <string>Obtaining reference build from same job (application,MCB1700,Debug)</string>
    <string>Using reference build &apos;11-PMP_ng-master-Build/BUILD_APPLICATION=application,BUILD_TARGET_BOARD=MCB1700,BUILD_VARIANT=Debug #13&apos; to compute new, fixed, and outstanding issues</string>
    <string>Parsing console log (workspace: &apos;/var/lib/jenkins/sharedspace/PMP_ng-master/BUILD_APPLICATION/application/BUILD_TARGET_BOARD/CS3/BUILD_VARIANT/Debug&apos;)</string>
    <string>Successfully parsed console log</string>
    <string>-&gt; found 31 issues (skipped 0 duplicates)</string>
    <string>Post processing issues on &apos;Master&apos; with source code encoding &apos;UTF-8&apos;</string>
    <string>Creating SCM blamer to obtain author and commit information for affected files</string>
    <string>-&gt; No blamer installed yet. You need to install the &apos;git-forensics&apos; plugin to enable blaming for Git.</string>
    <string>Resolving file names for all issues in workspace &apos;/var/lib/jenkins/sharedspace/PMP_ng-master/BUILD_APPLICATION/application/BUILD_TARGET_BOARD/CS3/BUILD_VARIANT/Debug&apos;</string>
    <string>-&gt; resolved paths in source directory (10 found, 0 not found)</string>
    <string>Resolving module names from module definitions (build.xml, pom.xml, or Manifest.mf files)</string>
    <string>-&gt; resolved module names for 31 issues</string>
    <string>Resolving package names (or namespaces) by parsing the affected files</string>
    <string>-&gt; resolved package names of 10 affected files</string>
    <string>No filter has been set, publishing all 31 issues</string>
    <string>Creating fingerprints for all affected code blocks to track issues over different builds</string>
    <string>-&gt; created fingerprints for 31 issues (skipped 0 issues)</string>
    <string>Copying affected files to Jenkins&apos; build folder &apos;/var/lib/jenkins/jobs/11-PMP_ng-master-Build/configurations/axis-BUILD_APPLICATION/application/axis-BUILD_TARGET_BOARD/CS3/axis-BUILD_VARIANT/Debug/builds/14/files-with-issues&apos;</string>
    <string>-&gt; 10 copied, 0 not in workspace, 0 not-found, 0 with I/O error</string>
    <string>Repository miner is not configured, skipping repository mining</string>
    <string>Reference build recorder is not configured</string>
    <string>Obtaining reference build from same job (application,CS3,Debug)</string>
    <string>Using reference build &apos;11-PMP_ng-master-Build/BUILD_APPLICATION=application,BUILD_TARGET_BOARD=CS3,BUILD_VARIANT=Debug #13&apos; to compute new, fixed, and outstanding issues</string>
    <string>Parsing console log (workspace: &apos;/var/lib/jenkins/sharedspace/PMP_ng-master/BUILD_APPLICATION/application/BUILD_TARGET_BOARD/ICMX2/BUILD_VARIANT/Release&apos;)</string>
    <string>Successfully parsed console log</string>
    <string>-&gt; found 16 issues (skipped 0 duplicates)</string>
    <string>Post processing issues on &apos;Master&apos; with source code encoding &apos;UTF-8&apos;</string>
    <string>Creating SCM blamer to obtain author and commit information for affected files</string>
    <string>-&gt; No blamer installed yet. You need to install the &apos;git-forensics&apos; plugin to enable blaming for Git.</string>
    <string>Resolving file names for all issues in workspace &apos;/var/lib/jenkins/sharedspace/PMP_ng-master/BUILD_APPLICATION/application/BUILD_TARGET_BOARD/ICMX2/BUILD_VARIANT/Release&apos;</string>
    <string>-&gt; resolved paths in source directory (7 found, 0 not found)</string>
    <string>Resolving module names from module definitions (build.xml, pom.xml, or Manifest.mf files)</string>
    <string>-&gt; resolved module names for 16 issues</string>
    <string>Resolving package names (or namespaces) by parsing the affected files</string>
    <string>-&gt; resolved package names of 7 affected files</string>
    <string>No filter has been set, publishing all 16 issues</string>
    <string>Creating fingerprints for all affected code blocks to track issues over different builds</string>
    <string>-&gt; created fingerprints for 16 issues (skipped 0 issues)</string>
    <string>Copying affected files to Jenkins&apos; build folder &apos;/var/lib/jenkins/jobs/11-PMP_ng-master-Build/configurations/axis-BUILD_APPLICATION/application/axis-BUILD_TARGET_BOARD/ICMX2/axis-BUILD_VARIANT/Release/builds/14/files-with-issues&apos;</string>
    <string>-&gt; 7 copied, 0 not in workspace, 0 not-found, 0 with I/O error</string>
    <string>Repository miner is not configured, skipping repository mining</string>
    <string>Reference build recorder is not configured</string>
    <string>Obtaining reference build from same job (application,ICMX2,Release)</string>
    <string>Using reference build &apos;11-PMP_ng-master-Build/BUILD_APPLICATION=application,BUILD_TARGET_BOARD=ICMX2,BUILD_VARIANT=Release #13&apos; to compute new, fixed, and outstanding issues</string>
    <string>Parsing console log (workspace: &apos;/var/lib/jenkins/sharedspace/PMP_ng-master/BUILD_APPLICATION/application/BUILD_TARGET_BOARD/CS3/BUILD_VARIANT/Release&apos;)</string>
    <string>Successfully parsed console log</string>
    <string>-&gt; found 31 issues (skipped 0 duplicates)</string>
    <string>Post processing issues on &apos;Master&apos; with source code encoding &apos;UTF-8&apos;</string>
    <string>Creating SCM blamer to obtain author and commit information for affected files</string>
    <string>-&gt; No blamer installed yet. You need to install the &apos;git-forensics&apos; plugin to enable blaming for Git.</string>
    <string>Resolving file names for all issues in workspace &apos;/var/lib/jenkins/sharedspace/PMP_ng-master/BUILD_APPLICATION/application/BUILD_TARGET_BOARD/CS3/BUILD_VARIANT/Release&apos;</string>
    <string>-&gt; resolved paths in source directory (10 found, 0 not found)</string>
    <string>Resolving module names from module definitions (build.xml, pom.xml, or Manifest.mf files)</string>
    <string>-&gt; resolved module names for 31 issues</string>
    <string>Resolving package names (or namespaces) by parsing the affected files</string>
    <string>-&gt; resolved package names of 10 affected files</string>
    <string>No filter has been set, publishing all 31 issues</string>
    <string>Creating fingerprints for all affected code blocks to track issues over different builds</string>
    <string>-&gt; created fingerprints for 31 issues (skipped 0 issues)</string>
    <string>Copying affected files to Jenkins&apos; build folder &apos;/var/lib/jenkins/jobs/11-PMP_ng-master-Build/configurations/axis-BUILD_APPLICATION/application/axis-BUILD_TARGET_BOARD/CS3/axis-BUILD_VARIANT/Release/builds/14/files-with-issues&apos;</string>
    <string>-&gt; 10 copied, 0 not in workspace, 0 not-found, 0 with I/O error</string>
    <string>Repository miner is not configured, skipping repository mining</string>
    <string>Reference build recorder is not configured</string>
    <string>Obtaining reference build from same job (application,CS3,Release)</string>
    <string>Using reference build &apos;11-PMP_ng-master-Build/BUILD_APPLICATION=application,BUILD_TARGET_BOARD=CS3,BUILD_VARIANT=Release #13&apos; to compute new, fixed, and outstanding issues</string>
    <string>Parsing console log (workspace: &apos;/var/lib/jenkins/sharedspace/PMP_ng-master/BUILD_APPLICATION/application/BUILD_TARGET_BOARD/ICMX2/BUILD_VARIANT/Debug&apos;)</string>
    <string>Successfully parsed console log</string>
    <string>-&gt; found 16 issues (skipped 0 duplicates)</string>
    <string>Post processing issues on &apos;Master&apos; with source code encoding &apos;UTF-8&apos;</string>
    <string>Creating SCM blamer to obtain author and commit information for affected files</string>
    <string>-&gt; No blamer installed yet. You need to install the &apos;git-forensics&apos; plugin to enable blaming for Git.</string>
    <string>Resolving file names for all issues in workspace &apos;/var/lib/jenkins/sharedspace/PMP_ng-master/BUILD_APPLICATION/application/BUILD_TARGET_BOARD/ICMX2/BUILD_VARIANT/Debug&apos;</string>
    <string>-&gt; resolved paths in source directory (7 found, 0 not found)</string>
    <string>Resolving module names from module definitions (build.xml, pom.xml, or Manifest.mf files)</string>
    <string>-&gt; resolved module names for 16 issues</string>
    <string>Resolving package names (or namespaces) by parsing the affected files</string>
    <string>-&gt; resolved package names of 7 affected files</string>
    <string>No filter has been set, publishing all 16 issues</string>
    <string>Creating fingerprints for all affected code blocks to track issues over different builds</string>
    <string>-&gt; created fingerprints for 16 issues (skipped 0 issues)</string>
    <string>Copying affected files to Jenkins&apos; build folder &apos;/var/lib/jenkins/jobs/11-PMP_ng-master-Build/configurations/axis-BUILD_APPLICATION/application/axis-BUILD_TARGET_BOARD/ICMX2/axis-BUILD_VARIANT/Debug/builds/14/files-with-issues&apos;</string>
    <string>-&gt; 7 copied, 0 not in workspace, 0 not-found, 0 with I/O error</string>
    <string>Repository miner is not configured, skipping repository mining</string>
    <string>Reference build recorder is not configured</string>
    <string>Obtaining reference build from same job (application,ICMX2,Debug)</string>
    <string>Using reference build &apos;11-PMP_ng-master-Build/BUILD_APPLICATION=application,BUILD_TARGET_BOARD=ICMX2,BUILD_VARIANT=Debug #13&apos; to compute new, fixed, and outstanding issues</string>
    <string>Parsing console log (workspace: &apos;/var/lib/jenkins/sharedspace/PMP_ng-master/BUILD_APPLICATION/application/BUILD_TARGET_BOARD/ICT2/BUILD_VARIANT/Release&apos;)</string>
    <string>Successfully parsed console log</string>
    <string>-&gt; found 18 issues (skipped 0 duplicates)</string>
    <string>Post processing issues on &apos;Master&apos; with source code encoding &apos;UTF-8&apos;</string>
    <string>Creating SCM blamer to obtain author and commit information for affected files</string>
    <string>-&gt; No blamer installed yet. You need to install the &apos;git-forensics&apos; plugin to enable blaming for Git.</string>
    <string>Resolving file names for all issues in workspace &apos;/var/lib/jenkins/sharedspace/PMP_ng-master/BUILD_APPLICATION/application/BUILD_TARGET_BOARD/ICT2/BUILD_VARIANT/Release&apos;</string>
    <string>-&gt; resolved paths in source directory (8 found, 0 not found)</string>
    <string>Resolving module names from module definitions (build.xml, pom.xml, or Manifest.mf files)</string>
    <string>-&gt; resolved module names for 18 issues</string>
    <string>Resolving package names (or namespaces) by parsing the affected files</string>
    <string>-&gt; resolved package names of 8 affected files</string>
    <string>No filter has been set, publishing all 18 issues</string>
    <string>Creating fingerprints for all affected code blocks to track issues over different builds</string>
    <string>-&gt; created fingerprints for 18 issues (skipped 0 issues)</string>
    <string>Copying affected files to Jenkins&apos; build folder &apos;/var/lib/jenkins/jobs/11-PMP_ng-master-Build/configurations/axis-BUILD_APPLICATION/application/axis-BUILD_TARGET_BOARD/ICT2/axis-BUILD_VARIANT/Release/builds/14/files-with-issues&apos;</string>
    <string>-&gt; 8 copied, 0 not in workspace, 0 not-found, 0 with I/O error</string>
    <string>Repository miner is not configured, skipping repository mining</string>
    <string>Reference build recorder is not configured</string>
    <string>Obtaining reference build from same job (application,ICT2,Release)</string>
    <string>Using reference build &apos;11-PMP_ng-master-Build/BUILD_APPLICATION=application,BUILD_TARGET_BOARD=ICT2,BUILD_VARIANT=Release #13&apos; to compute new, fixed, and outstanding issues</string>
    <string>Parsing console log (workspace: &apos;/var/lib/jenkins/sharedspace/PMP_ng-master/BUILD_APPLICATION/application/BUILD_TARGET_BOARD/ICT10/BUILD_VARIANT/Debug&apos;)</string>
    <string>Successfully parsed console log</string>
    <string>-&gt; found 18 issues (skipped 0 duplicates)</string>
    <string>Post processing issues on &apos;Master&apos; with source code encoding &apos;UTF-8&apos;</string>
    <string>Creating SCM blamer to obtain author and commit information for affected files</string>
    <string>-&gt; No blamer installed yet. You need to install the &apos;git-forensics&apos; plugin to enable blaming for Git.</string>
    <string>Resolving file names for all issues in workspace &apos;/var/lib/jenkins/sharedspace/PMP_ng-master/BUILD_APPLICATION/application/BUILD_TARGET_BOARD/ICT10/BUILD_VARIANT/Debug&apos;</string>
    <string>-&gt; resolved paths in source directory (8 found, 0 not found)</string>
    <string>Resolving module names from module definitions (build.xml, pom.xml, or Manifest.mf files)</string>
    <string>-&gt; resolved module names for 18 issues</string>
    <string>Resolving package names (or namespaces) by parsing the affected files</string>
    <string>-&gt; resolved package names of 8 affected files</string>
    <string>No filter has been set, publishing all 18 issues</string>
    <string>Creating fingerprints for all affected code blocks to track issues over different builds</string>
    <string>-&gt; created fingerprints for 18 issues (skipped 0 issues)</string>
    <string>Copying affected files to Jenkins&apos; build folder &apos;/var/lib/jenkins/jobs/11-PMP_ng-master-Build/configurations/axis-BUILD_APPLICATION/application/axis-BUILD_TARGET_BOARD/ICT10/axis-BUILD_VARIANT/Debug/builds/14/files-with-issues&apos;</string>
    <string>-&gt; 8 copied, 0 not in workspace, 0 not-found, 0 with I/O error</string>
    <string>Repository miner is not configured, skipping repository mining</string>
    <string>Reference build recorder is not configured</string>
    <string>Obtaining reference build from same job (application,ICT10,Debug)</string>
    <string>Using reference build &apos;11-PMP_ng-master-Build/BUILD_APPLICATION=application,BUILD_TARGET_BOARD=ICT10,BUILD_VARIANT=Debug #13&apos; to compute new, fixed, and outstanding issues</string>
    <string>Parsing console log (workspace: &apos;/var/lib/jenkins/sharedspace/PMP_ng-master/BUILD_APPLICATION/application/BUILD_TARGET_BOARD/ICT10/BUILD_VARIANT/Release&apos;)</string>
    <string>Successfully parsed console log</string>
    <string>-&gt; found 18 issues (skipped 0 duplicates)</string>
    <string>Post processing issues on &apos;Master&apos; with source code encoding &apos;UTF-8&apos;</string>
    <string>Creating SCM blamer to obtain author and commit information for affected files</string>
    <string>-&gt; No blamer installed yet. You need to install the &apos;git-forensics&apos; plugin to enable blaming for Git.</string>
    <string>Resolving file names for all issues in workspace &apos;/var/lib/jenkins/sharedspace/PMP_ng-master/BUILD_APPLICATION/application/BUILD_TARGET_BOARD/ICT10/BUILD_VARIANT/Release&apos;</string>
    <string>-&gt; resolved paths in source directory (8 found, 0 not found)</string>
    <string>Resolving module names from module definitions (build.xml, pom.xml, or Manifest.mf files)</string>
    <string>-&gt; resolved module names for 18 issues</string>
    <string>Resolving package names (or namespaces) by parsing the affected files</string>
    <string>-&gt; resolved package names of 8 affected files</string>
    <string>No filter has been set, publishing all 18 issues</string>
    <string>Creating fingerprints for all affected code blocks to track issues over different builds</string>
    <string>-&gt; created fingerprints for 18 issues (skipped 0 issues)</string>
    <string>Copying affected files to Jenkins&apos; build folder &apos;/var/lib/jenkins/jobs/11-PMP_ng-master-Build/configurations/axis-BUILD_APPLICATION/application/axis-BUILD_TARGET_BOARD/ICT10/axis-BUILD_VARIANT/Release/builds/14/files-with-issues&apos;</string>
    <string>-&gt; 8 copied, 0 not in workspace, 0 not-found, 0 with I/O error</string>
    <string>Repository miner is not configured, skipping repository mining</string>
    <string>Reference build recorder is not configured</string>
    <string>Obtaining reference build from same job (application,ICT10,Release)</string>
    <string>Using reference build &apos;11-PMP_ng-master-Build/BUILD_APPLICATION=application,BUILD_TARGET_BOARD=ICT10,BUILD_VARIANT=Release #13&apos; to compute new, fixed, and outstanding issues</string>
    <string>Parsing console log (workspace: &apos;/var/lib/jenkins/sharedspace/PMP_ng-master/BUILD_APPLICATION/application/BUILD_TARGET_BOARD/MCB1700/BUILD_VARIANT/Release&apos;)</string>
    <string>Successfully parsed console log</string>
    <string>-&gt; found 16 issues (skipped 0 duplicates)</string>
    <string>Post processing issues on &apos;Master&apos; with source code encoding &apos;UTF-8&apos;</string>
    <string>Creating SCM blamer to obtain author and commit information for affected files</string>
    <string>-&gt; No blamer installed yet. You need to install the &apos;git-forensics&apos; plugin to enable blaming for Git.</string>
    <string>Resolving file names for all issues in workspace &apos;/var/lib/jenkins/sharedspace/PMP_ng-master/BUILD_APPLICATION/application/BUILD_TARGET_BOARD/MCB1700/BUILD_VARIANT/Release&apos;</string>
    <string>-&gt; resolved paths in source directory (7 found, 0 not found)</string>
    <string>Resolving module names from module definitions (build.xml, pom.xml, or Manifest.mf files)</string>
    <string>-&gt; resolved module names for 16 issues</string>
    <string>Resolving package names (or namespaces) by parsing the affected files</string>
    <string>-&gt; resolved package names of 7 affected files</string>
    <string>No filter has been set, publishing all 16 issues</string>
    <string>Creating fingerprints for all affected code blocks to track issues over different builds</string>
    <string>-&gt; created fingerprints for 16 issues (skipped 0 issues)</string>
    <string>Copying affected files to Jenkins&apos; build folder &apos;/var/lib/jenkins/jobs/11-PMP_ng-master-Build/configurations/axis-BUILD_APPLICATION/application/axis-BUILD_TARGET_BOARD/MCB1700/axis-BUILD_VARIANT/Release/builds/14/files-with-issues&apos;</string>
    <string>-&gt; 7 copied, 0 not in workspace, 0 not-found, 0 with I/O error</string>
    <string>Repository miner is not configured, skipping repository mining</string>
    <string>Reference build recorder is not configured</string>
    <string>Obtaining reference build from same job (application,MCB1700,Release)</string>
    <string>Using reference build &apos;11-PMP_ng-master-Build/BUILD_APPLICATION=application,BUILD_TARGET_BOARD=MCB1700,BUILD_VARIANT=Release #13&apos; to compute new, fixed, and outstanding issues</string>
    <string>Reference build recorder is not configured</string>
    <string>Obtaining reference build from same job (11-PMP_ng-master-Build)</string>
    <string>Using reference build &apos;11-PMP_ng-master-Build #13&apos; to compute new, fixed, and outstanding issues</string>
  </infoMessages>
  <errorMessages/>
  <countersByKey/>
  <duplicatesSize>0</duplicatesSize>
</analysisReport>