<?xml version='1.0' encoding='UTF-8'?><ResultsSession time="12/27/11 16:57:14" toolName="C++test" toolVer="7.3.2.97">
   <Authors>
      <Author id="dev1" name="devabc" />
   </Authors>
   <VersionInfos>
      <StorageInfo ownerId="com.parasoft.xtest.checkers.api.generation" resultId="IGenerationProjectInfo" ver="2" />
      <StorageInfo ownerId="com.parasoft.xtest.checkers.api.generation" resultId="IGenerationInfo" ver="2" />
      <StorageInfo ownerId="com.parasoft.xtest.checkers.api.codereview" resultId="ICodeReviewScannerInfo" ver="2" />
      <StorageInfo ownerId="com.parasoft.xtest.checkers.api.codereview" resultId="ICodeReviewUndefinedAuthorsInfo" ver="1" />
      <StorageInfo ownerId="com.parasoft.xtest.checkers.api.execution" resultId="InsureViolation" ver="3" />
      <StorageInfo ownerId="com.parasoft.xtest.checkers.api.execution" resultId="IExecutionViolation" ver="2" />
      <StorageInfo ownerId="com.parasoft.xtest.checkers.api.standards" resultId="IFlowAnalysisViolation" ver="2" />
      <StorageInfo ownerId="com.parasoft.xtest.checkers.api.standards" resultId="IDupCodeViolation" ver="2" />
      <StorageInfo ownerId="com.parasoft.xtest.checkers.api.standards" resultId="ICodingStandardsViolation" ver="2" />
      <StorageInfo ownerId="com.parasoft.xtest.checkers.api.scope" resultId="IScopeProjectInfo" ver="3" />
   </VersionInfos>
   
      <Locations>
         <Loc fsPath="C:\Users\devabc\Parasoft\cpptest\workspace\ATM Sample\tests\autogenerated\include\TestSuite_Account_hxx.cpp" loc="/ATM Sample/tests/autogenerated/include/TestSuite_Account_hxx.cpp" />
         <Loc fsPath="C:\Users\devabc\Parasoft\cpptest\workspace\ATM Sample\tests\autogenerated\TestSuite_ATM_cxx.cpp" loc="/ATM Sample/tests/autogenerated/TestSuite_ATM_cxx.cpp" />
         <Loc fsPath="C:\Users\devabc\Parasoft\cpptest\workspace\ATM Sample\tests\autogenerated\TestSuite_Bank_cxx.cpp" loc="/ATM Sample/tests/autogenerated/TestSuite_Bank_cxx.cpp" />
         <Loc fsPath="C:\Users\devabc\Parasoft\cpptest\workspace\ATM Sample\tests\autogenerated\TestSuite_Account_cxx.cpp" loc="/ATM Sample/tests/autogenerated/TestSuite_Account_cxx.cpp" />
      </Locations>
   
   
      <ExecutedTestsDetails>
         <Total authFail="1;" fail="1" name="Passed / Total" pass="19">
            <Project authFail="1;" fail="1" name="ATM Sample" pass="19">
               <TestSuite authFail="1;" fail="1" id="CPP:///ATM Sample/tests" name="tests" pass="19" tool="C++test">
                  <TestSuite authFail="1;" fail="1" id="CPP:///ATM Sample/tests/autogenerated" name="autogenerated" pass="19" tool="C++test">
                     <TestSuite authFail="1;" fail="1" id="CPP://6416460496893334218" name="TestSuite_Bank_cxx_b93040ae" pass="3" tool="C++test">
                        <Test authFail="0;" fail="0" id="CPP://3650186347668698174" name="TestSuite_Bank_cxx_b93040ae::test_Bank_1" pass="1" time="0:00:00.002" tool="C++test" />
                        <Test authFail="0;" fail="0" id="CPP://-114314812518868733" name="TestSuite_Bank_cxx_b93040ae::test_getAccount_1" pass="1" time="0:00:00.000" tool="C++test" />
                        <Test authFail="1;" fail="1" id="CPP://-4878814044738264946" name="TestSuite_Bank_cxx_b93040ae::test_addAccount_1" pass="0" time="0:00:00.003" tool="C++test" />
                        <Test authFail="0;" fail="0" id="CPP://-2795859787297767170" name="TestSuite_Bank_cxx_b93040ae::test_x7eBank_1" pass="1" time="0:00:00.001" tool="C++test" />
                     </TestSuite>
                     <TestSuite authFail="0;" fail="0" id="CPP:///ATM Sample/tests/autogenerated/include" name="include" pass="9" tool="C++test">
                        <TestSuite authFail="0;" fail="0" id="CPP://2583595158700364664" name="TestSuite_Account_hxx_5bfab86e" pass="7" tool="C++test">
                           <Test authFail="0;" fail="0" id="CPP://7020318575747213934" name="TestSuite_Account_hxx_5bfab86e::test_setPassword_1" pass="1" time="0:00:00.005" tool="C++test" />
                           <Test authFail="0;" fail="0" id="CPP://-1451116077151837303" name="TestSuite_Account_hxx_5bfab86e::test_getBalance_1" pass="1" time="0:00:00.000" tool="C++test" />
                           <Test authFail="0;" fail="0" id="CPP://3083271082067258044" name="TestSuite_Account_hxx_5bfab86e::test_Account_3" pass="1" time="0:00:00.002" tool="C++test" />
                           <Test authFail="0;" fail="0" id="CPP://3083271082067257982" name="TestSuite_Account_hxx_5bfab86e::test_Account_1" pass="1" time="0:00:00.000" tool="C++test" />
                           <Test authFail="0;" fail="0" id="CPP://9157668185759528698" name="TestSuite_Account_hxx_5bfab86e::test_getPassword_1" pass="1" time="0:00:00.000" tool="C++test" />
                           <Test authFail="0;" fail="0" id="CPP://-8818458347903293605" name="TestSuite_Account_hxx_5bfab86e::test_setAccountNumber_1" pass="1" time="0:00:00.001" tool="C++test" />
                           <Test authFail="0;" fail="0" id="CPP://7929478200158638671" name="TestSuite_Account_hxx_5bfab86e::test_getAccountNumber_1" pass="1" time="0:00:00.000" tool="C++test" />
                        </TestSuite>
                        <TestSuite authFail="0;" fail="0" id="CPP://8951261477223321060" name="TestSuite_BaseDisplay_hxx_858a43b6" pass="2" tool="C++test">
                           <Test authFail="0;" fail="0" id="CPP://2394812140757967634" name="TestSuite_BaseDisplay_hxx_858a43b6::test_BaseDisplay_1" pass="1" time="0:00:00.000" tool="C++test" />
                           <Test authFail="0;" fail="0" id="CPP://-5863356589026401236" name="TestSuite_BaseDisplay_hxx_858a43b6::test_x7eBaseDisplay_1" pass="1" time="0:00:00.000" tool="C++test" />
                        </TestSuite>
                     </TestSuite>
                     <TestSuite authFail="0;" fail="0" id="CPP://7753489620571692459" name="TestSuite_BaseDisplay_cxx_d396e574" pass="2" tool="C++test">
                        <Test authFail="0;" fail="0" id="CPP://-5625216548597520373" name="TestSuite_BaseDisplay_cxx_d396e574::test_showInfoToUser_1" pass="1" time="0:00:00.001" tool="C++test" />
                        <Test authFail="0;" fail="0" id="CPP://-6749037824706105985" name="TestSuite_BaseDisplay_cxx_d396e574::test_showBalance_1" pass="1" time="0:00:00.000" tool="C++test" />
                     </TestSuite>
                     <TestSuite authFail="0;" fail="0" id="CPP://-8829550220310282719" name="TestSuite_Account_cxx_61665f58" pass="2" tool="C++test">
                        <Test authFail="0;" fail="0" id="CPP://-497470082882570728" name="TestSuite_Account_cxx_61665f58::test_debit_1" pass="1" time="0:00:00.000" tool="C++test" />
                        <Test authFail="0;" fail="0" id="CPP://-262216427398724250" name="TestSuite_Account_cxx_61665f58::test_deposit_1" pass="1" time="0:00:00.001" tool="C++test" />
                     </TestSuite>
                     <TestSuite authFail="0;" fail="0" id="CPP://3531394537767217841" name="TestSuite_ATM_cxx_5d3c8e3f" pass="3" tool="C++test">
                        <Test authFail="0;" fail="0" id="CPP://1567180857539389703" name="TestSuite_ATM_cxx_5d3c8e3f::test_ATM_1" pass="1" time="0:00:00.001" tool="C++test" />
                        <Test authFail="0;" fail="0" id="CPP://1429762059360790880" name="TestSuite_ATM_cxx_5d3c8e3f::test_fillUserRequest_1" pass="1" time="0:00:00.000" tool="C++test" />
                        <Test authFail="0;" fail="0" id="CPP://-6960272304460442375" name="TestSuite_ATM_cxx_5d3c8e3f::test_viewAccount_1" pass="1" time="0:00:00.000" tool="C++test" />
                     </TestSuite>
                  </TestSuite>
               </TestSuite>
            </Project>
         </Total>
      </ExecutedTestsDetails>
   
   <Scope>
      <ProjectInformations>
         <ScopeProjectInfo fltFiles="15" fltLns="820" project="/ATM Sample" totFiles="15" totLns="820" />
      </ProjectInformations>
   </Scope>
   <Exec ownerId="com.parasoft.xtest.checkers.api.execution" time="0:00:33">
      <Goals>
         <Goal mode="1" name="Unit Test Outcomes" type="3" />
         <Goal mode="1" name="Runtime Error Detection Violations" type="5" />
         <Goal mode="1" name="Unit Test Problems" type="0" />
      </Goals>
      
  <ExecViols>
    <ExecViol cat="6" sev="3" lang="cpp" testCaseId="9082397218191096148" testId="CPP://1567180857539389703" locType="sr" expectVal="" hash="-385715173" ln="45" testCaseOrig="1" sym="/ATM Sample/ATM.cxx" actVal="" tool="c++test" verifBy="" auth="devabc" urgent="true" testName="TestSuite_ATM_cxx_5d3c8e3f::test_ATM_1" locStartln="45" locStartPos="0" locEndLn="45" locEndPos="1" locFile="/ATM Sample/tests/autogenerated/TestSuite_ATM_cxx.cpp">
      <Thr lang="cpp">
        <ThrPart clName="Outcome" detMsg="Outcome: Account * _return.myCurrentAccount =NOT_NULL" prnMsg="Outcome: Account * _return.myCurrentAccount =NOT_NULL">
          <Trace clName="" metName="" fileName="/ATM Sample/tests/autogenerated/TestSuite_ATM_cxx.cpp" ln="45" fhash="0" />
        </ThrPart>
      </Thr>
    </ExecViol>
    <ExecViol cat="6" sev="3" lang="cpp" testCaseId="9082397218191096148" testId="CPP://1567180857539389703" locType="sr" expectVal="" hash="-385715173" ln="46" testCaseOrig="1" sym="/ATM Sample/ATM.cxx" actVal="" tool="c++test" verifBy="" auth="devabc" urgent="true" testName="TestSuite_ATM_cxx_5d3c8e3f::test_ATM_1" locStartln="46" locStartPos="0" locEndLn="46" locEndPos="1" locFile="/ATM Sample/tests/autogenerated/TestSuite_ATM_cxx.cpp">
      <Thr lang="cpp">
        <ThrPart clName="Outcome" detMsg="Outcome: Bank * _return.myBank =NULL" prnMsg="Outcome: Bank * _return.myBank =NULL">
          <Trace clName="" metName="" fileName="/ATM Sample/tests/autogenerated/TestSuite_ATM_cxx.cpp" ln="46" fhash="0" />
        </ThrPart>
      </Thr>
    </ExecViol>
    <ExecViol cat="6" sev="3" lang="cpp" testCaseId="9082397218191096148" testId="CPP://1567180857539389703" locType="sr" expectVal="" hash="-385715173" ln="47" testCaseOrig="1" sym="/ATM Sample/ATM.cxx" actVal="" tool="c++test" verifBy="" auth="devabc" urgent="true" testName="TestSuite_ATM_cxx_5d3c8e3f::test_ATM_1" locStartln="47" locStartPos="0" locEndLn="47" locEndPos="1" locFile="/ATM Sample/tests/autogenerated/TestSuite_ATM_cxx.cpp">
      <Thr lang="cpp">
        <ThrPart clName="Outcome" detMsg="Outcome: BaseDisplay * _return.myDisplay =NULL" prnMsg="Outcome: BaseDisplay * _return.myDisplay =NULL">
          <Trace clName="" metName="" fileName="/ATM Sample/tests/autogenerated/TestSuite_ATM_cxx.cpp" ln="47" fhash="0" />
        </ThrPart>
      </Thr>
    </ExecViol>
    <ExecViol cat="6" sev="3" lang="cpp" testCaseId="9082397218191096148" testId="CPP://1567180857539389703" locType="sr" expectVal="" hash="-385715173" ln="48" testCaseOrig="1" sym="/ATM Sample/ATM.cxx" actVal="" tool="c++test" verifBy="" auth="devabc" urgent="true" testName="TestSuite_ATM_cxx_5d3c8e3f::test_ATM_1" locStartln="48" locStartPos="0" locEndLn="48" locEndPos="1" locFile="/ATM Sample/tests/autogenerated/TestSuite_ATM_cxx.cpp">
      <Thr lang="cpp">
        <ThrPart clName="Outcome" detMsg="Outcome: Bank * _bank =NULL" prnMsg="Outcome: Bank * _bank =NULL">
          <Trace clName="" metName="" fileName="/ATM Sample/tests/autogenerated/TestSuite_ATM_cxx.cpp" ln="48" fhash="0" />
        </ThrPart>
      </Thr>
    </ExecViol>
    <ExecViol cat="6" sev="3" lang="cpp" testCaseId="9082397218191096148" testId="CPP://1567180857539389703" locType="sr" expectVal="" hash="-385715173" ln="49" testCaseOrig="1" sym="/ATM Sample/ATM.cxx" actVal="" tool="c++test" verifBy="" auth="devabc" urgent="true" testName="TestSuite_ATM_cxx_5d3c8e3f::test_ATM_1" locStartln="49" locStartPos="0" locEndLn="49" locEndPos="1" locFile="/ATM Sample/tests/autogenerated/TestSuite_ATM_cxx.cpp">
      <Thr lang="cpp">
        <ThrPart clName="Outcome" detMsg="Outcome: BaseDisplay * _display =NULL" prnMsg="Outcome: BaseDisplay * _display =NULL">
          <Trace clName="" metName="" fileName="/ATM Sample/tests/autogenerated/TestSuite_ATM_cxx.cpp" ln="49" fhash="0" />
        </ThrPart>
      </Thr>
    </ExecViol>
    <ExecViol cat="6" sev="3" lang="cpp" testCaseId="3812288026760299565" testId="CPP://1429762059360790880" locType="sr" expectVal="" hash="-385715173" ln="71" testCaseOrig="1" sym="/ATM Sample/ATM.cxx" actVal="" tool="c++test" verifBy="" auth="devabc" urgent="true" testName="TestSuite_ATM_cxx_5d3c8e3f::test_fillUserRequest_1" locStartln="71" locStartPos="0" locEndLn="71" locEndPos="1" locFile="/ATM Sample/tests/autogenerated/TestSuite_ATM_cxx.cpp">
      <Thr lang="cpp">
        <ThrPart clName="Outcome" detMsg="Outcome: Account * _cpptest_TestObject.myCurrentAccount =NOT_NULL" prnMsg="Outcome: Account * _cpptest_TestObject.myCurrentAccount =NOT_NULL">
          <Trace clName="" metName="" fileName="/ATM Sample/tests/autogenerated/TestSuite_ATM_cxx.cpp" ln="71" fhash="0" />
        </ThrPart>
      </Thr>
    </ExecViol>
    <ExecViol cat="6" sev="3" lang="cpp" testCaseId="3812288026760299565" testId="CPP://1429762059360790880" locType="sr" expectVal="" hash="-385715173" ln="72" testCaseOrig="1" sym="/ATM Sample/ATM.cxx" actVal="" tool="c++test" verifBy="" auth="devabc" urgent="true" testName="TestSuite_ATM_cxx_5d3c8e3f::test_fillUserRequest_1" locStartln="72" locStartPos="0" locEndLn="72" locEndPos="1" locFile="/ATM Sample/tests/autogenerated/TestSuite_ATM_cxx.cpp">
      <Thr lang="cpp">
        <ThrPart clName="Outcome" detMsg="Outcome: Bank * _cpptest_TestObject.myBank =NULL" prnMsg="Outcome: Bank * _cpptest_TestObject.myBank =NULL">
          <Trace clName="" metName="" fileName="/ATM Sample/tests/autogenerated/TestSuite_ATM_cxx.cpp" ln="72" fhash="0" />
        </ThrPart>
      </Thr>
    </ExecViol>
    <ExecViol cat="6" sev="3" lang="cpp" testCaseId="3812288026760299565" testId="CPP://1429762059360790880" locType="sr" expectVal="" hash="-385715173" ln="73" testCaseOrig="1" sym="/ATM Sample/ATM.cxx" actVal="" tool="c++test" verifBy="" auth="devabc" urgent="true" testName="TestSuite_ATM_cxx_5d3c8e3f::test_fillUserRequest_1" locStartln="73" locStartPos="0" locEndLn="73" locEndPos="1" locFile="/ATM Sample/tests/autogenerated/TestSuite_ATM_cxx.cpp">
      <Thr lang="cpp">
        <ThrPart clName="Outcome" detMsg="Outcome: BaseDisplay * _cpptest_TestObject.myDisplay =NULL" prnMsg="Outcome: BaseDisplay * _cpptest_TestObject.myDisplay =NULL">
          <Trace clName="" metName="" fileName="/ATM Sample/tests/autogenerated/TestSuite_ATM_cxx.cpp" ln="73" fhash="0" />
        </ThrPart>
      </Thr>
    </ExecViol>
    <ExecViol cat="6" sev="3" lang="cpp" testCaseId="4061065243557349456" testId="CPP://-6960272304460442375" locType="sr" expectVal="" hash="-385715173" ln="95" testCaseOrig="1" sym="/ATM Sample/ATM.cxx" actVal="" tool="c++test" verifBy="" auth="devabc" urgent="true" testName="TestSuite_ATM_cxx_5d3c8e3f::test_viewAccount_1" locStartln="95" locStartPos="0" locEndLn="95" locEndPos="1" locFile="/ATM Sample/tests/autogenerated/TestSuite_ATM_cxx.cpp">
      <Thr lang="cpp">
        <ThrPart clName="Outcome" detMsg="Outcome: Account * _cpptest_TestObject.myCurrentAccount =NOT_NULL" prnMsg="Outcome: Account * _cpptest_TestObject.myCurrentAccount =NOT_NULL">
          <Trace clName="" metName="" fileName="/ATM Sample/tests/autogenerated/TestSuite_ATM_cxx.cpp" ln="95" fhash="0" />
        </ThrPart>
      </Thr>
    </ExecViol>
    <ExecViol cat="6" sev="3" lang="cpp" testCaseId="4061065243557349456" testId="CPP://-6960272304460442375" locType="sr" expectVal="" hash="-385715173" ln="96" testCaseOrig="1" sym="/ATM Sample/ATM.cxx" actVal="" tool="c++test" verifBy="" auth="devabc" urgent="true" testName="TestSuite_ATM_cxx_5d3c8e3f::test_viewAccount_1" locStartln="96" locStartPos="0" locEndLn="96" locEndPos="1" locFile="/ATM Sample/tests/autogenerated/TestSuite_ATM_cxx.cpp">
      <Thr lang="cpp">
        <ThrPart clName="Outcome" detMsg="Outcome: Bank * _cpptest_TestObject.myBank =NULL" prnMsg="Outcome: Bank * _cpptest_TestObject.myBank =NULL">
          <Trace clName="" metName="" fileName="/ATM Sample/tests/autogenerated/TestSuite_ATM_cxx.cpp" ln="96" fhash="0" />
        </ThrPart>
      </Thr>
    </ExecViol>
    <ExecViol cat="6" sev="3" lang="cpp" testCaseId="4061065243557349456" testId="CPP://-6960272304460442375" locType="sr" expectVal="" hash="-385715173" ln="97" testCaseOrig="1" sym="/ATM Sample/ATM.cxx" actVal="" tool="c++test" verifBy="" auth="devabc" urgent="true" testName="TestSuite_ATM_cxx_5d3c8e3f::test_viewAccount_1" locStartln="97" locStartPos="0" locEndLn="97" locEndPos="1" locFile="/ATM Sample/tests/autogenerated/TestSuite_ATM_cxx.cpp">
      <Thr lang="cpp">
        <ThrPart clName="Outcome" detMsg="Outcome: BaseDisplay * _cpptest_TestObject.myDisplay =NULL" prnMsg="Outcome: BaseDisplay * _cpptest_TestObject.myDisplay =NULL">
          <Trace clName="" metName="" fileName="/ATM Sample/tests/autogenerated/TestSuite_ATM_cxx.cpp" ln="97" fhash="0" />
        </ThrPart>
      </Thr>
    </ExecViol>
    <ExecViol cat="6" sev="3" lang="cpp" testCaseId="6308443366311733320" testId="CPP://-497470082882570728" locType="sr" expectVal="" hash="1851671769" ln="45" testCaseOrig="1" sym="/ATM Sample/Account.cxx" actVal="" tool="c++test" verifBy="" auth="devabc" urgent="true" testName="TestSuite_Account_cxx_61665f58::test_debit_1" locStartln="45" locStartPos="0" locEndLn="45" locEndPos="1" locFile="/ATM Sample/tests/autogenerated/TestSuite_Account_cxx.cpp">
      <Thr lang="cpp">
        <ThrPart clName="Outcome" detMsg="Outcome: double _return=0.000000e+000" prnMsg="Outcome: double _return=0.000000e+000">
          <Trace clName="" metName="" fileName="/ATM Sample/tests/autogenerated/TestSuite_Account_cxx.cpp" ln="45" fhash="0" />
        </ThrPart>
      </Thr>
    </ExecViol>
    <ExecViol cat="6" sev="3" lang="cpp" testCaseId="6308443366311733320" testId="CPP://-497470082882570728" locType="sr" expectVal="" hash="1851671769" ln="46" testCaseOrig="1" sym="/ATM Sample/Account.cxx" actVal="" tool="c++test" verifBy="" auth="devabc" urgent="true" testName="TestSuite_Account_cxx_61665f58::test_debit_1" locStartln="46" locStartPos="0" locEndLn="46" locEndPos="1" locFile="/ATM Sample/tests/autogenerated/TestSuite_Account_cxx.cpp">
      <Thr lang="cpp">
        <ThrPart clName="Outcome" detMsg="Outcome: int _cpptest_TestObject.myAccountNumber=0" prnMsg="Outcome: int _cpptest_TestObject.myAccountNumber=0">
          <Trace clName="" metName="" fileName="/ATM Sample/tests/autogenerated/TestSuite_Account_cxx.cpp" ln="46" fhash="0" />
        </ThrPart>
      </Thr>
    </ExecViol>
    <ExecViol cat="6" sev="3" lang="cpp" testCaseId="6308443366311733320" testId="CPP://-497470082882570728" locType="sr" expectVal="" hash="1851671769" ln="47" testCaseOrig="1" sym="/ATM Sample/Account.cxx" actVal="" tool="c++test" verifBy="" auth="devabc" urgent="true" testName="TestSuite_Account_cxx_61665f58::test_debit_1" locStartln="47" locStartPos="0" locEndLn="47" locEndPos="1" locFile="/ATM Sample/tests/autogenerated/TestSuite_Account_cxx.cpp">
      <Thr lang="cpp">
        <ThrPart clName="Outcome" detMsg="Outcome: double _cpptest_TestObject.myBalance=0.000000e+000" prnMsg="Outcome: double _cpptest_TestObject.myBalance=0.000000e+000">
          <Trace clName="" metName="" fileName="/ATM Sample/tests/autogenerated/TestSuite_Account_cxx.cpp" ln="47" fhash="0" />
        </ThrPart>
      </Thr>
    </ExecViol>
    <ExecViol cat="6" sev="3" lang="cpp" testCaseId="6308443366311733320" testId="CPP://-497470082882570728" locType="sr" expectVal="" hash="1851671769" ln="48" testCaseOrig="1" sym="/ATM Sample/Account.cxx" actVal="" tool="c++test" verifBy="" auth="devabc" urgent="true" testName="TestSuite_Account_cxx_61665f58::test_debit_1" locStartln="48" locStartPos="0" locEndLn="48" locEndPos="1" locFile="/ATM Sample/tests/autogenerated/TestSuite_Account_cxx.cpp">
      <Thr lang="cpp">
        <ThrPart clName="Outcome" detMsg="Outcome: ::std::string _cpptest_TestObject.myPassword=&quot;&quot;" prnMsg="Outcome: ::std::string _cpptest_TestObject.myPassword=&quot;&quot;">
          <Trace clName="" metName="" fileName="/ATM Sample/tests/autogenerated/TestSuite_Account_cxx.cpp" ln="48" fhash="0" />
        </ThrPart>
      </Thr>
    </ExecViol>
    <ExecViol cat="6" sev="3" lang="cpp" testCaseId="-5490587379883636692" testId="CPP://-262216427398724250" locType="sr" expectVal="" hash="1851671769" ln="66" testCaseOrig="1" sym="/ATM Sample/Account.cxx" actVal="" tool="c++test" verifBy="" auth="devabc" urgent="true" testName="TestSuite_Account_cxx_61665f58::test_deposit_1" locStartln="66" locStartPos="0" locEndLn="66" locEndPos="1" locFile="/ATM Sample/tests/autogenerated/TestSuite_Account_cxx.cpp">
      <Thr lang="cpp">
        <ThrPart clName="Outcome" detMsg="Outcome: double _return=1.#INF00e+000" prnMsg="Outcome: double _return=1.#INF00e+000">
          <Trace clName="" metName="" fileName="/ATM Sample/tests/autogenerated/TestSuite_Account_cxx.cpp" ln="66" fhash="0" />
        </ThrPart>
      </Thr>
    </ExecViol>
    <ExecViol cat="6" sev="3" lang="cpp" testCaseId="-5490587379883636692" testId="CPP://-262216427398724250" locType="sr" expectVal="" hash="1851671769" ln="67" testCaseOrig="1" sym="/ATM Sample/Account.cxx" actVal="" tool="c++test" verifBy="" auth="devabc" urgent="true" testName="TestSuite_Account_cxx_61665f58::test_deposit_1" locStartln="67" locStartPos="0" locEndLn="67" locEndPos="1" locFile="/ATM Sample/tests/autogenerated/TestSuite_Account_cxx.cpp">
      <Thr lang="cpp">
        <ThrPart clName="Outcome" detMsg="Outcome: int _cpptest_TestObject.myAccountNumber=0" prnMsg="Outcome: int _cpptest_TestObject.myAccountNumber=0">
          <Trace clName="" metName="" fileName="/ATM Sample/tests/autogenerated/TestSuite_Account_cxx.cpp" ln="67" fhash="0" />
        </ThrPart>
      </Thr>
    </ExecViol>
    <ExecViol cat="6" sev="3" lang="cpp" testCaseId="-5490587379883636692" testId="CPP://-262216427398724250" locType="sr" expectVal="" hash="1851671769" ln="68" testCaseOrig="1" sym="/ATM Sample/Account.cxx" actVal="" tool="c++test" verifBy="" auth="devabc" urgent="true" testName="TestSuite_Account_cxx_61665f58::test_deposit_1" locStartln="68" locStartPos="0" locEndLn="68" locEndPos="1" locFile="/ATM Sample/tests/autogenerated/TestSuite_Account_cxx.cpp">
      <Thr lang="cpp">
        <ThrPart clName="Outcome" detMsg="Outcome: double _cpptest_TestObject.myBalance=1.#INF00e+000" prnMsg="Outcome: double _cpptest_TestObject.myBalance=1.#INF00e+000">
          <Trace clName="" metName="" fileName="/ATM Sample/tests/autogenerated/TestSuite_Account_cxx.cpp" ln="68" fhash="0" />
        </ThrPart>
      </Thr>
    </ExecViol>
    <ExecViol cat="6" sev="3" lang="cpp" testCaseId="-5490587379883636692" testId="CPP://-262216427398724250" locType="sr" expectVal="" hash="1851671769" ln="69" testCaseOrig="1" sym="/ATM Sample/Account.cxx" actVal="" tool="c++test" verifBy="" auth="devabc" urgent="true" testName="TestSuite_Account_cxx_61665f58::test_deposit_1" locStartln="69" locStartPos="0" locEndLn="69" locEndPos="1" locFile="/ATM Sample/tests/autogenerated/TestSuite_Account_cxx.cpp">
      <Thr lang="cpp">
        <ThrPart clName="Outcome" detMsg="Outcome: ::std::string _cpptest_TestObject.myPassword=&quot;&quot;" prnMsg="Outcome: ::std::string _cpptest_TestObject.myPassword=&quot;&quot;">
          <Trace clName="" metName="" fileName="/ATM Sample/tests/autogenerated/TestSuite_Account_cxx.cpp" ln="69" fhash="0" />
        </ThrPart>
      </Thr>
    </ExecViol>
    <ExecViol cat="6" sev="3" lang="cpp" testCaseId="5586883866220133109" testId="CPP://3650186347668698174" locType="sr" expectVal="" hash="246826513" ln="43" testCaseOrig="1" sym="/ATM Sample/Bank.cxx" actVal="" tool="c++test" verifBy="" auth="devabc" urgent="true" testName="TestSuite_Bank_cxx_b93040ae::test_Bank_1" locStartln="43" locStartPos="0" locEndLn="43" locEndPos="1" locFile="/ATM Sample/tests/autogenerated/TestSuite_Bank_cxx.cpp">
      <Thr lang="cpp">
        <ThrPart clName="Outcome" detMsg="Outcome: int _return.myCurrentAccountNumber=0" prnMsg="Outcome: int _return.myCurrentAccountNumber=0">
          <Trace clName="" metName="" fileName="/ATM Sample/tests/autogenerated/TestSuite_Bank_cxx.cpp" ln="43" fhash="0" />
        </ThrPart>
      </Thr>
    </ExecViol>
    <ExecViol cat="1" sev="1" lang="cpp" testCaseId="1047105362995624055" testId="CPP://-4878814044738264946" locType="sr" expectVal="" hash="246826513" ln="58" testCaseOrig="1" sym="/ATM Sample/Bank.cxx" actVal="" tool="c++test" verifBy="" auth="devabc" urgent="true" testName="TestSuite_Bank_cxx_b93040ae::test_addAccount_1" locStartln="58" locStartPos="0" locEndLn="58" locEndPos="1" locFile="/ATM Sample/tests/autogenerated/TestSuite_Bank_cxx.cpp">
      <Thr lang="cpp">
        <ThrPart clName="Assertion failed" detMsg="Assertion failed: -1==1" prnMsg="Assertion failed: -1==1">
          <Trace clName="" metName="" fileName="/ATM Sample/tests/autogenerated/TestSuite_Bank_cxx.cpp" ln="58" fhash="474908519" />
          <Trace clName="" metName="" fileName="/ATM Sample/tests/autogenerated/TestSuite_Bank_cxx.cpp" ln="9" fhash="961290873" />
          <Trace clName="" metName="" fileName="/ATM Sample/tests/autogenerated/TestSuite_Bank_cxx.cpp" ln="11" fhash="7927505" />
        </ThrPart>
      </Thr>
    </ExecViol>
    <ExecViol cat="6" sev="3" lang="cpp" testCaseId="1047105362995624055" testId="CPP://-4878814044738264946" locType="sr" expectVal="" hash="246826513" ln="59" testCaseOrig="1" sym="/ATM Sample/Bank.cxx" actVal="" tool="c++test" verifBy="" auth="devabc" urgent="true" testName="TestSuite_Bank_cxx_b93040ae::test_addAccount_1" locStartln="59" locStartPos="0" locEndLn="59" locEndPos="1" locFile="/ATM Sample/tests/autogenerated/TestSuite_Bank_cxx.cpp">
      <Thr lang="cpp">
        <ThrPart clName="Outcome" detMsg="Outcome: Account * _return =NOT_NULL" prnMsg="Outcome: Account * _return =NOT_NULL">
          <Trace clName="" metName="" fileName="/ATM Sample/tests/autogenerated/TestSuite_Bank_cxx.cpp" ln="59" fhash="0" />
        </ThrPart>
      </Thr>
    </ExecViol>
    <ExecViol cat="6" sev="3" lang="cpp" testCaseId="1047105362995624055" testId="CPP://-4878814044738264946" locType="sr" expectVal="" hash="246826513" ln="60" testCaseOrig="1" sym="/ATM Sample/Bank.cxx" actVal="" tool="c++test" verifBy="" auth="devabc" urgent="true" testName="TestSuite_Bank_cxx_b93040ae::test_addAccount_1" locStartln="60" locStartPos="0" locEndLn="60" locEndPos="1" locFile="/ATM Sample/tests/autogenerated/TestSuite_Bank_cxx.cpp">
      <Thr lang="cpp">
        <ThrPart clName="Outcome" detMsg="Outcome: int _cpptest_TestObject.myCurrentAccountNumber=1" prnMsg="Outcome: int _cpptest_TestObject.myCurrentAccountNumber=1">
          <Trace clName="" metName="" fileName="/ATM Sample/tests/autogenerated/TestSuite_Bank_cxx.cpp" ln="60" fhash="0" />
        </ThrPart>
      </Thr>
    </ExecViol>
    <ExecViol cat="6" sev="3" lang="cpp" testCaseId="981071358618380248" testId="CPP://-114314812518868733" locType="sr" expectVal="" hash="246826513" ln="78" testCaseOrig="1" sym="/ATM Sample/Bank.cxx" actVal="" tool="c++test" verifBy="" auth="devabc" urgent="true" testName="TestSuite_Bank_cxx_b93040ae::test_getAccount_1" locStartln="78" locStartPos="0" locEndLn="78" locEndPos="1" locFile="/ATM Sample/tests/autogenerated/TestSuite_Bank_cxx.cpp">
      <Thr lang="cpp">
        <ThrPart clName="Outcome" detMsg="Outcome: Account * _return =NULL" prnMsg="Outcome: Account * _return =NULL">
          <Trace clName="" metName="" fileName="/ATM Sample/tests/autogenerated/TestSuite_Bank_cxx.cpp" ln="78" fhash="0" />
        </ThrPart>
      </Thr>
    </ExecViol>
    <ExecViol cat="6" sev="3" lang="cpp" testCaseId="981071358618380248" testId="CPP://-114314812518868733" locType="sr" expectVal="" hash="246826513" ln="79" testCaseOrig="1" sym="/ATM Sample/Bank.cxx" actVal="" tool="c++test" verifBy="" auth="devabc" urgent="true" testName="TestSuite_Bank_cxx_b93040ae::test_getAccount_1" locStartln="79" locStartPos="0" locEndLn="79" locEndPos="1" locFile="/ATM Sample/tests/autogenerated/TestSuite_Bank_cxx.cpp">
      <Thr lang="cpp">
        <ThrPart clName="Outcome" detMsg="Outcome: int _cpptest_TestObject.myCurrentAccountNumber=0" prnMsg="Outcome: int _cpptest_TestObject.myCurrentAccountNumber=0">
          <Trace clName="" metName="" fileName="/ATM Sample/tests/autogenerated/TestSuite_Bank_cxx.cpp" ln="79" fhash="0" />
        </ThrPart>
      </Thr>
    </ExecViol>
    <ExecViol cat="6" sev="3" lang="cpp" testCaseId="6260442071818148675" testId="CPP://3083271082067257982" locType="sr" expectVal="" hash="-1055606536" ln="51" testCaseOrig="1" sym="/ATM Sample/include/Account.hxx" actVal="" tool="c++test" verifBy="" auth="devabc" urgent="true" testName="TestSuite_Account_hxx_5bfab86e::test_Account_1" locStartln="51" locStartPos="0" locEndLn="51" locEndPos="1" locFile="/ATM Sample/tests/autogenerated/include/TestSuite_Account_hxx.cpp">
      <Thr lang="cpp">
        <ThrPart clName="Outcome" detMsg="Outcome: int _return.myAccountNumber=0" prnMsg="Outcome: int _return.myAccountNumber=0">
          <Trace clName="" metName="" fileName="/ATM Sample/tests/autogenerated/include/TestSuite_Account_hxx.cpp" ln="51" fhash="0" />
        </ThrPart>
      </Thr>
    </ExecViol>
    <ExecViol cat="6" sev="3" lang="cpp" testCaseId="6260442071818148675" testId="CPP://3083271082067257982" locType="sr" expectVal="" hash="-1055606536" ln="52" testCaseOrig="1" sym="/ATM Sample/include/Account.hxx" actVal="" tool="c++test" verifBy="" auth="devabc" urgent="true" testName="TestSuite_Account_hxx_5bfab86e::test_Account_1" locStartln="52" locStartPos="0" locEndLn="52" locEndPos="1" locFile="/ATM Sample/tests/autogenerated/include/TestSuite_Account_hxx.cpp">
      <Thr lang="cpp">
        <ThrPart clName="Outcome" detMsg="Outcome: double _return.myBalance=1.797693e+308" prnMsg="Outcome: double _return.myBalance=1.797693e+308">
          <Trace clName="" metName="" fileName="/ATM Sample/tests/autogenerated/include/TestSuite_Account_hxx.cpp" ln="52" fhash="0" />
        </ThrPart>
      </Thr>
    </ExecViol>
    <ExecViol cat="6" sev="3" lang="cpp" testCaseId="6260442071818148675" testId="CPP://3083271082067257982" locType="sr" expectVal="" hash="-1055606536" ln="53" testCaseOrig="1" sym="/ATM Sample/include/Account.hxx" actVal="" tool="c++test" verifBy="" auth="devabc" urgent="true" testName="TestSuite_Account_hxx_5bfab86e::test_Account_1" locStartln="53" locStartPos="0" locEndLn="53" locEndPos="1" locFile="/ATM Sample/tests/autogenerated/include/TestSuite_Account_hxx.cpp">
      <Thr lang="cpp">
        <ThrPart clName="Outcome" detMsg="Outcome: ::std::string _return.myPassword=&quot;&quot;" prnMsg="Outcome: ::std::string _return.myPassword=&quot;&quot;">
          <Trace clName="" metName="" fileName="/ATM Sample/tests/autogenerated/include/TestSuite_Account_hxx.cpp" ln="53" fhash="0" />
        </ThrPart>
      </Thr>
    </ExecViol>
    <ExecViol cat="6" sev="3" lang="cpp" testCaseId="6260442071818169695" testId="CPP://3083271082067258044" locType="sr" expectVal="" hash="-1055606536" ln="65" testCaseOrig="1" sym="/ATM Sample/include/Account.hxx" actVal="" tool="c++test" verifBy="" auth="devabc" urgent="true" testName="TestSuite_Account_hxx_5bfab86e::test_Account_3" locStartln="65" locStartPos="0" locEndLn="65" locEndPos="1" locFile="/ATM Sample/tests/autogenerated/include/TestSuite_Account_hxx.cpp">
      <Thr lang="cpp">
        <ThrPart clName="Outcome" detMsg="Outcome: int _return.myAccountNumber=0" prnMsg="Outcome: int _return.myAccountNumber=0">
          <Trace clName="" metName="" fileName="/ATM Sample/tests/autogenerated/include/TestSuite_Account_hxx.cpp" ln="65" fhash="0" />
        </ThrPart>
      </Thr>
    </ExecViol>
    <ExecViol cat="6" sev="3" lang="cpp" testCaseId="6260442071818169695" testId="CPP://3083271082067258044" locType="sr" expectVal="" hash="-1055606536" ln="66" testCaseOrig="1" sym="/ATM Sample/include/Account.hxx" actVal="" tool="c++test" verifBy="" auth="devabc" urgent="true" testName="TestSuite_Account_hxx_5bfab86e::test_Account_3" locStartln="66" locStartPos="0" locEndLn="66" locEndPos="1" locFile="/ATM Sample/tests/autogenerated/include/TestSuite_Account_hxx.cpp">
      <Thr lang="cpp">
        <ThrPart clName="Outcome" detMsg="Outcome: double _return.myBalance=0.000000e+000" prnMsg="Outcome: double _return.myBalance=0.000000e+000">
          <Trace clName="" metName="" fileName="/ATM Sample/tests/autogenerated/include/TestSuite_Account_hxx.cpp" ln="66" fhash="0" />
        </ThrPart>
      </Thr>
    </ExecViol>
    <ExecViol cat="6" sev="3" lang="cpp" testCaseId="6260442071818169695" testId="CPP://3083271082067258044" locType="sr" expectVal="" hash="-1055606536" ln="67" testCaseOrig="1" sym="/ATM Sample/include/Account.hxx" actVal="" tool="c++test" verifBy="" auth="devabc" urgent="true" testName="TestSuite_Account_hxx_5bfab86e::test_Account_3" locStartln="67" locStartPos="0" locEndLn="67" locEndPos="1" locFile="/ATM Sample/tests/autogenerated/include/TestSuite_Account_hxx.cpp">
      <Thr lang="cpp">
        <ThrPart clName="Outcome" detMsg="Outcome: ::std::string _return.myPassword=&quot;&quot;" prnMsg="Outcome: ::std::string _return.myPassword=&quot;&quot;">
          <Trace clName="" metName="" fileName="/ATM Sample/tests/autogenerated/include/TestSuite_Account_hxx.cpp" ln="67" fhash="0" />
        </ThrPart>
      </Thr>
    </ExecViol>
    <ExecViol cat="6" sev="3" lang="cpp" testCaseId="2437781822362616556" testId="CPP://7929478200158638671" locType="sr" expectVal="" hash="-1055606536" ln="83" testCaseOrig="1" sym="/ATM Sample/include/Account.hxx" actVal="" tool="c++test" verifBy="" auth="devabc" urgent="true" testName="TestSuite_Account_hxx_5bfab86e::test_getAccountNumber_1" locStartln="83" locStartPos="0" locEndLn="83" locEndPos="1" locFile="/ATM Sample/tests/autogenerated/include/TestSuite_Account_hxx.cpp">
      <Thr lang="cpp">
        <ThrPart clName="Outcome" detMsg="Outcome: int _return=0" prnMsg="Outcome: int _return=0">
          <Trace clName="" metName="" fileName="/ATM Sample/tests/autogenerated/include/TestSuite_Account_hxx.cpp" ln="83" fhash="0" />
        </ThrPart>
      </Thr>
    </ExecViol>
    <ExecViol cat="6" sev="3" lang="cpp" testCaseId="2437781822362616556" testId="CPP://7929478200158638671" locType="sr" expectVal="" hash="-1055606536" ln="84" testCaseOrig="1" sym="/ATM Sample/include/Account.hxx" actVal="" tool="c++test" verifBy="" auth="devabc" urgent="true" testName="TestSuite_Account_hxx_5bfab86e::test_getAccountNumber_1" locStartln="84" locStartPos="0" locEndLn="84" locEndPos="1" locFile="/ATM Sample/tests/autogenerated/include/TestSuite_Account_hxx.cpp">
      <Thr lang="cpp">
        <ThrPart clName="Outcome" detMsg="Outcome: int _cpptest_TestObject.myAccountNumber=0" prnMsg="Outcome: int _cpptest_TestObject.myAccountNumber=0">
          <Trace clName="" metName="" fileName="/ATM Sample/tests/autogenerated/include/TestSuite_Account_hxx.cpp" ln="84" fhash="0" />
        </ThrPart>
      </Thr>
    </ExecViol>
    <ExecViol cat="6" sev="3" lang="cpp" testCaseId="2437781822362616556" testId="CPP://7929478200158638671" locType="sr" expectVal="" hash="-1055606536" ln="85" testCaseOrig="1" sym="/ATM Sample/include/Account.hxx" actVal="" tool="c++test" verifBy="" auth="devabc" urgent="true" testName="TestSuite_Account_hxx_5bfab86e::test_getAccountNumber_1" locStartln="85" locStartPos="0" locEndLn="85" locEndPos="1" locFile="/ATM Sample/tests/autogenerated/include/TestSuite_Account_hxx.cpp">
      <Thr lang="cpp">
        <ThrPart clName="Outcome" detMsg="Outcome: double _cpptest_TestObject.myBalance=1.797693e+308" prnMsg="Outcome: double _cpptest_TestObject.myBalance=1.797693e+308">
          <Trace clName="" metName="" fileName="/ATM Sample/tests/autogenerated/include/TestSuite_Account_hxx.cpp" ln="85" fhash="0" />
        </ThrPart>
      </Thr>
    </ExecViol>
    <ExecViol cat="6" sev="3" lang="cpp" testCaseId="2437781822362616556" testId="CPP://7929478200158638671" locType="sr" expectVal="" hash="-1055606536" ln="86" testCaseOrig="1" sym="/ATM Sample/include/Account.hxx" actVal="" tool="c++test" verifBy="" auth="devabc" urgent="true" testName="TestSuite_Account_hxx_5bfab86e::test_getAccountNumber_1" locStartln="86" locStartPos="0" locEndLn="86" locEndPos="1" locFile="/ATM Sample/tests/autogenerated/include/TestSuite_Account_hxx.cpp">
      <Thr lang="cpp">
        <ThrPart clName="Outcome" detMsg="Outcome: ::std::string _cpptest_TestObject.myPassword=&quot;&quot;" prnMsg="Outcome: ::std::string _cpptest_TestObject.myPassword=&quot;&quot;">
          <Trace clName="" metName="" fileName="/ATM Sample/tests/autogenerated/include/TestSuite_Account_hxx.cpp" ln="86" fhash="0" />
        </ThrPart>
      </Thr>
    </ExecViol>
    <ExecViol cat="6" sev="3" lang="cpp" testCaseId="151525442483651256" testId="CPP://-1451116077151837303" locType="sr" expectVal="" hash="-1055606536" ln="102" testCaseOrig="1" sym="/ATM Sample/include/Account.hxx" actVal="" tool="c++test" verifBy="" auth="devabc" urgent="true" testName="TestSuite_Account_hxx_5bfab86e::test_getBalance_1" locStartln="102" locStartPos="0" locEndLn="102" locEndPos="1" locFile="/ATM Sample/tests/autogenerated/include/TestSuite_Account_hxx.cpp">
      <Thr lang="cpp">
        <ThrPart clName="Outcome" detMsg="Outcome: double _return=1.797693e+308" prnMsg="Outcome: double _return=1.797693e+308">
          <Trace clName="" metName="" fileName="/ATM Sample/tests/autogenerated/include/TestSuite_Account_hxx.cpp" ln="102" fhash="0" />
        </ThrPart>
      </Thr>
    </ExecViol>
    <ExecViol cat="6" sev="3" lang="cpp" testCaseId="151525442483651256" testId="CPP://-1451116077151837303" locType="sr" expectVal="" hash="-1055606536" ln="103" testCaseOrig="1" sym="/ATM Sample/include/Account.hxx" actVal="" tool="c++test" verifBy="" auth="devabc" urgent="true" testName="TestSuite_Account_hxx_5bfab86e::test_getBalance_1" locStartln="103" locStartPos="0" locEndLn="103" locEndPos="1" locFile="/ATM Sample/tests/autogenerated/include/TestSuite_Account_hxx.cpp">
      <Thr lang="cpp">
        <ThrPart clName="Outcome" detMsg="Outcome: int _cpptest_TestObject.myAccountNumber=0" prnMsg="Outcome: int _cpptest_TestObject.myAccountNumber=0">
          <Trace clName="" metName="" fileName="/ATM Sample/tests/autogenerated/include/TestSuite_Account_hxx.cpp" ln="103" fhash="0" />
        </ThrPart>
      </Thr>
    </ExecViol>
    <ExecViol cat="6" sev="3" lang="cpp" testCaseId="151525442483651256" testId="CPP://-1451116077151837303" locType="sr" expectVal="" hash="-1055606536" ln="104" testCaseOrig="1" sym="/ATM Sample/include/Account.hxx" actVal="" tool="c++test" verifBy="" auth="devabc" urgent="true" testName="TestSuite_Account_hxx_5bfab86e::test_getBalance_1" locStartln="104" locStartPos="0" locEndLn="104" locEndPos="1" locFile="/ATM Sample/tests/autogenerated/include/TestSuite_Account_hxx.cpp">
      <Thr lang="cpp">
        <ThrPart clName="Outcome" detMsg="Outcome: double _cpptest_TestObject.myBalance=1.797693e+308" prnMsg="Outcome: double _cpptest_TestObject.myBalance=1.797693e+308">
          <Trace clName="" metName="" fileName="/ATM Sample/tests/autogenerated/include/TestSuite_Account_hxx.cpp" ln="104" fhash="0" />
        </ThrPart>
      </Thr>
    </ExecViol>
    <ExecViol cat="6" sev="3" lang="cpp" testCaseId="151525442483651256" testId="CPP://-1451116077151837303" locType="sr" expectVal="" hash="-1055606536" ln="105" testCaseOrig="1" sym="/ATM Sample/include/Account.hxx" actVal="" tool="c++test" verifBy="" auth="devabc" urgent="true" testName="TestSuite_Account_hxx_5bfab86e::test_getBalance_1" locStartln="105" locStartPos="0" locEndLn="105" locEndPos="1" locFile="/ATM Sample/tests/autogenerated/include/TestSuite_Account_hxx.cpp">
      <Thr lang="cpp">
        <ThrPart clName="Outcome" detMsg="Outcome: ::std::string _cpptest_TestObject.myPassword=&quot;&quot;" prnMsg="Outcome: ::std::string _cpptest_TestObject.myPassword=&quot;&quot;">
          <Trace clName="" metName="" fileName="/ATM Sample/tests/autogenerated/include/TestSuite_Account_hxx.cpp" ln="105" fhash="0" />
        </ThrPart>
      </Thr>
    </ExecViol>
    <ExecViol cat="6" sev="3" lang="cpp" testCaseId="-1177590794636383666" testId="CPP://9157668185759528698" locType="sr" expectVal="" hash="-1055606536" ln="121" testCaseOrig="1" sym="/ATM Sample/include/Account.hxx" actVal="" tool="c++test" verifBy="" auth="devabc" urgent="true" testName="TestSuite_Account_hxx_5bfab86e::test_getPassword_1" locStartln="121" locStartPos="0" locEndLn="121" locEndPos="1" locFile="/ATM Sample/tests/autogenerated/include/TestSuite_Account_hxx.cpp">
      <Thr lang="cpp">
        <ThrPart clName="Outcome" detMsg="Outcome: const char * _return=&quot;&quot;" prnMsg="Outcome: const char * _return=&quot;&quot;">
          <Trace clName="" metName="" fileName="/ATM Sample/tests/autogenerated/include/TestSuite_Account_hxx.cpp" ln="121" fhash="0" />
        </ThrPart>
      </Thr>
    </ExecViol>
    <ExecViol cat="6" sev="3" lang="cpp" testCaseId="-1177590794636383666" testId="CPP://9157668185759528698" locType="sr" expectVal="" hash="-1055606536" ln="122" testCaseOrig="1" sym="/ATM Sample/include/Account.hxx" actVal="" tool="c++test" verifBy="" auth="devabc" urgent="true" testName="TestSuite_Account_hxx_5bfab86e::test_getPassword_1" locStartln="122" locStartPos="0" locEndLn="122" locEndPos="1" locFile="/ATM Sample/tests/autogenerated/include/TestSuite_Account_hxx.cpp">
      <Thr lang="cpp">
        <ThrPart clName="Outcome" detMsg="Outcome: int _cpptest_TestObject.myAccountNumber=0" prnMsg="Outcome: int _cpptest_TestObject.myAccountNumber=0">
          <Trace clName="" metName="" fileName="/ATM Sample/tests/autogenerated/include/TestSuite_Account_hxx.cpp" ln="122" fhash="0" />
        </ThrPart>
      </Thr>
    </ExecViol>
    <ExecViol cat="6" sev="3" lang="cpp" testCaseId="-1177590794636383666" testId="CPP://9157668185759528698" locType="sr" expectVal="" hash="-1055606536" ln="123" testCaseOrig="1" sym="/ATM Sample/include/Account.hxx" actVal="" tool="c++test" verifBy="" auth="devabc" urgent="true" testName="TestSuite_Account_hxx_5bfab86e::test_getPassword_1" locStartln="123" locStartPos="0" locEndLn="123" locEndPos="1" locFile="/ATM Sample/tests/autogenerated/include/TestSuite_Account_hxx.cpp">
      <Thr lang="cpp">
        <ThrPart clName="Outcome" detMsg="Outcome: double _cpptest_TestObject.myBalance=1.797693e+308" prnMsg="Outcome: double _cpptest_TestObject.myBalance=1.797693e+308">
          <Trace clName="" metName="" fileName="/ATM Sample/tests/autogenerated/include/TestSuite_Account_hxx.cpp" ln="123" fhash="0" />
        </ThrPart>
      </Thr>
    </ExecViol>
    <ExecViol cat="6" sev="3" lang="cpp" testCaseId="-1177590794636383666" testId="CPP://9157668185759528698" locType="sr" expectVal="" hash="-1055606536" ln="124" testCaseOrig="1" sym="/ATM Sample/include/Account.hxx" actVal="" tool="c++test" verifBy="" auth="devabc" urgent="true" testName="TestSuite_Account_hxx_5bfab86e::test_getPassword_1" locStartln="124" locStartPos="0" locEndLn="124" locEndPos="1" locFile="/ATM Sample/tests/autogenerated/include/TestSuite_Account_hxx.cpp">
      <Thr lang="cpp">
        <ThrPart clName="Outcome" detMsg="Outcome: ::std::string _cpptest_TestObject.myPassword=&quot;&quot;" prnMsg="Outcome: ::std::string _cpptest_TestObject.myPassword=&quot;&quot;">
          <Trace clName="" metName="" fileName="/ATM Sample/tests/autogenerated/include/TestSuite_Account_hxx.cpp" ln="124" fhash="0" />
        </ThrPart>
      </Thr>
    </ExecViol>
    <ExecViol cat="6" sev="3" lang="cpp" testCaseId="-570985907343598609" testId="CPP://-8818458347903293605" locType="sr" expectVal="" hash="-1055606536" ln="142" testCaseOrig="1" sym="/ATM Sample/include/Account.hxx" actVal="" tool="c++test" verifBy="" auth="devabc" urgent="true" testName="TestSuite_Account_hxx_5bfab86e::test_setAccountNumber_1" locStartln="142" locStartPos="0" locEndLn="142" locEndPos="1" locFile="/ATM Sample/tests/autogenerated/include/TestSuite_Account_hxx.cpp">
      <Thr lang="cpp">
        <ThrPart clName="Outcome" detMsg="Outcome: int _cpptest_TestObject.myAccountNumber=2147483647" prnMsg="Outcome: int _cpptest_TestObject.myAccountNumber=2147483647">
          <Trace clName="" metName="" fileName="/ATM Sample/tests/autogenerated/include/TestSuite_Account_hxx.cpp" ln="142" fhash="0" />
        </ThrPart>
      </Thr>
    </ExecViol>
    <ExecViol cat="6" sev="3" lang="cpp" testCaseId="-570985907343598609" testId="CPP://-8818458347903293605" locType="sr" expectVal="" hash="-1055606536" ln="143" testCaseOrig="1" sym="/ATM Sample/include/Account.hxx" actVal="" tool="c++test" verifBy="" auth="devabc" urgent="true" testName="TestSuite_Account_hxx_5bfab86e::test_setAccountNumber_1" locStartln="143" locStartPos="0" locEndLn="143" locEndPos="1" locFile="/ATM Sample/tests/autogenerated/include/TestSuite_Account_hxx.cpp">
      <Thr lang="cpp">
        <ThrPart clName="Outcome" detMsg="Outcome: double _cpptest_TestObject.myBalance=1.797693e+308" prnMsg="Outcome: double _cpptest_TestObject.myBalance=1.797693e+308">
          <Trace clName="" metName="" fileName="/ATM Sample/tests/autogenerated/include/TestSuite_Account_hxx.cpp" ln="143" fhash="0" />
        </ThrPart>
      </Thr>
    </ExecViol>
    <ExecViol cat="6" sev="3" lang="cpp" testCaseId="-570985907343598609" testId="CPP://-8818458347903293605" locType="sr" expectVal="" hash="-1055606536" ln="144" testCaseOrig="1" sym="/ATM Sample/include/Account.hxx" actVal="" tool="c++test" verifBy="" auth="devabc" urgent="true" testName="TestSuite_Account_hxx_5bfab86e::test_setAccountNumber_1" locStartln="144" locStartPos="0" locEndLn="144" locEndPos="1" locFile="/ATM Sample/tests/autogenerated/include/TestSuite_Account_hxx.cpp">
      <Thr lang="cpp">
        <ThrPart clName="Outcome" detMsg="Outcome: ::std::string _cpptest_TestObject.myPassword=&quot;&quot;" prnMsg="Outcome: ::std::string _cpptest_TestObject.myPassword=&quot;&quot;">
          <Trace clName="" metName="" fileName="/ATM Sample/tests/autogenerated/include/TestSuite_Account_hxx.cpp" ln="144" fhash="0" />
        </ThrPart>
      </Thr>
    </ExecViol>
    <ExecViol cat="6" sev="3" lang="cpp" testCaseId="2814101493637614937" testId="CPP://7020318575747213934" locType="sr" expectVal="" hash="-1055606536" ln="162" testCaseOrig="1" sym="/ATM Sample/include/Account.hxx" actVal="" tool="c++test" verifBy="" auth="devabc" urgent="true" testName="TestSuite_Account_hxx_5bfab86e::test_setPassword_1" locStartln="162" locStartPos="0" locEndLn="162" locEndPos="1" locFile="/ATM Sample/tests/autogenerated/include/TestSuite_Account_hxx.cpp">
      <Thr lang="cpp">
        <ThrPart clName="Outcome" detMsg="Outcome: int _cpptest_TestObject.myAccountNumber=0" prnMsg="Outcome: int _cpptest_TestObject.myAccountNumber=0">
          <Trace clName="" metName="" fileName="/ATM Sample/tests/autogenerated/include/TestSuite_Account_hxx.cpp" ln="162" fhash="0" />
        </ThrPart>
      </Thr>
    </ExecViol>
    <ExecViol cat="6" sev="3" lang="cpp" testCaseId="2814101493637614937" testId="CPP://7020318575747213934" locType="sr" expectVal="" hash="-1055606536" ln="163" testCaseOrig="1" sym="/ATM Sample/include/Account.hxx" actVal="" tool="c++test" verifBy="" auth="devabc" urgent="true" testName="TestSuite_Account_hxx_5bfab86e::test_setPassword_1" locStartln="163" locStartPos="0" locEndLn="163" locEndPos="1" locFile="/ATM Sample/tests/autogenerated/include/TestSuite_Account_hxx.cpp">
      <Thr lang="cpp">
        <ThrPart clName="Outcome" detMsg="Outcome: double _cpptest_TestObject.myBalance=1.797693e+308" prnMsg="Outcome: double _cpptest_TestObject.myBalance=1.797693e+308">
          <Trace clName="" metName="" fileName="/ATM Sample/tests/autogenerated/include/TestSuite_Account_hxx.cpp" ln="163" fhash="0" />
        </ThrPart>
      </Thr>
    </ExecViol>
    <ExecViol cat="6" sev="3" lang="cpp" testCaseId="2814101493637614937" testId="CPP://7020318575747213934" locType="sr" expectVal="" hash="-1055606536" ln="164" testCaseOrig="1" sym="/ATM Sample/include/Account.hxx" actVal="" tool="c++test" verifBy="" auth="devabc" urgent="true" testName="TestSuite_Account_hxx_5bfab86e::test_setPassword_1" locStartln="164" locStartPos="0" locEndLn="164" locEndPos="1" locFile="/ATM Sample/tests/autogenerated/include/TestSuite_Account_hxx.cpp">
      <Thr lang="cpp">
        <ThrPart clName="Outcome" detMsg="Outcome: ::std::string _cpptest_TestObject.myPassword=&quot;&quot;" prnMsg="Outcome: ::std::string _cpptest_TestObject.myPassword=&quot;&quot;">
          <Trace clName="" metName="" fileName="/ATM Sample/tests/autogenerated/include/TestSuite_Account_hxx.cpp" ln="164" fhash="0" />
        </ThrPart>
      </Thr>
    </ExecViol>
  </ExecViols>

      
      <Categories>
         <Category desc="" id="5" label="Fix Runtime Error Detection Violations" label0="Fix Runtime Error Detection" label1="Violations" name="Runtime Error Detection Violations">
            <SubCategory id="9" name="Runtime Violations" short="runtime violation" />
            <SubCategory id="14" name="Memory" short="Memory" />
         </Category>
         <Category desc="This represents the tasks arising from tests that have already been reviewed. This includes exceptions that have been marked as expected, assertion failures from previously reviewed tests, and any other kind of unexpected behavior that needs to be looked at (such as timeouts)." id="0" label="Fix Unit Test Problems" label0="Fix Unit Test" label1="Problems" name="Unit Test Problems">
            <SubCategory id="1" name="Assertion Failures" short="failure" />
            <SubCategory id="0" name="Runtime Exceptions" short="exception" />
         </Category>
         <Category desc="These are outcomes from automatically generated tests that did not result in exceptions or assertion failures. The user just has to review and ensure that the outcome is appropriate (and convert them to assertions if they are not already represented as assertions)." id="3" label="Review Unit Test Outcomes" label0="Review Unit Test" label1="Outcomes" name="Unit Test Outcomes">
            <SubCategory id="6" name="Unverified Outcomes" short="unverified outcome" />
         </Category>
      </Categories>
      <Summary>
         <Total>
            <CategoryErrors authCount="0;" authUrgCount="0;" cat="5" count="0">
               <SubCategoryErrors authCount="0;" authUrgCount="0;" count="0" subCat="9" />
               <SubCategoryErrors authCount="0;" authUrgCount="0;" count="0" subCat="14" />
            </CategoryErrors>
            <CategoryErrors authCount="1;" authUrgCount="1;" cat="0" count="1">
               <SubCategoryErrors authCount="1;" authUrgCount="1;" count="1" subCat="1">
                  <TypeErrors authCount="1;" authUrgCount="1;" count="1" name="Assertion failed" />
               </SubCategoryErrors>
               <SubCategoryErrors authCount="0;" authUrgCount="0;" count="0" subCat="0" />
            </CategoryErrors>
            <CategoryErrors authCount="48;" authUrgCount="48;" cat="3" count="48">
               <SubCategoryErrors authCount="48;" authUrgCount="48;" count="48" subCat="6">
                  <TypeErrors authCount="48;" authUrgCount="48;" count="48" name="Outcome" />
               </SubCategoryErrors>
            </CategoryErrors>
         </Total>
         <Projects>
            <Project fail="1" name="ATM Sample" pass="19" testCases="20">
               <ProjectErrors cat="5" count="0" />
               <ProjectErrors cat="0" count="1" />
               <ProjectErrors cat="3" count="48" />
            </Project>
         </Projects>
      </Summary>
      <Coverage>
         <Types>
            <CvgType cvgDecor="marker" dispCvg="executable lines" dispId="LC" dispName="Line Coverage" dispNoCvg="no executable lines" id="LC" />
            <CvgType cvgDecor="marker" dispCvg="statements" dispId="SC" dispName="Statement Coverage" dispNoCvg="no statements" id="SC" />
            <CvgType cvgDecor="marker" dispCvg="blocks" dispId="BC" dispName="Block Coverage" dispNoCvg="no blocks" id="BC" />
            <CvgType cvgDecor="marker" dispCvg="paths" dispId="PC" dispName="Path Coverage" dispNoCvg="no paths" id="PC" />
            <CvgType cvgDecor="marker" dispCvg="decisions" dispId="DC" dispName="Decision Coverage" dispNoCvg="no decisions" id="DC" />
            <CvgType cvgDecor="marker" dispCvg="condition outcomes" dispId="SCC" dispName="Simple Condition Coverage" dispNoCvg="no condition outcomes" id="SCC" />
            <CvgType cvgDecor="marker" dispCvg="conditions" dispId="MCDC" dispName="Modified Condition/Decision Coverage" dispNoCvg="no conditions" id="MCDC" />
         </Types>
         <CvgStats>
            <CvgInfo elem="Total" exp="1" num="32;0;0;0;0;0;0" total="48;0;0;0;0;0;0" val="67;N/A;N/A;N/A;N/A;N/A;N/A">
               <CvgInfo elem="ATM Sample" exp="1" num="32;N/A;N/A;N/A;N/A;N/A;N/A" total="48;N/A;N/A;N/A;N/A;N/A;N/A" val="67;N/A;N/A;N/A;N/A;N/A;N/A">
                  <CvgInfo elem="include" exp="1" num="11;N/A;N/A;N/A;N/A;N/A;N/A" total="11;N/A;N/A;N/A;N/A;N/A;N/A" val="100;N/A;N/A;N/A;N/A;N/A;N/A">
                     <CvgInfo elem="Account.hxx" loc="/ATM Sample/include/Account.hxx" num="9;N/A;N/A;N/A;N/A;N/A;N/A" total="9;N/A;N/A;N/A;N/A;N/A;N/A" val="100;N/A;N/A;N/A;N/A;N/A;N/A">
                        <CvgInfo elem="Account::Account()" num="2;N/A;N/A;N/A;N/A;N/A;N/A" total="2;N/A;N/A;N/A;N/A;N/A;N/A" val="100;N/A;N/A;N/A;N/A;N/A;N/A" />
                        <CvgInfo elem="Account::Account(double)" num="2;N/A;N/A;N/A;N/A;N/A;N/A" total="2;N/A;N/A;N/A;N/A;N/A;N/A" val="100;N/A;N/A;N/A;N/A;N/A;N/A" />
                        <CvgInfo elem="Account::getAccountNumber() const" num="1;N/A;N/A;N/A;N/A;N/A;N/A" total="1;N/A;N/A;N/A;N/A;N/A;N/A" val="100;N/A;N/A;N/A;N/A;N/A;N/A" />
                        <CvgInfo elem="Account::getBalance()" num="1;N/A;N/A;N/A;N/A;N/A;N/A" total="1;N/A;N/A;N/A;N/A;N/A;N/A" val="100;N/A;N/A;N/A;N/A;N/A;N/A" />
                        <CvgInfo elem="Account::getPassword()" num="1;N/A;N/A;N/A;N/A;N/A;N/A" total="1;N/A;N/A;N/A;N/A;N/A;N/A" val="100;N/A;N/A;N/A;N/A;N/A;N/A" />
                        <CvgInfo elem="Account::setAccountNumber(int)" num="1;N/A;N/A;N/A;N/A;N/A;N/A" total="1;N/A;N/A;N/A;N/A;N/A;N/A" val="100;N/A;N/A;N/A;N/A;N/A;N/A" />
                        <CvgInfo elem="Account::setPassword(const char *)" num="1;N/A;N/A;N/A;N/A;N/A;N/A" total="1;N/A;N/A;N/A;N/A;N/A;N/A" val="100;N/A;N/A;N/A;N/A;N/A;N/A" />
                     </CvgInfo>
                     <CvgInfo elem="BaseDisplay.hxx" loc="/ATM Sample/include/BaseDisplay.hxx" num="2;N/A;N/A;N/A;N/A;N/A;N/A" total="2;N/A;N/A;N/A;N/A;N/A;N/A" val="100;N/A;N/A;N/A;N/A;N/A;N/A">
                        <CvgInfo elem="BaseDisplay::BaseDisplay()" num="1;N/A;N/A;N/A;N/A;N/A;N/A" total="1;N/A;N/A;N/A;N/A;N/A;N/A" val="100;N/A;N/A;N/A;N/A;N/A;N/A" />
                        <CvgInfo elem="BaseDisplay::~BaseDisplay()" num="1;N/A;N/A;N/A;N/A;N/A;N/A" total="1;N/A;N/A;N/A;N/A;N/A;N/A" val="100;N/A;N/A;N/A;N/A;N/A;N/A" />
                     </CvgInfo>
                  </CvgInfo>
                  <CvgInfo elem="Account.cxx" loc="/ATM Sample/Account.cxx" num="4;N/A;N/A;N/A;N/A;N/A;N/A" total="4;N/A;N/A;N/A;N/A;N/A;N/A" val="100;N/A;N/A;N/A;N/A;N/A;N/A">
                     <CvgInfo elem="Account::debit(double)" num="2;N/A;N/A;N/A;N/A;N/A;N/A" total="2;N/A;N/A;N/A;N/A;N/A;N/A" val="100;N/A;N/A;N/A;N/A;N/A;N/A" />
                     <CvgInfo elem="Account::deposit(double)" num="2;N/A;N/A;N/A;N/A;N/A;N/A" total="2;N/A;N/A;N/A;N/A;N/A;N/A" val="100;N/A;N/A;N/A;N/A;N/A;N/A" />
                  </CvgInfo>
                  <CvgInfo elem="ATM.cxx" loc="/ATM Sample/ATM.cxx" num="4;N/A;N/A;N/A;N/A;N/A;N/A" total="18;N/A;N/A;N/A;N/A;N/A;N/A" val="22;N/A;N/A;N/A;N/A;N/A;N/A">
                     <CvgInfo elem="ATM::ATM(Bank *, BaseDisplay *)" num="2;N/A;N/A;N/A;N/A;N/A;N/A" total="2;N/A;N/A;N/A;N/A;N/A;N/A" val="100;N/A;N/A;N/A;N/A;N/A;N/A" />
                     <CvgInfo elem="ATM::fillUserRequest(ATM::UserRequest, double)" num="2;N/A;N/A;N/A;N/A;N/A;N/A" total="5;N/A;N/A;N/A;N/A;N/A;N/A" val="40;N/A;N/A;N/A;N/A;N/A;N/A" />
                     <CvgInfo elem="ATM::makeDeposit(double)" num="0;N/A;N/A;N/A;N/A;N/A;N/A" total="3;N/A;N/A;N/A;N/A;N/A;N/A" val="0;N/A;N/A;N/A;N/A;N/A;N/A" />
                     <CvgInfo elem="ATM::showBalance()" num="0;N/A;N/A;N/A;N/A;N/A;N/A" total="3;N/A;N/A;N/A;N/A;N/A;N/A" val="0;N/A;N/A;N/A;N/A;N/A;N/A" />
                     <CvgInfo elem="ATM::viewAccount(int, std::string)" num="0;N/A;N/A;N/A;N/A;N/A;N/A" total="2;N/A;N/A;N/A;N/A;N/A;N/A" val="0;N/A;N/A;N/A;N/A;N/A;N/A" />
                     <CvgInfo elem="ATM::withdraw(double)" num="0;N/A;N/A;N/A;N/A;N/A;N/A" total="3;N/A;N/A;N/A;N/A;N/A;N/A" val="0;N/A;N/A;N/A;N/A;N/A;N/A" />
                  </CvgInfo>
                  <CvgInfo elem="Bank.cxx" loc="/ATM Sample/Bank.cxx" num="10;N/A;N/A;N/A;N/A;N/A;N/A" total="12;N/A;N/A;N/A;N/A;N/A;N/A" val="83;N/A;N/A;N/A;N/A;N/A;N/A">
                     <CvgInfo elem="Bank::addAccount()" num="4;N/A;N/A;N/A;N/A;N/A;N/A" total="4;N/A;N/A;N/A;N/A;N/A;N/A" val="100;N/A;N/A;N/A;N/A;N/A;N/A" />
                     <CvgInfo elem="Bank::Bank()" num="1;N/A;N/A;N/A;N/A;N/A;N/A" total="1;N/A;N/A;N/A;N/A;N/A;N/A" val="100;N/A;N/A;N/A;N/A;N/A;N/A" />
                     <CvgInfo elem="Bank::getAccount(int, std::string)" num="4;N/A;N/A;N/A;N/A;N/A;N/A" total="6;N/A;N/A;N/A;N/A;N/A;N/A" val="67;N/A;N/A;N/A;N/A;N/A;N/A" />
                     <CvgInfo elem="Bank::~Bank()" num="1;N/A;N/A;N/A;N/A;N/A;N/A" total="1;N/A;N/A;N/A;N/A;N/A;N/A" val="100;N/A;N/A;N/A;N/A;N/A;N/A" />
                  </CvgInfo>
                  <CvgInfo elem="BaseDisplay.cxx" loc="/ATM Sample/BaseDisplay.cxx" num="3;N/A;N/A;N/A;N/A;N/A;N/A" total="3;N/A;N/A;N/A;N/A;N/A;N/A" val="100;N/A;N/A;N/A;N/A;N/A;N/A">
                     <CvgInfo elem="BaseDisplay::showBalance(double)" num="1;N/A;N/A;N/A;N/A;N/A;N/A" total="1;N/A;N/A;N/A;N/A;N/A;N/A" val="100;N/A;N/A;N/A;N/A;N/A;N/A" />
                     <CvgInfo elem="BaseDisplay::showInfoToUser(const char *)" num="2;N/A;N/A;N/A;N/A;N/A;N/A" total="2;N/A;N/A;N/A;N/A;N/A;N/A" val="100;N/A;N/A;N/A;N/A;N/A;N/A" />
                  </CvgInfo>
               </CvgInfo>
            </CvgInfo>
         </CvgStats>
         
         
      </Coverage>
   </Exec>
</ResultsSession>
