<hudson.plugins.sonar.SonarGlobalConfiguration plugin="sonar@2.6.1">
  <installations>
    <hudson.plugins.sonar.SonarInstallation>
      <name>SonarQube</name>
      <serverUrl>http://sonar.chotel.com</serverUrl>
      <serverVersion>5.1</serverVersion>
      <serverAuthenticationToken/>
      <mojoVersion/>
      <databaseUrl/>
      <databaseLogin/>
      <additionalProperties>-Dsonar.scm.disabled=true</additionalProperties>
      <additionalAnalysisProperties/>
      <triggers>
        <skipScmCause>false</skipScmCause>
        <skipUpstreamCause>false</skipUpstreamCause>
        <envVar/>
      </triggers>
      <sonarLogin/>
      <databaseSecret>#secret#</databaseSecret>
      <sonarSecret>#secret#</sonarSecret>
    </hudson.plugins.sonar.SonarInstallation>
  </installations>
  <buildWrapperEnabled>false</buildWrapperEnabled>
</hudson.plugins.sonar.SonarGlobalConfiguration>