<hudson.plugins.emailext.ExtendedEmailPublisherDescriptor plugin="email-ext@2.58">
  <useSsl>false</useSsl>
  <charset>UTF-8</charset>
  <defaultContentType>text/plain</defaultContentType>
  <defaultSubject>$PROJECT_NAME - Build # $BUILD_NUMBER - $BUILD_STATUS!</defaultSubject>
  <defaultBody>$PROJECT_NAME - Build # $BUILD_NUMBER - $BUILD_STATUS:&#13;
&#13;
Check console output at $BUILD_URL to view the results.</defaultBody>
  <defaultPresendScript/>
  <defaultPostsendScript/>
  <defaultClasspath/>
  <defaultTriggerIds>
    <string>hudson.plugins.emailext.plugins.trigger.FailureTrigger</string>
  </defaultTriggerIds>
  <maxAttachmentSize>-1</maxAttachmentSize>
  <recipientList/>
  <defaultReplyTo/>
  <excludedCommitters/>
  <overrideGlobalSettings>true</overrideGlobalSettings>
  <precedenceBulk>false</precedenceBulk>
  <debugMode>false</debugMode>
  <requireAdminForTemplateTesting>false</requireAdminForTemplateTesting>
  <enableWatching>false</enableWatching>
</hudson.plugins.emailext.ExtendedEmailPublisherDescriptor>