<javaposse.jobdsl.plugin.DescriptorImpl plugin="job-dsl@1.65">
  <templateJobMap class="com.google.common.collect.HashMultimap" serialization="custom">
    <com.google.common.collect.HashMultimap>
      <default/>
      <int>8</int>
      <int>0</int>
    </com.google.common.collect.HashMultimap>
  </templateJobMap>
  <generatedJobMap class="concurrent-hash-map">
    <entry>
      <string>pipelines/infrastructure</string>
      <javaposse.jobdsl.plugin.SeedReference>
        <seedJobName>z-seed</seedJobName>
        <digest>3c77ab72df0b3d1208cd87fbc6263fe3</digest>
      </javaposse.jobdsl.plugin.SeedReference>
    </entry>
    <entry>
      <string>pipelines/deployment/production/stage/production-stage-deployment</string>
      <javaposse.jobdsl.plugin.SeedReference>
        <seedJobName>pipelines/deployment/production/stage/z-seed</seedJobName>
        <digest>be061b016a9a3b8fbcf3d7b9dcfd77ec</digest>
      </javaposse.jobdsl.plugin.SeedReference>
    </entry>
    <entry>
      <string>pipelines/deployment/non-production/non-production-blue-green-deployment</string>
      <javaposse.jobdsl.plugin.SeedReference>
        <seedJobName>z-seed</seedJobName>
        <digest>dc0773e85b10ff313acdde8e2ea0590f</digest>
      </javaposse.jobdsl.plugin.SeedReference>
    </entry>
    <entry>
      <string>general/projects</string>
      <javaposse.jobdsl.plugin.SeedReference>
        <seedJobName>z-seed</seedJobName>
        <digest>f0cf81413465348ffc2c8ecdbadd744a</digest>
      </javaposse.jobdsl.plugin.SeedReference>
    </entry>
    <entry>
      <string>pipelines/libraries</string>
      <javaposse.jobdsl.plugin.SeedReference>
        <seedJobName>z-seed</seedJobName>
        <digest>f909750c238f1dd1060ff44187829ba2</digest>
      </javaposse.jobdsl.plugin.SeedReference>
    </entry>
    <entry>
      <string>pipelines/deployment/production/production-blue-green-deployment</string>
      <javaposse.jobdsl.plugin.SeedReference>
        <seedJobName>z-seed</seedJobName>
        <digest>f67c492eb9b4428738e05020912f612c</digest>
      </javaposse.jobdsl.plugin.SeedReference>
    </entry>
    <entry>
      <string>pipelines/deployment/non-production</string>
      <javaposse.jobdsl.plugin.SeedReference>
        <seedJobName>z-seed</seedJobName>
        <digest>f18d8693d337d3ab2bdcc32d6086648c</digest>
      </javaposse.jobdsl.plugin.SeedReference>
    </entry>
    <entry>
      <string>support/infrastructure</string>
      <javaposse.jobdsl.plugin.SeedReference>
        <seedJobName>z-seed</seedJobName>
        <digest>3e10be6f1907d7306fbeba80d68f17b9</digest>
      </javaposse.jobdsl.plugin.SeedReference>
    </entry>
    <entry>
      <string>pipelines/deployment/production/stage</string>
      <javaposse.jobdsl.plugin.SeedReference>
        <seedJobName>z-seed</seedJobName>
        <digest>6f73ab272edd72d0bcec21b862787252</digest>
      </javaposse.jobdsl.plugin.SeedReference>
    </entry>
    <entry>
      <string>pipelines/services/create-pipeline</string>
      <javaposse.jobdsl.plugin.SeedReference>
        <seedJobName>z-seed</seedJobName>
        <digest>8eb47f5356df4a4a61af36133bb47b23</digest>
      </javaposse.jobdsl.plugin.SeedReference>
    </entry>
    <entry>
      <string>pipelines/services/hoteloffer-v2</string>
      <javaposse.jobdsl.plugin.SeedReference>
        <seedJobName>pipelines/services/create-pipeline</seedJobName>
        <digest>d4e27883459fea836c63aad63c3b0b32</digest>
      </javaposse.jobdsl.plugin.SeedReference>
    </entry>
    <entry>
      <string>general/utilities</string>
      <javaposse.jobdsl.plugin.SeedReference>
        <seedJobName>z-seed</seedJobName>
        <digest>2b783d80400302ef48aa3ec955e212ff</digest>
      </javaposse.jobdsl.plugin.SeedReference>
    </entry>
    <entry>
      <string>support/tools</string>
      <javaposse.jobdsl.plugin.SeedReference>
        <seedJobName>z-seed</seedJobName>
        <digest>1ee559b4244e2930e90519a56cf395bc</digest>
      </javaposse.jobdsl.plugin.SeedReference>
    </entry>
    <entry>
      <string>pipelines/deployment</string>
      <javaposse.jobdsl.plugin.SeedReference>
        <seedJobName>z-seed</seedJobName>
        <digest>c9135bae479fecff370d401bf1592ba1</digest>
      </javaposse.jobdsl.plugin.SeedReference>
    </entry>
    <entry>
      <string>general</string>
      <javaposse.jobdsl.plugin.SeedReference>
        <seedJobName>z-seed</seedJobName>
        <digest>889984f43b5df020371db2b30d632908</digest>
      </javaposse.jobdsl.plugin.SeedReference>
    </entry>
    <entry>
      <string>pipelines</string>
      <javaposse.jobdsl.plugin.SeedReference>
        <seedJobName>z-seed</seedJobName>
        <digest>9d6b3c47f4746434124d45835f8c2463</digest>
      </javaposse.jobdsl.plugin.SeedReference>
    </entry>
    <entry>
      <string>general/self_service</string>
      <javaposse.jobdsl.plugin.SeedReference>
        <seedJobName>z-seed</seedJobName>
        <digest>8aa0e7faacaf12ac9cca613f08bf07c4</digest>
      </javaposse.jobdsl.plugin.SeedReference>
    </entry>
    <entry>
      <string>pipelines/deployment/production/stage/production-stage-deployment-parallel</string>
      <javaposse.jobdsl.plugin.SeedReference>
        <seedJobName>pipelines/deployment/production/stage/z-seed</seedJobName>
        <digest>2602d7f3162c12c295f479376d54d681</digest>
      </javaposse.jobdsl.plugin.SeedReference>
    </entry>
    <entry>
      <string>support</string>
      <javaposse.jobdsl.plugin.SeedReference>
        <seedJobName>z-seed</seedJobName>
        <digest>8c9c37513421e5ace242f6ce2a99ff9a</digest>
      </javaposse.jobdsl.plugin.SeedReference>
    </entry>
    <entry>
      <string>pipelines/services</string>
      <javaposse.jobdsl.plugin.SeedReference>
        <seedJobName>z-seed</seedJobName>
        <digest>4a0ae114cb46179d8b015a732b9eabc2</digest>
      </javaposse.jobdsl.plugin.SeedReference>
    </entry>
    <entry>
      <string>pipelines/deployment/production</string>
      <javaposse.jobdsl.plugin.SeedReference>
        <seedJobName>z-seed</seedJobName>
        <digest>963586cc89014c1cfe94d383bd05b8d1</digest>
      </javaposse.jobdsl.plugin.SeedReference>
    </entry>
  </generatedJobMap>
</javaposse.jobdsl.plugin.DescriptorImpl>