<org.jenkinsci.plugins.pipeline.milestone.MilestoneStep_-DescriptorImpl plugin="pipeline-milestone-step@1.3.1">
  <executionType>org.jenkinsci.plugins.pipeline.milestone.MilestoneStepExecution</executionType>
  <milestonesByOrdinalByJob class="tree-map">
    <entry>
      <string>US75275-multibranch-build-stage/US00000-NewPipeline</string>
      <tree-map>
        <entry>
          <int>0</int>
          <org.jenkinsci.plugins.pipeline.milestone.Milestone>
            <ordinal>0</ordinal>
            <inSight class="sorted-set"/>
            <lastBuild>1</lastBuild>
          </org.jenkinsci.plugins.pipeline.milestone.Milestone>
        </entry>
      </tree-map>
    </entry>
  </milestonesByOrdinalByJob>
</org.jenkinsci.plugins.pipeline.milestone.MilestoneStep_-DescriptorImpl>