<org.jenkins.plugins.lockableresources.LockableResourcesManager plugin="lockable-resources@2.0">
  <resources>
    <org.jenkins.plugins.lockableresources.LockableResource>
      <name>pipelines-services-item-v1-master-bake-image</name>
      <description/>
      <labels/>
      <queueItemId>0</queueItemId>
      <queuingStarted>1505329090</queuingStarted>
      <queuedContexts/>
    </org.jenkins.plugins.lockableresources.LockableResource>
    <org.jenkins.plugins.lockableresources.LockableResource>
      <name>pipelines-services-item-v1-master-bpm-dev-us-east-1-deployment</name>
      <description/>
      <labels/>
      <queueItemId>0</queueItemId>
      <queuingStarted>1505329090</queuingStarted>
      <queuedContexts/>
    </org.jenkins.plugins.lockableresources.LockableResource>
    <org.jenkins.plugins.lockableresources.LockableResource>
      <name>pipelines-services-item-v1-master-sit-qa-us-west-2-deployment</name>
      <description/>
      <labels/>
      <queueItemId>0</queueItemId>
      <queuingStarted>1505329090</queuingStarted>
      <queuedContexts/>
    </org.jenkins.plugins.lockableresources.LockableResource>
    <org.jenkins.plugins.lockableresources.LockableResource>
      <name>pipelines-deployment-non-production-non-production-blue-green-deployment-rit-qa-us-west-2-deployment</name>
      <description/>
      <labels/>
      <queueItemId>0</queueItemId>
      <queuingStarted>1505329090</queuingStarted>
      <queuedContexts/>
    </org.jenkins.plugins.lockableresources.LockableResource>
    <org.jenkins.plugins.lockableresources.LockableResource>
      <name>pipelines-deployment-production-production-blue-green-deployment-ec-prod-us-west-2-deployment</name>
      <description/>
      <labels/>
      <queueItemId>0</queueItemId>
      <queuingStarted>1505329090</queuingStarted>
      <queuedContexts/>
    </org.jenkins.plugins.lockableresources.LockableResource>
    <org.jenkins.plugins.lockableresources.LockableResource>
      <name>pipelines-services-item-v1-us00000-testrolechanges-bake-image</name>
      <description/>
      <labels/>
      <queueItemId>0</queueItemId>
      <queuingStarted>1505329090</queuingStarted>
      <queuedContexts/>
    </org.jenkins.plugins.lockableresources.LockableResource>
    <org.jenkins.plugins.lockableresources.LockableResource>
      <name>pipelines-services-item-v1-us00000-testrolechanges-bpm-dev-us-east-1-deployment</name>
      <description/>
      <labels/>
      <queueItemId>0</queueItemId>
      <queuingStarted>1505329090</queuingStarted>
      <queuedContexts/>
    </org.jenkins.plugins.lockableresources.LockableResource>
  </resources>
  <queuedContexts/>
</org.jenkins.plugins.lockableresources.LockableResourcesManager>