<org.jenkinsci.plugins.workflow.libs.GlobalLibraries plugin="workflow-cps-global-lib@2.8">
  <libraries>
    <org.jenkinsci.plugins.workflow.libs.LibraryConfiguration>
      <name>jenkins-dsl-lib</name>
      <retriever class="org.jenkinsci.plugins.workflow.libs.SCMSourceRetriever">
        <scm class="jenkins.plugins.git.GitSCMSource" plugin="git@3.5.1">
          <id>0e5f5ed0-944b-49c0-baa9-6940b20f2891</id>
          <remote>ssh://stash.chotel.com:7999/dev/jenkins-dsl-lib.git</remote>
          <credentialsId>build_manager</credentialsId>
          <traits>
            <jenkins.plugins.git.traits.BranchDiscoveryTrait/>
          </traits>
        </scm>
      </retriever>
      <defaultVersion>v1.6</defaultVersion>
      <implicit>false</implicit>
      <allowVersionOverride>true</allowVersionOverride>
    </org.jenkinsci.plugins.workflow.libs.LibraryConfiguration>
    <org.jenkinsci.plugins.workflow.libs.LibraryConfiguration>
      <name>jenkins-pipeline-service-lib</name>
      <retriever class="org.jenkinsci.plugins.workflow.libs.SCMSourceRetriever">
        <scm class="jenkins.plugins.git.GitSCMSource" plugin="git@3.5.1">
          <id>4fcb60ca-0bfc-4b31-9ec0-ac080a11b2a0</id>
          <remote>ssh://stash.chotel.com:7999/dev/jenkins-pipeline-service-lib.git</remote>
          <credentialsId>build_manager</credentialsId>
          <traits>
            <jenkins.plugins.git.traits.BranchDiscoveryTrait/>
          </traits>
        </scm>
      </retriever>
      <defaultVersion>v1.24</defaultVersion>
      <implicit>false</implicit>
      <allowVersionOverride>true</allowVersionOverride>
    </org.jenkinsci.plugins.workflow.libs.LibraryConfiguration>
    <org.jenkinsci.plugins.workflow.libs.LibraryConfiguration>
      <name>jenkins-common-lib</name>
      <retriever class="org.jenkinsci.plugins.workflow.libs.SCMSourceRetriever">
        <scm class="jenkins.plugins.git.GitSCMSource" plugin="git@3.5.1">
          <id>50c9ea0f-d961-4233-8fdf-2c8797ded863</id>
          <remote>ssh://stash.chotel.com:7999/dev/jenkins-common-lib.git</remote>
          <credentialsId>build_manager</credentialsId>
          <traits>
            <jenkins.plugins.git.traits.BranchDiscoveryTrait/>
          </traits>
        </scm>
      </retriever>
      <defaultVersion>v1.9</defaultVersion>
      <implicit>false</implicit>
      <allowVersionOverride>true</allowVersionOverride>
    </org.jenkinsci.plugins.workflow.libs.LibraryConfiguration>
    <org.jenkinsci.plugins.workflow.libs.LibraryConfiguration>
      <name>jenkins-dsl-lib_saiton</name>
      <retriever class="org.jenkinsci.plugins.workflow.libs.SCMSourceRetriever">
        <scm class="jenkins.plugins.git.GitSCMSource" plugin="git@3.5.1">
          <id>49a3ee88-4b6a-4eed-9625-45a12b28b441</id>
          <remote>ssh://stash.chotel.com:7999/dev/jenkins-dsl-lib.git</remote>
          <credentialsId>build_manager</credentialsId>
          <traits>
            <jenkins.plugins.git.traits.BranchDiscoveryTrait/>
          </traits>
        </scm>
      </retriever>
      <defaultVersion>US00260_finalStage</defaultVersion>
      <implicit>false</implicit>
      <allowVersionOverride>true</allowVersionOverride>
    </org.jenkinsci.plugins.workflow.libs.LibraryConfiguration>
  </libraries>
</org.jenkinsci.plugins.workflow.libs.GlobalLibraries>