<org.jenkinsci.plugins.stashNotifier.StashNotifier_-DescriptorImpl plugin="stashNotifier@1.11.6">
  <credentialsId>stash_notifier_credentials</credentialsId>
  <stashRootUrl>http://stash.chotel.com</stashRootUrl>
  <ignoreUnverifiedSsl>true</ignoreUnverifiedSsl>
  <includeBuildNumberInKey>false</includeBuildNumberInKey>
  <prependParentProjectKey>false</prependParentProjectKey>
  <disableInprogressNotification>false</disableInprogressNotification>
</org.jenkinsci.plugins.stashNotifier.StashNotifier_-DescriptorImpl>