<com.cloudbees.jenkins.support.SupportPlugin plugin="support-core@2.41">
  <excludedComponents>
    <string>BuildQueue</string>
    <string>NodeMonitors</string>
    <string>AboutUser</string>
    <string>UpdateCenter</string>
    <string>LoadStats</string>
    <string>RootCAs</string>
    <string>PipelineThreadDump</string>
    <string>JVMProcessSystemMetricsContents</string>
    <string>Metrics</string>
    <string>SlowRequestComponent</string>
    <string>JenkinsLogs</string>
    <string>PipelineTimings</string>
    <string>ThreadDumps</string>
    <string>FileDescriptorLimit</string>
    <string>GCLogs</string>
    <string>DumpExportTable</string>
    <string>NetworkInterfaces</string>
    <string>DeadlockRequestComponent</string>
    <string>AgentsConfigFile</string>
    <string>LoggerManager</string>
    <string>AdministrativeMonitors</string>
    <string>SlaveLogs</string>
  </excludedComponents>
</com.cloudbees.jenkins.support.SupportPlugin>