<?xml version="1.0" encoding="UTF-8"?>

<BugCollection version="1.3.9" sequence="0" timestamp="1282302841874" analysisTimestamp="1282302844130" release="">
  <Project projectName="">
    </Project>
  <BugInstance type="OCP_OVERLY_CONCRETE_PARAMETER" priority="2" abbrev="OCP" category="STYLE">
    <Class classname="gti.domain.ProductiveResource">
      <SourceLine classname="gti.domain.ProductiveResource" start="41" end="773" sourcefile="ProductiveResource.java" sourcepath="gti/domain/ProductiveResource.java"/>
    </Class>
    <Method classname="gti.domain.ProductiveResource" name="setEe" signature="(Lgti/s88/conf/EquipmentEntity;)V" isStatic="false">
      <SourceLine classname="gti.domain.ProductiveResource" start="582" end="583" startBytecode="0" endBytecode="103" sourcefile="ProductiveResource.java" sourcepath="gti/domain/ProductiveResource.java"/>
    </Method>
    <SourceLine classname="gti.domain.ProductiveResource" start="582" end="582" startBytecode="0" endBytecode="0" sourcefile="ProductiveResource.java" sourcepath="gti/domain/ProductiveResource.java"/>
    <String value="Parameter [1] ee implements gti.domain.InstallableIF"/>
  </BugInstance>
  <BugInstance type="SE_TRANSIENT_FIELD_NOT_RESTORED" priority="2" abbrev="Se" category="BAD_PRACTICE">
    <Class classname="gti.domain.ProductiveResource">
      <SourceLine classname="gti.domain.ProductiveResource" start="41" end="773" sourcefile="ProductiveResource.java" sourcepath="gti/domain/ProductiveResource.java"/>
    </Class>
    <Field classname="gti.domain.ProductiveResource" name="m_lastProducedWeight" signature="J" isStatic="false">
      <SourceLine classname="gti.domain.ProductiveResource" sourcefile="ProductiveResource.java" sourcepath="gti/domain/ProductiveResource.java"/>
    </Field>
  </BugInstance>
  <BugInstance type="SE_TRANSIENT_FIELD_NOT_RESTORED" priority="2" abbrev="Se" category="BAD_PRACTICE">
    <Class classname="gti.domain.ProductiveResource">
      <SourceLine classname="gti.domain.ProductiveResource" start="41" end="773" sourcefile="ProductiveResource.java" sourcepath="gti/domain/ProductiveResource.java"/>
    </Class>
    <Field classname="gti.domain.ProductiveResource" name="m_lastTimeActive" signature="J" isStatic="false">
      <SourceLine classname="gti.domain.ProductiveResource" sourcefile="ProductiveResource.java" sourcepath="gti/domain/ProductiveResource.java"/>
    </Field>
  </BugInstance>
  <BugInstance type="SE_TRANSIENT_FIELD_NOT_RESTORED" priority="2" abbrev="Se" category="BAD_PRACTICE">
    <Class classname="gti.domain.ProductiveResource">
      <SourceLine classname="gti.domain.ProductiveResource" start="41" end="773" sourcefile="ProductiveResource.java" sourcepath="gti/domain/ProductiveResource.java"/>
    </Class>
    <Field classname="gti.domain.ProductiveResource" name="m_selected" signature="Z" isStatic="false">
      <SourceLine classname="gti.domain.ProductiveResource" sourcefile="ProductiveResource.java" sourcepath="gti/domain/ProductiveResource.java"/>
    </Field>
  </BugInstance>
  <BugInstance type="OCP_OVERLY_CONCRETE_PARAMETER" priority="2" abbrev="OCP" category="STYLE">
    <Class classname="gti.domain.WearingPart">
      <SourceLine classname="gti.domain.WearingPart" start="34" end="178" sourcefile="WearingPart.java" sourcepath="gti/domain/WearingPart.java"/>
    </Class>
    <Method classname="gti.domain.WearingPart" name="setEe" signature="(Lgti/s88/conf/EquipmentEntity;)V" isStatic="false">
      <SourceLine classname="gti.domain.WearingPart" start="167" end="169" startBytecode="0" endBytecode="73" sourcefile="WearingPart.java" sourcepath="gti/domain/WearingPart.java"/>
    </Method>
    <SourceLine classname="gti.domain.WearingPart" start="167" end="167" startBytecode="0" endBytecode="0" sourcefile="WearingPart.java" sourcepath="gti/domain/WearingPart.java"/>
    <String value="Parameter [1] ee implements gti.domain.InstallableIF"/>
  </BugInstance>
  <BugInstance type="DRE_DECLARED_RUNTIME_EXCEPTION" priority="2" abbrev="DRE" category="STYLE">
    <Class classname="gti.domain.dao.ProductiveResourceDAO">
      <SourceLine classname="gti.domain.dao.ProductiveResourceDAO" start="12" end="100" sourcefile="ProductiveResourceDAO.java" sourcepath="gti/domain/dao/ProductiveResourceDAO.java"/>
    </Class>
    <Method classname="gti.domain.dao.ProductiveResourceDAO" name="create" signature="()Ljava/lang/Object;" isStatic="false">
      <SourceLine classname="gti.domain.dao.ProductiveResourceDAO" start="12" end="12" startBytecode="0" endBytecode="46" sourcefile="ProductiveResourceDAO.java" sourcepath="gti/domain/dao/ProductiveResourceDAO.java"/>
    </Method>
    <String value="java.lang.UnsupportedOperationException"/>
  </BugInstance>
  <BugInstance type="OCP_OVERLY_CONCRETE_PARAMETER" priority="2" abbrev="OCP" category="STYLE">
    <Class classname="gti.domain.dao.ProductiveResourceDAO">
      <SourceLine classname="gti.domain.dao.ProductiveResourceDAO" start="12" end="100" sourcefile="ProductiveResourceDAO.java" sourcepath="gti/domain/dao/ProductiveResourceDAO.java"/>
    </Class>
    <Method classname="gti.domain.dao.ProductiveResourceDAO" name="selectByFilters" signature="(Ljava/lang/Long;Lgti/s88/conf/EquipmentEntity;Lgti/domain/Status;Ljava/lang/Boolean;)Ljava/util/List;" isStatic="false">
      <SourceLine classname="gti.domain.dao.ProductiveResourceDAO" start="70" end="100" startBytecode="0" endBytecode="336" sourcefile="ProductiveResourceDAO.java" sourcepath="gti/domain/dao/ProductiveResourceDAO.java"/>
    </Method>
    <SourceLine classname="gti.domain.dao.ProductiveResourceDAO" start="70" end="70" startBytecode="0" endBytecode="0" sourcefile="ProductiveResourceDAO.java" sourcepath="gti/domain/dao/ProductiveResourceDAO.java"/>
    <String value="Parameter [2] ee implements gti.domain.InstallableIF"/>
  </BugInstance>
  <BugInstance type="OCP_OVERLY_CONCRETE_PARAMETER" priority="2" abbrev="OCP" category="STYLE">
    <Class classname="gti.maintenance.conf.MaintenanceInstaller">
      <SourceLine classname="gti.maintenance.conf.MaintenanceInstaller" start="19" end="113" sourcefile="MaintenanceInstaller.java" sourcepath="gti/maintenance/conf/MaintenanceInstaller.java"/>
    </Class>
    <Method classname="gti.maintenance.conf.MaintenanceInstaller" name="findWearingPart" signature="(Ljava/util/List;Lgti/maintenance/conf/Machine;Lgti/s88/conf/EquipmentEntity;)Lgti/domain/WearingPart;" isStatic="false">
      <SourceLine classname="gti.maintenance.conf.MaintenanceInstaller" start="104" end="113" startBytecode="0" endBytecode="201" sourcefile="MaintenanceInstaller.java" sourcepath="gti/maintenance/conf/MaintenanceInstaller.java"/>
    </Method>
    <SourceLine classname="gti.maintenance.conf.MaintenanceInstaller" start="104" end="104" startBytecode="0" endBytecode="0" sourcefile="MaintenanceInstaller.java" sourcepath="gti/maintenance/conf/MaintenanceInstaller.java"/>
    <String value="Parameter [3] ee implements gti.module.configuration.ConfigurationIF"/>
  </BugInstance>
  <BugInstance type="FCBL_FIELD_COULD_BE_LOCAL" priority="2" abbrev="FCBL" category="CORRECTNESS">
    <Class classname="gti.ui.main.ProductiveResourceModel">
      <SourceLine classname="gti.ui.main.ProductiveResourceModel" start="18" end="1983" sourcefile="ProductiveResourceModel.java" sourcepath="gti/ui/main/ProductiveResourceModel.java"/>
    </Class>
    <Field classname="gti.ui.main.ProductiveResourceModel" name="m_filterState" signature="Lgti/domain/Status;" isStatic="false">
      <SourceLine classname="gti.ui.main.ProductiveResourceModel" sourcefile="ProductiveResourceModel.java" sourcepath="gti/ui/main/ProductiveResourceModel.java"/>
    </Field>
    <SourceLine classname="gti.ui.main.ProductiveResourceModel" start="230" end="230" startBytecode="79" endBytecode="79" sourcefile="ProductiveResourceModel.java" sourcepath="gti/ui/main/ProductiveResourceModel.java"/>
  </BugInstance>
  <BugInstance type="PRMC_POSSIBLY_REDUNDANT_METHOD_CALLS" priority="2" abbrev="PRMC" category="PERFORMANCE">
    <Class classname="gti.ui.main.ProductiveResourceView">
      <SourceLine classname="gti.ui.main.ProductiveResourceView" start="16" end="292" sourcefile="ProductiveResourceView.java" sourcepath="gti/ui/main/ProductiveResourceView.java"/>
    </Class>
    <Method classname="gti.ui.main.ProductiveResourceView" name="createListPanel" signature="()Ljavax/swing/JComponent;" isStatic="false">
      <SourceLine classname="gti.ui.main.ProductiveResourceView" start="92" end="151" startBytecode="0" endBytecode="925" sourcefile="ProductiveResourceView.java" sourcepath="gti/ui/main/ProductiveResourceView.java"/>
    </Method>
    <SourceLine classname="gti.ui.main.ProductiveResourceView" start="119" end="119" startBytecode="340" endBytecode="340" sourcefile="ProductiveResourceView.java" sourcepath="gti/ui/main/ProductiveResourceView.java"/>
    <String value="endHeaderGroup()Z"/>
  </BugInstance>
  <BugInstance type="PRMC_POSSIBLY_REDUNDANT_METHOD_CALLS" priority="2" abbrev="PRMC" category="PERFORMANCE">
    <Class classname="gti.ui.main.ProductiveResourceView">
      <SourceLine classname="gti.ui.main.ProductiveResourceView" start="16" end="292" sourcefile="ProductiveResourceView.java" sourcepath="gti/ui/main/ProductiveResourceView.java"/>
    </Class>
    <Method classname="gti.ui.main.ProductiveResourceView" name="createListPanel" signature="()Ljavax/swing/JComponent;" isStatic="false">
      <SourceLine classname="gti.ui.main.ProductiveResourceView" start="92" end="151" startBytecode="0" endBytecode="925" sourcefile="ProductiveResourceView.java" sourcepath="gti/ui/main/ProductiveResourceView.java"/>
    </Method>
    <SourceLine classname="gti.ui.main.ProductiveResourceView" start="124" end="124" startBytecode="405" endBytecode="405" sourcefile="ProductiveResourceView.java" sourcepath="gti/ui/main/ProductiveResourceView.java"/>
    <String value="endHeaderGroup()Z"/>
  </BugInstance>
  <BugInstance type="PRMC_POSSIBLY_REDUNDANT_METHOD_CALLS" priority="2" abbrev="PRMC" category="PERFORMANCE">
    <Class classname="gti.ui.main.ProductiveResourceView">
      <SourceLine classname="gti.ui.main.ProductiveResourceView" start="16" end="292" sourcefile="ProductiveResourceView.java" sourcepath="gti/ui/main/ProductiveResourceView.java"/>
    </Class>
    <Method classname="gti.ui.main.ProductiveResourceView" name="createListPanel" signature="()Ljavax/swing/JComponent;" isStatic="false">
      <SourceLine classname="gti.ui.main.ProductiveResourceView" start="92" end="151" startBytecode="0" endBytecode="925" sourcefile="ProductiveResourceView.java" sourcepath="gti/ui/main/ProductiveResourceView.java"/>
    </Method>
    <SourceLine classname="gti.ui.main.ProductiveResourceView" start="146" end="146" startBytecode="629" endBytecode="629" sourcefile="ProductiveResourceView.java" sourcepath="gti/ui/main/ProductiveResourceView.java"/>
    <String value="endHeaderGroup()Z"/>
  </BugInstance>
  <BugInstance type="FCBL_FIELD_COULD_BE_LOCAL" priority="2" abbrev="FCBL" category="CORRECTNESS">
    <Class classname="gti.ui.main.WearingPartModel">
      <SourceLine classname="gti.ui.main.WearingPartModel" start="17" end="654" sourcefile="WearingPartModel.java" sourcepath="gti/ui/main/WearingPartModel.java"/>
    </Class>
    <Field classname="gti.ui.main.WearingPartModel" name="m_prtDAO" signature="Lgti/domain/dao/ProductiveResourceTypeDAO;" isStatic="false">
      <SourceLine classname="gti.ui.main.WearingPartModel" sourcefile="WearingPartModel.java" sourcepath="gti/ui/main/WearingPartModel.java"/>
    </Field>
    <SourceLine classname="gti.ui.main.WearingPartModel" start="42" end="42" startBytecode="40" endBytecode="40" sourcefile="WearingPartModel.java" sourcepath="gti/ui/main/WearingPartModel.java"/>
  </BugInstance>
  <Errors errors="0" missingClasses="0"></Errors>
  <FindBugsSummary timestamp="Fri, 20 Aug 2010 13:14:01 +0200" total_classes="85" referenced_classes="429" total_bugs="13" total_size="2422" num_packages="9" vm_version="17.0-b16" cpu_seconds="44.26" clock_seconds="22.83" peak_mbytes="194.21" alloc_mbytes="439.12" gc_seconds="0.76" priority_2="13">
    <PackageStats package="gti.domain" total_bugs="5" total_types="4" total_size="385" priority_2="5">
      <ClassStats class="gti.domain.ProbeType" sourceFile="ProbeType.java" interface="false" size="25" bugs="0"/>
      <ClassStats class="gti.domain.ProductiveResource" sourceFile="ProductiveResource.java" interface="false" size="283" bugs="4" priority_2="4"/>
      <ClassStats class="gti.domain.ProductiveResourceType" sourceFile="ProductiveResourceType.java" interface="false" size="22" bugs="0"/>
      <ClassStats class="gti.domain.WearingPart" sourceFile="WearingPart.java" interface="false" size="55" bugs="1" priority_2="1"/>
    </PackageStats>
    <PackageStats package="gti.domain.dao" total_bugs="2" total_types="3" total_size="49" priority_2="2">
      <ClassStats class="gti.domain.dao.ProductiveResourceDAO" sourceFile="ProductiveResourceDAO.java" interface="false" size="38" bugs="2" priority_2="2"/>
      <ClassStats class="gti.domain.dao.ProductiveResourceTypeDAO" sourceFile="ProductiveResourceTypeDAO.java" interface="false" size="7" bugs="0"/>
      <ClassStats class="gti.domain.dao.WearingPartDAO" sourceFile="WearingPartDAO.java" interface="false" size="4" bugs="0"/>
    </PackageStats>
    <PackageStats package="gti.maintenance.conf" total_bugs="1" total_types="4" total_size="68" priority_2="1">
      <ClassStats class="gti.maintenance.conf.ControlModule" sourceFile="ControlModule.java" interface="false" size="7" bugs="0"/>
      <ClassStats class="gti.maintenance.conf.Machine" sourceFile="Machine.java" interface="false" size="11" bugs="0"/>
      <ClassStats class="gti.maintenance.conf.MaintenanceConfiguration" sourceFile="MaintenanceConfiguration.java" interface="false" size="13" bugs="0"/>
      <ClassStats class="gti.maintenance.conf.MaintenanceInstaller" sourceFile="MaintenanceInstaller.java" interface="false" size="37" bugs="1" priority_2="1"/>
    </PackageStats>
    <PackageStats package="gti.module" total_bugs="0" total_types="2" total_size="96">
      <ClassStats class="gti.module.MaintenanceModule" sourceFile="MaintenanceModule.java" interface="false" size="19" bugs="0"/>
      <ClassStats class="gti.module.MaintenanceModuleInterface" sourceFile="MaintenanceModuleInterface.java" interface="false" size="77" bugs="0"/>
    </PackageStats>
    <PackageStats package="gti.report.reports.model" total_bugs="0" total_types="1" total_size="12">
      <ClassStats class="gti.report.reports.model.ProductiveResourceData" sourceFile="ProductiveResourceData.java" interface="false" size="12" bugs="0"/>
    </PackageStats>
    <PackageStats package="gti.ui.browser.ui" total_bugs="0" total_types="1" total_size="51">
      <ClassStats class="gti.ui.browser.ui.BrowserMaintenanceUI" sourceFile="BrowserMaintenanceUI.java" interface="false" size="51" bugs="0"/>
    </PackageStats>
    <PackageStats package="gti.ui.main" total_bugs="5" total_types="68" total_size="1731" priority_2="5">
      <ClassStats class="gti.ui.main.ProductiveResourceForm" sourceFile="ProductiveResourceForm.java" interface="false" size="19" bugs="0"/>
      <ClassStats class="gti.ui.main.ProductiveResourceModel" sourceFile="ProductiveResourceModel.java" interface="false" size="241" bugs="1" priority_2="1"/>
      <ClassStats class="gti.ui.main.ProductiveResourceModel$1" sourceFile="ProductiveResourceModel.java" interface="false" size="8" bugs="0"/>
      <ClassStats class="gti.ui.main.ProductiveResourceModel$2" sourceFile="ProductiveResourceModel.java" interface="false" size="11" bugs="0"/>
      <ClassStats class="gti.ui.main.ProductiveResourceModel$3" sourceFile="ProductiveResourceModel.java" interface="false" size="11" bugs="0"/>
      <ClassStats class="gti.ui.main.ProductiveResourceModel$4" sourceFile="ProductiveResourceModel.java" interface="false" size="11" bugs="0"/>
      <ClassStats class="gti.ui.main.ProductiveResourceModel$5" sourceFile="ProductiveResourceModel.java" interface="false" size="8" bugs="0"/>
      <ClassStats class="gti.ui.main.ProductiveResourceModel$6" sourceFile="ProductiveResourceModel.java" interface="false" size="11" bugs="0"/>
      <ClassStats class="gti.ui.main.ProductiveResourceModel$Resource_Active_ModelAdapter" sourceFile="ProductiveResourceModel.java" interface="false" size="30" bugs="0"/>
      <ClassStats class="gti.ui.main.ProductiveResourceModel$Resource_Delete_ModelAdapter" sourceFile="ProductiveResourceModel.java" interface="false" size="16" bugs="0"/>
      <ClassStats class="gti.ui.main.ProductiveResourceModel$Resource_Description_ModelAdapter" sourceFile="ProductiveResourceModel.java" interface="false" size="21" bugs="0"/>
      <ClassStats class="gti.ui.main.ProductiveResourceModel$Resource_EeFilter_ModelAdapter" sourceFile="ProductiveResourceModel.java" interface="false" size="16" bugs="0"/>
      <ClassStats class="gti.ui.main.ProductiveResourceModel$Resource_Ee_ModelAdapter" sourceFile="ProductiveResourceModel.java" interface="false" size="24" bugs="0"/>
      <ClassStats class="gti.ui.main.ProductiveResourceModel$Resource_Inspect_ModelAdapter" sourceFile="ProductiveResourceModel.java" interface="false" size="17" bugs="0"/>
      <ClassStats class="gti.ui.main.ProductiveResourceModel$Resource_InspectionInterval_ModelAdapter" sourceFile="ProductiveResourceModel.java" interface="false" size="24" bugs="0"/>
      <ClassStats class="gti.ui.main.ProductiveResourceModel$Resource_InspectionProducedWeight_ModelAdapter" sourceFile="ProductiveResourceModel.java" interface="false" size="23" bugs="0"/>
      <ClassStats class="gti.ui.main.ProductiveResourceModel$Resource_InspectionRequiredFilter_ModelAdapter" sourceFile="ProductiveResourceModel.java" interface="false" size="16" bugs="0"/>
      <ClassStats class="gti.ui.main.ProductiveResourceModel$Resource_ItemInfo1_ModelAdapter" sourceFile="ProductiveResourceModel.java" interface="false" size="20" bugs="0"/>
      <ClassStats class="gti.ui.main.ProductiveResourceModel$Resource_ItemInfo2_ModelAdapter" sourceFile="ProductiveResourceModel.java" interface="false" size="20" bugs="0"/>
      <ClassStats class="gti.ui.main.ProductiveResourceModel$Resource_ItemNumber_ModelAdapter" sourceFile="ProductiveResourceModel.java" interface="false" size="20" bugs="0"/>
      <ClassStats class="gti.ui.main.ProductiveResourceModel$Resource_LastInspectionDate_ModelAdapter" sourceFile="ProductiveResourceModel.java" interface="false" size="16" bugs="0"/>
      <ClassStats class="gti.ui.main.ProductiveResourceModel$Resource_LastReplacementDate_ModelAdapter" sourceFile="ProductiveResourceModel.java" interface="false" size="16" bugs="0"/>
      <ClassStats class="gti.ui.main.ProductiveResourceModel$Resource_New_ModelAdapter" sourceFile="ProductiveResourceModel.java" interface="false" size="21" bugs="0"/>
      <ClassStats class="gti.ui.main.ProductiveResourceModel$Resource_NextInspectionDate_ModelAdapter" sourceFile="ProductiveResourceModel.java" interface="false" size="28" bugs="0"/>
      <ClassStats class="gti.ui.main.ProductiveResourceModel$Resource_NextReplacementDate_ModelAdapter" sourceFile="ProductiveResourceModel.java" interface="false" size="30" bugs="0"/>
      <ClassStats class="gti.ui.main.ProductiveResourceModel$Resource_ProbeType_ModelAdapter" sourceFile="ProductiveResourceModel.java" interface="false" size="29" bugs="0"/>
      <ClassStats class="gti.ui.main.ProductiveResourceModel$Resource_ProducedWeight_ModelAdapter" sourceFile="ProductiveResourceModel.java" interface="false" size="15" bugs="0"/>
      <ClassStats class="gti.ui.main.ProductiveResourceModel$Resource_PurchaseDate_ModelAdapter" sourceFile="ProductiveResourceModel.java" interface="false" size="22" bugs="0"/>
      <ClassStats class="gti.ui.main.ProductiveResourceModel$Resource_Replace_ModelAdapter" sourceFile="ProductiveResourceModel.java" interface="false" size="26" bugs="0"/>
      <ClassStats class="gti.ui.main.ProductiveResourceModel$Resource_ReplacementInterval_ModelAdapter" sourceFile="ProductiveResourceModel.java" interface="false" size="24" bugs="0"/>
      <ClassStats class="gti.ui.main.ProductiveResourceModel$Resource_ReplacementProducedWeight_ModelAdapter" sourceFile="ProductiveResourceModel.java" interface="false" size="23" bugs="0"/>
      <ClassStats class="gti.ui.main.ProductiveResourceModel$Resource_ReplacementRequiredFilter_ModelAdapter" sourceFile="ProductiveResourceModel.java" interface="false" size="16" bugs="0"/>
      <ClassStats class="gti.ui.main.ProductiveResourceModel$Resource_Report_ModelAdapter" sourceFile="ProductiveResourceModel.java" interface="false" size="10" bugs="0"/>
      <ClassStats class="gti.ui.main.ProductiveResourceModel$Resource_ResourceTypeFilter_ModelAdapter" sourceFile="ProductiveResourceModel.java" interface="false" size="16" bugs="0"/>
      <ClassStats class="gti.ui.main.ProductiveResourceModel$Resource_Selected_ModelAdapter" sourceFile="ProductiveResourceModel.java" interface="false" size="20" bugs="0"/>
      <ClassStats class="gti.ui.main.ProductiveResourceModel$Resource_State_ModelAdapter" sourceFile="ProductiveResourceModel.java" interface="false" size="16" bugs="0"/>
      <ClassStats class="gti.ui.main.ProductiveResourceModel$Resource_TimeActive_ModelAdapter" sourceFile="ProductiveResourceModel.java" interface="false" size="15" bugs="0"/>
      <ClassStats class="gti.ui.main.ProductiveResourceModel$Resource_ToDetail_ModelAdapter" sourceFile="ProductiveResourceModel.java" interface="false" size="18" bugs="0"/>
      <ClassStats class="gti.ui.main.ProductiveResourceModel$Resource_ToEe_ModelAdapter" sourceFile="ProductiveResourceModel.java" interface="false" size="28" bugs="0"/>
      <ClassStats class="gti.ui.main.ProductiveResourceModel$Resource_ToWiki_ModelAdapter" sourceFile="ProductiveResourceModel.java" interface="false" size="25" bugs="0"/>
      <ClassStats class="gti.ui.main.ProductiveResourceModel$Resource_TotalProducedWeight_ModelAdapter" sourceFile="ProductiveResourceModel.java" interface="false" size="15" bugs="0"/>
      <ClassStats class="gti.ui.main.ProductiveResourceModel$Resource_TotalTimeActive_ModelAdapter" sourceFile="ProductiveResourceModel.java" interface="false" size="15" bugs="0"/>
      <ClassStats class="gti.ui.main.ProductiveResourceModel$Resource_TypeNumber_ModelAdapter" sourceFile="ProductiveResourceModel.java" interface="false" size="21" bugs="0"/>
      <ClassStats class="gti.ui.main.ProductiveResourceModel$Resource_Type_ModelAdapter" sourceFile="ProductiveResourceModel.java" interface="false" size="24" bugs="0"/>
      <ClassStats class="gti.ui.main.ProductiveResourceTypeForm" sourceFile="ProductiveResourceTypeForm.java" interface="false" size="8" bugs="0"/>
      <ClassStats class="gti.ui.main.ProductiveResourceTypeModel" sourceFile="ProductiveResourceTypeModel.java" interface="false" size="38" bugs="0"/>
      <ClassStats class="gti.ui.main.ProductiveResourceTypeModel$1" sourceFile="ProductiveResourceTypeModel.java" interface="false" size="8" bugs="0"/>
      <ClassStats class="gti.ui.main.ProductiveResourceTypeModel$ResourceType_Delete_ModelAdapter" sourceFile="ProductiveResourceTypeModel.java" interface="false" size="15" bugs="0"/>
      <ClassStats class="gti.ui.main.ProductiveResourceTypeModel$ResourceType_Name_ModelAdapter" sourceFile="ProductiveResourceTypeModel.java" interface="false" size="19" bugs="0"/>
      <ClassStats class="gti.ui.main.ProductiveResourceTypeModel$ResourceType_New_ModelAdapter" sourceFile="ProductiveResourceTypeModel.java" interface="false" size="12" bugs="0"/>
      <ClassStats class="gti.ui.main.ProductiveResourceTypeView" sourceFile="ProductiveResourceTypeView.java" interface="false" size="26" bugs="0"/>
      <ClassStats class="gti.ui.main.ProductiveResourceView" sourceFile="ProductiveResourceView.java" interface="false" size="173" bugs="3" priority_2="3"/>
      <ClassStats class="gti.ui.main.WearingPartForm" sourceFile="WearingPartForm.java" interface="false" size="8" bugs="0"/>
      <ClassStats class="gti.ui.main.WearingPartModel" sourceFile="WearingPartModel.java" interface="false" size="93" bugs="1" priority_2="1"/>
      <ClassStats class="gti.ui.main.WearingPartModel$1" sourceFile="WearingPartModel.java" interface="false" size="8" bugs="0"/>
      <ClassStats class="gti.ui.main.WearingPartModel$2" sourceFile="WearingPartModel.java" interface="false" size="11" bugs="0"/>
      <ClassStats class="gti.ui.main.WearingPartModel$WearingPart_Delete_ModelAdapter" sourceFile="WearingPartModel.java" interface="false" size="15" bugs="0"/>
      <ClassStats class="gti.ui.main.WearingPartModel$WearingPart_Ee_ModelAdapter" sourceFile="WearingPartModel.java" interface="false" size="14" bugs="0"/>
      <ClassStats class="gti.ui.main.WearingPartModel$WearingPart_ItemNumber_ModelAdapter" sourceFile="WearingPartModel.java" interface="false" size="39" bugs="0"/>
      <ClassStats class="gti.ui.main.WearingPartModel$WearingPart_Machine_ModelAdapter" sourceFile="WearingPartModel.java" interface="false" size="20" bugs="0"/>
      <ClassStats class="gti.ui.main.WearingPartModel$WearingPart_New_ModelAdapter" sourceFile="WearingPartModel.java" interface="false" size="12" bugs="0"/>
      <ClassStats class="gti.ui.main.WearingPartModel$WearingPart_ResourceType_ModelAdapter" sourceFile="WearingPartModel.java" interface="false" size="29" bugs="0"/>
      <ClassStats class="gti.ui.main.WearingPartModel$WearingPart_ResourceType_ModelAdapter$1" sourceFile="WearingPartModel.java" interface="false" size="7" bugs="0"/>
      <ClassStats class="gti.ui.main.WearingPartModel$WearingPart_Resource_ModelAdapter" sourceFile="WearingPartModel.java" interface="false" size="14" bugs="0"/>
      <ClassStats class="gti.ui.main.WearingPartModel$WearingPart_ToEe_ModelAdapter" sourceFile="WearingPartModel.java" interface="false" size="24" bugs="0"/>
      <ClassStats class="gti.ui.main.WearingPartModel$WearingPart_ToResource_ModelAdapter" sourceFile="WearingPartModel.java" interface="false" size="24" bugs="0"/>
      <ClassStats class="gti.ui.main.WearingPartModel$WearingPart_ToWiki_ModelAdapter" sourceFile="WearingPartModel.java" interface="false" size="21" bugs="0"/>
      <ClassStats class="gti.ui.main.WearingPartView" sourceFile="WearingPartView.java" interface="false" size="37" bugs="0"/>
    </PackageStats>
    <PackageStats package="gti.ui.main.pickAndSelect" total_bugs="0" total_types="1" total_size="20">
      <ClassStats class="gti.ui.main.pickAndSelect.ProductiveResourcePickAndSelect" sourceFile="ProductiveResourcePickAndSelect.java" interface="false" size="20" bugs="0"/>
    </PackageStats>
    <PackageStats package="gti.util.log" total_bugs="0" total_types="1" total_size="10">
      <ClassStats class="gti.util.log.MaintenanceModuleLog" sourceFile="MaintenanceModuleLog.java" interface="false" size="10" bugs="0"/>
    </PackageStats>
    <FindBugsProfile>
      <ClassProfile name="com.mebigfatguy.fbcontrib.detect.ListIndexedIterating" totalMilliseconds="11" invocations="85" avgMicrosecondsPerInvocation="131" maxMicrosecondsPerInvocation="3625" standardDeviationMircosecondsPerInvocation="423"/>
      <ClassProfile name="edu.umd.cs.findbugs.util.TopologicalSort" totalMilliseconds="11" invocations="86" avgMicrosecondsPerInvocation="130" maxMicrosecondsPerInvocation="3946" standardDeviationMircosecondsPerInvocation="425"/>
      <ClassProfile name="edu.umd.cs.findbugs.detect.FindUncalledPrivateMethods" totalMilliseconds="11" invocations="85" avgMicrosecondsPerInvocation="140" maxMicrosecondsPerInvocation="974" standardDeviationMircosecondsPerInvocation="139"/>
      <ClassProfile name="com.mebigfatguy.fbcontrib.detect.InheritanceTypeChecking" totalMilliseconds="12" invocations="85" avgMicrosecondsPerInvocation="141" maxMicrosecondsPerInvocation="3004" standardDeviationMircosecondsPerInvocation="343"/>
      <ClassProfile name="edu.umd.cs.findbugs.detect.FindSelfComparison2" totalMilliseconds="12" invocations="85" avgMicrosecondsPerInvocation="143" maxMicrosecondsPerInvocation="916" standardDeviationMircosecondsPerInvocation="149"/>
      <ClassProfile name="edu.umd.cs.findbugs.detect.FindNullDerefsInvolvingNonShortCircuitEvaluation" totalMilliseconds="12" invocations="85" avgMicrosecondsPerInvocation="147" maxMicrosecondsPerInvocation="1528" standardDeviationMircosecondsPerInvocation="223"/>
      <ClassProfile name="com.mebigfatguy.fbcontrib.detect.UseCharacterParameterizedMethod" totalMilliseconds="12" invocations="85" avgMicrosecondsPerInvocation="147" maxMicrosecondsPerInvocation="1731" standardDeviationMircosecondsPerInvocation="261"/>
      <ClassProfile name="gti.findbugs.ObjectUtilEqualsChecker" totalMilliseconds="12" invocations="85" avgMicrosecondsPerInvocation="148" maxMicrosecondsPerInvocation="1508" standardDeviationMircosecondsPerInvocation="219"/>
      <ClassProfile name="edu.umd.cs.findbugs.detect.FindBugsSummaryStats" totalMilliseconds="12" invocations="429" avgMicrosecondsPerInvocation="29" maxMicrosecondsPerInvocation="2341" standardDeviationMircosecondsPerInvocation="114"/>
      <ClassProfile name="edu.umd.cs.findbugs.detect.SynchronizeOnClassLiteralNotGetClass" totalMilliseconds="12" invocations="85" avgMicrosecondsPerInvocation="149" maxMicrosecondsPerInvocation="1475" standardDeviationMircosecondsPerInvocation="221"/>
      <ClassProfile name="com.mebigfatguy.fbcontrib.detect.ConfusingAutoboxedOverloading" totalMilliseconds="12" invocations="85" avgMicrosecondsPerInvocation="151" maxMicrosecondsPerInvocation="492" standardDeviationMircosecondsPerInvocation="101"/>
      <ClassProfile name="com.mebigfatguy.fbcontrib.detect.UnnecessaryNewNullCheck" totalMilliseconds="13" invocations="85" avgMicrosecondsPerInvocation="153" maxMicrosecondsPerInvocation="1859" standardDeviationMircosecondsPerInvocation="279"/>
      <ClassProfile name="com.mebigfatguy.fbcontrib.detect.ImproperPropertiesUse" totalMilliseconds="13" invocations="85" avgMicrosecondsPerInvocation="156" maxMicrosecondsPerInvocation="1641" standardDeviationMircosecondsPerInvocation="234"/>
      <ClassProfile name="edu.umd.cs.findbugs.detect.SynchronizationOnSharedBuiltinConstant" totalMilliseconds="13" invocations="85" avgMicrosecondsPerInvocation="159" maxMicrosecondsPerInvocation="1539" standardDeviationMircosecondsPerInvocation="228"/>
      <ClassProfile name="com.mebigfatguy.fbcontrib.detect.StaticMethodInstanceInvocation" totalMilliseconds="13" invocations="85" avgMicrosecondsPerInvocation="160" maxMicrosecondsPerInvocation="1602" standardDeviationMircosecondsPerInvocation="218"/>
      <ClassProfile name="edu.umd.cs.findbugs.detect.FindBadCast2" totalMilliseconds="13" invocations="85" avgMicrosecondsPerInvocation="161" maxMicrosecondsPerInvocation="3992" standardDeviationMircosecondsPerInvocation="467"/>
      <ClassProfile name="edu.umd.cs.findbugs.detect.NumberConstructor" totalMilliseconds="13" invocations="85" avgMicrosecondsPerInvocation="162" maxMicrosecondsPerInvocation="1621" standardDeviationMircosecondsPerInvocation="240"/>
      <ClassProfile name="edu.umd.cs.findbugs.detect.FindFieldSelfAssignment" totalMilliseconds="13" invocations="85" avgMicrosecondsPerInvocation="162" maxMicrosecondsPerInvocation="1572" standardDeviationMircosecondsPerInvocation="230"/>
      <ClassProfile name="edu.umd.cs.findbugs.detect.FindFloatEquality" totalMilliseconds="13" invocations="85" avgMicrosecondsPerInvocation="162" maxMicrosecondsPerInvocation="1653" standardDeviationMircosecondsPerInvocation="237"/>
      <ClassProfile name="edu.umd.cs.findbugs.detect.Naming" totalMilliseconds="13" invocations="85" avgMicrosecondsPerInvocation="164" maxMicrosecondsPerInvocation="1064" standardDeviationMircosecondsPerInvocation="127"/>
      <ClassProfile name="edu.umd.cs.findbugs.detect.AppendingToAnObjectOutputStream" totalMilliseconds="14" invocations="85" avgMicrosecondsPerInvocation="164" maxMicrosecondsPerInvocation="1546" standardDeviationMircosecondsPerInvocation="235"/>
      <ClassProfile name="com.mebigfatguy.fbcontrib.detect.DubiousSetOfCollections" totalMilliseconds="14" invocations="85" avgMicrosecondsPerInvocation="166" maxMicrosecondsPerInvocation="1807" standardDeviationMircosecondsPerInvocation="259"/>
      <ClassProfile name="edu.umd.cs.findbugs.classfile.engine.bcel.ClassContextClassAnalysisEngine" totalMilliseconds="14" invocations="612" avgMicrosecondsPerInvocation="23" maxMicrosecondsPerInvocation="2336" standardDeviationMircosecondsPerInvocation="94"/>
      <ClassProfile name="com.mebigfatguy.fbcontrib.detect.TailRecursion" totalMilliseconds="14" invocations="85" avgMicrosecondsPerInvocation="170" maxMicrosecondsPerInvocation="1679" standardDeviationMircosecondsPerInvocation="251"/>
      <ClassProfile name="edu.umd.cs.findbugs.classfile.engine.bcel.LoadedFieldSetFactory" totalMilliseconds="14" invocations="395" avgMicrosecondsPerInvocation="36" maxMicrosecondsPerInvocation="1546" standardDeviationMircosecondsPerInvocation="94"/>
      <ClassProfile name="edu.umd.cs.findbugs.detect.SynchronizingOnContentsOfFieldToProtectField" totalMilliseconds="14" invocations="85" avgMicrosecondsPerInvocation="174" maxMicrosecondsPerInvocation="1595" standardDeviationMircosecondsPerInvocation="241"/>
      <ClassProfile name="edu.umd.cs.findbugs.detect.InfiniteRecursiveLoop" totalMilliseconds="14" invocations="85" avgMicrosecondsPerInvocation="176" maxMicrosecondsPerInvocation="1938" standardDeviationMircosecondsPerInvocation="277"/>
      <ClassProfile name="com.mebigfatguy.fbcontrib.detect.SuspiciousWaitOnConcurrentObject" totalMilliseconds="14" invocations="85" avgMicrosecondsPerInvocation="176" maxMicrosecondsPerInvocation="1654" standardDeviationMircosecondsPerInvocation="242"/>
      <ClassProfile name="com.mebigfatguy.fbcontrib.detect.SpuriousThreadStates" totalMilliseconds="15" invocations="85" avgMicrosecondsPerInvocation="180" maxMicrosecondsPerInvocation="1665" standardDeviationMircosecondsPerInvocation="246"/>
      <ClassProfile name="edu.umd.cs.findbugs.detect.DuplicateBranches" totalMilliseconds="15" invocations="85" avgMicrosecondsPerInvocation="180" maxMicrosecondsPerInvocation="3699" standardDeviationMircosecondsPerInvocation="466"/>
      <ClassProfile name="edu.umd.cs.findbugs.detect.FormatStringChecker" totalMilliseconds="15" invocations="85" avgMicrosecondsPerInvocation="180" maxMicrosecondsPerInvocation="1691" standardDeviationMircosecondsPerInvocation="255"/>
      <ClassProfile name="edu.umd.cs.findbugs.detect.BadResultSetAccess" totalMilliseconds="15" invocations="85" avgMicrosecondsPerInvocation="185" maxMicrosecondsPerInvocation="1501" standardDeviationMircosecondsPerInvocation="227"/>
      <ClassProfile name="edu.umd.cs.findbugs.detect.CrossSiteScripting" totalMilliseconds="15" invocations="85" avgMicrosecondsPerInvocation="187" maxMicrosecondsPerInvocation="1872" standardDeviationMircosecondsPerInvocation="274"/>
      <ClassProfile name="edu.umd.cs.findbugs.detect.LostLoggerDueToWeakReference" totalMilliseconds="16" invocations="85" avgMicrosecondsPerInvocation="188" maxMicrosecondsPerInvocation="1975" standardDeviationMircosecondsPerInvocation="290"/>
      <ClassProfile name="edu.umd.cs.findbugs.detect.NoteUnconditionalParamDerefs" totalMilliseconds="16" invocations="85" avgMicrosecondsPerInvocation="191" maxMicrosecondsPerInvocation="1150" standardDeviationMircosecondsPerInvocation="182"/>
      <ClassProfile name="edu.umd.cs.findbugs.detect.ReadOfInstanceFieldInMethodInvokedByConstructorInSuperclass" totalMilliseconds="16" invocations="85" avgMicrosecondsPerInvocation="194" maxMicrosecondsPerInvocation="1856" standardDeviationMircosecondsPerInvocation="291"/>
      <ClassProfile name="edu.umd.cs.findbugs.detect.BadSyntaxForRegularExpression" totalMilliseconds="16" invocations="85" avgMicrosecondsPerInvocation="195" maxMicrosecondsPerInvocation="1712" standardDeviationMircosecondsPerInvocation="264"/>
      <ClassProfile name="com.mebigfatguy.fbcontrib.detect.InappropriateToStringUse" totalMilliseconds="16" invocations="85" avgMicrosecondsPerInvocation="196" maxMicrosecondsPerInvocation="2067" standardDeviationMircosecondsPerInvocation="293"/>
      <ClassProfile name="com.mebigfatguy.fbcontrib.detect.LoggerOddities" totalMilliseconds="16" invocations="85" avgMicrosecondsPerInvocation="198" maxMicrosecondsPerInvocation="1631" standardDeviationMircosecondsPerInvocation="236"/>
      <ClassProfile name="edu.umd.cs.findbugs.detect.FindNonShortCircuit" totalMilliseconds="17" invocations="85" avgMicrosecondsPerInvocation="200" maxMicrosecondsPerInvocation="2101" standardDeviationMircosecondsPerInvocation="313"/>
      <ClassProfile name="com.mebigfatguy.fbcontrib.detect.ConstantListIndex" totalMilliseconds="17" invocations="85" avgMicrosecondsPerInvocation="201" maxMicrosecondsPerInvocation="1776" standardDeviationMircosecondsPerInvocation="338"/>
      <ClassProfile name="com.mebigfatguy.fbcontrib.detect.UseEnumCollections" totalMilliseconds="17" invocations="85" avgMicrosecondsPerInvocation="205" maxMicrosecondsPerInvocation="2089" standardDeviationMircosecondsPerInvocation="306"/>
      <ClassProfile name="com.mebigfatguy.fbcontrib.detect.SloppyClassReflection" totalMilliseconds="17" invocations="85" avgMicrosecondsPerInvocation="205" maxMicrosecondsPerInvocation="1919" standardDeviationMircosecondsPerInvocation="310"/>
      <ClassProfile name="edu.umd.cs.findbugs.detect.InfiniteLoop" totalMilliseconds="18" invocations="85" avgMicrosecondsPerInvocation="217" maxMicrosecondsPerInvocation="2331" standardDeviationMircosecondsPerInvocation="325"/>
      <ClassProfile name="com.mebigfatguy.fbcontrib.detect.ArrayBasedCollections" totalMilliseconds="18" invocations="85" avgMicrosecondsPerInvocation="222" maxMicrosecondsPerInvocation="1711" standardDeviationMircosecondsPerInvocation="251"/>
      <ClassProfile name="com.mebigfatguy.fbcontrib.detect.UnrelatedCollectionContents" totalMilliseconds="19" invocations="85" avgMicrosecondsPerInvocation="230" maxMicrosecondsPerInvocation="2170" standardDeviationMircosecondsPerInvocation="324"/>
      <ClassProfile name="edu.umd.cs.findbugs.detect.Methods" totalMilliseconds="19" invocations="429" avgMicrosecondsPerInvocation="45" maxMicrosecondsPerInvocation="2222" standardDeviationMircosecondsPerInvocation="144"/>
      <ClassProfile name="com.mebigfatguy.fbcontrib.detect.PossibleConstantAllocationInLoop" totalMilliseconds="19" invocations="85" avgMicrosecondsPerInvocation="233" maxMicrosecondsPerInvocation="2225" standardDeviationMircosecondsPerInvocation="353"/>
      <ClassProfile name="edu.umd.cs.findbugs.classfile.engine.bcel.ReverseDepthFirstSearchFactory" totalMilliseconds="19" invocations="392" avgMicrosecondsPerInvocation="50" maxMicrosecondsPerInvocation="1903" standardDeviationMircosecondsPerInvocation="128"/>
      <ClassProfile name="com.mebigfatguy.fbcontrib.detect.SyncCollectionIterators" totalMilliseconds="20" invocations="85" avgMicrosecondsPerInvocation="236" maxMicrosecondsPerInvocation="1978" standardDeviationMircosecondsPerInvocation="344"/>
      <ClassProfile name="edu.umd.cs.findbugs.detect.MethodReturnCheck" totalMilliseconds="20" invocations="85" avgMicrosecondsPerInvocation="237" maxMicrosecondsPerInvocation="2299" standardDeviationMircosecondsPerInvocation="335"/>
      <ClassProfile name="edu.umd.cs.findbugs.detect.FindHEmismatch" totalMilliseconds="20" invocations="85" avgMicrosecondsPerInvocation="238" maxMicrosecondsPerInvocation="1901" standardDeviationMircosecondsPerInvocation="292"/>
      <ClassProfile name="edu.umd.cs.findbugs.classfile.engine.bcel.MethodFactory" totalMilliseconds="20" invocations="436" avgMicrosecondsPerInvocation="46" maxMicrosecondsPerInvocation="1021" standardDeviationMircosecondsPerInvocation="84"/>
      <ClassProfile name="com.mebigfatguy.fbcontrib.detect.UseSplit" totalMilliseconds="20" invocations="85" avgMicrosecondsPerInvocation="241" maxMicrosecondsPerInvocation="2486" standardDeviationMircosecondsPerInvocation="387"/>
      <ClassProfile name="com.mebigfatguy.fbcontrib.detect.ReflectionOnObjectMethods" totalMilliseconds="20" invocations="85" avgMicrosecondsPerInvocation="242" maxMicrosecondsPerInvocation="2151" standardDeviationMircosecondsPerInvocation="313"/>
      <ClassProfile name="edu.umd.cs.findbugs.detect.RepeatedConditionals" totalMilliseconds="20" invocations="85" avgMicrosecondsPerInvocation="243" maxMicrosecondsPerInvocation="2398" standardDeviationMircosecondsPerInvocation="354"/>
      <ClassProfile name="edu.umd.cs.findbugs.detect.FindUnrelatedTypesInGenericContainer" totalMilliseconds="22" invocations="85" avgMicrosecondsPerInvocation="261" maxMicrosecondsPerInvocation="1680" standardDeviationMircosecondsPerInvocation="285"/>
      <ClassProfile name="com.mebigfatguy.fbcontrib.detect.PartiallyConstructedObjectAccess" totalMilliseconds="22" invocations="85" avgMicrosecondsPerInvocation="263" maxMicrosecondsPerInvocation="2749" standardDeviationMircosecondsPerInvocation="407"/>
      <ClassProfile name="com.mebigfatguy.fbcontrib.detect.CustomBuiltXML" totalMilliseconds="22" invocations="85" avgMicrosecondsPerInvocation="263" maxMicrosecondsPerInvocation="6890" standardDeviationMircosecondsPerInvocation="792"/>
      <ClassProfile name="com.mebigfatguy.fbcontrib.detect.WriteOnlyCollection" totalMilliseconds="23" invocations="85" avgMicrosecondsPerInvocation="272" maxMicrosecondsPerInvocation="2701" standardDeviationMircosecondsPerInvocation="404"/>
      <ClassProfile name="edu.umd.cs.findbugs.classfile.engine.bcel.DepthFirstSearchFactory" totalMilliseconds="23" invocations="486" avgMicrosecondsPerInvocation="48" maxMicrosecondsPerInvocation="1978" standardDeviationMircosecondsPerInvocation="123"/>
      <ClassProfile name="com.mebigfatguy.fbcontrib.detect.InefficientStringBuffering" totalMilliseconds="24" invocations="85" avgMicrosecondsPerInvocation="283" maxMicrosecondsPerInvocation="2019" standardDeviationMircosecondsPerInvocation="322"/>
      <ClassProfile name="edu.umd.cs.findbugs.detect.RuntimeExceptionCapture" totalMilliseconds="24" invocations="85" avgMicrosecondsPerInvocation="286" maxMicrosecondsPerInvocation="2258" standardDeviationMircosecondsPerInvocation="370"/>
      <ClassProfile name="edu.umd.cs.findbugs.detect.NoteCheckReturnValue" totalMilliseconds="24" invocations="429" avgMicrosecondsPerInvocation="57" maxMicrosecondsPerInvocation="2406" standardDeviationMircosecondsPerInvocation="149"/>
      <ClassProfile name="com.mebigfatguy.fbcontrib.detect.Section508Compliance" totalMilliseconds="24" invocations="85" avgMicrosecondsPerInvocation="289" maxMicrosecondsPerInvocation="2808" standardDeviationMircosecondsPerInvocation="403"/>
      <ClassProfile name="edu.umd.cs.findbugs.detect.FindPuzzlers" totalMilliseconds="24" invocations="85" avgMicrosecondsPerInvocation="290" maxMicrosecondsPerInvocation="3044" standardDeviationMircosecondsPerInvocation="469"/>
      <ClassProfile name="com.mebigfatguy.fbcontrib.detect.OrphanedDOMNode" totalMilliseconds="24" invocations="85" avgMicrosecondsPerInvocation="291" maxMicrosecondsPerInvocation="2878" standardDeviationMircosecondsPerInvocation="440"/>
      <ClassProfile name="edu.umd.cs.findbugs.detect.NoteAnnotationRetention" totalMilliseconds="25" invocations="429" avgMicrosecondsPerInvocation="59" maxMicrosecondsPerInvocation="2194" standardDeviationMircosecondsPerInvocation="146"/>
      <ClassProfile name="gti.findbugs.SwitchOnEnum" totalMilliseconds="25" invocations="85" avgMicrosecondsPerInvocation="301" maxMicrosecondsPerInvocation="3350" standardDeviationMircosecondsPerInvocation="504"/>
      <ClassProfile name="com.mebigfatguy.fbcontrib.detect.SuspiciousClusteredSessionSupport" totalMilliseconds="25" invocations="85" avgMicrosecondsPerInvocation="304" maxMicrosecondsPerInvocation="3923" standardDeviationMircosecondsPerInvocation="511"/>
      <ClassProfile name="edu.umd.cs.findbugs.detect.NoteNonNullAnnotations" totalMilliseconds="26" invocations="429" avgMicrosecondsPerInvocation="61" maxMicrosecondsPerInvocation="1642" standardDeviationMircosecondsPerInvocation="132"/>
      <ClassProfile name="edu.umd.cs.findbugs.detect.FindReturnRef" totalMilliseconds="28" invocations="85" avgMicrosecondsPerInvocation="338" maxMicrosecondsPerInvocation="20927" standardDeviationMircosecondsPerInvocation="2255"/>
      <ClassProfile name="edu.umd.cs.findbugs.detect.FindSqlInjection" totalMilliseconds="29" invocations="85" avgMicrosecondsPerInvocation="343" maxMicrosecondsPerInvocation="3471" standardDeviationMircosecondsPerInvocation="491"/>
      <ClassProfile name="edu.umd.cs.findbugs.detect.NoteJCIPAnnotation" totalMilliseconds="29" invocations="429" avgMicrosecondsPerInvocation="68" maxMicrosecondsPerInvocation="2274" standardDeviationMircosecondsPerInvocation="148"/>
      <ClassProfile name="com.mebigfatguy.fbcontrib.detect.PossiblyRedundantMethodCalls" totalMilliseconds="30" invocations="85" avgMicrosecondsPerInvocation="357" maxMicrosecondsPerInvocation="3771" standardDeviationMircosecondsPerInvocation="551"/>
      <ClassProfile name="com.mebigfatguy.fbcontrib.detect.DeletingWhileIterating" totalMilliseconds="31" invocations="85" avgMicrosecondsPerInvocation="372" maxMicrosecondsPerInvocation="4393" standardDeviationMircosecondsPerInvocation="581"/>
      <ClassProfile name="edu.umd.cs.findbugs.detect.LazyInit" totalMilliseconds="32" invocations="85" avgMicrosecondsPerInvocation="385" maxMicrosecondsPerInvocation="30904" standardDeviationMircosecondsPerInvocation="3330"/>
      <ClassProfile name="com.mebigfatguy.fbcontrib.detect.BloatedAssignmentScope" totalMilliseconds="32" invocations="85" avgMicrosecondsPerInvocation="386" maxMicrosecondsPerInvocation="3622" standardDeviationMircosecondsPerInvocation="555"/>
      <ClassProfile name="com.mebigfatguy.fbcontrib.detect.NeedlessCustomSerialization" totalMilliseconds="34" invocations="85" avgMicrosecondsPerInvocation="407" maxMicrosecondsPerInvocation="28298" standardDeviationMircosecondsPerInvocation="3050"/>
      <ClassProfile name="edu.umd.cs.findbugs.detect.DoInsideDoPrivileged" totalMilliseconds="36" invocations="85" avgMicrosecondsPerInvocation="424" maxMicrosecondsPerInvocation="29257" standardDeviationMircosecondsPerInvocation="3147"/>
      <ClassProfile name="edu.umd.cs.findbugs.detect.DumbMethods" totalMilliseconds="36" invocations="85" avgMicrosecondsPerInvocation="430" maxMicrosecondsPerInvocation="4653" standardDeviationMircosecondsPerInvocation="686"/>
      <ClassProfile name="com.mebigfatguy.fbcontrib.detect.SuspiciousCloneAlgorithm" totalMilliseconds="37" invocations="85" avgMicrosecondsPerInvocation="442" maxMicrosecondsPerInvocation="34879" standardDeviationMircosecondsPerInvocation="3757"/>
      <ClassProfile name="edu.umd.cs.findbugs.detect.FindNonSerializableStoreIntoSession" totalMilliseconds="39" invocations="85" avgMicrosecondsPerInvocation="460" maxMicrosecondsPerInvocation="29422" standardDeviationMircosecondsPerInvocation="3162"/>
      <ClassProfile name="edu.umd.cs.findbugs.classfile.engine.bcel.LockDataflowFactory" totalMilliseconds="39" invocations="67" avgMicrosecondsPerInvocation="591" maxMicrosecondsPerInvocation="28473" standardDeviationMircosecondsPerInvocation="3443"/>
      <ClassProfile name="edu.umd.cs.findbugs.detect.NoteNonnullReturnValues" totalMilliseconds="40" invocations="85" avgMicrosecondsPerInvocation="477" maxMicrosecondsPerInvocation="4789" standardDeviationMircosecondsPerInvocation="789"/>
      <ClassProfile name="edu.umd.cs.findbugs.detect.UnreadFields" totalMilliseconds="40" invocations="85" avgMicrosecondsPerInvocation="479" maxMicrosecondsPerInvocation="3641" standardDeviationMircosecondsPerInvocation="630"/>
      <ClassProfile name="com.mebigfatguy.fbcontrib.detect.UseToArray" totalMilliseconds="41" invocations="85" avgMicrosecondsPerInvocation="486" maxMicrosecondsPerInvocation="22323" standardDeviationMircosecondsPerInvocation="2408"/>
      <ClassProfile name="edu.umd.cs.findbugs.detect.FindUnsyncGet" totalMilliseconds="42" invocations="85" avgMicrosecondsPerInvocation="504" maxMicrosecondsPerInvocation="34741" standardDeviationMircosecondsPerInvocation="3736"/>
      <ClassProfile name="edu.umd.cs.findbugs.classfile.engine.bcel.ConstantPoolGenFactory" totalMilliseconds="43" invocations="85" avgMicrosecondsPerInvocation="511" maxMicrosecondsPerInvocation="34153" standardDeviationMircosecondsPerInvocation="3673"/>
      <ClassProfile name="com.mebigfatguy.fbcontrib.detect.FieldCouldBeLocal" totalMilliseconds="43" invocations="85" avgMicrosecondsPerInvocation="514" maxMicrosecondsPerInvocation="14008" standardDeviationMircosecondsPerInvocation="2155"/>
      <ClassProfile name="edu.umd.cs.findbugs.detect.InconsistentAnnotations" totalMilliseconds="44" invocations="85" avgMicrosecondsPerInvocation="518" maxMicrosecondsPerInvocation="41493" standardDeviationMircosecondsPerInvocation="4470"/>
      <ClassProfile name="edu.umd.cs.findbugs.detect.FindDeadLocalStores" totalMilliseconds="44" invocations="85" avgMicrosecondsPerInvocation="521" maxMicrosecondsPerInvocation="5412" standardDeviationMircosecondsPerInvocation="834"/>
      <ClassProfile name="edu.umd.cs.findbugs.detect.PreferZeroLengthArrays" totalMilliseconds="47" invocations="85" avgMicrosecondsPerInvocation="561" maxMicrosecondsPerInvocation="46414" standardDeviationMircosecondsPerInvocation="5002"/>
      <ClassProfile name="com.mebigfatguy.fbcontrib.detect.JDBCVendorReliance" totalMilliseconds="48" invocations="85" avgMicrosecondsPerInvocation="572" maxMicrosecondsPerInvocation="24323" standardDeviationMircosecondsPerInvocation="2625"/>
      <ClassProfile name="com.mebigfatguy.fbcontrib.detect.UseAddAll" totalMilliseconds="48" invocations="85" avgMicrosecondsPerInvocation="575" maxMicrosecondsPerInvocation="23814" standardDeviationMircosecondsPerInvocation="2582"/>
      <ClassProfile name="com.mebigfatguy.fbcontrib.detect.LocalSynchronizedCollection" totalMilliseconds="49" invocations="85" avgMicrosecondsPerInvocation="579" maxMicrosecondsPerInvocation="23338" standardDeviationMircosecondsPerInvocation="2530"/>
      <ClassProfile name="edu.umd.cs.findbugs.detect.SerializableIdiom" totalMilliseconds="52" invocations="85" avgMicrosecondsPerInvocation="613" maxMicrosecondsPerInvocation="29547" standardDeviationMircosecondsPerInvocation="3187"/>
      <ClassProfile name="com.mebigfatguy.fbcontrib.detect.InconsistentKeyNameCasing" totalMilliseconds="53" invocations="85" avgMicrosecondsPerInvocation="631" maxMicrosecondsPerInvocation="41023" standardDeviationMircosecondsPerInvocation="4413"/>
      <ClassProfile name="gti.findbugs.TranslationFormatStringChecker" totalMilliseconds="53" invocations="85" avgMicrosecondsPerInvocation="633" maxMicrosecondsPerInvocation="32219" standardDeviationMircosecondsPerInvocation="3485"/>
      <ClassProfile name="edu.umd.cs.findbugs.classfile.engine.asm.ClassReaderAnalysisEngine" totalMilliseconds="56" invocations="1498" avgMicrosecondsPerInvocation="37" maxMicrosecondsPerInvocation="41452" standardDeviationMircosecondsPerInvocation="1070"/>
      <ClassProfile name="edu.umd.cs.findbugs.detect.WrongMapIterator" totalMilliseconds="60" invocations="85" avgMicrosecondsPerInvocation="708" maxMicrosecondsPerInvocation="52838" standardDeviationMircosecondsPerInvocation="5688"/>
      <ClassProfile name="com.mebigfatguy.fbcontrib.detect.SillynessPotPourri" totalMilliseconds="64" invocations="85" avgMicrosecondsPerInvocation="764" maxMicrosecondsPerInvocation="33862" standardDeviationMircosecondsPerInvocation="3652"/>
      <ClassProfile name="edu.umd.cs.findbugs.detect.FindNullDeref" totalMilliseconds="68" invocations="85" avgMicrosecondsPerInvocation="807" maxMicrosecondsPerInvocation="36444" standardDeviationMircosecondsPerInvocation="3937"/>
      <ClassProfile name="edu.umd.cs.findbugs.detect.DumbMethodInvocations" totalMilliseconds="70" invocations="85" avgMicrosecondsPerInvocation="825" maxMicrosecondsPerInvocation="44188" standardDeviationMircosecondsPerInvocation="4749"/>
      <ClassProfile name="edu.umd.cs.findbugs.detect.FindRefComparison" totalMilliseconds="72" invocations="85" avgMicrosecondsPerInvocation="856" maxMicrosecondsPerInvocation="20174" standardDeviationMircosecondsPerInvocation="2257"/>
      <ClassProfile name="edu.umd.cs.findbugs.detect.NoteCheckReturnValueAnnotations" totalMilliseconds="73" invocations="429" avgMicrosecondsPerInvocation="170" maxMicrosecondsPerInvocation="50468" standardDeviationMircosecondsPerInvocation="2436"/>
      <ClassProfile name="com.mebigfatguy.fbcontrib.detect.CopiedOverriddenMethod" totalMilliseconds="75" invocations="85" avgMicrosecondsPerInvocation="889" maxMicrosecondsPerInvocation="4907" standardDeviationMircosecondsPerInvocation="1014"/>
      <ClassProfile name="com.mebigfatguy.fbcontrib.detect.OverlyConcreteParameter" totalMilliseconds="75" invocations="85" avgMicrosecondsPerInvocation="891" maxMicrosecondsPerInvocation="44350" standardDeviationMircosecondsPerInvocation="4763"/>
      <ClassProfile name="edu.umd.cs.findbugs.detect.FindSelfComparison" totalMilliseconds="78" invocations="85" avgMicrosecondsPerInvocation="928" maxMicrosecondsPerInvocation="56270" standardDeviationMircosecondsPerInvocation="6052"/>
      <ClassProfile name="edu.umd.cs.findbugs.detect.URLProblems" totalMilliseconds="79" invocations="85" avgMicrosecondsPerInvocation="936" maxMicrosecondsPerInvocation="28329" standardDeviationMircosecondsPerInvocation="3223"/>
      <ClassProfile name="edu.umd.cs.findbugs.detect.FindBadForLoop" totalMilliseconds="80" invocations="85" avgMicrosecondsPerInvocation="949" maxMicrosecondsPerInvocation="41296" standardDeviationMircosecondsPerInvocation="5115"/>
      <ClassProfile name="edu.umd.cs.findbugs.NonReportingDetectorToDetector2Adapter" totalMilliseconds="81" invocations="6176" avgMicrosecondsPerInvocation="13" maxMicrosecondsPerInvocation="99" standardDeviationMircosecondsPerInvocation="7"/>
      <ClassProfile name="com.mebigfatguy.fbcontrib.detect.LiteralStringComparison" totalMilliseconds="90" invocations="85" avgMicrosecondsPerInvocation="1060" maxMicrosecondsPerInvocation="79660" standardDeviationMircosecondsPerInvocation="8578"/>
      <ClassProfile name="com.mebigfatguy.fbcontrib.detect.MoreDumbMethods" totalMilliseconds="92" invocations="85" avgMicrosecondsPerInvocation="1083" maxMicrosecondsPerInvocation="28468" standardDeviationMircosecondsPerInvocation="3179"/>
      <ClassProfile name="edu.umd.cs.findbugs.detect.NoteSuppressedWarnings" totalMilliseconds="100" invocations="429" avgMicrosecondsPerInvocation="233" maxMicrosecondsPerInvocation="36919" standardDeviationMircosecondsPerInvocation="2235"/>
      <ClassProfile name="edu.umd.cs.findbugs.detect.SwitchFallthrough" totalMilliseconds="100" invocations="85" avgMicrosecondsPerInvocation="1187" maxMicrosecondsPerInvocation="42758" standardDeviationMircosecondsPerInvocation="5707"/>
      <ClassProfile name="edu.umd.cs.findbugs.detect.FindNullDeref$CheckCallSitesAndReturnInstructions" totalMilliseconds="104" invocations="390" avgMicrosecondsPerInvocation="266" maxMicrosecondsPerInvocation="38180" standardDeviationMircosecondsPerInvocation="1953"/>
      <ClassProfile name="edu.umd.cs.findbugs.detect.FindInconsistentSync2" totalMilliseconds="106" invocations="85" avgMicrosecondsPerInvocation="1249" maxMicrosecondsPerInvocation="30497" standardDeviationMircosecondsPerInvocation="4092"/>
      <ClassProfile name="edu.umd.cs.findbugs.DetectorToDetector2Adapter" totalMilliseconds="106" invocations="17514" avgMicrosecondsPerInvocation="6" maxMicrosecondsPerInvocation="20043" standardDeviationMircosecondsPerInvocation="151"/>
      <ClassProfile name="edu.umd.cs.findbugs.ba.npe.TypeQualifierNullnessAnnotationDatabase" totalMilliseconds="108" invocations="5673" avgMicrosecondsPerInvocation="19" maxMicrosecondsPerInvocation="23968" standardDeviationMircosecondsPerInvocation="324"/>
      <ClassProfile name="edu.umd.cs.findbugs.classfile.impl.ZipCodeBaseFactory" totalMilliseconds="156" invocations="169" avgMicrosecondsPerInvocation="926" maxMicrosecondsPerInvocation="52767" standardDeviationMircosecondsPerInvocation="5749"/>
      <ClassProfile name="edu.umd.cs.findbugs.classfile.engine.bcel.LiveLocalStoreDataflowFactory" totalMilliseconds="161" invocations="363" avgMicrosecondsPerInvocation="446" maxMicrosecondsPerInvocation="31089" standardDeviationMircosecondsPerInvocation="2259"/>
      <ClassProfile name="edu.umd.cs.findbugs.detect.EqualsOperandShouldHaveClassCompatibleWithThis" totalMilliseconds="169" invocations="429" avgMicrosecondsPerInvocation="394" maxMicrosecondsPerInvocation="12820" standardDeviationMircosecondsPerInvocation="949"/>
      <ClassProfile name="edu.umd.cs.findbugs.classfile.engine.bcel.ConstantDataflowFactory" totalMilliseconds="214" invocations="395" avgMicrosecondsPerInvocation="542" maxMicrosecondsPerInvocation="28599" standardDeviationMircosecondsPerInvocation="1749"/>
      <ClassProfile name="edu.umd.cs.findbugs.detect.BuildObligationPolicyDatabase" totalMilliseconds="224" invocations="429" avgMicrosecondsPerInvocation="523" maxMicrosecondsPerInvocation="23882" standardDeviationMircosecondsPerInvocation="1706"/>
      <ClassProfile name="edu.umd.cs.findbugs.detect.LoadOfKnownNullValue" totalMilliseconds="225" invocations="85" avgMicrosecondsPerInvocation="2653" maxMicrosecondsPerInvocation="124097" standardDeviationMircosecondsPerInvocation="13424"/>
      <ClassProfile name="edu.umd.cs.findbugs.detect.CalledMethods" totalMilliseconds="303" invocations="429" avgMicrosecondsPerInvocation="707" maxMicrosecondsPerInvocation="24462" standardDeviationMircosecondsPerInvocation="1676"/>
      <ClassProfile name="edu.umd.cs.findbugs.classfile.engine.bcel.MethodGenFactory" totalMilliseconds="324" invocations="395" avgMicrosecondsPerInvocation="822" maxMicrosecondsPerInvocation="114625" standardDeviationMircosecondsPerInvocation="6282"/>
      <ClassProfile name="com.mebigfatguy.fbcontrib.detect.FinalParameters" totalMilliseconds="327" invocations="85" avgMicrosecondsPerInvocation="3848" maxMicrosecondsPerInvocation="40752" standardDeviationMircosecondsPerInvocation="8918"/>
      <ClassProfile name="com.mebigfatguy.fbcontrib.collect.CollectStatistics" totalMilliseconds="336" invocations="429" avgMicrosecondsPerInvocation="784" maxMicrosecondsPerInvocation="35742" standardDeviationMircosecondsPerInvocation="2793"/>
      <ClassProfile name="edu.umd.cs.findbugs.detect.ReflectiveClasses" totalMilliseconds="339" invocations="429" avgMicrosecondsPerInvocation="792" maxMicrosecondsPerInvocation="55397" standardDeviationMircosecondsPerInvocation="3876"/>
      <ClassProfile name="edu.umd.cs.findbugs.detect.FindRefComparison$SpecialTypeAnalysis" totalMilliseconds="377" invocations="301" avgMicrosecondsPerInvocation="1254" maxMicrosecondsPerInvocation="41685" standardDeviationMircosecondsPerInvocation="3621"/>
      <ClassProfile name="edu.umd.cs.findbugs.classfile.engine.bcel.CFGFactory" totalMilliseconds="420" invocations="395" avgMicrosecondsPerInvocation="1065" maxMicrosecondsPerInvocation="69781" standardDeviationMircosecondsPerInvocation="4876"/>
      <ClassProfile name="edu.umd.cs.findbugs.classfile.engine.bcel.JavaClassAnalysisEngine" totalMilliseconds="505" invocations="524" avgMicrosecondsPerInvocation="964" maxMicrosecondsPerInvocation="57058" standardDeviationMircosecondsPerInvocation="5196"/>
      <ClassProfile name="edu.umd.cs.findbugs.detect.NoteDirectlyRelevantTypeQualifiers" totalMilliseconds="572" invocations="429" avgMicrosecondsPerInvocation="1334" maxMicrosecondsPerInvocation="29853" standardDeviationMircosecondsPerInvocation="3150"/>
      <ClassProfile name="edu.umd.cs.findbugs.detect.OverridingEqualsNotSymmetrical" totalMilliseconds="716" invocations="429" avgMicrosecondsPerInvocation="1669" maxMicrosecondsPerInvocation="54652" standardDeviationMircosecondsPerInvocation="6553"/>
      <ClassProfile name="edu.umd.cs.findbugs.classfile.engine.bcel.TypeDataflowFactory" totalMilliseconds="827" invocations="396" avgMicrosecondsPerInvocation="2090" maxMicrosecondsPerInvocation="199653" standardDeviationMircosecondsPerInvocation="11833"/>
      <ClassProfile name="edu.umd.cs.findbugs.ba.npe.NullDerefAndRedundantComparisonFinder" totalMilliseconds="878" invocations="390" avgMicrosecondsPerInvocation="2253" maxMicrosecondsPerInvocation="109681" standardDeviationMircosecondsPerInvocation="8123"/>
      <ClassProfile name="edu.umd.cs.findbugs.classfile.engine.ClassDataAnalysisEngine" totalMilliseconds="1124" invocations="1665" avgMicrosecondsPerInvocation="675" maxMicrosecondsPerInvocation="52631" standardDeviationMircosecondsPerInvocation="2916"/>
      <ClassProfile name="edu.umd.cs.findbugs.classfile.engine.bcel.ValueNumberDataflowFactory" totalMilliseconds="1152" invocations="486" avgMicrosecondsPerInvocation="2371" maxMicrosecondsPerInvocation="243873" standardDeviationMircosecondsPerInvocation="13617"/>
      <ClassProfile name="edu.umd.cs.findbugs.classfile.engine.bcel.UnconditionalValueDerefDataflowFactory" totalMilliseconds="1268" invocations="392" avgMicrosecondsPerInvocation="3236" maxMicrosecondsPerInvocation="168163" standardDeviationMircosecondsPerInvocation="12736"/>
      <ClassProfile name="edu.umd.cs.findbugs.detect.FieldItemSummary" totalMilliseconds="1379" invocations="429" avgMicrosecondsPerInvocation="3215" maxMicrosecondsPerInvocation="120532" standardDeviationMircosecondsPerInvocation="10146"/>
      <ClassProfile name="edu.umd.cs.findbugs.OpcodeStack$JumpInfoFactory" totalMilliseconds="1388" invocations="5685" avgMicrosecondsPerInvocation="244" maxMicrosecondsPerInvocation="64266" standardDeviationMircosecondsPerInvocation="1721"/>
      <ClassProfile name="edu.umd.cs.findbugs.classfile.engine.ClassInfoAnalysisEngine" totalMilliseconds="1428" invocations="1660" avgMicrosecondsPerInvocation="860" maxMicrosecondsPerInvocation="149487" standardDeviationMircosecondsPerInvocation="4966"/>
      <ClassProfile name="edu.umd.cs.findbugs.classfile.engine.bcel.IsNullValueDataflowFactory" totalMilliseconds="1873" invocations="395" avgMicrosecondsPerInvocation="4743" maxMicrosecondsPerInvocation="642669" standardDeviationMircosecondsPerInvocation="33884"/>
    </FindBugsProfile>
  </FindBugsSummary>
  <ClassFeatures></ClassFeatures>
  <History></History>
</BugCollection>
