<?xml version="1.0" encoding="UTF-8"?>

<BugCollection version="1.3.9" sequence="0" timestamp="1282302365663" analysisTimestamp="1282302368180" release="">
  <Project projectName="">
  </Project>
  <BugInstance type="MOM_MISLEADING_OVERLOAD_MODEL" priority="2" abbrev="MOM" category="STYLE">
    <Class classname="gti.articlestockcontrol.ArticleStockBookType">
      <SourceLine classname="gti.articlestockcontrol.ArticleStockBookType" start="9" end="132" sourcefile="ArticleStockBookType.java" sourcepath="gti/articlestockcontrol/ArticleStockBookType.java"/>
    </Class>
    <Method classname="gti.articlestockcontrol.ArticleStockBookType" name="book" signature="(Lgti/articlestockcontrol/ArticleBookingVisitor;)V" isStatic="false">
      <SourceLine classname="gti.articlestockcontrol.ArticleStockBookType" sourcefile="ArticleStockBookType.java" sourcepath="gti/articlestockcontrol/ArticleStockBookType.java"/>
    </Method>
    <String value="book"/>
  </BugInstance>
  <BugInstance type="PMB_POSSIBLE_MEMORY_BLOAT" priority="2" abbrev="PMB" category="CORRECTNESS">
    <Class classname="gti.articlestockcontrol.ArticleStockBookType">
      <SourceLine classname="gti.articlestockcontrol.ArticleStockBookType" start="9" end="132" sourcefile="ArticleStockBookType.java" sourcepath="gti/articlestockcontrol/ArticleStockBookType.java"/>
    </Class>
    <SourceLine classname="gti.articlestockcontrol.ArticleStockBookType" start="114" end="114" startBytecode="14" endBytecode="14" sourcefile="ArticleStockBookType.java" sourcepath="gti/articlestockcontrol/ArticleStockBookType.java"/>
    <Field classname="gti.articlestockcontrol.ArticleStockBookType" name="BOOK_TYPES" signature="Ljava/util/Map;" isStatic="true">
      <SourceLine classname="gti.articlestockcontrol.ArticleStockBookType" sourcefile="ArticleStockBookType.java" sourcepath="gti/articlestockcontrol/ArticleStockBookType.java"/>
    </Field>
  </BugInstance>
  <BugInstance type="UCPM_USE_CHARACTER_PARAMETERIZED_METHOD" priority="2" abbrev="UCPM" category="PERFORMANCE">
    <Class classname="gti.articlestockcontrol.util.ArticleStockContainer">
      <SourceLine classname="gti.articlestockcontrol.util.ArticleStockContainer" start="55" end="808" sourcefile="ArticleStockContainer.java" sourcepath="gti/articlestockcontrol/util/ArticleStockContainer.java"/>
    </Class>
    <Method classname="gti.articlestockcontrol.util.ArticleStockContainer" name="calculate" signature="(Lgti/module/articlestockcontrol/ArticleStockIF;ZZ)V" isStatic="false">
      <SourceLine classname="gti.articlestockcontrol.util.ArticleStockContainer" start="200" end="334" startBytecode="0" endBytecode="954" sourcefile="ArticleStockContainer.java" sourcepath="gti/articlestockcontrol/util/ArticleStockContainer.java"/>
    </Method>
    <SourceLine classname="gti.articlestockcontrol.util.ArticleStockContainer" start="332" end="332" startBytecode="626" endBytecode="626" sourcefile="ArticleStockContainer.java" sourcepath="gti/articlestockcontrol/util/ArticleStockContainer.java"/>
  </BugInstance>
  <BugInstance type="UCPM_USE_CHARACTER_PARAMETERIZED_METHOD" priority="2" abbrev="UCPM" category="PERFORMANCE">
    <Class classname="gti.articlestockcontrol.util.ArticleStockContainer">
      <SourceLine classname="gti.articlestockcontrol.util.ArticleStockContainer" start="55" end="808" sourcefile="ArticleStockContainer.java" sourcepath="gti/articlestockcontrol/util/ArticleStockContainer.java"/>
    </Class>
    <Method classname="gti.articlestockcontrol.util.ArticleStockContainer" name="calculateTotalRecord" signature="(Lgti/module/articlestockcontrol/ArticleStockIF;)V" isStatic="false">
      <SourceLine classname="gti.articlestockcontrol.util.ArticleStockContainer" start="401" end="457" startBytecode="0" endBytecode="643" sourcefile="ArticleStockContainer.java" sourcepath="gti/articlestockcontrol/util/ArticleStockContainer.java"/>
    </Method>
    <SourceLine classname="gti.articlestockcontrol.util.ArticleStockContainer" start="455" end="455" startBytecode="465" endBytecode="465" sourcefile="ArticleStockContainer.java" sourcepath="gti/articlestockcontrol/util/ArticleStockContainer.java"/>
  </BugInstance>
  <BugInstance type="ISB_INEFFICIENT_STRING_BUFFERING" priority="2" abbrev="ISB" category="PERFORMANCE">
    <Class classname="gti.articlestockcontrol.util.ArticleStockContainerBuilder">
      <SourceLine classname="gti.articlestockcontrol.util.ArticleStockContainerBuilder" start="28" end="361" sourcefile="ArticleStockContainerBuilder.java" sourcepath="gti/articlestockcontrol/util/ArticleStockContainerBuilder.java"/>
    </Class>
    <Method classname="gti.articlestockcontrol.util.ArticleStockContainerBuilder" name="createKey" signature="(Lgti/module/articlestockcontrol/ArticleStockIF;)Ljava/lang/String;" isStatic="false">
      <SourceLine classname="gti.articlestockcontrol.util.ArticleStockContainerBuilder" start="122" end="141" startBytecode="0" endBytecode="345" sourcefile="ArticleStockContainerBuilder.java" sourcepath="gti/articlestockcontrol/util/ArticleStockContainerBuilder.java"/>
    </Method>
    <SourceLine classname="gti.articlestockcontrol.util.ArticleStockContainerBuilder" start="123" end="123" startBytecode="36" endBytecode="36" sourcefile="ArticleStockContainerBuilder.java" sourcepath="gti/articlestockcontrol/util/ArticleStockContainerBuilder.java"/>
  </BugInstance>
  <BugInstance type="ISB_INEFFICIENT_STRING_BUFFERING" priority="2" abbrev="ISB" category="PERFORMANCE">
    <Class classname="gti.articlestockcontrol.util.ArticleStockContainerBuilder">
      <SourceLine classname="gti.articlestockcontrol.util.ArticleStockContainerBuilder" start="28" end="361" sourcefile="ArticleStockContainerBuilder.java" sourcepath="gti/articlestockcontrol/util/ArticleStockContainerBuilder.java"/>
    </Class>
    <Method classname="gti.articlestockcontrol.util.ArticleStockContainerBuilder" name="createKey" signature="(Lgti/module/articlestockcontrol/ArticleStockIF;)Ljava/lang/String;" isStatic="false">
      <SourceLine classname="gti.articlestockcontrol.util.ArticleStockContainerBuilder" start="122" end="141" startBytecode="0" endBytecode="345" sourcefile="ArticleStockContainerBuilder.java" sourcepath="gti/articlestockcontrol/util/ArticleStockContainerBuilder.java"/>
    </Method>
    <SourceLine classname="gti.articlestockcontrol.util.ArticleStockContainerBuilder" start="126" end="126" startBytecode="79" endBytecode="79" sourcefile="ArticleStockContainerBuilder.java" sourcepath="gti/articlestockcontrol/util/ArticleStockContainerBuilder.java"/>
  </BugInstance>
  <BugInstance type="ISB_INEFFICIENT_STRING_BUFFERING" priority="2" abbrev="ISB" category="PERFORMANCE">
    <Class classname="gti.articlestockcontrol.util.ArticleStockContainerBuilder">
      <SourceLine classname="gti.articlestockcontrol.util.ArticleStockContainerBuilder" start="28" end="361" sourcefile="ArticleStockContainerBuilder.java" sourcepath="gti/articlestockcontrol/util/ArticleStockContainerBuilder.java"/>
    </Class>
    <Method classname="gti.articlestockcontrol.util.ArticleStockContainerBuilder" name="createKey" signature="(Lgti/module/articlestockcontrol/ArticleStockIF;)Ljava/lang/String;" isStatic="false">
      <SourceLine classname="gti.articlestockcontrol.util.ArticleStockContainerBuilder" start="122" end="141" startBytecode="0" endBytecode="345" sourcefile="ArticleStockContainerBuilder.java" sourcepath="gti/articlestockcontrol/util/ArticleStockContainerBuilder.java"/>
    </Method>
    <SourceLine classname="gti.articlestockcontrol.util.ArticleStockContainerBuilder" start="131" end="131" startBytecode="120" endBytecode="120" sourcefile="ArticleStockContainerBuilder.java" sourcepath="gti/articlestockcontrol/util/ArticleStockContainerBuilder.java"/>
  </BugInstance>
  <BugInstance type="ISB_INEFFICIENT_STRING_BUFFERING" priority="2" abbrev="ISB" category="PERFORMANCE">
    <Class classname="gti.articlestockcontrol.util.ArticleStockContainerBuilder">
      <SourceLine classname="gti.articlestockcontrol.util.ArticleStockContainerBuilder" start="28" end="361" sourcefile="ArticleStockContainerBuilder.java" sourcepath="gti/articlestockcontrol/util/ArticleStockContainerBuilder.java"/>
    </Class>
    <Method classname="gti.articlestockcontrol.util.ArticleStockContainerBuilder" name="createKey" signature="(Lgti/module/articlestockcontrol/ArticleStockIF;)Ljava/lang/String;" isStatic="false">
      <SourceLine classname="gti.articlestockcontrol.util.ArticleStockContainerBuilder" start="122" end="141" startBytecode="0" endBytecode="345" sourcefile="ArticleStockContainerBuilder.java" sourcepath="gti/articlestockcontrol/util/ArticleStockContainerBuilder.java"/>
    </Method>
    <SourceLine classname="gti.articlestockcontrol.util.ArticleStockContainerBuilder" start="136" end="136" startBytecode="159" endBytecode="159" sourcefile="ArticleStockContainerBuilder.java" sourcepath="gti/articlestockcontrol/util/ArticleStockContainerBuilder.java"/>
  </BugInstance>
  <BugInstance type="ISB_INEFFICIENT_STRING_BUFFERING" priority="2" abbrev="ISB" category="PERFORMANCE">
    <Class classname="gti.articlestockcontrol.util.ArticleStockContainerBuilder">
      <SourceLine classname="gti.articlestockcontrol.util.ArticleStockContainerBuilder" start="28" end="361" sourcefile="ArticleStockContainerBuilder.java" sourcepath="gti/articlestockcontrol/util/ArticleStockContainerBuilder.java"/>
    </Class>
    <Method classname="gti.articlestockcontrol.util.ArticleStockContainerBuilder" name="createKey" signature="(Lgti/module/articlestockcontrol/ArticleStockIF;)Ljava/lang/String;" isStatic="false">
      <SourceLine classname="gti.articlestockcontrol.util.ArticleStockContainerBuilder" start="122" end="141" startBytecode="0" endBytecode="345" sourcefile="ArticleStockContainerBuilder.java" sourcepath="gti/articlestockcontrol/util/ArticleStockContainerBuilder.java"/>
    </Method>
    <SourceLine classname="gti.articlestockcontrol.util.ArticleStockContainerBuilder" start="137" end="137" startBytecode="188" endBytecode="188" sourcefile="ArticleStockContainerBuilder.java" sourcepath="gti/articlestockcontrol/util/ArticleStockContainerBuilder.java"/>
  </BugInstance>
  <BugInstance type="ISB_INEFFICIENT_STRING_BUFFERING" priority="2" abbrev="ISB" category="PERFORMANCE">
    <Class classname="gti.articlestockcontrol.util.ArticleStockContainerBuilder">
      <SourceLine classname="gti.articlestockcontrol.util.ArticleStockContainerBuilder" start="28" end="361" sourcefile="ArticleStockContainerBuilder.java" sourcepath="gti/articlestockcontrol/util/ArticleStockContainerBuilder.java"/>
    </Class>
    <Method classname="gti.articlestockcontrol.util.ArticleStockContainerBuilder" name="createKey" signature="(Lgti/module/articlestockcontrol/ArticleStockIF;)Ljava/lang/String;" isStatic="false">
      <SourceLine classname="gti.articlestockcontrol.util.ArticleStockContainerBuilder" start="122" end="141" startBytecode="0" endBytecode="345" sourcefile="ArticleStockContainerBuilder.java" sourcepath="gti/articlestockcontrol/util/ArticleStockContainerBuilder.java"/>
    </Method>
    <SourceLine classname="gti.articlestockcontrol.util.ArticleStockContainerBuilder" start="138" end="138" startBytecode="217" endBytecode="217" sourcefile="ArticleStockContainerBuilder.java" sourcepath="gti/articlestockcontrol/util/ArticleStockContainerBuilder.java"/>
  </BugInstance>
  <BugInstance type="PCOA_PARTIALLY_CONSTRUCTED_OBJECT_ACCESS" priority="2" abbrev="PCOA" category="CORRECTNESS">
    <Class classname="gti.articlestockcontrol.util.ArticleStockContainerBuilder">
      <SourceLine classname="gti.articlestockcontrol.util.ArticleStockContainerBuilder" start="28" end="361" sourcefile="ArticleStockContainerBuilder.java" sourcepath="gti/articlestockcontrol/util/ArticleStockContainerBuilder.java"/>
    </Class>
    <Method classname="gti.articlestockcontrol.util.ArticleStockContainerBuilder" name="&lt;init&gt;" signature="()V" isStatic="false">
      <SourceLine classname="gti.articlestockcontrol.util.ArticleStockContainerBuilder" start="34" end="39" startBytecode="0" endBytecode="95" sourcefile="ArticleStockContainerBuilder.java" sourcepath="gti/articlestockcontrol/util/ArticleStockContainerBuilder.java"/>
    </Method>
    <SourceLine classname="gti.articlestockcontrol.util.ArticleStockContainerBuilder" start="38" end="38" startBytecode="30" endBytecode="30" sourcefile="ArticleStockContainerBuilder.java" sourcepath="gti/articlestockcontrol/util/ArticleStockContainerBuilder.java"/>
  </BugInstance>
  <BugInstance type="ISB_EMPTY_STRING_APPENDING" priority="2" abbrev="ISB" category="PERFORMANCE">
    <Class classname="gti.articlestockcontrol.util.FillLastRecords">
      <SourceLine classname="gti.articlestockcontrol.util.FillLastRecords" start="11" end="125" sourcefile="FillLastRecords.java" sourcepath="gti/articlestockcontrol/util/FillLastRecords.java"/>
    </Class>
    <Method classname="gti.articlestockcontrol.util.FillLastRecords" name="getKey" signature="(Lgti/util/PackageType;Lgti/domain/recipe/ProductId;)Ljava/lang/String;" isStatic="false">
      <SourceLine classname="gti.articlestockcontrol.util.FillLastRecords" start="93" end="103" startBytecode="0" endBytecode="159" sourcefile="FillLastRecords.java" sourcepath="gti/articlestockcontrol/util/FillLastRecords.java"/>
    </Method>
    <SourceLine classname="gti.articlestockcontrol.util.FillLastRecords" start="94" end="94" startBytecode="11" endBytecode="11" sourcefile="FillLastRecords.java" sourcepath="gti/articlestockcontrol/util/FillLastRecords.java"/>
  </BugInstance>
  <BugInstance type="ISB_INEFFICIENT_STRING_BUFFERING" priority="2" abbrev="ISB" category="PERFORMANCE">
    <Class classname="gti.domain.cleanup.ArticleStockCorrectionHelper">
      <SourceLine classname="gti.domain.cleanup.ArticleStockCorrectionHelper" start="22" end="324" sourcefile="ArticleStockCorrectionHelper.java" sourcepath="gti/domain/cleanup/ArticleStockCorrectionHelper.java"/>
    </Class>
    <Method classname="gti.domain.cleanup.ArticleStockCorrectionHelper" name="debug" signature="(Lgti/domain/ArticleStock;Lgti/util/PackageType;Lgti/domain/recipe/ProductId;Ljava/lang/String;)V" isStatic="false">
      <SourceLine classname="gti.domain.cleanup.ArticleStockCorrectionHelper" start="291" end="312" startBytecode="0" endBytecode="296" sourcefile="ArticleStockCorrectionHelper.java" sourcepath="gti/domain/cleanup/ArticleStockCorrectionHelper.java"/>
    </Method>
    <SourceLine classname="gti.domain.cleanup.ArticleStockCorrectionHelper" start="297" end="297" startBytecode="52" endBytecode="52" sourcefile="ArticleStockCorrectionHelper.java" sourcepath="gti/domain/cleanup/ArticleStockCorrectionHelper.java"/>
  </BugInstance>
  <BugInstance type="OCP_OVERLY_CONCRETE_PARAMETER" priority="2" abbrev="OCP" category="STYLE">
    <Class classname="gti.domain.cleanup.ArticleStockCorrectionHelper">
      <SourceLine classname="gti.domain.cleanup.ArticleStockCorrectionHelper" start="22" end="324" sourcefile="ArticleStockCorrectionHelper.java" sourcepath="gti/domain/cleanup/ArticleStockCorrectionHelper.java"/>
    </Class>
    <Method classname="gti.domain.cleanup.ArticleStockCorrectionHelper" name="debug" signature="(Lgti/domain/ArticleStock;Lgti/util/PackageType;Lgti/domain/recipe/ProductId;Ljava/lang/String;)V" isStatic="false">
      <SourceLine classname="gti.domain.cleanup.ArticleStockCorrectionHelper" start="291" end="312" startBytecode="0" endBytecode="296" sourcefile="ArticleStockCorrectionHelper.java" sourcepath="gti/domain/cleanup/ArticleStockCorrectionHelper.java"/>
    </Method>
    <SourceLine classname="gti.domain.cleanup.ArticleStockCorrectionHelper" start="291" end="291" startBytecode="0" endBytecode="0" sourcefile="ArticleStockCorrectionHelper.java" sourcepath="gti/domain/cleanup/ArticleStockCorrectionHelper.java"/>
    <String value="Parameter [1] as implements gti.module.articlestockcontrol.ArticleStockIF"/>
  </BugInstance>
  <BugInstance type="OCP_OVERLY_CONCRETE_PARAMETER" priority="2" abbrev="OCP" category="STYLE">
    <Class classname="gti.domain.cleanup.ArticleStockCorrectionHelper">
      <SourceLine classname="gti.domain.cleanup.ArticleStockCorrectionHelper" start="22" end="324" sourcefile="ArticleStockCorrectionHelper.java" sourcepath="gti/domain/cleanup/ArticleStockCorrectionHelper.java"/>
    </Class>
    <Method classname="gti.domain.cleanup.ArticleStockCorrectionHelper" name="isCorrectionNeededForCreation" signature="(Lgti/domain/ArticleStock;)Z" isStatic="false">
      <SourceLine classname="gti.domain.cleanup.ArticleStockCorrectionHelper" start="249" end="264" startBytecode="0" endBytecode="129" sourcefile="ArticleStockCorrectionHelper.java" sourcepath="gti/domain/cleanup/ArticleStockCorrectionHelper.java"/>
    </Method>
    <SourceLine classname="gti.domain.cleanup.ArticleStockCorrectionHelper" start="249" end="249" startBytecode="0" endBytecode="0" sourcefile="ArticleStockCorrectionHelper.java" sourcepath="gti/domain/cleanup/ArticleStockCorrectionHelper.java"/>
    <String value="Parameter [1] as implements gti.module.articlestockcontrol.ArticleStockIF"/>
  </BugInstance>
  <BugInstance type="SPP_EQUALS_ON_ENUM" priority="2" abbrev="SPP" category="CORRECTNESS">
    <Class classname="gti.domain.cleanup.ArticleStockCorrectionHelper">
      <SourceLine classname="gti.domain.cleanup.ArticleStockCorrectionHelper" start="22" end="324" sourcefile="ArticleStockCorrectionHelper.java" sourcepath="gti/domain/cleanup/ArticleStockCorrectionHelper.java"/>
    </Class>
    <Method classname="gti.domain.cleanup.ArticleStockCorrectionHelper" name="getArticleNotInProductionCorrections" signature="(Lgti/util/PackageType;Lgti/domain/recipe/ProductId;Lgti/domain/ArticleStock;)Ljava/util/List;" isStatic="false">
      <SourceLine classname="gti.domain.cleanup.ArticleStockCorrectionHelper" start="180" end="244" startBytecode="0" endBytecode="542" sourcefile="ArticleStockCorrectionHelper.java" sourcepath="gti/domain/cleanup/ArticleStockCorrectionHelper.java"/>
    </Method>
    <SourceLine classname="gti.domain.cleanup.ArticleStockCorrectionHelper" start="216" end="216" startBytecode="156" endBytecode="156" sourcefile="ArticleStockCorrectionHelper.java" sourcepath="gti/domain/cleanup/ArticleStockCorrectionHelper.java"/>
  </BugInstance>
  <BugInstance type="DRE_DECLARED_RUNTIME_EXCEPTION" priority="2" abbrev="DRE" category="STYLE">
    <Class classname="gti.domain.dao.ArticleStockDAO">
      <SourceLine classname="gti.domain.dao.ArticleStockDAO" start="13" end="322" sourcefile="ArticleStockDAO.java" sourcepath="gti/domain/dao/ArticleStockDAO.java"/>
    </Class>
    <Method classname="gti.domain.dao.ArticleStockDAO" name="create" signature="()Ljava/lang/Object;" isStatic="false">
      <SourceLine classname="gti.domain.dao.ArticleStockDAO" start="13" end="13" startBytecode="0" endBytecode="46" sourcefile="ArticleStockDAO.java" sourcepath="gti/domain/dao/ArticleStockDAO.java"/>
    </Method>
    <String value="java.lang.UnsupportedOperationException"/>
  </BugInstance>
  <BugInstance type="NAB_NEEDLESS_BOOLEAN_CONSTANT_CONVERSION" priority="2" abbrev="NAB" category="PERFORMANCE">
    <Class classname="gti.domain.dao.ArticleStockDAO">
      <SourceLine classname="gti.domain.dao.ArticleStockDAO" start="13" end="322" sourcefile="ArticleStockDAO.java" sourcepath="gti/domain/dao/ArticleStockDAO.java"/>
    </Class>
    <Method classname="gti.domain.dao.ArticleStockDAO" name="selectLastBeforeDay" signature="(Ljava/util/Calendar;Ljava/lang/String;Lgti/domain/ArticleType;Ljava/lang/String;)Ljava/util/List;" isStatic="false">
      <SourceLine classname="gti.domain.dao.ArticleStockDAO" start="275" end="315" startBytecode="0" endBytecode="420" sourcefile="ArticleStockDAO.java" sourcepath="gti/domain/dao/ArticleStockDAO.java"/>
    </Method>
    <SourceLine classname="gti.domain.dao.ArticleStockDAO" start="296" end="296" startBytecode="91" endBytecode="91" sourcefile="ArticleStockDAO.java" sourcepath="gti/domain/dao/ArticleStockDAO.java"/>
  </BugInstance>
  <BugInstance type="PCAIL_POSSIBLE_CONSTANT_ALLOCATION_IN_LOOP" priority="2" abbrev="PCAIL" category="PERFORMANCE">
    <Class classname="gti.domain.util.ArticleStockUtil">
      <SourceLine classname="gti.domain.util.ArticleStockUtil" start="15" end="61" sourcefile="ArticleStockUtil.java" sourcepath="gti/domain/util/ArticleStockUtil.java"/>
    </Class>
    <Method classname="gti.domain.util.ArticleStockUtil" name="recalculateIntermediate" signature="()V" isStatic="false">
      <SourceLine classname="gti.domain.util.ArticleStockUtil" start="27" end="54" startBytecode="0" endBytecode="452" sourcefile="ArticleStockUtil.java" sourcepath="gti/domain/util/ArticleStockUtil.java"/>
    </Method>
    <SourceLine classname="gti.domain.util.ArticleStockUtil" start="35" end="35" startBytecode="87" endBytecode="87" sourcefile="ArticleStockUtil.java" sourcepath="gti/domain/util/ArticleStockUtil.java"/>
  </BugInstance>
  <BugInstance type="FCBL_FIELD_COULD_BE_LOCAL" priority="2" abbrev="FCBL" category="CORRECTNESS">
    <Class classname="gti.ui.main.ArticleStockModel">
      <SourceLine classname="gti.ui.main.ArticleStockModel" start="25" end="2632" sourcefile="ArticleStockModel.java" sourcepath="gti/ui/main/ArticleStockModel.java"/>
    </Class>
    <Field classname="gti.ui.main.ArticleStockModel" name="m_articles" signature="Ljava/util/List;" isStatic="false">
      <SourceLine classname="gti.ui.main.ArticleStockModel" sourcefile="ArticleStockModel.java" sourcepath="gti/ui/main/ArticleStockModel.java"/>
    </Field>
    <SourceLine classname="gti.ui.main.ArticleStockModel" start="383" end="383" startBytecode="282" endBytecode="282" sourcefile="ArticleStockModel.java" sourcepath="gti/ui/main/ArticleStockModel.java"/>
  </BugInstance>
  <BugInstance type="ISB_INEFFICIENT_STRING_BUFFERING" priority="2" abbrev="ISB" category="PERFORMANCE">
    <Class classname="gti.ui.main.ArticleStockModel">
      <SourceLine classname="gti.ui.main.ArticleStockModel" start="25" end="2632" sourcefile="ArticleStockModel.java" sourcepath="gti/ui/main/ArticleStockModel.java"/>
    </Class>
    <Method classname="gti.ui.main.ArticleStockModel" name="createKey" signature="(Lgti/module/articlestockcontrol/ArticleStockIF;)Ljava/lang/String;" isStatic="false">
      <SourceLine classname="gti.ui.main.ArticleStockModel" start="2619" end="2629" startBytecode="0" endBytecode="442" sourcefile="ArticleStockModel.java" sourcepath="gti/ui/main/ArticleStockModel.java"/>
    </Method>
    <SourceLine classname="gti.ui.main.ArticleStockModel" start="2623" end="2623" startBytecode="90" endBytecode="90" sourcefile="ArticleStockModel.java" sourcepath="gti/ui/main/ArticleStockModel.java"/>
  </BugInstance>
  <BugInstance type="ISB_INEFFICIENT_STRING_BUFFERING" priority="2" abbrev="ISB" category="PERFORMANCE">
    <Class classname="gti.ui.main.ArticleStockModel">
      <SourceLine classname="gti.ui.main.ArticleStockModel" start="25" end="2632" sourcefile="ArticleStockModel.java" sourcepath="gti/ui/main/ArticleStockModel.java"/>
    </Class>
    <Method classname="gti.ui.main.ArticleStockModel" name="createKey" signature="(Lgti/module/articlestockcontrol/ArticleStockIF;)Ljava/lang/String;" isStatic="false">
      <SourceLine classname="gti.ui.main.ArticleStockModel" start="2619" end="2629" startBytecode="0" endBytecode="442" sourcefile="ArticleStockModel.java" sourcepath="gti/ui/main/ArticleStockModel.java"/>
    </Method>
    <SourceLine classname="gti.ui.main.ArticleStockModel" start="2624" end="2624" startBytecode="120" endBytecode="120" sourcefile="ArticleStockModel.java" sourcepath="gti/ui/main/ArticleStockModel.java"/>
  </BugInstance>
  <BugInstance type="ISB_INEFFICIENT_STRING_BUFFERING" priority="2" abbrev="ISB" category="PERFORMANCE">
    <Class classname="gti.ui.main.ArticleStockModel">
      <SourceLine classname="gti.ui.main.ArticleStockModel" start="25" end="2632" sourcefile="ArticleStockModel.java" sourcepath="gti/ui/main/ArticleStockModel.java"/>
    </Class>
    <Method classname="gti.ui.main.ArticleStockModel" name="createKey" signature="(Lgti/module/articlestockcontrol/ArticleStockIF;)Ljava/lang/String;" isStatic="false">
      <SourceLine classname="gti.ui.main.ArticleStockModel" start="2619" end="2629" startBytecode="0" endBytecode="442" sourcefile="ArticleStockModel.java" sourcepath="gti/ui/main/ArticleStockModel.java"/>
    </Method>
    <SourceLine classname="gti.ui.main.ArticleStockModel" start="2626" end="2626" startBytecode="188" endBytecode="188" sourcefile="ArticleStockModel.java" sourcepath="gti/ui/main/ArticleStockModel.java"/>
  </BugInstance>
  <BugInstance type="ISB_INEFFICIENT_STRING_BUFFERING" priority="2" abbrev="ISB" category="PERFORMANCE">
    <Class classname="gti.ui.main.ArticleStockModel">
      <SourceLine classname="gti.ui.main.ArticleStockModel" start="25" end="2632" sourcefile="ArticleStockModel.java" sourcepath="gti/ui/main/ArticleStockModel.java"/>
    </Class>
    <Method classname="gti.ui.main.ArticleStockModel" name="createKey" signature="(Lgti/module/articlestockcontrol/ArticleStockIF;)Ljava/lang/String;" isStatic="false">
      <SourceLine classname="gti.ui.main.ArticleStockModel" start="2619" end="2629" startBytecode="0" endBytecode="442" sourcefile="ArticleStockModel.java" sourcepath="gti/ui/main/ArticleStockModel.java"/>
    </Method>
    <SourceLine classname="gti.ui.main.ArticleStockModel" start="2627" end="2627" startBytecode="218" endBytecode="218" sourcefile="ArticleStockModel.java" sourcepath="gti/ui/main/ArticleStockModel.java"/>
  </BugInstance>
  <BugInstance type="USBR_UNNECESSARY_STORE_BEFORE_RETURN" priority="2" abbrev="USBR" category="STYLE">
    <Class classname="gti.ui.main.ArticleStockModel$ArticleStock_ArticleCodeFilter_ModelAdapter">
      <SourceLine classname="gti.ui.main.ArticleStockModel$ArticleStock_ArticleCodeFilter_ModelAdapter" start="690" end="733" sourcefile="ArticleStockModel.java" sourcepath="gti/ui/main/ArticleStockModel.java"/>
    </Class>
    <Method classname="gti.ui.main.ArticleStockModel$ArticleStock_ArticleCodeFilter_ModelAdapter" name="getValueAt" signature="(Lgti/ui/base/CurrentRow;)Ljava/lang/Object;" isStatic="false">
      <SourceLine classname="gti.ui.main.ArticleStockModel$ArticleStock_ArticleCodeFilter_ModelAdapter" start="702" end="703" startBytecode="0" endBytecode="80" sourcefile="ArticleStockModel.java" sourcepath="gti/ui/main/ArticleStockModel.java"/>
    </Method>
    <SourceLine classname="gti.ui.main.ArticleStockModel$ArticleStock_ArticleCodeFilter_ModelAdapter" start="703" end="703" startBytecode="14" endBytecode="14" sourcefile="ArticleStockModel.java" sourcepath="gti/ui/main/ArticleStockModel.java"/>
  </BugInstance>
  <BugInstance type="USBR_UNNECESSARY_STORE_BEFORE_RETURN" priority="2" abbrev="USBR" category="STYLE">
    <Class classname="gti.ui.main.ArticleStockModel$ArticleStock_ArticleGroupFilter_ModelAdapter">
      <SourceLine classname="gti.ui.main.ArticleStockModel$ArticleStock_ArticleGroupFilter_ModelAdapter" start="740" end="782" sourcefile="ArticleStockModel.java" sourcepath="gti/ui/main/ArticleStockModel.java"/>
    </Class>
    <Method classname="gti.ui.main.ArticleStockModel$ArticleStock_ArticleGroupFilter_ModelAdapter" name="getValueAt" signature="(Lgti/ui/base/CurrentRow;)Ljava/lang/Object;" isStatic="false">
      <SourceLine classname="gti.ui.main.ArticleStockModel$ArticleStock_ArticleGroupFilter_ModelAdapter" start="752" end="753" startBytecode="0" endBytecode="80" sourcefile="ArticleStockModel.java" sourcepath="gti/ui/main/ArticleStockModel.java"/>
    </Method>
    <SourceLine classname="gti.ui.main.ArticleStockModel$ArticleStock_ArticleGroupFilter_ModelAdapter" start="753" end="753" startBytecode="14" endBytecode="14" sourcefile="ArticleStockModel.java" sourcepath="gti/ui/main/ArticleStockModel.java"/>
  </BugInstance>
  <BugInstance type="BAS_BLOATED_ASSIGNMENT_SCOPE" priority="2" abbrev="BAS" category="PERFORMANCE">
    <Class classname="gti.ui.main.ArticleStockModel$EditableStock">
      <SourceLine classname="gti.ui.main.ArticleStockModel$EditableStock" start="2642" end="2775" sourcefile="ArticleStockModel.java" sourcepath="gti/ui/main/ArticleStockModel.java"/>
    </Class>
    <Method classname="gti.ui.main.ArticleStockModel$EditableStock" name="commit" signature="(Ljava/lang/String;)V" isStatic="false">
      <SourceLine classname="gti.ui.main.ArticleStockModel$EditableStock" start="2730" end="2771" startBytecode="0" endBytecode="529" sourcefile="ArticleStockModel.java" sourcepath="gti/ui/main/ArticleStockModel.java"/>
    </Method>
    <SourceLine classname="gti.ui.main.ArticleStockModel$EditableStock" start="2761" end="2761" startBytecode="211" endBytecode="211" sourcefile="ArticleStockModel.java" sourcepath="gti/ui/main/ArticleStockModel.java"/>
  </BugInstance>
  <BugInstance type="SPP_USE_ISEMPTY" priority="2" abbrev="SPP" category="STYLE">
    <Class classname="gti.ui.main.ArticleStockModel$EditableStock">
      <SourceLine classname="gti.ui.main.ArticleStockModel$EditableStock" start="2642" end="2775" sourcefile="ArticleStockModel.java" sourcepath="gti/ui/main/ArticleStockModel.java"/>
    </Class>
    <Method classname="gti.ui.main.ArticleStockModel$EditableStock" name="getArticleStock" signature="()Lgti/util/value/SValue;" isStatic="false">
      <SourceLine classname="gti.ui.main.ArticleStockModel$EditableStock" start="2670" end="2694" startBytecode="0" endBytecode="314" sourcefile="ArticleStockModel.java" sourcepath="gti/ui/main/ArticleStockModel.java"/>
    </Method>
    <SourceLine classname="gti.ui.main.ArticleStockModel$EditableStock" start="2676" end="2676" startBytecode="38" endBytecode="38" sourcefile="ArticleStockModel.java" sourcepath="gti/ui/main/ArticleStockModel.java"/>
  </BugInstance>
  <Errors errors="0" missingClasses="0"></Errors>
  <FindBugsSummary timestamp="Fri, 20 Aug 2010 13:06:05 +0200" total_classes="105" referenced_classes="445" total_bugs="28" total_size="3580" num_packages="13" vm_version="17.0-b16" cpu_seconds="46.63" clock_seconds="26.65" peak_mbytes="211.04" alloc_mbytes="439.12" gc_seconds="1.20" priority_2="28">
    <PackageStats package="gti.articlestockcontrol" total_bugs="2" total_types="18" total_size="365" priority_2="2">
      <ClassStats class="gti.articlestockcontrol.ArticleBooking" sourceFile="ArticleBooking.java" interface="false" size="46" bugs="0"/>
      <ClassStats class="gti.articlestockcontrol.ArticleBookingRequest" sourceFile="ArticleBookingRequest.java" interface="false" size="77" bugs="0"/>
      <ClassStats class="gti.articlestockcontrol.ArticleBookingVisitor" sourceFile="ArticleBookingVisitor.java" interface="false" size="27" bugs="0"/>
      <ClassStats class="gti.articlestockcontrol.ArticleStockBookType" sourceFile="ArticleStockBookType.java" interface="false" size="29" bugs="2" priority_2="2"/>
      <ClassStats class="gti.articlestockcontrol.ArticleStockBookType$1" sourceFile="ArticleStockBookType.java" interface="false" size="6" bugs="0"/>
      <ClassStats class="gti.articlestockcontrol.ArticleStockBookType$10" sourceFile="ArticleStockBookType.java" interface="false" size="6" bugs="0"/>
      <ClassStats class="gti.articlestockcontrol.ArticleStockBookType$11" sourceFile="ArticleStockBookType.java" interface="false" size="6" bugs="0"/>
      <ClassStats class="gti.articlestockcontrol.ArticleStockBookType$2" sourceFile="ArticleStockBookType.java" interface="false" size="6" bugs="0"/>
      <ClassStats class="gti.articlestockcontrol.ArticleStockBookType$3" sourceFile="ArticleStockBookType.java" interface="false" size="6" bugs="0"/>
      <ClassStats class="gti.articlestockcontrol.ArticleStockBookType$4" sourceFile="ArticleStockBookType.java" interface="false" size="6" bugs="0"/>
      <ClassStats class="gti.articlestockcontrol.ArticleStockBookType$5" sourceFile="ArticleStockBookType.java" interface="false" size="6" bugs="0"/>
      <ClassStats class="gti.articlestockcontrol.ArticleStockBookType$6" sourceFile="ArticleStockBookType.java" interface="false" size="6" bugs="0"/>
      <ClassStats class="gti.articlestockcontrol.ArticleStockBookType$7" sourceFile="ArticleStockBookType.java" interface="false" size="6" bugs="0"/>
      <ClassStats class="gti.articlestockcontrol.ArticleStockBookType$8" sourceFile="ArticleStockBookType.java" interface="false" size="6" bugs="0"/>
      <ClassStats class="gti.articlestockcontrol.ArticleStockBookType$9" sourceFile="ArticleStockBookType.java" interface="false" size="6" bugs="0"/>
      <ClassStats class="gti.articlestockcontrol.ArticleStockControlInterface" sourceFile="ArticleStockControlInterface.java" interface="false" size="50" bugs="0"/>
      <ClassStats class="gti.articlestockcontrol.FromArticleBookingVisitor" sourceFile="FromArticleBookingVisitor.java" interface="false" size="35" bugs="0"/>
      <ClassStats class="gti.articlestockcontrol.ToArticleBookingVisitor" sourceFile="ToArticleBookingVisitor.java" interface="false" size="35" bugs="0"/>
    </PackageStats>
    <PackageStats package="gti.articlestockcontrol.calculator" total_bugs="0" total_types="2" total_size="78">
      <ClassStats class="gti.articlestockcontrol.calculator.ProductionOrderArticleInProductionCalculator" sourceFile="ProductionOrderArticleInProductionCalculator.java" interface="false" size="39" bugs="0"/>
      <ClassStats class="gti.articlestockcontrol.calculator.StorageUnitArticleStockCalculator" sourceFile="StorageUnitArticleStockCalculator.java" interface="false" size="39" bugs="0"/>
    </PackageStats>
    <PackageStats package="gti.articlestockcontrol.dao.plugin" total_bugs="0" total_types="1" total_size="9">
      <ClassStats class="gti.articlestockcontrol.dao.plugin.ArticleDAOPlugin" sourceFile="ArticleDAOPlugin.java" interface="false" size="9" bugs="0"/>
    </PackageStats>
    <PackageStats package="gti.articlestockcontrol.util" total_bugs="10" total_types="13" total_size="679" priority_2="10">
      <ClassStats class="gti.articlestockcontrol.util.ArticleStockComparator" sourceFile="ArticleStockComparator.java" interface="false" size="9" bugs="0"/>
      <ClassStats class="gti.articlestockcontrol.util.ArticleStockContainer" sourceFile="ArticleStockContainer.java" interface="false" size="298" bugs="2" priority_2="2"/>
      <ClassStats class="gti.articlestockcontrol.util.ArticleStockContainer$Day" sourceFile="ArticleStockContainer.java" interface="false" size="20" bugs="0"/>
      <ClassStats class="gti.articlestockcontrol.util.ArticleStockContainerBuilder" sourceFile="ArticleStockContainerBuilder.java" interface="false" size="116" bugs="7" priority_2="7"/>
      <ClassStats class="gti.articlestockcontrol.util.ArticleStockContainerBuilder$1" sourceFile="ArticleStockContainerBuilder.java" interface="false" size="20" bugs="0"/>
      <ClassStats class="gti.articlestockcontrol.util.ArticleStockContainerBuilder$EmptyArticleStock" sourceFile="ArticleStockContainerBuilder.java" interface="false" size="80" bugs="0"/>
      <ClassStats class="gti.articlestockcontrol.util.ArticleStockLocationBuilderHelper" sourceFile="ArticleStockLocationBuilderHelper.java" interface="false" size="19" bugs="0"/>
      <ClassStats class="gti.articlestockcontrol.util.ArticleStockLocationBuilderIF" sourceFile="ArticleStockLocationBuilderIF.java" interface="true" size="2" bugs="0"/>
      <ClassStats class="gti.articlestockcontrol.util.ArticleStockLocationIF" sourceFile="ArticleStockLocationIF.java" interface="true" size="7" bugs="0"/>
      <ClassStats class="gti.articlestockcontrol.util.ChangeableArticleStockIF" sourceFile="ChangeableArticleStockIF.java" interface="true" size="4" bugs="0"/>
      <ClassStats class="gti.articlestockcontrol.util.FillLastRecords" sourceFile="FillLastRecords.java" interface="false" size="49" bugs="1" priority_2="1"/>
      <ClassStats class="gti.articlestockcontrol.util.StorageUnitArticleStockLocation" sourceFile="StorageUnitArticleStockLocation.java" interface="false" size="29" bugs="0"/>
      <ClassStats class="gti.articlestockcontrol.util.StorageUnitArticleStockLocationBuilder" sourceFile="StorageUnitArticleStockLocationBuilder.java" interface="false" size="26" bugs="0"/>
    </PackageStats>
    <PackageStats package="gti.articlestockcontrol.util.log" total_bugs="0" total_types="1" total_size="9">
      <ClassStats class="gti.articlestockcontrol.util.log.ArticleStockLog" sourceFile="ArticleStockLog.java" interface="false" size="9" bugs="0"/>
    </PackageStats>
    <PackageStats package="gti.domain" total_bugs="0" total_types="1" total_size="311">
      <ClassStats class="gti.domain.ArticleStock" sourceFile="ArticleStock.java" interface="false" size="311" bugs="0"/>
    </PackageStats>
    <PackageStats package="gti.domain.cleanup" total_bugs="4" total_types="7" total_size="287" priority_2="4">
      <ClassStats class="gti.domain.cleanup.ArticleStockCleanUp" sourceFile="ArticleStockCleanUp.java" interface="false" size="47" bugs="0"/>
      <ClassStats class="gti.domain.cleanup.ArticleStockCorrectionHelper" sourceFile="ArticleStockCorrectionHelper.java" interface="false" size="106" bugs="4" priority_2="4"/>
      <ClassStats class="gti.domain.cleanup.ArticleStockCorrectionHelper$ArticleInProductionCorrectionBooking" sourceFile="ArticleStockCorrectionHelper.java" interface="false" size="13" bugs="0"/>
      <ClassStats class="gti.domain.cleanup.ArticleStockCorrectionHelper$ArticleStockCorrectionBooking" sourceFile="ArticleStockCorrectionHelper.java" interface="false" size="13" bugs="0"/>
      <ClassStats class="gti.domain.cleanup.ArticleStockCorrectionHelper$CorrectionBookingIF" sourceFile="ArticleStockCorrectionHelper.java" interface="true" size="2" bugs="0"/>
      <ClassStats class="gti.domain.cleanup.UpdateArticleStockCleanUp" sourceFile="UpdateArticleStockCleanUp.java" interface="false" size="92" bugs="0"/>
      <ClassStats class="gti.domain.cleanup.UpdateArticleStockCleanUp$MyArticleStock" sourceFile="UpdateArticleStockCleanUp.java" interface="false" size="14" bugs="0"/>
    </PackageStats>
    <PackageStats package="gti.domain.dao" total_bugs="2" total_types="1" total_size="116" priority_2="2">
      <ClassStats class="gti.domain.dao.ArticleStockDAO" sourceFile="ArticleStockDAO.java" interface="false" size="116" bugs="2" priority_2="2"/>
    </PackageStats>
    <PackageStats package="gti.domain.util" total_bugs="1" total_types="1" total_size="25" priority_2="1">
      <ClassStats class="gti.domain.util.ArticleStockUtil" sourceFile="ArticleStockUtil.java" interface="false" size="25" bugs="1" priority_2="1"/>
    </PackageStats>
    <PackageStats package="gti.module" total_bugs="0" total_types="2" total_size="53">
      <ClassStats class="gti.module.ArticleStockControlModule" sourceFile="ArticleStockControlModule.java" interface="false" size="16" bugs="0"/>
      <ClassStats class="gti.module.ArticleStockControlModuleInterface" sourceFile="ArticleStockControlModuleInterface.java" interface="false" size="37" bugs="0"/>
    </PackageStats>
    <PackageStats package="gti.stock.server.command" total_bugs="0" total_types="1" total_size="46">
      <ClassStats class="gti.stock.server.command.ArticleStockCorrectionCmd" sourceFile="ArticleStockCorrectionCmd.java" interface="false" size="46" bugs="0"/>
    </PackageStats>
    <PackageStats package="gti.ui.browser.ui" total_bugs="0" total_types="1" total_size="27">
      <ClassStats class="gti.ui.browser.ui.BrowserArticleStockUI" sourceFile="BrowserArticleStockUI.java" interface="false" size="27" bugs="0"/>
    </PackageStats>
    <PackageStats package="gti.ui.main" total_bugs="9" total_types="56" total_size="1575" priority_2="9">
      <ClassStats class="gti.ui.main.ArticleStockForm" sourceFile="ArticleStockForm.java" interface="false" size="14" bugs="0"/>
      <ClassStats class="gti.ui.main.ArticleStockModel" sourceFile="ArticleStockModel.java" interface="false" size="350" bugs="5" priority_2="5"/>
      <ClassStats class="gti.ui.main.ArticleStockModel$1" sourceFile="ArticleStockModel.java" interface="false" size="8" bugs="0"/>
      <ClassStats class="gti.ui.main.ArticleStockModel$2" sourceFile="ArticleStockModel.java" interface="false" size="8" bugs="0"/>
      <ClassStats class="gti.ui.main.ArticleStockModel$3" sourceFile="ArticleStockModel.java" interface="false" size="13" bugs="0"/>
      <ClassStats class="gti.ui.main.ArticleStockModel$4" sourceFile="ArticleStockModel.java" interface="false" size="19" bugs="0"/>
      <ClassStats class="gti.ui.main.ArticleStockModel$5" sourceFile="ArticleStockModel.java" interface="false" size="11" bugs="0"/>
      <ClassStats class="gti.ui.main.ArticleStockModel$ArticleStockLocation_EngineeringUnit_ModelAdapter" sourceFile="ArticleStockModel.java" interface="false" size="17" bugs="0"/>
      <ClassStats class="gti.ui.main.ArticleStockModel$ArticleStockLocation_Name_ModelAdapter" sourceFile="ArticleStockModel.java" interface="false" size="14" bugs="0"/>
      <ClassStats class="gti.ui.main.ArticleStockModel$ArticleStockLocation_NewValue_ModelAdapter" sourceFile="ArticleStockModel.java" interface="false" size="25" bugs="0"/>
      <ClassStats class="gti.ui.main.ArticleStockModel$ArticleStockLocation_Value_ModelAdapter" sourceFile="ArticleStockModel.java" interface="false" size="16" bugs="0"/>
      <ClassStats class="gti.ui.main.ArticleStockModel$ArticleStock_ArticleCodeFilter_ModelAdapter" sourceFile="ArticleStockModel.java" interface="false" size="22" bugs="1" priority_2="1"/>
      <ClassStats class="gti.ui.main.ArticleStockModel$ArticleStock_ArticleCode_ModelAdapter" sourceFile="ArticleStockModel.java" interface="false" size="17" bugs="0"/>
      <ClassStats class="gti.ui.main.ArticleStockModel$ArticleStock_ArticleGroupFilter_ModelAdapter" sourceFile="ArticleStockModel.java" interface="false" size="22" bugs="1" priority_2="1"/>
      <ClassStats class="gti.ui.main.ArticleStockModel$ArticleStock_ArticleGroup_ModelAdapter" sourceFile="ArticleStockModel.java" interface="false" size="17" bugs="0"/>
      <ClassStats class="gti.ui.main.ArticleStockModel$ArticleStock_ArticleName_ModelAdapter" sourceFile="ArticleStockModel.java" interface="false" size="17" bugs="0"/>
      <ClassStats class="gti.ui.main.ArticleStockModel$ArticleStock_ArticleTypeFilter_ModelAdapter" sourceFile="ArticleStockModel.java" interface="false" size="29" bugs="0"/>
      <ClassStats class="gti.ui.main.ArticleStockModel$ArticleStock_BeginStock_ModelAdapter" sourceFile="ArticleStockModel.java" interface="false" size="29" bugs="0"/>
      <ClassStats class="gti.ui.main.ArticleStockModel$ArticleStock_Commit_Cancel_ModelAdapter" sourceFile="ArticleStockModel.java" interface="false" size="9" bugs="0"/>
      <ClassStats class="gti.ui.main.ArticleStockModel$ArticleStock_Commit_OK_ModelAdapter" sourceFile="ArticleStockModel.java" interface="false" size="26" bugs="0"/>
      <ClassStats class="gti.ui.main.ArticleStockModel$ArticleStock_CommitedBy_Dialog_ModelAdapter" sourceFile="ArticleStockModel.java" interface="false" size="13" bugs="0"/>
      <ClassStats class="gti.ui.main.ArticleStockModel$ArticleStock_ConsumeNorm_ModelAdapter" sourceFile="ArticleStockModel.java" interface="false" size="18" bugs="0"/>
      <ClassStats class="gti.ui.main.ArticleStockModel$ArticleStock_Consume_ModelAdapter" sourceFile="ArticleStockModel.java" interface="false" size="18" bugs="0"/>
      <ClassStats class="gti.ui.main.ArticleStockModel$ArticleStock_Correction_ModelAdapter" sourceFile="ArticleStockModel.java" interface="false" size="27" bugs="0"/>
      <ClassStats class="gti.ui.main.ArticleStockModel$ArticleStock_DateChange_ModelAdapter" sourceFile="ArticleStockModel.java" interface="false" size="22" bugs="0"/>
      <ClassStats class="gti.ui.main.ArticleStockModel$ArticleStock_DateFilter_ModelAdapter" sourceFile="ArticleStockModel.java" interface="false" size="17" bugs="0"/>
      <ClassStats class="gti.ui.main.ArticleStockModel$ArticleStock_EndStock_ModelAdapter" sourceFile="ArticleStockModel.java" interface="false" size="20" bugs="0"/>
      <ClassStats class="gti.ui.main.ArticleStockModel$ArticleStock_EngineeringUnit_ModelAdapter" sourceFile="ArticleStockModel.java" interface="false" size="20" bugs="0"/>
      <ClassStats class="gti.ui.main.ArticleStockModel$ArticleStock_ForceKg_ModelAdapter" sourceFile="ArticleStockModel.java" interface="false" size="15" bugs="0"/>
      <ClassStats class="gti.ui.main.ArticleStockModel$ArticleStock_FromDateFilter_ModelAdapter" sourceFile="ArticleStockModel.java" interface="false" size="15" bugs="0"/>
      <ClassStats class="gti.ui.main.ArticleStockModel$ArticleStock_InProduction_ModelAdapter" sourceFile="ArticleStockModel.java" interface="false" size="19" bugs="0"/>
      <ClassStats class="gti.ui.main.ArticleStockModel$ArticleStock_Intermediate_ModelAdapter" sourceFile="ArticleStockModel.java" interface="false" size="25" bugs="0"/>
      <ClassStats class="gti.ui.main.ArticleStockModel$ArticleStock_IssueNorm_ModelAdapter" sourceFile="ArticleStockModel.java" interface="false" size="18" bugs="0"/>
      <ClassStats class="gti.ui.main.ArticleStockModel$ArticleStock_Issue_ModelAdapter" sourceFile="ArticleStockModel.java" interface="false" size="18" bugs="0"/>
      <ClassStats class="gti.ui.main.ArticleStockModel$ArticleStock_LostInProduction_ModelAdapter" sourceFile="ArticleStockModel.java" interface="false" size="18" bugs="0"/>
      <ClassStats class="gti.ui.main.ArticleStockModel$ArticleStock_NewValue_ModelAdapter" sourceFile="ArticleStockModel.java" interface="false" size="32" bugs="0"/>
      <ClassStats class="gti.ui.main.ArticleStockModel$ArticleStock_PackageTypeFilter_ModelAdapter" sourceFile="ArticleStockModel.java" interface="false" size="31" bugs="0"/>
      <ClassStats class="gti.ui.main.ArticleStockModel$ArticleStock_PackagingType_ModelAdapter" sourceFile="ArticleStockModel.java" interface="false" size="20" bugs="0"/>
      <ClassStats class="gti.ui.main.ArticleStockModel$ArticleStock_ProduceNorm_ModelAdapter" sourceFile="ArticleStockModel.java" interface="false" size="18" bugs="0"/>
      <ClassStats class="gti.ui.main.ArticleStockModel$ArticleStock_Produce_ModelAdapter" sourceFile="ArticleStockModel.java" interface="false" size="18" bugs="0"/>
      <ClassStats class="gti.ui.main.ArticleStockModel$ArticleStock_ProductionLineType_ModelAdapter" sourceFile="ArticleStockModel.java" interface="false" size="20" bugs="0"/>
      <ClassStats class="gti.ui.main.ArticleStockModel$ArticleStock_ProductionOrderId_ModelAdapter" sourceFile="ArticleStockModel.java" interface="false" size="19" bugs="0"/>
      <ClassStats class="gti.ui.main.ArticleStockModel$ArticleStock_Reject_ModelAdapter" sourceFile="ArticleStockModel.java" interface="false" size="18" bugs="0"/>
      <ClassStats class="gti.ui.main.ArticleStockModel$ArticleStock_ResetInProduction_ModelAdapter" sourceFile="ArticleStockModel.java" interface="false" size="31" bugs="0"/>
      <ClassStats class="gti.ui.main.ArticleStockModel$ArticleStock_Rework_ModelAdapter" sourceFile="ArticleStockModel.java" interface="false" size="18" bugs="0"/>
      <ClassStats class="gti.ui.main.ArticleStockModel$ArticleStock_Special_ModelAdapter" sourceFile="ArticleStockModel.java" interface="false" size="17" bugs="0"/>
      <ClassStats class="gti.ui.main.ArticleStockModel$ArticleStock_Supply_ModelAdapter" sourceFile="ArticleStockModel.java" interface="false" size="18" bugs="0"/>
      <ClassStats class="gti.ui.main.ArticleStockModel$ArticleStock_ToDateFilter_ModelAdapter" sourceFile="ArticleStockModel.java" interface="false" size="15" bugs="0"/>
      <ClassStats class="gti.ui.main.ArticleStockModel$ArticleStock_To_Commit_ModelAdapter" sourceFile="ArticleStockModel.java" interface="false" size="20" bugs="0"/>
      <ClassStats class="gti.ui.main.ArticleStockModel$ArticleStock_To_Detail_ModelAdapter" sourceFile="ArticleStockModel.java" interface="false" size="29" bugs="0"/>
      <ClassStats class="gti.ui.main.ArticleStockModel$ArticleStock_TotalRecord_ModelAdapter" sourceFile="ArticleStockModel.java" interface="false" size="14" bugs="0"/>
      <ClassStats class="gti.ui.main.ArticleStockModel$ArticleStock_TransferIn_ModelAdapter" sourceFile="ArticleStockModel.java" interface="false" size="18" bugs="0"/>
      <ClassStats class="gti.ui.main.ArticleStockModel$ArticleStock_TransferOut_ModelAdapter" sourceFile="ArticleStockModel.java" interface="false" size="18" bugs="0"/>
      <ClassStats class="gti.ui.main.ArticleStockModel$ArticleStock_Transfer_ModelAdapter" sourceFile="ArticleStockModel.java" interface="false" size="18" bugs="0"/>
      <ClassStats class="gti.ui.main.ArticleStockModel$EditableStock" sourceFile="ArticleStockModel.java" interface="false" size="65" bugs="2" priority_2="2"/>
      <ClassStats class="gti.ui.main.ArticleStockView" sourceFile="ArticleStockView.java" interface="false" size="152" bugs="0"/>
    </PackageStats>
    <FindBugsProfile>
      <ClassProfile name="edu.umd.cs.findbugs.detect.FindNonSerializableValuePassedToWriteObject" totalMilliseconds="11" invocations="105" avgMicrosecondsPerInvocation="107" maxMicrosecondsPerInvocation="1516" standardDeviationMircosecondsPerInvocation="210"/>
      <ClassProfile name="com.mebigfatguy.fbcontrib.detect.FloatingPointLoops" totalMilliseconds="11" invocations="105" avgMicrosecondsPerInvocation="107" maxMicrosecondsPerInvocation="2916" standardDeviationMircosecondsPerInvocation="296"/>
      <ClassProfile name="com.mebigfatguy.fbcontrib.detect.NeedlessAutoboxing" totalMilliseconds="11" invocations="105" avgMicrosecondsPerInvocation="108" maxMicrosecondsPerInvocation="2438" standardDeviationMircosecondsPerInvocation="267"/>
      <ClassProfile name="edu.umd.cs.findbugs.detect.FindDoubleCheck" totalMilliseconds="11" invocations="105" avgMicrosecondsPerInvocation="109" maxMicrosecondsPerInvocation="947" standardDeviationMircosecondsPerInvocation="156"/>
      <ClassProfile name="com.mebigfatguy.fbcontrib.detect.ListIndexedIterating" totalMilliseconds="11" invocations="105" avgMicrosecondsPerInvocation="112" maxMicrosecondsPerInvocation="3459" standardDeviationMircosecondsPerInvocation="352"/>
      <ClassProfile name="edu.umd.cs.findbugs.detect.FindNonSerializableStoreIntoSession" totalMilliseconds="11" invocations="105" avgMicrosecondsPerInvocation="114" maxMicrosecondsPerInvocation="1530" standardDeviationMircosecondsPerInvocation="204"/>
      <ClassProfile name="com.mebigfatguy.fbcontrib.detect.ConfusingAutoboxedOverloading" totalMilliseconds="12" invocations="105" avgMicrosecondsPerInvocation="116" maxMicrosecondsPerInvocation="566" standardDeviationMircosecondsPerInvocation="113"/>
      <ClassProfile name="edu.umd.cs.findbugs.detect.StringConcatenation" totalMilliseconds="13" invocations="105" avgMicrosecondsPerInvocation="127" maxMicrosecondsPerInvocation="4298" standardDeviationMircosecondsPerInvocation="431"/>
      <ClassProfile name="edu.umd.cs.findbugs.util.TopologicalSort" totalMilliseconds="13" invocations="106" avgMicrosecondsPerInvocation="128" maxMicrosecondsPerInvocation="4252" standardDeviationMircosecondsPerInvocation="417"/>
      <ClassProfile name="edu.umd.cs.findbugs.detect.FindReturnRef" totalMilliseconds="14" invocations="105" avgMicrosecondsPerInvocation="134" maxMicrosecondsPerInvocation="1833" standardDeviationMircosecondsPerInvocation="280"/>
      <ClassProfile name="com.mebigfatguy.fbcontrib.detect.LiteralStringComparison" totalMilliseconds="14" invocations="105" avgMicrosecondsPerInvocation="134" maxMicrosecondsPerInvocation="1724" standardDeviationMircosecondsPerInvocation="268"/>
      <ClassProfile name="edu.umd.cs.findbugs.detect.FindSelfComparison2" totalMilliseconds="14" invocations="105" avgMicrosecondsPerInvocation="141" maxMicrosecondsPerInvocation="1119" standardDeviationMircosecondsPerInvocation="192"/>
      <ClassProfile name="com.mebigfatguy.fbcontrib.detect.UnnecessaryStoreBeforeReturn" totalMilliseconds="14" invocations="105" avgMicrosecondsPerInvocation="142" maxMicrosecondsPerInvocation="4116" standardDeviationMircosecondsPerInvocation="456"/>
      <ClassProfile name="com.mebigfatguy.fbcontrib.detect.InheritanceTypeChecking" totalMilliseconds="16" invocations="105" avgMicrosecondsPerInvocation="159" maxMicrosecondsPerInvocation="2385" standardDeviationMircosecondsPerInvocation="308"/>
      <ClassProfile name="edu.umd.cs.findbugs.detect.BadlyOverriddenAdapter" totalMilliseconds="17" invocations="105" avgMicrosecondsPerInvocation="167" maxMicrosecondsPerInvocation="11854" standardDeviationMircosecondsPerInvocation="1148"/>
      <ClassProfile name="edu.umd.cs.findbugs.detect.Methods" totalMilliseconds="17" invocations="445" avgMicrosecondsPerInvocation="39" maxMicrosecondsPerInvocation="1119" standardDeviationMircosecondsPerInvocation="92"/>
      <ClassProfile name="com.mebigfatguy.fbcontrib.detect.UseCharacterParameterizedMethod" totalMilliseconds="17" invocations="105" avgMicrosecondsPerInvocation="170" maxMicrosecondsPerInvocation="3658" standardDeviationMircosecondsPerInvocation="429"/>
      <ClassProfile name="edu.umd.cs.findbugs.classfile.engine.bcel.ConstantPoolGenFactory" totalMilliseconds="19" invocations="105" avgMicrosecondsPerInvocation="183" maxMicrosecondsPerInvocation="9998" standardDeviationMircosecondsPerInvocation="966"/>
      <ClassProfile name="com.mebigfatguy.fbcontrib.detect.UnnecessaryNewNullCheck" totalMilliseconds="19" invocations="105" avgMicrosecondsPerInvocation="184" maxMicrosecondsPerInvocation="3002" standardDeviationMircosecondsPerInvocation="393"/>
      <ClassProfile name="edu.umd.cs.findbugs.classfile.engine.bcel.ClassContextClassAnalysisEngine" totalMilliseconds="19" invocations="684" avgMicrosecondsPerInvocation="28" maxMicrosecondsPerInvocation="4402" standardDeviationMircosecondsPerInvocation="171"/>
      <ClassProfile name="edu.umd.cs.findbugs.detect.StaticCalendarDetector" totalMilliseconds="19" invocations="105" avgMicrosecondsPerInvocation="187" maxMicrosecondsPerInvocation="3343" standardDeviationMircosecondsPerInvocation="469"/>
      <ClassProfile name="gti.findbugs.ObjectUtilEqualsChecker" totalMilliseconds="20" invocations="105" avgMicrosecondsPerInvocation="193" maxMicrosecondsPerInvocation="1803" standardDeviationMircosecondsPerInvocation="326"/>
      <ClassProfile name="com.mebigfatguy.fbcontrib.detect.StaticMethodInstanceInvocation" totalMilliseconds="21" invocations="105" avgMicrosecondsPerInvocation="201" maxMicrosecondsPerInvocation="1632" standardDeviationMircosecondsPerInvocation="279"/>
      <ClassProfile name="com.mebigfatguy.fbcontrib.detect.ImproperPropertiesUse" totalMilliseconds="21" invocations="105" avgMicrosecondsPerInvocation="202" maxMicrosecondsPerInvocation="2071" standardDeviationMircosecondsPerInvocation="320"/>
      <ClassProfile name="edu.umd.cs.findbugs.detect.SynchronizationOnSharedBuiltinConstant" totalMilliseconds="21" invocations="105" avgMicrosecondsPerInvocation="205" maxMicrosecondsPerInvocation="2087" standardDeviationMircosecondsPerInvocation="330"/>
      <ClassProfile name="edu.umd.cs.findbugs.classfile.engine.bcel.LoadedFieldSetFactory" totalMilliseconds="21" invocations="566" avgMicrosecondsPerInvocation="38" maxMicrosecondsPerInvocation="4513" standardDeviationMircosecondsPerInvocation="191"/>
      <ClassProfile name="edu.umd.cs.findbugs.detect.FindFieldSelfAssignment" totalMilliseconds="21" invocations="105" avgMicrosecondsPerInvocation="208" maxMicrosecondsPerInvocation="1975" standardDeviationMircosecondsPerInvocation="346"/>
      <ClassProfile name="edu.umd.cs.findbugs.detect.NoteUnconditionalParamDerefs" totalMilliseconds="22" invocations="105" avgMicrosecondsPerInvocation="209" maxMicrosecondsPerInvocation="1434" standardDeviationMircosecondsPerInvocation="237"/>
      <ClassProfile name="edu.umd.cs.findbugs.detect.AppendingToAnObjectOutputStream" totalMilliseconds="22" invocations="105" avgMicrosecondsPerInvocation="211" maxMicrosecondsPerInvocation="1802" standardDeviationMircosecondsPerInvocation="332"/>
      <ClassProfile name="edu.umd.cs.findbugs.detect.NumberConstructor" totalMilliseconds="22" invocations="105" avgMicrosecondsPerInvocation="216" maxMicrosecondsPerInvocation="1943" standardDeviationMircosecondsPerInvocation="351"/>
      <ClassProfile name="edu.umd.cs.findbugs.classfile.engine.bcel.ReverseDepthFirstSearchFactory" totalMilliseconds="23" invocations="564" avgMicrosecondsPerInvocation="41" maxMicrosecondsPerInvocation="763" standardDeviationMircosecondsPerInvocation="69"/>
      <ClassProfile name="edu.umd.cs.findbugs.detect.NoteCheckReturnValueAnnotations" totalMilliseconds="23" invocations="445" avgMicrosecondsPerInvocation="52" maxMicrosecondsPerInvocation="1918" standardDeviationMircosecondsPerInvocation="137"/>
      <ClassProfile name="edu.umd.cs.findbugs.detect.SynchronizingOnContentsOfFieldToProtectField" totalMilliseconds="23" invocations="105" avgMicrosecondsPerInvocation="224" maxMicrosecondsPerInvocation="2189" standardDeviationMircosecondsPerInvocation="360"/>
      <ClassProfile name="edu.umd.cs.findbugs.detect.Naming" totalMilliseconds="24" invocations="105" avgMicrosecondsPerInvocation="230" maxMicrosecondsPerInvocation="7086" standardDeviationMircosecondsPerInvocation="689"/>
      <ClassProfile name="edu.umd.cs.findbugs.classfile.engine.bcel.MethodFactory" totalMilliseconds="24" invocations="481" avgMicrosecondsPerInvocation="50" maxMicrosecondsPerInvocation="582" standardDeviationMircosecondsPerInvocation="85"/>
      <ClassProfile name="edu.umd.cs.findbugs.detect.BadResultSetAccess" totalMilliseconds="24" invocations="105" avgMicrosecondsPerInvocation="233" maxMicrosecondsPerInvocation="1816" standardDeviationMircosecondsPerInvocation="325"/>
      <ClassProfile name="edu.umd.cs.findbugs.detect.FindBadForLoop" totalMilliseconds="24" invocations="105" avgMicrosecondsPerInvocation="234" maxMicrosecondsPerInvocation="2266" standardDeviationMircosecondsPerInvocation="373"/>
      <ClassProfile name="com.mebigfatguy.fbcontrib.detect.TailRecursion" totalMilliseconds="24" invocations="105" avgMicrosecondsPerInvocation="235" maxMicrosecondsPerInvocation="4239" standardDeviationMircosecondsPerInvocation="482"/>
      <ClassProfile name="com.mebigfatguy.fbcontrib.detect.ConstantListIndex" totalMilliseconds="24" invocations="105" avgMicrosecondsPerInvocation="236" maxMicrosecondsPerInvocation="2086" standardDeviationMircosecondsPerInvocation="367"/>
      <ClassProfile name="edu.umd.cs.findbugs.detect.SynchronizeOnClassLiteralNotGetClass" totalMilliseconds="25" invocations="105" avgMicrosecondsPerInvocation="238" maxMicrosecondsPerInvocation="5503" standardDeviationMircosecondsPerInvocation="601"/>
      <ClassProfile name="edu.umd.cs.findbugs.detect.NoteCheckReturnValue" totalMilliseconds="25" invocations="445" avgMicrosecondsPerInvocation="56" maxMicrosecondsPerInvocation="1220" standardDeviationMircosecondsPerInvocation="107"/>
      <ClassProfile name="edu.umd.cs.findbugs.detect.BadSyntaxForRegularExpression" totalMilliseconds="25" invocations="105" avgMicrosecondsPerInvocation="239" maxMicrosecondsPerInvocation="1951" standardDeviationMircosecondsPerInvocation="359"/>
      <ClassProfile name="com.mebigfatguy.fbcontrib.detect.SuspiciousWaitOnConcurrentObject" totalMilliseconds="25" invocations="105" avgMicrosecondsPerInvocation="242" maxMicrosecondsPerInvocation="2272" standardDeviationMircosecondsPerInvocation="380"/>
      <ClassProfile name="edu.umd.cs.findbugs.detect.InfiniteRecursiveLoop" totalMilliseconds="25" invocations="105" avgMicrosecondsPerInvocation="242" maxMicrosecondsPerInvocation="2428" standardDeviationMircosecondsPerInvocation="427"/>
      <ClassProfile name="com.mebigfatguy.fbcontrib.detect.SloppyClassReflection" totalMilliseconds="25" invocations="105" avgMicrosecondsPerInvocation="243" maxMicrosecondsPerInvocation="2031" standardDeviationMircosecondsPerInvocation="364"/>
      <ClassProfile name="edu.umd.cs.findbugs.detect.SerializableIdiom" totalMilliseconds="25" invocations="105" avgMicrosecondsPerInvocation="243" maxMicrosecondsPerInvocation="5686" standardDeviationMircosecondsPerInvocation="550"/>
      <ClassProfile name="edu.umd.cs.findbugs.detect.CrossSiteScripting" totalMilliseconds="25" invocations="105" avgMicrosecondsPerInvocation="244" maxMicrosecondsPerInvocation="2034" standardDeviationMircosecondsPerInvocation="378"/>
      <ClassProfile name="edu.umd.cs.findbugs.detect.LostLoggerDueToWeakReference" totalMilliseconds="26" invocations="105" avgMicrosecondsPerInvocation="247" maxMicrosecondsPerInvocation="2469" standardDeviationMircosecondsPerInvocation="420"/>
      <ClassProfile name="com.mebigfatguy.fbcontrib.detect.LoggerOddities" totalMilliseconds="26" invocations="105" avgMicrosecondsPerInvocation="253" maxMicrosecondsPerInvocation="2808" standardDeviationMircosecondsPerInvocation="394"/>
      <ClassProfile name="edu.umd.cs.findbugs.detect.FindUnrelatedTypesInGenericContainer" totalMilliseconds="27" invocations="105" avgMicrosecondsPerInvocation="258" maxMicrosecondsPerInvocation="1748" standardDeviationMircosecondsPerInvocation="325"/>
      <ClassProfile name="com.mebigfatguy.fbcontrib.detect.InappropriateToStringUse" totalMilliseconds="27" invocations="105" avgMicrosecondsPerInvocation="260" maxMicrosecondsPerInvocation="3135" standardDeviationMircosecondsPerInvocation="437"/>
      <ClassProfile name="edu.umd.cs.findbugs.detect.FindNonShortCircuit" totalMilliseconds="27" invocations="105" avgMicrosecondsPerInvocation="263" maxMicrosecondsPerInvocation="2915" standardDeviationMircosecondsPerInvocation="478"/>
      <ClassProfile name="edu.umd.cs.findbugs.detect.DumbMethodInvocations" totalMilliseconds="27" invocations="105" avgMicrosecondsPerInvocation="263" maxMicrosecondsPerInvocation="2077" standardDeviationMircosecondsPerInvocation="394"/>
      <ClassProfile name="com.mebigfatguy.fbcontrib.detect.CustomBuiltXML" totalMilliseconds="28" invocations="105" avgMicrosecondsPerInvocation="267" maxMicrosecondsPerInvocation="3749" standardDeviationMircosecondsPerInvocation="492"/>
      <ClassProfile name="edu.umd.cs.findbugs.classfile.engine.bcel.DepthFirstSearchFactory" totalMilliseconds="28" invocations="755" avgMicrosecondsPerInvocation="38" maxMicrosecondsPerInvocation="1558" standardDeviationMircosecondsPerInvocation="86"/>
      <ClassProfile name="edu.umd.cs.findbugs.detect.FormatStringChecker" totalMilliseconds="29" invocations="105" avgMicrosecondsPerInvocation="279" maxMicrosecondsPerInvocation="7002" standardDeviationMircosecondsPerInvocation="740"/>
      <ClassProfile name="edu.umd.cs.findbugs.detect.MethodReturnCheck" totalMilliseconds="29" invocations="105" avgMicrosecondsPerInvocation="281" maxMicrosecondsPerInvocation="2431" standardDeviationMircosecondsPerInvocation="436"/>
      <ClassProfile name="com.mebigfatguy.fbcontrib.detect.SyncCollectionIterators" totalMilliseconds="29" invocations="105" avgMicrosecondsPerInvocation="283" maxMicrosecondsPerInvocation="2445" standardDeviationMircosecondsPerInvocation="425"/>
      <ClassProfile name="edu.umd.cs.findbugs.detect.InefficientToArray" totalMilliseconds="29" invocations="105" avgMicrosecondsPerInvocation="285" maxMicrosecondsPerInvocation="23938" standardDeviationMircosecondsPerInvocation="2321"/>
      <ClassProfile name="com.mebigfatguy.fbcontrib.detect.UnrelatedCollectionContents" totalMilliseconds="30" invocations="105" avgMicrosecondsPerInvocation="292" maxMicrosecondsPerInvocation="2814" standardDeviationMircosecondsPerInvocation="446"/>
      <ClassProfile name="edu.umd.cs.findbugs.detect.InfiniteLoop" totalMilliseconds="31" invocations="105" avgMicrosecondsPerInvocation="302" maxMicrosecondsPerInvocation="2713" standardDeviationMircosecondsPerInvocation="483"/>
      <ClassProfile name="edu.umd.cs.findbugs.detect.FindHEmismatch" totalMilliseconds="32" invocations="105" avgMicrosecondsPerInvocation="308" maxMicrosecondsPerInvocation="2079" standardDeviationMircosecondsPerInvocation="446"/>
      <ClassProfile name="edu.umd.cs.findbugs.detect.DuplicateBranches" totalMilliseconds="32" invocations="105" avgMicrosecondsPerInvocation="310" maxMicrosecondsPerInvocation="5017" standardDeviationMircosecondsPerInvocation="833"/>
      <ClassProfile name="com.mebigfatguy.fbcontrib.detect.PossibleConstantAllocationInLoop" totalMilliseconds="32" invocations="105" avgMicrosecondsPerInvocation="310" maxMicrosecondsPerInvocation="3262" standardDeviationMircosecondsPerInvocation="500"/>
      <ClassProfile name="edu.umd.cs.findbugs.detect.StreamResourceTracker" totalMilliseconds="33" invocations="13" avgMicrosecondsPerInvocation="2541" maxMicrosecondsPerInvocation="8110" standardDeviationMircosecondsPerInvocation="2252"/>
      <ClassProfile name="edu.umd.cs.findbugs.detect.RepeatedConditionals" totalMilliseconds="33" invocations="105" avgMicrosecondsPerInvocation="323" maxMicrosecondsPerInvocation="5120" standardDeviationMircosecondsPerInvocation="631"/>
      <ClassProfile name="com.mebigfatguy.fbcontrib.detect.PartiallyConstructedObjectAccess" totalMilliseconds="35" invocations="105" avgMicrosecondsPerInvocation="335" maxMicrosecondsPerInvocation="3427" standardDeviationMircosecondsPerInvocation="565"/>
      <ClassProfile name="com.mebigfatguy.fbcontrib.detect.DubiousListCollection" totalMilliseconds="35" invocations="105" avgMicrosecondsPerInvocation="338" maxMicrosecondsPerInvocation="22112" standardDeviationMircosecondsPerInvocation="2164"/>
      <ClassProfile name="com.mebigfatguy.fbcontrib.detect.UseSplit" totalMilliseconds="35" invocations="105" avgMicrosecondsPerInvocation="340" maxMicrosecondsPerInvocation="4783" standardDeviationMircosecondsPerInvocation="620"/>
      <ClassProfile name="edu.umd.cs.findbugs.detect.RuntimeExceptionCapture" totalMilliseconds="36" invocations="105" avgMicrosecondsPerInvocation="346" maxMicrosecondsPerInvocation="2449" standardDeviationMircosecondsPerInvocation="467"/>
      <ClassProfile name="com.mebigfatguy.fbcontrib.detect.InefficientStringBuffering" totalMilliseconds="36" invocations="105" avgMicrosecondsPerInvocation="347" maxMicrosecondsPerInvocation="3363" standardDeviationMircosecondsPerInvocation="494"/>
      <ClassProfile name="edu.umd.cs.findbugs.detect.NoteSuppressedWarnings" totalMilliseconds="37" invocations="445" avgMicrosecondsPerInvocation="84" maxMicrosecondsPerInvocation="2821" standardDeviationMircosecondsPerInvocation="174"/>
      <ClassProfile name="com.mebigfatguy.fbcontrib.detect.OrphanedDOMNode" totalMilliseconds="38" invocations="105" avgMicrosecondsPerInvocation="366" maxMicrosecondsPerInvocation="3636" standardDeviationMircosecondsPerInvocation="584"/>
      <ClassProfile name="com.mebigfatguy.fbcontrib.detect.Section508Compliance" totalMilliseconds="38" invocations="105" avgMicrosecondsPerInvocation="371" maxMicrosecondsPerInvocation="3719" standardDeviationMircosecondsPerInvocation="571"/>
      <ClassProfile name="edu.umd.cs.findbugs.detect.FindSqlInjection" totalMilliseconds="39" invocations="105" avgMicrosecondsPerInvocation="378" maxMicrosecondsPerInvocation="6535" standardDeviationMircosecondsPerInvocation="770"/>
      <ClassProfile name="edu.umd.cs.findbugs.detect.FindOpenStream" totalMilliseconds="39" invocations="105" avgMicrosecondsPerInvocation="379" maxMicrosecondsPerInvocation="34011" standardDeviationMircosecondsPerInvocation="3302"/>
      <ClassProfile name="edu.umd.cs.findbugs.classfile.engine.asm.ClassReaderAnalysisEngine" totalMilliseconds="41" invocations="1708" avgMicrosecondsPerInvocation="24" maxMicrosecondsPerInvocation="24826" standardDeviationMircosecondsPerInvocation="600"/>
      <ClassProfile name="gti.findbugs.SwitchOnEnum" totalMilliseconds="42" invocations="105" avgMicrosecondsPerInvocation="401" maxMicrosecondsPerInvocation="7282" standardDeviationMircosecondsPerInvocation="870"/>
      <ClassProfile name="com.mebigfatguy.fbcontrib.detect.UseAddAll" totalMilliseconds="42" invocations="105" avgMicrosecondsPerInvocation="401" maxMicrosecondsPerInvocation="4895" standardDeviationMircosecondsPerInvocation="704"/>
      <ClassProfile name="edu.umd.cs.findbugs.detect.SwitchFallthrough" totalMilliseconds="42" invocations="105" avgMicrosecondsPerInvocation="402" maxMicrosecondsPerInvocation="3696" standardDeviationMircosecondsPerInvocation="667"/>
      <ClassProfile name="edu.umd.cs.findbugs.detect.UncallableMethodOfAnonymousClass" totalMilliseconds="43" invocations="105" avgMicrosecondsPerInvocation="412" maxMicrosecondsPerInvocation="41102" standardDeviationMircosecondsPerInvocation="3990"/>
      <ClassProfile name="edu.umd.cs.findbugs.detect.FindBugsSummaryStats" totalMilliseconds="43" invocations="445" avgMicrosecondsPerInvocation="98" maxMicrosecondsPerInvocation="29053" standardDeviationMircosecondsPerInvocation="1378"/>
      <ClassProfile name="com.mebigfatguy.fbcontrib.detect.DubiousSetOfCollections" totalMilliseconds="44" invocations="105" avgMicrosecondsPerInvocation="423" maxMicrosecondsPerInvocation="20672" standardDeviationMircosecondsPerInvocation="2024"/>
      <ClassProfile name="edu.umd.cs.findbugs.detect.XMLFactoryBypass" totalMilliseconds="44" invocations="105" avgMicrosecondsPerInvocation="427" maxMicrosecondsPerInvocation="35414" standardDeviationMircosecondsPerInvocation="3433"/>
      <ClassProfile name="edu.umd.cs.findbugs.detect.FindSelfComparison" totalMilliseconds="45" invocations="105" avgMicrosecondsPerInvocation="437" maxMicrosecondsPerInvocation="8351" standardDeviationMircosecondsPerInvocation="976"/>
      <ClassProfile name="com.mebigfatguy.fbcontrib.detect.SuspiciousClusteredSessionSupport" totalMilliseconds="47" invocations="105" avgMicrosecondsPerInvocation="452" maxMicrosecondsPerInvocation="6698" standardDeviationMircosecondsPerInvocation="934"/>
      <ClassProfile name="edu.umd.cs.findbugs.detect.ReadOfInstanceFieldInMethodInvokedByConstructorInSuperclass" totalMilliseconds="47" invocations="105" avgMicrosecondsPerInvocation="453" maxMicrosecondsPerInvocation="25984" standardDeviationMircosecondsPerInvocation="2520"/>
      <ClassProfile name="com.mebigfatguy.fbcontrib.detect.ArrayBasedCollections" totalMilliseconds="49" invocations="105" avgMicrosecondsPerInvocation="474" maxMicrosecondsPerInvocation="22795" standardDeviationMircosecondsPerInvocation="2215"/>
      <ClassProfile name="com.mebigfatguy.fbcontrib.detect.LocalSynchronizedCollection" totalMilliseconds="51" invocations="105" avgMicrosecondsPerInvocation="491" maxMicrosecondsPerInvocation="11363" standardDeviationMircosecondsPerInvocation="1209"/>
      <ClassProfile name="com.mebigfatguy.fbcontrib.detect.BloatedAssignmentScope" totalMilliseconds="55" invocations="105" avgMicrosecondsPerInvocation="527" maxMicrosecondsPerInvocation="6985" standardDeviationMircosecondsPerInvocation="931"/>
      <ClassProfile name="gti.findbugs.TranslationFormatStringChecker" totalMilliseconds="56" invocations="105" avgMicrosecondsPerInvocation="534" maxMicrosecondsPerInvocation="30671" standardDeviationMircosecondsPerInvocation="2982"/>
      <ClassProfile name="edu.umd.cs.findbugs.detect.FindUncalledPrivateMethods" totalMilliseconds="56" invocations="105" avgMicrosecondsPerInvocation="535" maxMicrosecondsPerInvocation="41343" standardDeviationMircosecondsPerInvocation="4006"/>
      <ClassProfile name="edu.umd.cs.findbugs.detect.FindNullDerefsInvolvingNonShortCircuitEvaluation" totalMilliseconds="56" invocations="105" avgMicrosecondsPerInvocation="540" maxMicrosecondsPerInvocation="37055" standardDeviationMircosecondsPerInvocation="3607"/>
      <ClassProfile name="com.mebigfatguy.fbcontrib.detect.CopiedOverriddenMethod" totalMilliseconds="57" invocations="105" avgMicrosecondsPerInvocation="547" maxMicrosecondsPerInvocation="3020" standardDeviationMircosecondsPerInvocation="644"/>
      <ClassProfile name="edu.umd.cs.findbugs.detect.FindBadCast2" totalMilliseconds="58" invocations="105" avgMicrosecondsPerInvocation="561" maxMicrosecondsPerInvocation="41730" standardDeviationMircosecondsPerInvocation="4049"/>
      <ClassProfile name="com.mebigfatguy.fbcontrib.detect.ReflectionOnObjectMethods" totalMilliseconds="59" invocations="105" avgMicrosecondsPerInvocation="563" maxMicrosecondsPerInvocation="28895" standardDeviationMircosecondsPerInvocation="2810"/>
      <ClassProfile name="edu.umd.cs.findbugs.detect.NoteNonNullAnnotations" totalMilliseconds="60" invocations="445" avgMicrosecondsPerInvocation="135" maxMicrosecondsPerInvocation="33840" standardDeviationMircosecondsPerInvocation="1603"/>
      <ClassProfile name="edu.umd.cs.findbugs.detect.FindDeadLocalStores" totalMilliseconds="60" invocations="105" avgMicrosecondsPerInvocation="573" maxMicrosecondsPerInvocation="9135" standardDeviationMircosecondsPerInvocation="1155"/>
      <ClassProfile name="com.mebigfatguy.fbcontrib.detect.NeedlessMemberCollectionSynchronization" totalMilliseconds="60" invocations="105" avgMicrosecondsPerInvocation="576" maxMicrosecondsPerInvocation="48984" standardDeviationMircosecondsPerInvocation="4764"/>
      <ClassProfile name="com.mebigfatguy.fbcontrib.detect.InconsistentKeyNameCasing" totalMilliseconds="64" invocations="105" avgMicrosecondsPerInvocation="612" maxMicrosecondsPerInvocation="41444" standardDeviationMircosecondsPerInvocation="4019"/>
      <ClassProfile name="com.mebigfatguy.fbcontrib.detect.WriteOnlyCollection" totalMilliseconds="68" invocations="105" avgMicrosecondsPerInvocation="647" maxMicrosecondsPerInvocation="34317" standardDeviationMircosecondsPerInvocation="3347"/>
      <ClassProfile name="com.mebigfatguy.fbcontrib.detect.SillynessPotPourri" totalMilliseconds="68" invocations="105" avgMicrosecondsPerInvocation="653" maxMicrosecondsPerInvocation="22470" standardDeviationMircosecondsPerInvocation="2230"/>
      <ClassProfile name="edu.umd.cs.findbugs.classfile.engine.bcel.LockDataflowFactory" totalMilliseconds="68" invocations="106" avgMicrosecondsPerInvocation="646" maxMicrosecondsPerInvocation="14388" standardDeviationMircosecondsPerInvocation="1953"/>
      <ClassProfile name="com.mebigfatguy.fbcontrib.detect.PossiblyRedundantMethodCalls" totalMilliseconds="77" invocations="105" avgMicrosecondsPerInvocation="736" maxMicrosecondsPerInvocation="33233" standardDeviationMircosecondsPerInvocation="3256"/>
      <ClassProfile name="edu.umd.cs.findbugs.detect.FindNullDeref$CheckCallSitesAndReturnInstructions" totalMilliseconds="78" invocations="561" avgMicrosecondsPerInvocation="139" maxMicrosecondsPerInvocation="3055" standardDeviationMircosecondsPerInvocation="243"/>
      <ClassProfile name="edu.umd.cs.findbugs.detect.NoteJCIPAnnotation" totalMilliseconds="81" invocations="445" avgMicrosecondsPerInvocation="182" maxMicrosecondsPerInvocation="49537" standardDeviationMircosecondsPerInvocation="2345"/>
      <ClassProfile name="edu.umd.cs.findbugs.detect.NoteAnnotationRetention" totalMilliseconds="85" invocations="445" avgMicrosecondsPerInvocation="192" maxMicrosecondsPerInvocation="50317" standardDeviationMircosecondsPerInvocation="2422"/>
      <ClassProfile name="com.mebigfatguy.fbcontrib.detect.UseToArray" totalMilliseconds="85" invocations="105" avgMicrosecondsPerInvocation="818" maxMicrosecondsPerInvocation="57291" standardDeviationMircosecondsPerInvocation="5551"/>
      <ClassProfile name="edu.umd.cs.findbugs.detect.FindNullDeref" totalMilliseconds="87" invocations="105" avgMicrosecondsPerInvocation="831" maxMicrosecondsPerInvocation="28930" standardDeviationMircosecondsPerInvocation="3073"/>
      <ClassProfile name="com.mebigfatguy.fbcontrib.detect.OverlyConcreteParameter" totalMilliseconds="87" invocations="105" avgMicrosecondsPerInvocation="832" maxMicrosecondsPerInvocation="47242" standardDeviationMircosecondsPerInvocation="4574"/>
      <ClassProfile name="edu.umd.cs.findbugs.detect.FindPuzzlers" totalMilliseconds="87" invocations="105" avgMicrosecondsPerInvocation="836" maxMicrosecondsPerInvocation="46960" standardDeviationMircosecondsPerInvocation="4594"/>
      <ClassProfile name="edu.umd.cs.findbugs.detect.UnreadFields" totalMilliseconds="87" invocations="105" avgMicrosecondsPerInvocation="836" maxMicrosecondsPerInvocation="33165" standardDeviationMircosecondsPerInvocation="3259"/>
      <ClassProfile name="com.mebigfatguy.fbcontrib.detect.UseEnumCollections" totalMilliseconds="90" invocations="105" avgMicrosecondsPerInvocation="859" maxMicrosecondsPerInvocation="43689" standardDeviationMircosecondsPerInvocation="4553"/>
      <ClassProfile name="edu.umd.cs.findbugs.detect.NoteNonnullReturnValues" totalMilliseconds="91" invocations="105" avgMicrosecondsPerInvocation="870" maxMicrosecondsPerInvocation="44308" standardDeviationMircosecondsPerInvocation="4320"/>
      <ClassProfile name="com.mebigfatguy.fbcontrib.detect.FieldCouldBeLocal" totalMilliseconds="92" invocations="105" avgMicrosecondsPerInvocation="876" maxMicrosecondsPerInvocation="32032" standardDeviationMircosecondsPerInvocation="4000"/>
      <ClassProfile name="com.mebigfatguy.fbcontrib.detect.DeletingWhileIterating" totalMilliseconds="94" invocations="105" avgMicrosecondsPerInvocation="896" maxMicrosecondsPerInvocation="39746" standardDeviationMircosecondsPerInvocation="3911"/>
      <ClassProfile name="edu.umd.cs.findbugs.detect.FindRefComparison" totalMilliseconds="98" invocations="105" avgMicrosecondsPerInvocation="940" maxMicrosecondsPerInvocation="25511" standardDeviationMircosecondsPerInvocation="3184"/>
      <ClassProfile name="com.mebigfatguy.fbcontrib.detect.JDBCVendorReliance" totalMilliseconds="102" invocations="105" avgMicrosecondsPerInvocation="977" maxMicrosecondsPerInvocation="36385" standardDeviationMircosecondsPerInvocation="4621"/>
      <ClassProfile name="com.mebigfatguy.fbcontrib.detect.SpuriousThreadStates" totalMilliseconds="102" invocations="105" avgMicrosecondsPerInvocation="979" maxMicrosecondsPerInvocation="44603" standardDeviationMircosecondsPerInvocation="5529"/>
      <ClassProfile name="edu.umd.cs.findbugs.NonReportingDetectorToDetector2Adapter" totalMilliseconds="109" invocations="6440" avgMicrosecondsPerInvocation="17" maxMicrosecondsPerInvocation="11808" standardDeviationMircosecondsPerInvocation="177"/>
      <ClassProfile name="edu.umd.cs.findbugs.detect.LoadOfKnownNullValue" totalMilliseconds="137" invocations="105" avgMicrosecondsPerInvocation="1309" maxMicrosecondsPerInvocation="16631" standardDeviationMircosecondsPerInvocation="2627"/>
      <ClassProfile name="edu.umd.cs.findbugs.detect.DumbMethods" totalMilliseconds="137" invocations="105" avgMicrosecondsPerInvocation="1314" maxMicrosecondsPerInvocation="33367" standardDeviationMircosecondsPerInvocation="4781"/>
      <ClassProfile name="edu.umd.cs.findbugs.detect.FindInconsistentSync2" totalMilliseconds="138" invocations="105" avgMicrosecondsPerInvocation="1319" maxMicrosecondsPerInvocation="35707" standardDeviationMircosecondsPerInvocation="4726"/>
      <ClassProfile name="edu.umd.cs.findbugs.classfile.engine.bcel.LiveLocalStoreDataflowFactory" totalMilliseconds="145" invocations="540" avgMicrosecondsPerInvocation="269" maxMicrosecondsPerInvocation="28420" standardDeviationMircosecondsPerInvocation="1683"/>
      <ClassProfile name="edu.umd.cs.findbugs.detect.URLProblems" totalMilliseconds="146" invocations="105" avgMicrosecondsPerInvocation="1394" maxMicrosecondsPerInvocation="40619" standardDeviationMircosecondsPerInvocation="5537"/>
      <ClassProfile name="edu.umd.cs.findbugs.classfile.impl.ZipCodeBaseFactory" totalMilliseconds="160" invocations="169" avgMicrosecondsPerInvocation="950" maxMicrosecondsPerInvocation="96264" standardDeviationMircosecondsPerInvocation="7583"/>
      <ClassProfile name="edu.umd.cs.findbugs.DetectorToDetector2Adapter" totalMilliseconds="186" invocations="21550" avgMicrosecondsPerInvocation="8" maxMicrosecondsPerInvocation="52026" standardDeviationMircosecondsPerInvocation="407"/>
      <ClassProfile name="edu.umd.cs.findbugs.detect.EqualsOperandShouldHaveClassCompatibleWithThis" totalMilliseconds="236" invocations="445" avgMicrosecondsPerInvocation="530" maxMicrosecondsPerInvocation="55670" standardDeviationMircosecondsPerInvocation="2767"/>
      <ClassProfile name="edu.umd.cs.findbugs.ba.npe.TypeQualifierNullnessAnnotationDatabase" totalMilliseconds="236" invocations="7250" avgMicrosecondsPerInvocation="32" maxMicrosecondsPerInvocation="50326" standardDeviationMircosecondsPerInvocation="892"/>
      <ClassProfile name="com.mebigfatguy.fbcontrib.detect.MoreDumbMethods" totalMilliseconds="247" invocations="105" avgMicrosecondsPerInvocation="2355" maxMicrosecondsPerInvocation="48368" standardDeviationMircosecondsPerInvocation="8248"/>
      <ClassProfile name="edu.umd.cs.findbugs.classfile.engine.bcel.JavaClassAnalysisEngine" totalMilliseconds="286" invocations="566" avgMicrosecondsPerInvocation="506" maxMicrosecondsPerInvocation="52399" standardDeviationMircosecondsPerInvocation="2444"/>
      <ClassProfile name="com.mebigfatguy.fbcontrib.detect.FinalParameters" totalMilliseconds="358" invocations="105" avgMicrosecondsPerInvocation="3413" maxMicrosecondsPerInvocation="40807" standardDeviationMircosecondsPerInvocation="7703"/>
      <ClassProfile name="edu.umd.cs.findbugs.detect.ReflectiveClasses" totalMilliseconds="376" invocations="445" avgMicrosecondsPerInvocation="845" maxMicrosecondsPerInvocation="44268" standardDeviationMircosecondsPerInvocation="2999"/>
      <ClassProfile name="edu.umd.cs.findbugs.detect.CalledMethods" totalMilliseconds="404" invocations="445" avgMicrosecondsPerInvocation="908" maxMicrosecondsPerInvocation="36738" standardDeviationMircosecondsPerInvocation="2627"/>
      <ClassProfile name="edu.umd.cs.findbugs.detect.BuildObligationPolicyDatabase" totalMilliseconds="407" invocations="445" avgMicrosecondsPerInvocation="916" maxMicrosecondsPerInvocation="91721" standardDeviationMircosecondsPerInvocation="5397"/>
      <ClassProfile name="com.mebigfatguy.fbcontrib.collect.CollectStatistics" totalMilliseconds="425" invocations="445" avgMicrosecondsPerInvocation="955" maxMicrosecondsPerInvocation="30443" standardDeviationMircosecondsPerInvocation="2890"/>
      <ClassProfile name="edu.umd.cs.findbugs.classfile.engine.bcel.MethodGenFactory" totalMilliseconds="429" invocations="587" avgMicrosecondsPerInvocation="731" maxMicrosecondsPerInvocation="153671" standardDeviationMircosecondsPerInvocation="6843"/>
      <ClassProfile name="edu.umd.cs.findbugs.detect.FindFloatEquality" totalMilliseconds="437" invocations="105" avgMicrosecondsPerInvocation="4163" maxMicrosecondsPerInvocation="404938" standardDeviationMircosecondsPerInvocation="39310"/>
      <ClassProfile name="edu.umd.cs.findbugs.classfile.engine.bcel.ConstantDataflowFactory" totalMilliseconds="449" invocations="566" avgMicrosecondsPerInvocation="794" maxMicrosecondsPerInvocation="140459" standardDeviationMircosecondsPerInvocation="6706"/>
      <ClassProfile name="edu.umd.cs.findbugs.detect.OverridingEqualsNotSymmetrical" totalMilliseconds="524" invocations="445" avgMicrosecondsPerInvocation="1179" maxMicrosecondsPerInvocation="65839" standardDeviationMircosecondsPerInvocation="3847"/>
      <ClassProfile name="edu.umd.cs.findbugs.classfile.engine.bcel.CFGFactory" totalMilliseconds="552" invocations="566" avgMicrosecondsPerInvocation="975" maxMicrosecondsPerInvocation="50327" standardDeviationMircosecondsPerInvocation="3990"/>
      <ClassProfile name="edu.umd.cs.findbugs.detect.FindRefComparison$SpecialTypeAnalysis" totalMilliseconds="553" invocations="386" avgMicrosecondsPerInvocation="1434" maxMicrosecondsPerInvocation="107162" standardDeviationMircosecondsPerInvocation="6090"/>
      <ClassProfile name="edu.umd.cs.findbugs.classfile.engine.bcel.ValueNumberDataflowFactory" totalMilliseconds="837" invocations="759" avgMicrosecondsPerInvocation="1102" maxMicrosecondsPerInvocation="38972" standardDeviationMircosecondsPerInvocation="3429"/>
      <ClassProfile name="edu.umd.cs.findbugs.classfile.engine.bcel.TypeDataflowFactory" totalMilliseconds="868" invocations="571" avgMicrosecondsPerInvocation="1520" maxMicrosecondsPerInvocation="59654" standardDeviationMircosecondsPerInvocation="4915"/>
      <ClassProfile name="edu.umd.cs.findbugs.classfile.engine.ClassInfoAnalysisEngine" totalMilliseconds="932" invocations="1891" avgMicrosecondsPerInvocation="493" maxMicrosecondsPerInvocation="78275" standardDeviationMircosecondsPerInvocation="2691"/>
      <ClassProfile name="edu.umd.cs.findbugs.detect.NoteDirectlyRelevantTypeQualifiers" totalMilliseconds="989" invocations="445" avgMicrosecondsPerInvocation="2224" maxMicrosecondsPerInvocation="58176" standardDeviationMircosecondsPerInvocation="6606"/>
      <ClassProfile name="edu.umd.cs.findbugs.ba.npe.NullDerefAndRedundantComparisonFinder" totalMilliseconds="1005" invocations="561" avgMicrosecondsPerInvocation="1793" maxMicrosecondsPerInvocation="106067" standardDeviationMircosecondsPerInvocation="6814"/>
      <ClassProfile name="edu.umd.cs.findbugs.classfile.engine.ClassDataAnalysisEngine" totalMilliseconds="1172" invocations="1896" avgMicrosecondsPerInvocation="618" maxMicrosecondsPerInvocation="44498" standardDeviationMircosecondsPerInvocation="2086"/>
      <ClassProfile name="edu.umd.cs.findbugs.classfile.engine.bcel.IsNullValueDataflowFactory" totalMilliseconds="1307" invocations="566" avgMicrosecondsPerInvocation="2309" maxMicrosecondsPerInvocation="64352" standardDeviationMircosecondsPerInvocation="7133"/>
      <ClassProfile name="edu.umd.cs.findbugs.classfile.engine.bcel.UnconditionalValueDerefDataflowFactory" totalMilliseconds="1414" invocations="564" avgMicrosecondsPerInvocation="2508" maxMicrosecondsPerInvocation="346385" standardDeviationMircosecondsPerInvocation="15504"/>
      <ClassProfile name="edu.umd.cs.findbugs.detect.FieldItemSummary" totalMilliseconds="1669" invocations="445" avgMicrosecondsPerInvocation="3750" maxMicrosecondsPerInvocation="121747" standardDeviationMircosecondsPerInvocation="10802"/>
      <ClassProfile name="edu.umd.cs.findbugs.OpcodeStack$JumpInfoFactory" totalMilliseconds="1712" invocations="7293" avgMicrosecondsPerInvocation="234" maxMicrosecondsPerInvocation="52551" standardDeviationMircosecondsPerInvocation="1410"/>
    </FindBugsProfile>
  </FindBugsSummary>
  <ClassFeatures></ClassFeatures>
  <History></History>
</BugCollection>
