<?xml version="1.0" encoding="UTF-8"?>

<BugCollection version="1.3.9" sequence="0" timestamp="1282303149333" analysisTimestamp="1282303151614" release="">
  <Project projectName="">
  </Project>
  <BugInstance type="IICU_INCORRECT_INTERNAL_CLASS_USE" priority="2" abbrev="IICU" category="CORRECTNESS">
    <Class classname="Main">
      <SourceLine classname="Main" start="6" end="29" sourcefile="Main.java" sourcepath="Main.java"/>
    </Class>
    <String value="com/sun/jersey/spi/container/servlet/ServletContainer"/>
  </BugInstance>
  <BugInstance type="IICU_INCORRECT_INTERNAL_CLASS_USE" priority="2" abbrev="IICU" category="CORRECTNESS">
    <Class classname="gti.webserver.server.WebServerLocal">
      <SourceLine classname="gti.webserver.server.WebServerLocal" start="20" end="68" sourcefile="WebServerLocal.java" sourcepath="gti/webserver/server/WebServerLocal.java"/>
    </Class>
    <String value="com/sun/jersey/spi/container/servlet/ServletContainer"/>
  </BugInstance>
  <BugInstance type="URV_UNRELATED_RETURN_VALUES" priority="2" abbrev="URV" category="STYLE">
    <Class classname="gti.www.rest.resources.WebDirResource">
      <SourceLine classname="gti.www.rest.resources.WebDirResource" start="17" end="186" sourcefile="WebDirResource.java" sourcepath="gti/www/rest/resources/WebDirResource.java"/>
    </Class>
    <Method classname="gti.www.rest.resources.WebDirResource" name="getHtmlWebDirs" signature="()Ljava/lang/Object;" isStatic="false">
      <SourceLine classname="gti.www.rest.resources.WebDirResource" start="30" end="58" startBytecode="0" endBytecode="241" sourcefile="WebDirResource.java" sourcepath="gti/www/rest/resources/WebDirResource.java"/>
    </Method>
    <SourceLine classname="gti.www.rest.resources.WebDirResource" start="58" end="58" startBytecode="109" endBytecode="109" sourcefile="WebDirResource.java" sourcepath="gti/www/rest/resources/WebDirResource.java"/>
    <SourceLine classname="gti.www.rest.resources.WebDirResource" start="54" end="54" startBytecode="104" endBytecode="104" sourcefile="WebDirResource.java" sourcepath="gti/www/rest/resources/WebDirResource.java"/>
  </BugInstance>
  <Errors errors="0" missingClasses="0"></Errors>
  <FindBugsSummary timestamp="Fri, 20 Aug 2010 13:19:09 +0200" total_classes="10" referenced_classes="128" total_bugs="3" total_size="183" num_packages="6" vm_version="17.0-b16" cpu_seconds="18.27" clock_seconds="9.79" peak_mbytes="104.07" alloc_mbytes="439.12" gc_seconds="0.23" priority_2="3">
    <PackageStats package="" total_bugs="1" total_types="1" total_size="12" priority_2="1">
      <ClassStats class="Main" sourceFile="Main.java" interface="false" size="12" bugs="1" priority_2="1"/>
    </PackageStats>
    <PackageStats package="gti.module" total_bugs="0" total_types="1" total_size="10">
      <ClassStats class="gti.module.WebServerModule" sourceFile="WebServerModule.java" interface="false" size="10" bugs="0"/>
    </PackageStats>
    <PackageStats package="gti.webserver" total_bugs="0" total_types="1" total_size="10">
      <ClassStats class="gti.webserver.WebServerModuleInterface" sourceFile="WebServerModuleInterface.java" interface="false" size="10" bugs="0"/>
    </PackageStats>
    <PackageStats package="gti.webserver.server" total_bugs="1" total_types="2" total_size="29" priority_2="1">
      <ClassStats class="gti.webserver.server.WebServer" sourceFile="WebServer.java" interface="false" size="7" bugs="0"/>
      <ClassStats class="gti.webserver.server.WebServerLocal" sourceFile="WebServerLocal.java" interface="false" size="22" bugs="1" priority_2="1"/>
    </PackageStats>
    <PackageStats package="gti.webserver.server.servlet" total_bugs="0" total_types="3" total_size="60">
      <ClassStats class="gti.webserver.server.servlet.DatabaseFilter" sourceFile="DatabaseFilter.java" interface="false" size="14" bugs="0"/>
      <ClassStats class="gti.webserver.server.servlet.LogFilter" sourceFile="LogFilter.java" interface="false" size="16" bugs="0"/>
      <ClassStats class="gti.webserver.server.servlet.TranslateFilter" sourceFile="TranslateFilter.java" interface="false" size="30" bugs="0"/>
    </PackageStats>
    <PackageStats package="gti.www.rest.resources" total_bugs="1" total_types="2" total_size="62" priority_2="1">
      <ClassStats class="gti.www.rest.resources.WebDirResource" sourceFile="WebDirResource.java" interface="false" size="45" bugs="1" priority_2="1"/>
      <ClassStats class="gti.www.rest.resources.WebDirResource$1" sourceFile="WebDirResource.java" interface="false" size="17" bugs="0"/>
    </PackageStats>
    <FindBugsProfile>
      <ClassProfile name="com.mebigfatguy.fbcontrib.detect.MoreDumbMethods" totalMilliseconds="11" invocations="10" avgMicrosecondsPerInvocation="1162" maxMicrosecondsPerInvocation="3046" standardDeviationMircosecondsPerInvocation="906"/>
      <ClassProfile name="edu.umd.cs.findbugs.detect.NoteSuppressedWarnings" totalMilliseconds="13" invocations="128" avgMicrosecondsPerInvocation="108" maxMicrosecondsPerInvocation="1237" standardDeviationMircosecondsPerInvocation="186"/>
      <ClassProfile name="edu.umd.cs.findbugs.detect.FindDeadLocalStores" totalMilliseconds="14" invocations="10" avgMicrosecondsPerInvocation="1403" maxMicrosecondsPerInvocation="5118" standardDeviationMircosecondsPerInvocation="1602"/>
      <ClassProfile name="edu.umd.cs.findbugs.ba.npe.TypeQualifierNullnessAnnotationDatabase" totalMilliseconds="14" invocations="294" avgMicrosecondsPerInvocation="48" maxMicrosecondsPerInvocation="4294" standardDeviationMircosecondsPerInvocation="272"/>
      <ClassProfile name="edu.umd.cs.findbugs.detect.LoadOfKnownNullValue" totalMilliseconds="14" invocations="10" avgMicrosecondsPerInvocation="1450" maxMicrosecondsPerInvocation="3563" standardDeviationMircosecondsPerInvocation="1055"/>
      <ClassProfile name="edu.umd.cs.findbugs.detect.NumberConstructor" totalMilliseconds="26" invocations="10" avgMicrosecondsPerInvocation="2619" maxMicrosecondsPerInvocation="21250" standardDeviationMircosecondsPerInvocation="6238"/>
      <ClassProfile name="edu.umd.cs.findbugs.classfile.engine.bcel.LiveLocalStoreDataflowFactory" totalMilliseconds="28" invocations="36" avgMicrosecondsPerInvocation="792" maxMicrosecondsPerInvocation="4283" standardDeviationMircosecondsPerInvocation="919"/>
      <ClassProfile name="edu.umd.cs.findbugs.NonReportingDetectorToDetector2Adapter" totalMilliseconds="31" invocations="1812" avgMicrosecondsPerInvocation="17" maxMicrosecondsPerInvocation="794" standardDeviationMircosecondsPerInvocation="19"/>
      <ClassProfile name="edu.umd.cs.findbugs.DetectorToDetector2Adapter" totalMilliseconds="34" invocations="2138" avgMicrosecondsPerInvocation="16" maxMicrosecondsPerInvocation="116" standardDeviationMircosecondsPerInvocation="7"/>
      <ClassProfile name="edu.umd.cs.findbugs.detect.FindBugsSummaryStats" totalMilliseconds="37" invocations="128" avgMicrosecondsPerInvocation="292" maxMicrosecondsPerInvocation="32731" standardDeviationMircosecondsPerInvocation="2886"/>
      <ClassProfile name="edu.umd.cs.findbugs.classfile.engine.bcel.ConstantDataflowFactory" totalMilliseconds="41" invocations="37" avgMicrosecondsPerInvocation="1129" maxMicrosecondsPerInvocation="7183" standardDeviationMircosecondsPerInvocation="1428"/>
      <ClassProfile name="edu.umd.cs.findbugs.detect.FindInconsistentSync2" totalMilliseconds="44" invocations="10" avgMicrosecondsPerInvocation="4404" maxMicrosecondsPerInvocation="36753" standardDeviationMircosecondsPerInvocation="10798"/>
      <ClassProfile name="com.mebigfatguy.fbcontrib.detect.ImproperPropertiesUse" totalMilliseconds="55" invocations="10" avgMicrosecondsPerInvocation="5535" maxMicrosecondsPerInvocation="52596" standardDeviationMircosecondsPerInvocation="15688"/>
      <ClassProfile name="edu.umd.cs.findbugs.classfile.engine.bcel.MethodFactory" totalMilliseconds="56" invocations="109" avgMicrosecondsPerInvocation="520" maxMicrosecondsPerInvocation="49896" standardDeviationMircosecondsPerInvocation="4752"/>
      <ClassProfile name="edu.umd.cs.findbugs.detect.NoteNonnullReturnValues" totalMilliseconds="56" invocations="10" avgMicrosecondsPerInvocation="5696" maxMicrosecondsPerInvocation="52292" standardDeviationMircosecondsPerInvocation="15541"/>
      <ClassProfile name="com.mebigfatguy.fbcontrib.detect.FinalParameters" totalMilliseconds="62" invocations="10" avgMicrosecondsPerInvocation="6209" maxMicrosecondsPerInvocation="26831" standardDeviationMircosecondsPerInvocation="8811"/>
      <ClassProfile name="edu.umd.cs.findbugs.detect.FindRefComparison$SpecialTypeAnalysis" totalMilliseconds="62" invocations="29" avgMicrosecondsPerInvocation="2165" maxMicrosecondsPerInvocation="13144" standardDeviationMircosecondsPerInvocation="2559"/>
      <ClassProfile name="edu.umd.cs.findbugs.ba.npe.NullDerefAndRedundantComparisonFinder" totalMilliseconds="91" invocations="36" avgMicrosecondsPerInvocation="2539" maxMicrosecondsPerInvocation="13435" standardDeviationMircosecondsPerInvocation="3086"/>
      <ClassProfile name="edu.umd.cs.findbugs.classfile.engine.asm.ClassReaderAnalysisEngine" totalMilliseconds="96" invocations="736" avgMicrosecondsPerInvocation="130" maxMicrosecondsPerInvocation="65229" standardDeviationMircosecondsPerInvocation="2512"/>
      <ClassProfile name="edu.umd.cs.findbugs.classfile.engine.bcel.MethodGenFactory" totalMilliseconds="99" invocations="37" avgMicrosecondsPerInvocation="2685" maxMicrosecondsPerInvocation="75816" standardDeviationMircosecondsPerInvocation="12218"/>
      <ClassProfile name="edu.umd.cs.findbugs.detect.EqualsOperandShouldHaveClassCompatibleWithThis" totalMilliseconds="107" invocations="128" avgMicrosecondsPerInvocation="836" maxMicrosecondsPerInvocation="26781" standardDeviationMircosecondsPerInvocation="2521"/>
      <ClassProfile name="edu.umd.cs.findbugs.classfile.engine.bcel.CFGFactory" totalMilliseconds="113" invocations="37" avgMicrosecondsPerInvocation="3058" maxMicrosecondsPerInvocation="78469" standardDeviationMircosecondsPerInvocation="12627"/>
      <ClassProfile name="edu.umd.cs.findbugs.classfile.engine.bcel.UnconditionalValueDerefDataflowFactory" totalMilliseconds="126" invocations="37" avgMicrosecondsPerInvocation="3415" maxMicrosecondsPerInvocation="16959" standardDeviationMircosecondsPerInvocation="4193"/>
      <ClassProfile name="edu.umd.cs.findbugs.classfile.engine.bcel.IsNullValueDataflowFactory" totalMilliseconds="127" invocations="37" avgMicrosecondsPerInvocation="3438" maxMicrosecondsPerInvocation="20291" standardDeviationMircosecondsPerInvocation="4490"/>
      <ClassProfile name="edu.umd.cs.findbugs.classfile.engine.bcel.ValueNumberDataflowFactory" totalMilliseconds="148" invocations="52" avgMicrosecondsPerInvocation="2849" maxMicrosecondsPerInvocation="55296" standardDeviationMircosecondsPerInvocation="7727"/>
      <ClassProfile name="edu.umd.cs.findbugs.detect.CalledMethods" totalMilliseconds="168" invocations="128" avgMicrosecondsPerInvocation="1314" maxMicrosecondsPerInvocation="33936" standardDeviationMircosecondsPerInvocation="4137"/>
      <ClassProfile name="edu.umd.cs.findbugs.detect.ReflectiveClasses" totalMilliseconds="169" invocations="128" avgMicrosecondsPerInvocation="1326" maxMicrosecondsPerInvocation="54587" standardDeviationMircosecondsPerInvocation="6163"/>
      <ClassProfile name="com.mebigfatguy.fbcontrib.collect.CollectStatistics" totalMilliseconds="203" invocations="128" avgMicrosecondsPerInvocation="1591" maxMicrosecondsPerInvocation="54445" standardDeviationMircosecondsPerInvocation="6417"/>
      <ClassProfile name="edu.umd.cs.findbugs.detect.BuildObligationPolicyDatabase" totalMilliseconds="223" invocations="128" avgMicrosecondsPerInvocation="1744" maxMicrosecondsPerInvocation="41720" standardDeviationMircosecondsPerInvocation="5829"/>
      <ClassProfile name="edu.umd.cs.findbugs.classfile.impl.ZipCodeBaseFactory" totalMilliseconds="228" invocations="169" avgMicrosecondsPerInvocation="1352" maxMicrosecondsPerInvocation="102992" standardDeviationMircosecondsPerInvocation="8532"/>
      <ClassProfile name="edu.umd.cs.findbugs.classfile.engine.bcel.JavaClassAnalysisEngine" totalMilliseconds="255" invocations="199" avgMicrosecondsPerInvocation="1285" maxMicrosecondsPerInvocation="54514" standardDeviationMircosecondsPerInvocation="6242"/>
      <ClassProfile name="edu.umd.cs.findbugs.classfile.engine.bcel.TypeDataflowFactory" totalMilliseconds="341" invocations="38" avgMicrosecondsPerInvocation="8985" maxMicrosecondsPerInvocation="201883" standardDeviationMircosecondsPerInvocation="33381"/>
      <ClassProfile name="edu.umd.cs.findbugs.detect.OverridingEqualsNotSymmetrical" totalMilliseconds="370" invocations="128" avgMicrosecondsPerInvocation="2894" maxMicrosecondsPerInvocation="51329" standardDeviationMircosecondsPerInvocation="7908"/>
      <ClassProfile name="edu.umd.cs.findbugs.detect.NoteDirectlyRelevantTypeQualifiers" totalMilliseconds="453" invocations="128" avgMicrosecondsPerInvocation="3541" maxMicrosecondsPerInvocation="60478" standardDeviationMircosecondsPerInvocation="9591"/>
      <ClassProfile name="edu.umd.cs.findbugs.classfile.engine.ClassDataAnalysisEngine" totalMilliseconds="523" invocations="843" avgMicrosecondsPerInvocation="621" maxMicrosecondsPerInvocation="39807" standardDeviationMircosecondsPerInvocation="2341"/>
      <ClassProfile name="edu.umd.cs.findbugs.detect.FieldItemSummary" totalMilliseconds="789" invocations="128" avgMicrosecondsPerInvocation="6171" maxMicrosecondsPerInvocation="123462" standardDeviationMircosecondsPerInvocation="15699"/>
      <ClassProfile name="edu.umd.cs.findbugs.classfile.engine.ClassInfoAnalysisEngine" totalMilliseconds="966" invocations="836" avgMicrosecondsPerInvocation="1156" maxMicrosecondsPerInvocation="57275" standardDeviationMircosecondsPerInvocation="4332"/>
      <ClassProfile name="edu.umd.cs.findbugs.OpcodeStack$JumpInfoFactory" totalMilliseconds="998" invocations="1809" avgMicrosecondsPerInvocation="552" maxMicrosecondsPerInvocation="55795" standardDeviationMircosecondsPerInvocation="3156"/>
    </FindBugsProfile>
  </FindBugsSummary>
  <ClassFeatures></ClassFeatures>
  <History></History>
</BugCollection>
