<?xml version="1.0" encoding="UTF-8"?><InteractionHistory Id="http://issues.hudson-ci.org-135656" Version="1"><InteractionEvent Delta="null" EndDate="2010-03-31 10:42:00.346 CEST" Interest="1.0" Kind="propagation" Navigation="org.eclipse.mylyn.core.model.edges.containment" OriginId="org.eclipse.mylyn.core.model.interest.propagation" StartDate="2010-03-31 10:42:00.346 CEST" StructureHandle="/org.jvnet.hudson.plugins.clearcase/src/main/java/hudson/plugins" StructureKind="resource"/><InteractionEvent Delta="null" EndDate="2010-03-31 10:44:23.283 CEST" Interest="1.0" Kind="propagation" Navigation="org.eclipse.mylyn.core.model.edges.containment" OriginId="org.eclipse.mylyn.core.model.interest.propagation" StartDate="2010-03-31 10:44:23.283 CEST" StructureHandle="/org.jvnet.hudson.plugins.clearcase/src/main/java/hudson/plugins" StructureKind="resource"/><InteractionEvent Delta="null" EndDate="2010-03-31 10:42:01.174 CEST" Interest="0.7000427" Kind="propagation" Navigation="org.eclipse.mylyn.core.model.edges.containment" OriginId="org.eclipse.mylyn.core.model.interest.propagation" StartDate="2010-03-31 10:42:01.174 CEST" StructureHandle="=org.jvnet.hudson.plugins.clearcase/src\/main\/java" StructureKind="java"/><InteractionEvent Delta="null" EndDate="2010-03-31 10:42:45.314 CEST" Interest="1.0" Kind="propagation" Navigation="org.eclipse.mylyn.core.model.edges.containment" OriginId="org.eclipse.mylyn.core.model.interest.propagation" StartDate="2010-03-31 10:42:45.314 CEST" StructureHandle="/org.jvnet.hudson.plugins.clearcase/src/main/java/hudson/plugins" StructureKind="resource"/><InteractionEvent Delta="null" EndDate="2010-03-31 10:42:51.814 CEST" Interest="1.0" Kind="propagation" Navigation="org.eclipse.mylyn.core.model.edges.containment" OriginId="org.eclipse.mylyn.core.model.interest.propagation" StartDate="2010-03-31 10:42:51.814 CEST" StructureHandle="/org.jvnet.hudson.plugins.clearcase/src/main/java/hudson/plugins" StructureKind="resource"/><InteractionEvent Delta="null" EndDate="2010-03-31 10:42:04.846 CEST" Interest="0.69999695" Kind="propagation" Navigation="org.eclipse.mylyn.core.model.edges.containment" OriginId="org.eclipse.mylyn.core.model.interest.propagation" StartDate="2010-03-31 10:42:04.846 CEST" StructureHandle="=org.jvnet.hudson.plugins.clearcase/src\/main\/java&amp;lt;hudson.plugins.clearcase{ClearToolExec.java[ClearToolExec" StructureKind="java"/><InteractionEvent Delta="null" EndDate="2010-03-31 10:42:02.533 CEST" Interest="1.0000005" Kind="propagation" Navigation="org.eclipse.mylyn.core.model.edges.containment" OriginId="org.eclipse.mylyn.core.model.interest.propagation" StartDate="2010-03-31 10:42:02.533 CEST" StructureHandle="/org.jvnet.hudson.plugins.clearcase/src" StructureKind="resource"/><InteractionEvent Delta="null" EndDate="2010-03-31 10:41:44.799 CEST" Interest="1.0000001" Kind="propagation" Navigation="org.eclipse.mylyn.core.model.edges.containment" OriginId="org.eclipse.mylyn.core.model.interest.propagation" StartDate="2010-03-31 10:41:44.799 CEST" StructureHandle="/org.jvnet.hudson.plugins.clearcase/src/main/java/hudson/plugins" StructureKind="resource"/><InteractionEvent Delta="null" EndDate="2010-03-31 10:42:44.674 CEST" Interest="1.0" Kind="propagation" Navigation="org.eclipse.mylyn.core.model.edges.containment" OriginId="org.eclipse.mylyn.core.model.interest.propagation" StartDate="2010-03-31 10:42:44.674 CEST" StructureHandle="=org.jvnet.hudson.plugins.clearcase/src\/main\/java&amp;lt;hudson.plugins.clearcase{ClearToolExec.java" StructureKind="java"/><InteractionEvent Delta="null" EndDate="2010-03-31 10:41:44.799 CEST" Interest="0.01700002" Kind="propagation" Navigation="org.eclipse.mylyn.core.model.edges.containment" OriginId="org.eclipse.mylyn.core.model.interest.propagation" StartDate="2010-03-31 10:41:44.799 CEST" StructureHandle="=org.jvnet.hudson.plugins.clearcase/src\/main\/java&amp;lt;hudson.plugins.clearcase{ClearToolExec.java[ClearToolExec" StructureKind="java"/><InteractionEvent Delta="null" EndDate="2010-03-31 10:42:00.346 CEST" Interest="1.0" Kind="propagation" Navigation="org.eclipse.mylyn.core.model.edges.containment" OriginId="org.eclipse.mylyn.core.model.interest.propagation" StartDate="2010-03-31 10:42:00.346 CEST" StructureHandle="/org.jvnet.hudson.plugins.clearcase/src/main/java/hudson/plugins/clearcase" StructureKind="resource"/><InteractionEvent Delta="null" EndDate="2010-03-31 10:41:40.892 CEST" Interest="0.31700003" Kind="propagation" Navigation="org.eclipse.mylyn.core.model.edges.containment" OriginId="org.eclipse.mylyn.core.model.interest.propagation" StartDate="2010-03-31 10:41:40.892 CEST" StructureHandle="=org.jvnet.hudson.plugins.clearcase/src\/main\/java&amp;lt;hudson.plugins.clearcase" StructureKind="java"/><InteractionEvent Delta="null" EndDate="2010-03-31 10:42:58.424 CEST" Interest="1.0" Kind="selection" Navigation="null" OriginId="org.eclipse.jdt.ui.PackageExplorer" StartDate="2010-03-31 10:42:58.424 CEST" StructureHandle="=org.jvnet.hudson.plugins.clearcase/src\/main\/java&amp;lt;hudson.plugins.clearcase{ClearToolExec.java[ClearToolExec~doesViewExist~QString;" StructureKind="java"/><InteractionEvent Delta="null" EndDate="2010-03-31 10:42:51.814 CEST" Interest="1.0000153" Kind="propagation" Navigation="org.eclipse.mylyn.core.model.edges.containment" OriginId="org.eclipse.mylyn.core.model.interest.propagation" StartDate="2010-03-31 10:42:51.814 CEST" StructureHandle="=org.jvnet.hudson.plugins.clearcase/src\/main\/java&amp;lt;hudson.plugins.clearcase{ClearToolExec.java[ClearToolExec" StructureKind="java"/><InteractionEvent Delta="null" EndDate="2010-03-31 10:41:51.142 CEST" Interest="1.0" Kind="selection" Navigation="null" OriginId="org.eclipse.jdt.ui.CompilationUnitEditor" StartDate="2010-03-31 10:41:51.142 CEST" StructureHandle="=org.jvnet.hudson.plugins.clearcase/src\/main\/java&amp;lt;hudson.plugins.clearcase{ClearToolExec.java[ClearToolExec~doesViewExist~QString;" StructureKind="java"/><InteractionEvent Delta="null" EndDate="2010-03-31 10:42:44.674 CEST" Interest="1.0" Kind="propagation" Navigation="org.eclipse.mylyn.core.model.edges.containment" OriginId="org.eclipse.mylyn.core.model.interest.propagation" StartDate="2010-03-31 10:42:44.674 CEST" StructureHandle="/org.jvnet.hudson.plugins.clearcase/src/main/java/hudson" StructureKind="resource"/><InteractionEvent Delta="null" EndDate="2010-03-31 10:41:52.814 CEST" Interest="1.0000002" Kind="propagation" Navigation="org.eclipse.mylyn.core.model.edges.containment" OriginId="org.eclipse.mylyn.core.model.interest.propagation" StartDate="2010-03-31 10:41:52.814 CEST" StructureHandle="=org.jvnet.hudson.plugins.clearcase" StructureKind="resource"/><InteractionEvent Delta="null" EndDate="2010-03-31 10:41:52.814 CEST" Interest="0.983" Kind="propagation" Navigation="org.eclipse.mylyn.core.model.edges.containment" OriginId="org.eclipse.mylyn.core.model.interest.propagation" StartDate="2010-03-31 10:41:52.814 CEST" StructureHandle="=org.jvnet.hudson.plugins.clearcase/src\/main\/java&amp;lt;hudson.plugins.clearcase{ClearToolExec.java[ClearToolExec" StructureKind="java"/><InteractionEvent Delta="null" EndDate="2010-03-31 10:42:51.814 CEST" Interest="1.0" Kind="propagation" Navigation="org.eclipse.mylyn.core.model.edges.containment" OriginId="org.eclipse.mylyn.core.model.interest.propagation" StartDate="2010-03-31 10:42:51.814 CEST" StructureHandle="=org.jvnet.hudson.plugins.clearcase" StructureKind="resource"/><InteractionEvent Delta="null" EndDate="2010-03-31 10:41:52.814 CEST" Interest="0.983" Kind="propagation" Navigation="org.eclipse.mylyn.core.model.edges.containment" OriginId="org.eclipse.mylyn.core.model.interest.propagation" StartDate="2010-03-31 10:41:52.814 CEST" StructureHandle="=org.jvnet.hudson.plugins.clearcase/src\/main\/java" StructureKind="java"/><InteractionEvent Delta="null" EndDate="2010-03-31 10:41:51.142 CEST" Interest="1.0" Kind="propagation" Navigation="org.eclipse.mylyn.core.model.edges.containment" OriginId="org.eclipse.mylyn.core.model.interest.propagation" StartDate="2010-03-31 10:41:51.142 CEST" StructureHandle="=org.jvnet.hudson.plugins.clearcase" StructureKind="resource"/><InteractionEvent Delta="null" EndDate="2010-03-31 10:41:57.33 CEST" Interest="0.017000198" Kind="propagation" Navigation="org.eclipse.mylyn.core.model.edges.containment" OriginId="org.eclipse.mylyn.core.model.interest.propagation" StartDate="2010-03-31 10:41:57.33 CEST" StructureHandle="=org.jvnet.hudson.plugins.clearcase/src\/main\/java" StructureKind="java"/><InteractionEvent Delta="null" EndDate="2010-03-31 10:42:02.533 CEST" Interest="1.0" Kind="edit" Navigation="null" OriginId="org.eclipse.jdt.ui.CompilationUnitEditor" StartDate="2010-03-31 10:42:02.533 CEST" StructureHandle="=org.jvnet.hudson.plugins.clearcase/src\/main\/java&amp;lt;hudson.plugins.clearcase{ClearToolExec.java[ClearToolExec~doesViewExist~QString;" StructureKind="java"/><InteractionEvent Delta="null" EndDate="2010-03-31 10:41:40.892 CEST" Interest="1.0" Kind="propagation" Navigation="org.eclipse.mylyn.core.model.edges.containment" OriginId="org.eclipse.mylyn.core.model.interest.propagation" StartDate="2010-03-31 10:41:40.892 CEST" StructureHandle="/org.jvnet.hudson.plugins.clearcase/src/main" StructureKind="resource"/><InteractionEvent Delta="null" EndDate="2010-03-31 10:42:02.533 CEST" Interest="1.0000005" Kind="propagation" Navigation="org.eclipse.mylyn.core.model.edges.containment" OriginId="org.eclipse.mylyn.core.model.interest.propagation" StartDate="2010-03-31 10:42:02.533 CEST" StructureHandle="/org.jvnet.hudson.plugins.clearcase/src/main/java" StructureKind="resource"/><InteractionEvent Delta="null" EndDate="2010-03-31 10:41:51.142 CEST" Interest="1.0" Kind="propagation" Navigation="org.eclipse.mylyn.core.model.edges.containment" OriginId="org.eclipse.mylyn.core.model.interest.propagation" StartDate="2010-03-31 10:41:51.142 CEST" StructureHandle="/org.jvnet.hudson.plugins.clearcase/src" StructureKind="resource"/><InteractionEvent Delta="null" EndDate="2010-03-31 10:42:51.814 CEST" Interest="1.0" Kind="propagation" Navigation="null" OriginId="org.eclipse.jdt.ui.CompilationUnitEditor" StartDate="2010-03-31 10:42:51.814 CEST" StructureHandle="/org.jvnet.hudson.plugins.clearcase/src/main/java/hudson/plugins/clearcase/ClearToolExec.java" StructureKind="resource"/><InteractionEvent Delta="null" EndDate="2010-03-31 10:41:40.111 CEST" Interest="1.0" Kind="propagation" Navigation="org.eclipse.mylyn.core.model.edges.containment" OriginId="org.eclipse.mylyn.core.model.interest.propagation" StartDate="2010-03-31 10:41:40.111 CEST" StructureHandle="=org.jvnet.hudson.plugins.clearcase" StructureKind="resource"/><InteractionEvent Delta="null" EndDate="2010-03-31 10:42:05.955 CEST" Interest="1.0" Kind="propagation" Navigation="org.eclipse.mylyn.core.model.edges.containment" OriginId="org.eclipse.mylyn.core.model.interest.propagation" StartDate="2010-03-31 10:42:05.955 CEST" StructureHandle="/org.jvnet.hudson.plugins.clearcase/src/main" StructureKind="resource"/><InteractionEvent Delta="null" EndDate="2010-03-31 10:44:23.283 CEST" Interest="1.0" Kind="propagation" Navigation="null" OriginId="org.eclipse.jdt.ui.CompilationUnitEditor" StartDate="2010-03-31 10:44:23.283 CEST" StructureHandle="/org.jvnet.hudson.plugins.clearcase/src/main/java/hudson/plugins/clearcase/ClearToolExec.java" StructureKind="resource"/><InteractionEvent Delta="null" EndDate="2010-03-31 10:42:45.174 CEST" Interest="1.0" Kind="propagation" Navigation="org.eclipse.mylyn.core.model.edges.containment" OriginId="org.eclipse.mylyn.core.model.interest.propagation" StartDate="2010-03-31 10:42:45.174 CEST" StructureHandle="=org.jvnet.hudson.plugins.clearcase/src\/main\/java" StructureKind="java"/><InteractionEvent Delta="null" EndDate="2010-03-31 10:42:05.955 CEST" Interest="0.69999695" Kind="propagation" Navigation="org.eclipse.mylyn.core.model.edges.containment" OriginId="org.eclipse.mylyn.core.model.interest.propagation" StartDate="2010-03-31 10:42:05.955 CEST" StructureHandle="=org.jvnet.hudson.plugins.clearcase/src\/main\/java" StructureKind="java"/><InteractionEvent Delta="null" EndDate="2010-03-31 10:41:57.33 CEST" Interest="1.0" Kind="propagation" Navigation="org.eclipse.mylyn.core.model.edges.containment" OriginId="org.eclipse.mylyn.core.model.interest.propagation" StartDate="2010-03-31 10:41:57.33 CEST" StructureHandle="/org.jvnet.hudson.plugins.clearcase/src" StructureKind="resource"/><InteractionEvent Delta="null" EndDate="2010-03-31 10:41:40.892 CEST" Interest="1.0" Kind="propagation" Navigation="org.eclipse.mylyn.core.model.edges.containment" OriginId="org.eclipse.mylyn.core.model.interest.propagation" StartDate="2010-03-31 10:41:40.892 CEST" StructureHandle="=org.jvnet.hudson.plugins.clearcase" StructureKind="resource"/><InteractionEvent Delta="null" EndDate="2010-03-31 10:42:02.533 CEST" Interest="1.0000005" Kind="propagation" Navigation="org.eclipse.mylyn.core.model.edges.containment" OriginId="org.eclipse.mylyn.core.model.interest.propagation" StartDate="2010-03-31 10:42:02.533 CEST" StructureHandle="/" StructureKind="resource"/><InteractionEvent Delta="null" EndDate="2010-03-31 10:43:05.736 CEST" Interest="1.0" Kind="propagation" Navigation="org.eclipse.mylyn.core.model.edges.containment" OriginId="org.eclipse.mylyn.core.model.interest.propagation" StartDate="2010-03-31 10:43:05.736 CEST" StructureHandle="/org.jvnet.hudson.plugins.clearcase/src/main/java" StructureKind="resource"/><InteractionEvent Delta="null" EndDate="2010-03-31 10:41:52.814 CEST" Interest="1.0000002" Kind="propagation" Navigation="org.eclipse.mylyn.core.model.edges.containment" OriginId="org.eclipse.mylyn.core.model.interest.propagation" StartDate="2010-03-31 10:41:52.814 CEST" StructureHandle="/org.jvnet.hudson.plugins.clearcase/src/main/java/hudson/plugins" StructureKind="resource"/><InteractionEvent Delta="null" EndDate="2010-03-31 10:42:00.346 CEST" Interest="1.0" Kind="propagation" Navigation="org.eclipse.mylyn.core.model.edges.containment" OriginId="org.eclipse.mylyn.core.model.interest.propagation" StartDate="2010-03-31 10:42:00.346 CEST" StructureHandle="/org.jvnet.hudson.plugins.clearcase/src" StructureKind="resource"/><InteractionEvent Delta="null" EndDate="2010-03-31 10:41:52.814 CEST" Interest="1.0000002" Kind="propagation" Navigation="org.eclipse.mylyn.core.model.edges.containment" OriginId="org.eclipse.mylyn.core.model.interest.propagation" StartDate="2010-03-31 10:41:52.814 CEST" StructureHandle="/org.jvnet.hudson.plugins.clearcase/src/main" StructureKind="resource"/><InteractionEvent Delta="null" EndDate="2010-03-31 10:42:58.424 CEST" Interest="1.000001" Kind="propagation" Navigation="org.eclipse.mylyn.core.model.edges.containment" OriginId="org.eclipse.mylyn.core.model.interest.propagation" StartDate="2010-03-31 10:42:58.424 CEST" StructureHandle="/org.jvnet.hudson.plugins.clearcase/src/main/java/hudson/plugins/clearcase" StructureKind="resource"/><InteractionEvent Delta="null" EndDate="2010-03-31 10:42:44.674 CEST" Interest="1.0" Kind="propagation" Navigation="org.eclipse.mylyn.core.model.edges.containment" OriginId="org.eclipse.mylyn.core.model.interest.propagation" StartDate="2010-03-31 10:42:44.674 CEST" StructureHandle="/org.jvnet.hudson.plugins.clearcase/src/main" StructureKind="resource"/><InteractionEvent Delta="null" EndDate="2010-03-31 10:41:51.142 CEST" Interest="1.0" Kind="propagation" Navigation="org.eclipse.mylyn.core.model.edges.containment" OriginId="org.eclipse.mylyn.core.model.interest.propagation" StartDate="2010-03-31 10:41:51.142 CEST" StructureHandle="/org.jvnet.hudson.plugins.clearcase/src/main/java/hudson/plugins" StructureKind="resource"/><InteractionEvent Delta="null" EndDate="2010-03-31 10:41:57.33 CEST" Interest="1.0" Kind="propagation" Navigation="org.eclipse.mylyn.core.model.edges.containment" OriginId="org.eclipse.mylyn.core.model.interest.propagation" StartDate="2010-03-31 10:41:57.33 CEST" StructureHandle="=org.jvnet.hudson.plugins.clearcase" StructureKind="resource"/><InteractionEvent Delta="null" EndDate="2010-03-31 10:42:45.314 CEST" Interest="1.0" Kind="propagation" Navigation="org.eclipse.mylyn.core.model.edges.containment" OriginId="org.eclipse.mylyn.core.model.interest.propagation" StartDate="2010-03-31 10:42:45.314 CEST" StructureHandle="=org.jvnet.hudson.plugins.clearcase/src\/main\/java&amp;lt;hudson.plugins.clearcase" StructureKind="java"/><InteractionEvent Delta="null" EndDate="2010-03-31 10:44:22.752 CEST" Interest="0.69999695" Kind="propagation" Navigation="org.eclipse.mylyn.core.model.edges.containment" OriginId="org.eclipse.mylyn.core.model.interest.propagation" StartDate="2010-03-31 10:44:22.752 CEST" StructureHandle="=org.jvnet.hudson.plugins.clearcase/src\/main\/java&amp;lt;hudson.plugins.clearcase{ClearToolExec.java" StructureKind="java"/><InteractionEvent Delta="null" EndDate="2010-03-31 10:42:01.174 CEST" Interest="1.0" Kind="edit" Navigation="null" OriginId="org.eclipse.jdt.ui.CompilationUnitEditor" StartDate="2010-03-31 10:42:01.174 CEST" StructureHandle="=org.jvnet.hudson.plugins.clearcase/src\/main\/java&amp;lt;hudson.plugins.clearcase{ClearToolExec.java[ClearToolExec~doesViewExist~QString;" StructureKind="java"/><InteractionEvent Delta="null" EndDate="2010-03-31 10:41:57.33 CEST" Interest="1.0" Kind="propagation" Navigation="org.eclipse.mylyn.core.model.edges.containment" OriginId="org.eclipse.mylyn.core.model.interest.propagation" StartDate="2010-03-31 10:41:57.33 CEST" StructureHandle="/org.jvnet.hudson.plugins.clearcase/src/main/java/hudson" StructureKind="resource"/><InteractionEvent Delta="null" EndDate="2010-03-31 10:42:05.955 CEST" Interest="0.69999695" Kind="propagation" Navigation="org.eclipse.mylyn.core.model.edges.containment" OriginId="org.eclipse.mylyn.core.model.interest.propagation" StartDate="2010-03-31 10:42:05.955 CEST" StructureHandle="=org.jvnet.hudson.plugins.clearcase/src\/main\/java&amp;lt;hudson.plugins.clearcase{ClearToolExec.java[ClearToolExec" StructureKind="java"/><InteractionEvent Delta="null" EndDate="2010-03-31 10:42:51.658 CEST" Interest="1.0" Kind="selection" Navigation="null" OriginId="org.eclipse.jdt.ui.CompilationUnitEditor" StartDate="2010-03-31 10:42:51.658 CEST" StructureHandle="=org.jvnet.hudson.plugins.clearcase/src\/main\/java&amp;lt;hudson.plugins.clearcase{ClearToolExec.java" StructureKind="java"/><InteractionEvent Delta="null" EndDate="2010-03-31 10:42:45.314 CEST" Interest="1.0" Kind="propagation" Navigation="org.eclipse.mylyn.core.model.edges.containment" OriginId="org.eclipse.mylyn.core.model.interest.propagation" StartDate="2010-03-31 10:42:45.314 CEST" StructureHandle="/org.jvnet.hudson.plugins.clearcase/src/main/java/hudson" StructureKind="resource"/><InteractionEvent Delta="null" EndDate="2010-03-31 10:42:45.174 CEST" Interest="1.0" Kind="selection" Navigation="null" OriginId="org.eclipse.jdt.ui.CompilationUnitEditor" StartDate="2010-03-31 10:42:45.174 CEST" StructureHandle="=org.jvnet.hudson.plugins.clearcase/src\/main\/java&amp;lt;hudson.plugins.clearcase{ClearToolExec.java" StructureKind="java"/><InteractionEvent Delta="null" EndDate="2010-03-31 10:42:44.674 CEST" Interest="1.0" Kind="propagation" Navigation="null" OriginId="org.eclipse.jdt.ui.PackageExplorer" StartDate="2010-03-31 10:42:44.674 CEST" StructureHandle="/org.jvnet.hudson.plugins.clearcase/src/main/java/hudson/plugins/clearcase/ClearToolExec.java" StructureKind="resource"/><InteractionEvent Delta="null" EndDate="2010-03-31 10:41:44.799 CEST" Interest="1.0000001" Kind="propagation" Navigation="org.eclipse.mylyn.core.model.edges.containment" OriginId="org.eclipse.mylyn.core.model.interest.propagation" StartDate="2010-03-31 10:41:44.799 CEST" StructureHandle="/org.jvnet.hudson.plugins.clearcase/src/main/java/hudson/plugins/clearcase" StructureKind="resource"/><InteractionEvent Delta="null" EndDate="2010-03-31 10:42:00.346 CEST" Interest="1.0" Kind="propagation" Navigation="null" OriginId="org.eclipse.jdt.ui.CompilationUnitEditor" StartDate="2010-03-31 10:42:00.346 CEST" StructureHandle="/org.jvnet.hudson.plugins.clearcase/src/main/java/hudson/plugins/clearcase/ClearToolExec.java" StructureKind="resource"/><InteractionEvent Delta="null" EndDate="2010-03-31 10:41:40.111 CEST" Interest="1.0" Kind="propagation" Navigation="org.eclipse.mylyn.core.model.edges.containment" OriginId="org.eclipse.mylyn.core.model.interest.propagation" StartDate="2010-03-31 10:41:40.111 CEST" StructureHandle="/org.jvnet.hudson.plugins.clearcase/src/main" StructureKind="resource"/><InteractionEvent Delta="null" EndDate="2010-03-31 10:41:44.799 CEST" Interest="1.0000001" Kind="propagation" Navigation="org.eclipse.mylyn.core.model.edges.containment" OriginId="org.eclipse.mylyn.core.model.interest.propagation" StartDate="2010-03-31 10:41:44.799 CEST" StructureHandle="=org.jvnet.hudson.plugins.clearcase" StructureKind="resource"/><InteractionEvent Delta="null" EndDate="2010-03-31 10:42:01.174 CEST" Interest="1.0" Kind="propagation" Navigation="org.eclipse.mylyn.core.model.edges.containment" OriginId="org.eclipse.mylyn.core.model.interest.propagation" StartDate="2010-03-31 10:42:01.174 CEST" StructureHandle="/org.jvnet.hudson.plugins.clearcase/src/main/java" StructureKind="resource"/><InteractionEvent Delta="null" EndDate="2010-03-31 10:44:22.752 CEST" Interest="1.0" Kind="propagation" Navigation="org.eclipse.mylyn.core.model.edges.containment" OriginId="org.eclipse.mylyn.core.model.interest.propagation" StartDate="2010-03-31 10:44:22.752 CEST" StructureHandle="/org.jvnet.hudson.plugins.clearcase/src/main/java" StructureKind="resource"/><InteractionEvent Delta="null" EndDate="2010-03-31 10:41:40.892 CEST" Interest="1.0" Kind="propagation" Navigation="org.eclipse.mylyn.core.model.edges.containment" OriginId="org.eclipse.mylyn.core.model.interest.propagation" StartDate="2010-03-31 10:41:40.892 CEST" StructureHandle="/org.jvnet.hudson.plugins.clearcase/src/main/java" StructureKind="resource"/><InteractionEvent Delta="null" EndDate="2010-03-31 10:42:02.533 CEST" Interest="1.0000005" Kind="propagation" Navigation="org.eclipse.mylyn.core.model.edges.containment" OriginId="org.eclipse.mylyn.core.model.interest.propagation" StartDate="2010-03-31 10:42:02.533 CEST" StructureHandle="/org.jvnet.hudson.plugins.clearcase/src/main/java/hudson/plugins" StructureKind="resource"/><InteractionEvent Delta="null" EndDate="2010-03-31 10:42:05.955 CEST" Interest="1.0" Kind="propagation" Navigation="null" OriginId="org.eclipse.jdt.ui.CompilationUnitEditor" StartDate="2010-03-31 10:42:05.955 CEST" StructureHandle="/org.jvnet.hudson.plugins.clearcase/src/main/java/hudson/plugins/clearcase/ClearToolExec.java" StructureKind="resource"/><InteractionEvent Delta="null" EndDate="2010-03-31 10:42:58.424 CEST" Interest="1.000001" Kind="propagation" Navigation="org.eclipse.mylyn.core.model.edges.containment" OriginId="org.eclipse.mylyn.core.model.interest.propagation" StartDate="2010-03-31 10:42:58.424 CEST" StructureHandle="/org.jvnet.hudson.plugins.clearcase/src" StructureKind="resource"/><InteractionEvent Delta="null" EndDate="2010-03-31 10:41:52.814 CEST" Interest="0.983" Kind="propagation" Navigation="org.eclipse.mylyn.core.model.edges.containment" OriginId="org.eclipse.mylyn.core.model.interest.propagation" StartDate="2010-03-31 10:41:52.814 CEST" StructureHandle="=org.jvnet.hudson.plugins.clearcase/src\/main\/java&amp;lt;hudson.plugins.clearcase" StructureKind="java"/><InteractionEvent Delta="null" EndDate="2010-03-31 10:42:44.674 CEST" Interest="1.0" Kind="propagation" Navigation="org.eclipse.mylyn.core.model.edges.containment" OriginId="org.eclipse.mylyn.core.model.interest.propagation" StartDate="2010-03-31 10:42:44.674 CEST" StructureHandle="/org.jvnet.hudson.plugins.clearcase/src/main/java/hudson/plugins/clearcase" StructureKind="resource"/><InteractionEvent Delta="null" EndDate="2010-03-31 10:44:23.283 CEST" Interest="1.0" Kind="propagation" Navigation="org.eclipse.mylyn.core.model.edges.containment" OriginId="org.eclipse.mylyn.core.model.interest.propagation" StartDate="2010-03-31 10:44:23.283 CEST" StructureHandle="/org.jvnet.hudson.plugins.clearcase/src/main/java/hudson" StructureKind="resource"/><InteractionEvent Delta="null" EndDate="2010-03-31 10:41:51.142 CEST" Interest="1.0" Kind="propagation" Navigation="org.eclipse.mylyn.core.model.edges.containment" OriginId="org.eclipse.mylyn.core.model.interest.propagation" StartDate="2010-03-31 10:41:51.142 CEST" StructureHandle="/org.jvnet.hudson.plugins.clearcase/src/main/java" StructureKind="resource"/><InteractionEvent Delta="null" EndDate="2010-03-31 10:41:40.892 CEST" Interest="0.31700003" Kind="propagation" Navigation="org.eclipse.mylyn.core.model.edges.containment" OriginId="org.eclipse.mylyn.core.model.interest.propagation" StartDate="2010-03-31 10:41:40.892 CEST" StructureHandle="=org.jvnet.hudson.plugins.clearcase/src\/main\/java&amp;lt;hudson.plugins.clearcase{ClearToolExec.java" StructureKind="java"/><InteractionEvent Delta="null" EndDate="2010-03-31 10:41:51.142 CEST" Interest="1.0" Kind="propagation" Navigation="org.eclipse.mylyn.core.model.edges.containment" OriginId="org.eclipse.mylyn.core.model.interest.propagation" StartDate="2010-03-31 10:41:51.142 CEST" StructureHandle="/org.jvnet.hudson.plugins.clearcase/src/main" StructureKind="resource"/><InteractionEvent Delta="null" EndDate="2010-03-31 10:41:52.814 CEST" Interest="1.0000002" Kind="propagation" Navigation="org.eclipse.mylyn.core.model.edges.containment" OriginId="org.eclipse.mylyn.core.model.interest.propagation" StartDate="2010-03-31 10:41:52.814 CEST" StructureHandle="/org.jvnet.hudson.plugins.clearcase/src/main/java" StructureKind="resource"/><InteractionEvent Delta="null" EndDate="2010-03-31 10:41:44.799 CEST" Interest="1.0000001" Kind="propagation" Navigation="org.eclipse.mylyn.core.model.edges.containment" OriginId="org.eclipse.mylyn.core.model.interest.propagation" StartDate="2010-03-31 10:41:44.799 CEST" StructureHandle="/org.jvnet.hudson.plugins.clearcase/src" StructureKind="resource"/><InteractionEvent Delta="null" EndDate="2010-03-31 10:42:45.174 CEST" Interest="1.0" Kind="propagation" Navigation="org.eclipse.mylyn.core.model.edges.containment" OriginId="org.eclipse.mylyn.core.model.interest.propagation" StartDate="2010-03-31 10:42:45.174 CEST" StructureHandle="/org.jvnet.hudson.plugins.clearcase/src/main/java/hudson/plugins/clearcase" StructureKind="resource"/><InteractionEvent Delta="null" EndDate="2010-03-31 10:42:58.424 CEST" Interest="1.000001" Kind="propagation" Navigation="org.eclipse.mylyn.core.model.edges.containment" OriginId="org.eclipse.mylyn.core.model.interest.propagation" StartDate="2010-03-31 10:42:58.424 CEST" StructureHandle="/org.jvnet.hudson.plugins.clearcase/src/main/java" StructureKind="resource"/><InteractionEvent Delta="null" EndDate="2010-03-31 10:42:05.955 CEST" Interest="0.69999695" Kind="propagation" Navigation="org.eclipse.mylyn.core.model.edges.containment" OriginId="org.eclipse.mylyn.core.model.interest.propagation" StartDate="2010-03-31 10:42:05.955 CEST" StructureHandle="=org.jvnet.hudson.plugins.clearcase/src\/main\/java&amp;lt;hudson.plugins.clearcase" StructureKind="java"/><InteractionEvent Delta="null" EndDate="2010-03-31 10:42:51.658 CEST" Interest="1.0" Kind="propagation" Navigation="org.eclipse.mylyn.core.model.edges.containment" OriginId="org.eclipse.mylyn.core.model.interest.propagation" StartDate="2010-03-31 10:42:51.658 CEST" StructureHandle="/" StructureKind="resource"/><InteractionEvent Delta="null" EndDate="2010-03-31 10:41:57.33 CEST" Interest="1.0" Kind="propagation" Navigation="null" OriginId="org.eclipse.jdt.ui.PackageExplorer" StartDate="2010-03-31 10:41:57.33 CEST" StructureHandle="/org.jvnet.hudson.plugins.clearcase/src/main/java/hudson/plugins/clearcase/ClearToolExec.java" StructureKind="resource"/><InteractionEvent Delta="null" EndDate="2010-03-31 10:41:51.142 CEST" Interest="1.0" Kind="propagation" Navigation="org.eclipse.mylyn.core.model.edges.containment" OriginId="org.eclipse.mylyn.core.model.interest.propagation" StartDate="2010-03-31 10:41:51.142 CEST" StructureHandle="/org.jvnet.hudson.plugins.clearcase/src/main/java/hudson/plugins/clearcase" StructureKind="resource"/><InteractionEvent Delta="null" EndDate="2010-03-31 10:42:45.314 CEST" Interest="1.0" Kind="selection" Navigation="null" OriginId="org.eclipse.jdt.ui.PackageExplorer" StartDate="2010-03-31 10:42:45.314 CEST" StructureHandle="=org.jvnet.hudson.plugins.clearcase/src\/main\/java&amp;lt;hudson.plugins.clearcase{ClearToolExec.java" StructureKind="java"/><InteractionEvent Delta="null" EndDate="2010-03-31 10:41:40.111 CEST" Interest="1.0" Kind="propagation" Navigation="org.eclipse.mylyn.core.model.edges.containment" OriginId="org.eclipse.mylyn.core.model.interest.propagation" StartDate="2010-03-31 10:41:40.111 CEST" StructureHandle="/org.jvnet.hudson.plugins.clearcase/src/main/java/hudson/plugins/clearcase" StructureKind="resource"/><InteractionEvent Delta="null" EndDate="2010-03-31 10:41:51.142 CEST" Interest="0.01700008" Kind="propagation" Navigation="org.eclipse.mylyn.core.model.edges.containment" OriginId="org.eclipse.mylyn.core.model.interest.propagation" StartDate="2010-03-31 10:41:51.142 CEST" StructureHandle="=org.jvnet.hudson.plugins.clearcase/src\/main\/java" StructureKind="java"/><InteractionEvent Delta="null" EndDate="2010-03-31 10:42:04.846 CEST" Interest="0.69999695" Kind="propagation" Navigation="org.eclipse.mylyn.core.model.edges.containment" OriginId="org.eclipse.mylyn.core.model.interest.propagation" StartDate="2010-03-31 10:42:04.846 CEST" StructureHandle="=org.jvnet.hudson.plugins.clearcase/src\/main\/java" StructureKind="java"/><InteractionEvent Delta="null" EndDate="2010-03-31 10:42:51.814 CEST" Interest="1.0" Kind="propagation" Navigation="org.eclipse.mylyn.core.model.edges.containment" OriginId="org.eclipse.mylyn.core.model.interest.propagation" StartDate="2010-03-31 10:42:51.814 CEST" StructureHandle="/" StructureKind="resource"/><InteractionEvent Delta="null" EndDate="2010-03-31 10:41:40.111 CEST" Interest="0.7" Kind="propagation" Navigation="org.eclipse.mylyn.core.model.edges.containment" OriginId="org.eclipse.mylyn.core.model.interest.propagation" StartDate="2010-03-31 10:41:40.111 CEST" StructureHandle="=org.jvnet.hudson.plugins.clearcase/src\/main\/java" StructureKind="java"/><InteractionEvent Delta="null" EndDate="2010-03-31 10:41:51.142 CEST" Interest="1.0" Kind="propagation" Navigation="org.eclipse.mylyn.core.model.edges.containment" OriginId="org.eclipse.mylyn.core.model.interest.propagation" StartDate="2010-03-31 10:41:51.142 CEST" StructureHandle="/" StructureKind="resource"/><InteractionEvent Delta="null" EndDate="2010-03-31 10:42:00.346 CEST" Interest="1.0" Kind="propagation" Navigation="org.eclipse.mylyn.core.model.edges.containment" OriginId="org.eclipse.mylyn.core.model.interest.propagation" StartDate="2010-03-31 10:42:00.346 CEST" StructureHandle="/org.jvnet.hudson.plugins.clearcase/src/main" StructureKind="resource"/><InteractionEvent Delta="null" EndDate="2010-03-31 10:41:40.892 CEST" Interest="1.0" Kind="propagation" Navigation="org.eclipse.mylyn.core.model.edges.containment" OriginId="org.eclipse.mylyn.core.model.interest.propagation" StartDate="2010-03-31 10:41:40.892 CEST" StructureHandle="/org.jvnet.hudson.plugins.clearcase/src/main/java/hudson/plugins/clearcase" StructureKind="resource"/><InteractionEvent Delta="null" EndDate="2010-03-31 10:41:52.814 CEST" Interest="1.0000002" Kind="propagation" Navigation="org.eclipse.mylyn.core.model.edges.containment" OriginId="org.eclipse.mylyn.core.model.interest.propagation" StartDate="2010-03-31 10:41:52.814 CEST" StructureHandle="/" StructureKind="resource"/><InteractionEvent Delta="null" EndDate="2010-03-31 10:42:58.424 CEST" Interest="1.0" Kind="propagation" Navigation="null" OriginId="org.eclipse.jdt.ui.PackageExplorer" StartDate="2010-03-31 10:42:58.424 CEST" StructureHandle="/org.jvnet.hudson.plugins.clearcase/src/main/java/hudson/plugins/clearcase/ClearToolExec.java" StructureKind="resource"/><InteractionEvent Delta="null" EndDate="2010-03-31 10:42:04.846 CEST" Interest="1.0" Kind="edit" Navigation="null" OriginId="org.eclipse.jdt.ui.CompilationUnitEditor" StartDate="2010-03-31 10:42:04.846 CEST" StructureHandle="=org.jvnet.hudson.plugins.clearcase/src\/main\/java&amp;lt;hudson.plugins.clearcase{ClearToolExec.java[ClearToolExec~doesViewExist~QString;" StructureKind="java"/><InteractionEvent Delta="null" EndDate="2010-03-31 10:42:44.674 CEST" Interest="1.0" Kind="propagation" Navigation="org.eclipse.mylyn.core.model.edges.containment" OriginId="org.eclipse.mylyn.core.model.interest.propagation" StartDate="2010-03-31 10:42:44.674 CEST" StructureHandle="/org.jvnet.hudson.plugins.clearcase/src" StructureKind="resource"/><InteractionEvent Delta="null" EndDate="2010-03-31 10:44:22.767 CEST" Interest="0.6999817" Kind="propagation" Navigation="org.eclipse.mylyn.core.model.edges.containment" OriginId="org.eclipse.mylyn.core.model.interest.propagation" StartDate="2010-03-31 10:44:22.767 CEST" StructureHandle="=org.jvnet.hudson.plugins.clearcase" StructureKind="java"/><InteractionEvent Delta="null" EndDate="2010-03-31 10:42:58.424 CEST" Interest="1.000001" Kind="propagation" Navigation="org.eclipse.mylyn.core.model.edges.containment" OriginId="org.eclipse.mylyn.core.model.interest.propagation" StartDate="2010-03-31 10:42:58.424 CEST" StructureHandle="/org.jvnet.hudson.plugins.clearcase/src/main/java/hudson/plugins" StructureKind="resource"/><InteractionEvent Delta="null" EndDate="2010-03-31 10:41:40.111 CEST" Interest="0.7" Kind="propagation" Navigation="org.eclipse.mylyn.core.model.edges.containment" OriginId="org.eclipse.mylyn.core.model.interest.propagation" StartDate="2010-03-31 10:41:40.111 CEST" StructureHandle="=org.jvnet.hudson.plugins.clearcase/src\/main\/java&amp;lt;hudson.plugins.clearcase" StructureKind="java"/><InteractionEvent Delta="null" EndDate="2010-03-31 10:42:44.674 CEST" Interest="1.0" Kind="propagation" Navigation="org.eclipse.mylyn.core.model.edges.containment" OriginId="org.eclipse.mylyn.core.model.interest.propagation" StartDate="2010-03-31 10:42:44.674 CEST" StructureHandle="=org.jvnet.hudson.plugins.clearcase/src\/main\/java" StructureKind="java"/><InteractionEvent Delta="null" EndDate="2010-03-31 10:41:44.799 CEST" Interest="1.0000001" Kind="propagation" Navigation="org.eclipse.mylyn.core.model.edges.containment" OriginId="org.eclipse.mylyn.core.model.interest.propagation" StartDate="2010-03-31 10:41:44.799 CEST" StructureHandle="/" StructureKind="resource"/><InteractionEvent Delta="null" EndDate="2010-03-31 10:42:00.346 CEST" Interest="1.0" Kind="propagation" Navigation="org.eclipse.mylyn.core.model.edges.containment" OriginId="org.eclipse.mylyn.core.model.interest.propagation" StartDate="2010-03-31 10:42:00.346 CEST" StructureHandle="=org.jvnet.hudson.plugins.clearcase" StructureKind="resource"/><InteractionEvent Delta="null" EndDate="2010-03-31 10:42:45.314 CEST" Interest="1.0" Kind="propagation" Navigation="org.eclipse.mylyn.core.model.edges.containment" OriginId="org.eclipse.mylyn.core.model.interest.propagation" StartDate="2010-03-31 10:42:45.314 CEST" StructureHandle="/org.jvnet.hudson.plugins.clearcase/src/main/java/hudson/plugins/clearcase" StructureKind="resource"/><InteractionEvent Delta="null" EndDate="2010-03-31 10:43:05.752 CEST" Interest="200.585" Kind="propagation" Navigation="org.eclipse.mylyn.core.model.edges.containment" OriginId="org.eclipse.mylyn.core.model.interest.propagation" StartDate="2010-03-31 10:43:05.752 CEST" StructureHandle="/" StructureKind="resource"/><InteractionEvent Delta="null" EndDate="2010-03-31 10:42:51.814 CEST" Interest="1.0" Kind="propagation" Navigation="org.eclipse.mylyn.core.model.edges.containment" OriginId="org.eclipse.mylyn.core.model.interest.propagation" StartDate="2010-03-31 10:42:51.814 CEST" StructureHandle="/org.jvnet.hudson.plugins.clearcase/src/main" StructureKind="resource"/><InteractionEvent Delta="null" EndDate="2010-03-31 10:42:58.846 CEST" Interest="1.0" Kind="selection" Navigation="null" OriginId="org.eclipse.jdt.ui.PackageExplorer" StartDate="2010-03-31 10:42:58.846 CEST" StructureHandle="=org.jvnet.hudson.plugins.clearcase" StructureKind="java"/><InteractionEvent Delta="null" EndDate="2010-03-31 10:42:01.174 CEST" Interest="0.7000122" Kind="propagation" Navigation="org.eclipse.mylyn.core.model.edges.containment" OriginId="org.eclipse.mylyn.core.model.interest.propagation" StartDate="2010-03-31 10:42:01.174 CEST" StructureHandle="=org.jvnet.hudson.plugins.clearcase/src\/main\/java&amp;lt;hudson.plugins.clearcase{ClearToolExec.java[ClearToolExec" StructureKind="java"/><InteractionEvent Delta="null" EndDate="2010-03-31 10:42:05.955 CEST" Interest="1.0" Kind="propagation" Navigation="org.eclipse.mylyn.core.model.edges.containment" OriginId="org.eclipse.mylyn.core.model.interest.propagation" StartDate="2010-03-31 10:42:05.955 CEST" StructureHandle="/org.jvnet.hudson.plugins.clearcase/src/main/java" StructureKind="resource"/><InteractionEvent Delta="null" EndDate="2010-03-31 10:42:45.314 CEST" Interest="1.0" Kind="propagation" Navigation="org.eclipse.mylyn.core.model.edges.containment" OriginId="org.eclipse.mylyn.core.model.interest.propagation" StartDate="2010-03-31 10:42:45.314 CEST" StructureHandle="/" StructureKind="resource"/><InteractionEvent Delta="null" EndDate="2010-03-31 10:41:40.892 CEST" Interest="1.0" Kind="selection" Navigation="null" OriginId="org.eclipse.jdt.ui.CompilationUnitEditor" StartDate="2010-03-31 10:41:40.892 CEST" StructureHandle="=org.jvnet.hudson.plugins.clearcase/src\/main\/java&amp;lt;hudson.plugins.clearcase{ClearToolExec.java[ClearToolExec" StructureKind="java"/><InteractionEvent Delta="null" EndDate="2010-03-31 10:41:51.142 CEST" Interest="1.0" Kind="propagation" Navigation="null" OriginId="org.eclipse.jdt.ui.CompilationUnitEditor" StartDate="2010-03-31 10:41:51.142 CEST" StructureHandle="/org.jvnet.hudson.plugins.clearcase/src/main/java/hudson/plugins/clearcase/ClearToolExec.java" StructureKind="resource"/><InteractionEvent Delta="null" EndDate="2010-03-31 10:43:05.736 CEST" Interest="0.99998474" Kind="propagation" Navigation="org.eclipse.mylyn.core.model.edges.containment" OriginId="org.eclipse.mylyn.core.model.interest.propagation" StartDate="2010-03-31 10:43:05.736 CEST" StructureHandle="=org.jvnet.hudson.plugins.clearcase/src\/main\/java&amp;lt;hudson.plugins.clearcase{ClearToolExec.java[ClearToolExec" StructureKind="java"/><InteractionEvent Delta="null" EndDate="2010-03-31 10:41:57.33 CEST" Interest="1.0" Kind="propagation" Navigation="org.eclipse.mylyn.core.model.edges.containment" OriginId="org.eclipse.mylyn.core.model.interest.propagation" StartDate="2010-03-31 10:41:57.33 CEST" StructureHandle="/org.jvnet.hudson.plugins.clearcase/src/main" StructureKind="resource"/><InteractionEvent Delta="null" EndDate="2010-03-31 10:42:45.174 CEST" Interest="1.0" Kind="propagation" Navigation="org.eclipse.mylyn.core.model.edges.containment" OriginId="org.eclipse.mylyn.core.model.interest.propagation" StartDate="2010-03-31 10:42:45.174 CEST" StructureHandle="=org.jvnet.hudson.plugins.clearcase/src\/main\/java&amp;lt;hudson.plugins.clearcase" StructureKind="java"/><InteractionEvent Delta="null" EndDate="2010-03-31 10:42:51.658 CEST" Interest="1.0" Kind="propagation" Navigation="org.eclipse.mylyn.core.model.edges.containment" OriginId="org.eclipse.mylyn.core.model.interest.propagation" StartDate="2010-03-31 10:42:51.658 CEST" StructureHandle="=org.jvnet.hudson.plugins.clearcase" StructureKind="resource"/><InteractionEvent Delta="null" EndDate="2010-03-31 10:41:44.799 CEST" Interest="1.0000001" Kind="propagation" Navigation="org.eclipse.mylyn.core.model.edges.containment" OriginId="org.eclipse.mylyn.core.model.interest.propagation" StartDate="2010-03-31 10:41:44.799 CEST" StructureHandle="/org.jvnet.hudson.plugins.clearcase/src/main" StructureKind="resource"/><InteractionEvent Delta="null" EndDate="2010-03-31 10:44:23.283 CEST" Interest="1.0" Kind="propagation" Navigation="org.eclipse.mylyn.core.model.edges.containment" OriginId="org.eclipse.mylyn.core.model.interest.propagation" StartDate="2010-03-31 10:44:23.283 CEST" StructureHandle="/org.jvnet.hudson.plugins.clearcase/src" StructureKind="resource"/><InteractionEvent Delta="null" EndDate="2010-03-31 10:41:44.799 CEST" Interest="1.0" Kind="propagation" Navigation="null" OriginId="org.eclipse.jdt.ui.CompilationUnitEditor" StartDate="2010-03-31 10:41:44.799 CEST" StructureHandle="/org.jvnet.hudson.plugins.clearcase/src/main/java/hudson/plugins/clearcase/ClearToolExec.java" StructureKind="resource"/><InteractionEvent Delta="null" EndDate="2010-03-31 10:44:23.283 CEST" Interest="1.0" Kind="propagation" Navigation="org.eclipse.mylyn.core.model.edges.containment" OriginId="org.eclipse.mylyn.core.model.interest.propagation" StartDate="2010-03-31 10:44:23.283 CEST" StructureHandle="/org.jvnet.hudson.plugins.clearcase/src/main/java" StructureKind="resource"/><InteractionEvent Delta="null" EndDate="2010-03-31 10:42:05.955 CEST" Interest="1.0" Kind="propagation" Navigation="org.eclipse.mylyn.core.model.edges.containment" OriginId="org.eclipse.mylyn.core.model.interest.propagation" StartDate="2010-03-31 10:42:05.955 CEST" StructureHandle="=org.jvnet.hudson.plugins.clearcase" StructureKind="resource"/><InteractionEvent Delta="null" EndDate="2010-03-31 10:42:00.346 CEST" Interest="1.0" Kind="propagation" Navigation="org.eclipse.mylyn.core.model.edges.containment" OriginId="org.eclipse.mylyn.core.model.interest.propagation" StartDate="2010-03-31 10:42:00.346 CEST" StructureHandle="/org.jvnet.hudson.plugins.clearcase/src/main/java" StructureKind="resource"/><InteractionEvent Delta="null" EndDate="2010-03-31 10:42:00.346 CEST" Interest="1.0" Kind="edit" Navigation="null" OriginId="org.eclipse.jdt.ui.CompilationUnitEditor" StartDate="2010-03-31 10:42:00.346 CEST" StructureHandle="=org.jvnet.hudson.plugins.clearcase/src\/main\/java&amp;lt;hudson.plugins.clearcase{ClearToolExec.java[ClearToolExec~doesViewExist~QString;" StructureKind="java"/><InteractionEvent Delta="null" EndDate="2010-03-31 10:41:44.799 CEST" Interest="1.0000001" Kind="propagation" Navigation="org.eclipse.mylyn.core.model.edges.containment" OriginId="org.eclipse.mylyn.core.model.interest.propagation" StartDate="2010-03-31 10:41:44.799 CEST" StructureHandle="/org.jvnet.hudson.plugins.clearcase/src/main/java/hudson" StructureKind="resource"/><InteractionEvent Delta="null" EndDate="2010-03-31 10:41:40.892 CEST" Interest="1.0" Kind="propagation" Navigation="null" OriginId="org.eclipse.jdt.ui.CompilationUnitEditor" StartDate="2010-03-31 10:41:40.892 CEST" StructureHandle="/org.jvnet.hudson.plugins.clearcase/src/main/java/hudson/plugins/clearcase/ClearToolExec.java" StructureKind="resource"/><InteractionEvent Delta="null" EndDate="2010-03-31 10:42:05.955 CEST" Interest="1.0" Kind="propagation" Navigation="org.eclipse.mylyn.core.model.edges.containment" OriginId="org.eclipse.mylyn.core.model.interest.propagation" StartDate="2010-03-31 10:42:05.955 CEST" StructureHandle="/org.jvnet.hudson.plugins.clearcase/src/main/java/hudson" StructureKind="resource"/><InteractionEvent Delta="null" EndDate="2010-03-31 10:42:00.346 CEST" Interest="209.73398" Kind="propagation" Navigation="org.eclipse.mylyn.core.model.edges.containment" OriginId="org.eclipse.mylyn.core.model.interest.propagation" StartDate="2010-03-31 10:42:00.346 CEST" StructureHandle="=org.jvnet.hudson.plugins.clearcase/src\/main\/java&amp;lt;hudson.plugins.clearcase" StructureKind="java"/><InteractionEvent Delta="null" EndDate="2010-03-31 10:42:51.658 CEST" Interest="1.0" Kind="propagation" Navigation="org.eclipse.mylyn.core.model.edges.containment" OriginId="org.eclipse.mylyn.core.model.interest.propagation" StartDate="2010-03-31 10:42:51.658 CEST" StructureHandle="/org.jvnet.hudson.plugins.clearcase/src/main/java/hudson/plugins/clearcase" StructureKind="resource"/><InteractionEvent Delta="null" EndDate="2010-03-31 10:44:22.767 CEST" Interest="0.6999817" Kind="propagation" Navigation="org.eclipse.mylyn.core.model.edges.containment" OriginId="org.eclipse.mylyn.core.model.interest.propagation" StartDate="2010-03-31 10:44:22.767 CEST" StructureHandle="=org.jvnet.hudson.plugins.clearcase/src\/main\/java" StructureKind="java"/><InteractionEvent Delta="null" EndDate="2010-03-31 10:42:00.346 CEST" Interest="209.734" Kind="propagation" Navigation="org.eclipse.mylyn.core.model.edges.containment" OriginId="org.eclipse.mylyn.core.model.interest.propagation" StartDate="2010-03-31 10:42:00.346 CEST" StructureHandle="=org.jvnet.hudson.plugins.clearcase/src\/main\/java&amp;lt;hudson.plugins.clearcase{ClearToolExec.java[ClearToolExec" StructureKind="java"/><InteractionEvent Delta="null" EndDate="2010-03-31 10:42:44.674 CEST" Interest="1.0" Kind="selection" Navigation="null" OriginId="org.eclipse.jdt.ui.PackageExplorer" StartDate="2010-03-31 10:42:44.674 CEST" StructureHandle="=org.jvnet.hudson.plugins.clearcase/src\/main\/java&amp;lt;hudson.plugins.clearcase{ClearToolExec.java[ClearToolExec~doesViewExist~QString;" StructureKind="java"/><InteractionEvent Delta="null" EndDate="2010-03-31 10:43:05.736 CEST" Interest="1.0" Kind="propagation" Navigation="null" OriginId="org.eclipse.jdt.ui.CompilationUnitEditor" StartDate="2010-03-31 10:43:05.736 CEST" StructureHandle="/org.jvnet.hudson.plugins.clearcase/src/main/java/hudson/plugins/clearcase/ClearToolExec.java" StructureKind="resource"/><InteractionEvent Delta="null" EndDate="2010-03-31 10:42:51.814 CEST" Interest="1.0" Kind="propagation" Navigation="org.eclipse.mylyn.core.model.edges.containment" OriginId="org.eclipse.mylyn.core.model.interest.propagation" StartDate="2010-03-31 10:42:51.814 CEST" StructureHandle="/org.jvnet.hudson.plugins.clearcase/src" StructureKind="resource"/><InteractionEvent Delta="null" EndDate="2010-03-31 10:41:40.111 CEST" Interest="1.0" Kind="propagation" Navigation="org.eclipse.mylyn.core.model.edges.containment" OriginId="org.eclipse.mylyn.core.model.interest.propagation" StartDate="2010-03-31 10:41:40.111 CEST" StructureHandle="/org.jvnet.hudson.plugins.clearcase/src/main/java" StructureKind="resource"/><InteractionEvent Delta="null" EndDate="2010-03-31 10:44:22.752 CEST" Interest="1.0" Kind="propagation" Navigation="null" OriginId="org.eclipse.jdt.ui.CompilationUnitEditor" StartDate="2010-03-31 10:44:22.752 CEST" StructureHandle="/org.jvnet.hudson.plugins.clearcase/src/main/java/hudson/plugins/clearcase/ClearToolExec.java" StructureKind="resource"/><InteractionEvent Delta="null" EndDate="2010-03-31 10:42:04.846 CEST" Interest="1.0" Kind="propagation" Navigation="org.eclipse.mylyn.core.model.edges.containment" OriginId="org.eclipse.mylyn.core.model.interest.propagation" StartDate="2010-03-31 10:42:04.846 CEST" StructureHandle="=org.jvnet.hudson.plugins.clearcase" StructureKind="resource"/><InteractionEvent Delta="null" EndDate="2010-03-31 10:42:45.314 CEST" Interest="1.0" Kind="propagation" Navigation="org.eclipse.mylyn.core.model.edges.containment" OriginId="org.eclipse.mylyn.core.model.interest.propagation" StartDate="2010-03-31 10:42:45.314 CEST" StructureHandle="/org.jvnet.hudson.plugins.clearcase/src" StructureKind="resource"/><InteractionEvent Delta="null" EndDate="2010-03-31 10:42:45.314 CEST" Interest="1.0" Kind="propagation" Navigation="org.eclipse.mylyn.core.model.edges.containment" OriginId="org.eclipse.mylyn.core.model.interest.propagation" StartDate="2010-03-31 10:42:45.314 CEST" StructureHandle="/org.jvnet.hudson.plugins.clearcase/src/main" StructureKind="resource"/><InteractionEvent Delta="null" EndDate="2010-03-31 10:43:05.736 CEST" Interest="1.0" Kind="propagation" Navigation="org.eclipse.mylyn.core.model.edges.containment" OriginId="org.eclipse.mylyn.core.model.interest.propagation" StartDate="2010-03-31 10:43:05.736 CEST" StructureHandle="/org.jvnet.hudson.plugins.clearcase/src/main/java/hudson/plugins/clearcase" StructureKind="resource"/><InteractionEvent Delta="null" EndDate="2010-03-31 10:42:02.533 CEST" Interest="1.0000005" Kind="propagation" Navigation="org.eclipse.mylyn.core.model.edges.containment" OriginId="org.eclipse.mylyn.core.model.interest.propagation" StartDate="2010-03-31 10:42:02.533 CEST" StructureHandle="=org.jvnet.hudson.plugins.clearcase" StructureKind="resource"/><InteractionEvent Delta="null" EndDate="2010-03-31 10:41:44.799 CEST" Interest="0.01700002" Kind="propagation" Navigation="org.eclipse.mylyn.core.model.edges.containment" OriginId="org.eclipse.mylyn.core.model.interest.propagation" StartDate="2010-03-31 10:41:44.799 CEST" StructureHandle="=org.jvnet.hudson.plugins.clearcase/src\/main\/java&amp;lt;hudson.plugins.clearcase" StructureKind="java"/><InteractionEvent Delta="null" EndDate="2010-03-31 10:42:51.658 CEST" Interest="1.0" Kind="propagation" Navigation="org.eclipse.mylyn.core.model.edges.containment" OriginId="org.eclipse.mylyn.core.model.interest.propagation" StartDate="2010-03-31 10:42:51.658 CEST" StructureHandle="/org.jvnet.hudson.plugins.clearcase/src/main/java/hudson" StructureKind="resource"/><InteractionEvent Delta="null" EndDate="2010-03-31 10:41:51.142 CEST" Interest="1.0" Kind="propagation" Navigation="org.eclipse.mylyn.core.model.edges.containment" OriginId="org.eclipse.mylyn.core.model.interest.propagation" StartDate="2010-03-31 10:41:51.142 CEST" StructureHandle="/org.jvnet.hudson.plugins.clearcase/src/main/java/hudson" StructureKind="resource"/><InteractionEvent Delta="null" EndDate="2010-03-31 10:41:40.111 CEST" Interest="1.0" Kind="propagation" Navigation="org.eclipse.mylyn.core.model.edges.containment" OriginId="org.eclipse.mylyn.core.model.interest.propagation" StartDate="2010-03-31 10:41:40.111 CEST" StructureHandle="/org.jvnet.hudson.plugins.clearcase/src/main/java/hudson" StructureKind="resource"/><InteractionEvent Delta="null" EndDate="2010-03-31 10:42:04.846 CEST" Interest="0.69999695" Kind="propagation" Navigation="org.eclipse.mylyn.core.model.edges.containment" OriginId="org.eclipse.mylyn.core.model.interest.propagation" StartDate="2010-03-31 10:42:04.846 CEST" StructureHandle="=org.jvnet.hudson.plugins.clearcase/src\/main\/java&amp;lt;hudson.plugins.clearcase{ClearToolExec.java" StructureKind="java"/><InteractionEvent Delta="null" EndDate="2010-03-31 10:42:51.658 CEST" Interest="1.0" Kind="propagation" Navigation="org.eclipse.mylyn.core.model.edges.containment" OriginId="org.eclipse.mylyn.core.model.interest.propagation" StartDate="2010-03-31 10:42:51.658 CEST" StructureHandle="/org.jvnet.hudson.plugins.clearcase/src/main/java/hudson/plugins" StructureKind="resource"/><InteractionEvent Delta="null" EndDate="2010-03-31 10:44:22.752 CEST" Interest="0.69999695" Kind="propagation" Navigation="org.eclipse.mylyn.core.model.edges.containment" OriginId="org.eclipse.mylyn.core.model.interest.propagation" StartDate="2010-03-31 10:44:22.752 CEST" StructureHandle="=org.jvnet.hudson.plugins.clearcase/src\/main\/java&amp;lt;hudson.plugins.clearcase{ClearToolExec.java[ClearToolExec" StructureKind="java"/><InteractionEvent Delta="null" EndDate="2010-03-31 10:42:58.424 CEST" Interest="1.0" Kind="propagation" Navigation="org.eclipse.mylyn.core.model.edges.containment" OriginId="org.eclipse.mylyn.core.model.interest.propagation" StartDate="2010-03-31 10:42:58.424 CEST" StructureHandle="=org.jvnet.hudson.plugins.clearcase/src\/main\/java&amp;lt;hudson.plugins.clearcase{ClearToolExec.java[ClearToolExec" StructureKind="java"/><InteractionEvent Delta="null" EndDate="2010-03-31 10:42:51.658 CEST" Interest="1.0000153" Kind="propagation" Navigation="org.eclipse.mylyn.core.model.edges.containment" OriginId="org.eclipse.mylyn.core.model.interest.propagation" StartDate="2010-03-31 10:42:51.658 CEST" StructureHandle="=org.jvnet.hudson.plugins.clearcase/src\/main\/java" StructureKind="java"/><InteractionEvent Delta="null" EndDate="2010-03-31 10:41:40.892 CEST" Interest="1.0" Kind="propagation" Navigation="org.eclipse.mylyn.core.model.edges.containment" OriginId="org.eclipse.mylyn.core.model.interest.propagation" StartDate="2010-03-31 10:41:40.892 CEST" StructureHandle="/org.jvnet.hudson.plugins.clearcase/src" StructureKind="resource"/><InteractionEvent Delta="null" EndDate="2010-03-31 10:42:51.658 CEST" Interest="1.0" Kind="propagation" Navigation="null" OriginId="org.eclipse.jdt.ui.CompilationUnitEditor" StartDate="2010-03-31 10:42:51.658 CEST" StructureHandle="/org.jvnet.hudson.plugins.clearcase/src/main/java/hudson/plugins/clearcase/ClearToolExec.java" StructureKind="resource"/><InteractionEvent Delta="null" EndDate="2010-03-31 10:42:01.174 CEST" Interest="1.0" Kind="propagation" Navigation="org.eclipse.mylyn.core.model.edges.containment" OriginId="org.eclipse.mylyn.core.model.interest.propagation" StartDate="2010-03-31 10:42:01.174 CEST" StructureHandle="/org.jvnet.hudson.plugins.clearcase/src/main/java/hudson/plugins" StructureKind="resource"/><InteractionEvent Delta="null" EndDate="2010-03-31 10:42:02.533 CEST" Interest="0.69999695" Kind="propagation" Navigation="org.eclipse.mylyn.core.model.edges.containment" OriginId="org.eclipse.mylyn.core.model.interest.propagation" StartDate="2010-03-31 10:42:02.533 CEST" StructureHandle="=org.jvnet.hudson.plugins.clearcase/src\/main\/java" StructureKind="java"/><InteractionEvent Delta="null" EndDate="2010-03-31 10:44:22.767 CEST" Interest="0.6999817" Kind="propagation" Navigation="org.eclipse.mylyn.core.model.edges.containment" OriginId="org.eclipse.mylyn.core.model.interest.propagation" StartDate="2010-03-31 10:44:22.767 CEST" StructureHandle="=org.jvnet.hudson.plugins.clearcase/src\/main\/java&amp;lt;hudson.plugins.clearcase" StructureKind="java"/><InteractionEvent Delta="null" EndDate="2010-03-31 10:42:04.846 CEST" Interest="1.0" Kind="propagation" Navigation="org.eclipse.mylyn.core.model.edges.containment" OriginId="org.eclipse.mylyn.core.model.interest.propagation" StartDate="2010-03-31 10:42:04.846 CEST" StructureHandle="/org.jvnet.hudson.plugins.clearcase/src/main" StructureKind="resource"/><InteractionEvent Delta="null" EndDate="2010-03-31 10:44:22.752 CEST" Interest="1.0" Kind="edit" Navigation="null" OriginId="org.eclipse.jdt.ui.CompilationUnitEditor" StartDate="2010-03-31 10:44:22.752 CEST" StructureHandle="=org.jvnet.hudson.plugins.clearcase/src\/main\/java&amp;lt;hudson.plugins.clearcase{ClearToolExec.java[ClearToolExec~doesViewExist~QString;" StructureKind="java"/><InteractionEvent Delta="null" EndDate="2010-03-31 10:41:40.892 CEST" Interest="1.0" Kind="propagation" Navigation="org.eclipse.mylyn.core.model.edges.containment" OriginId="org.eclipse.mylyn.core.model.interest.propagation" StartDate="2010-03-31 10:41:40.892 CEST" StructureHandle="/org.jvnet.hudson.plugins.clearcase/src/main/java/hudson" StructureKind="resource"/><InteractionEvent Delta="null" EndDate="2010-03-31 10:42:45.314 CEST" Interest="1.0" Kind="propagation" Navigation="org.eclipse.mylyn.core.model.edges.containment" OriginId="org.eclipse.mylyn.core.model.interest.propagation" StartDate="2010-03-31 10:42:45.314 CEST" StructureHandle="=org.jvnet.hudson.plugins.clearcase" StructureKind="resource"/><InteractionEvent Delta="null" EndDate="2010-03-31 10:43:05.752 CEST" Interest="200.585" Kind="propagation" Navigation="org.eclipse.mylyn.core.model.edges.containment" OriginId="org.eclipse.mylyn.core.model.interest.propagation" StartDate="2010-03-31 10:43:05.752 CEST" StructureHandle="=org.jvnet.hudson.plugins.clearcase" StructureKind="java"/><InteractionEvent Delta="null" EndDate="2010-03-31 10:42:01.174 CEST" Interest="0.70002747" Kind="propagation" Navigation="org.eclipse.mylyn.core.model.edges.containment" OriginId="org.eclipse.mylyn.core.model.interest.propagation" StartDate="2010-03-31 10:42:01.174 CEST" StructureHandle="=org.jvnet.hudson.plugins.clearcase/src\/main\/java&amp;lt;hudson.plugins.clearcase" StructureKind="java"/><InteractionEvent Delta="null" EndDate="2010-03-31 10:42:05.955 CEST" Interest="0.69999695" Kind="propagation" Navigation="org.eclipse.mylyn.core.model.edges.containment" OriginId="org.eclipse.mylyn.core.model.interest.propagation" StartDate="2010-03-31 10:42:05.955 CEST" StructureHandle="=org.jvnet.hudson.plugins.clearcase/src\/main\/java&amp;lt;hudson.plugins.clearcase{ClearToolExec.java" StructureKind="java"/><InteractionEvent Delta="null" EndDate="2010-03-31 10:42:45.174 CEST" Interest="1.0" Kind="propagation" Navigation="org.eclipse.mylyn.core.model.edges.containment" OriginId="org.eclipse.mylyn.core.model.interest.propagation" StartDate="2010-03-31 10:42:45.174 CEST" StructureHandle="/org.jvnet.hudson.plugins.clearcase/src" StructureKind="resource"/><InteractionEvent Delta="null" EndDate="2010-03-31 10:42:04.846 CEST" Interest="1.0" Kind="propagation" Navigation="org.eclipse.mylyn.core.model.edges.containment" OriginId="org.eclipse.mylyn.core.model.interest.propagation" StartDate="2010-03-31 10:42:04.846 CEST" StructureHandle="/org.jvnet.hudson.plugins.clearcase/src/main/java/hudson/plugins" StructureKind="resource"/><InteractionEvent Delta="null" EndDate="2010-03-31 10:41:57.33 CEST" Interest="1.0" Kind="propagation" Navigation="org.eclipse.mylyn.core.model.edges.containment" OriginId="org.eclipse.mylyn.core.model.interest.propagation" StartDate="2010-03-31 10:41:57.33 CEST" StructureHandle="/org.jvnet.hudson.plugins.clearcase/src/main/java/hudson/plugins" StructureKind="resource"/><InteractionEvent Delta="null" EndDate="2010-03-31 10:41:52.814 CEST" Interest="0.983" Kind="propagation" Navigation="org.eclipse.mylyn.core.model.edges.containment" OriginId="org.eclipse.mylyn.core.model.interest.propagation" StartDate="2010-03-31 10:41:52.814 CEST" StructureHandle="=org.jvnet.hudson.plugins.clearcase/src\/main\/java&amp;lt;hudson.plugins.clearcase{ClearToolExec.java" StructureKind="java"/><InteractionEvent Delta="null" EndDate="2010-03-31 10:42:44.674 CEST" Interest="1.0" Kind="propagation" Navigation="org.eclipse.mylyn.core.model.edges.containment" OriginId="org.eclipse.mylyn.core.model.interest.propagation" StartDate="2010-03-31 10:42:44.674 CEST" StructureHandle="/org.jvnet.hudson.plugins.clearcase/src/main/java" StructureKind="resource"/><InteractionEvent Delta="null" EndDate="2010-03-31 10:42:05.955 CEST" Interest="1.0" Kind="propagation" Navigation="org.eclipse.mylyn.core.model.edges.containment" OriginId="org.eclipse.mylyn.core.model.interest.propagation" StartDate="2010-03-31 10:42:05.955 CEST" StructureHandle="/" StructureKind="resource"/><InteractionEvent Delta="null" EndDate="2010-03-31 10:44:22.752 CEST" Interest="1.0" Kind="propagation" Navigation="org.eclipse.mylyn.core.model.edges.containment" OriginId="org.eclipse.mylyn.core.model.interest.propagation" StartDate="2010-03-31 10:44:22.752 CEST" StructureHandle="/org.jvnet.hudson.plugins.clearcase/src" StructureKind="resource"/><InteractionEvent Delta="null" EndDate="2010-03-31 10:41:58.299 CEST" Interest="209.034" Kind="manipulation" Navigation="null" OriginId="org.eclipse.mylyn.ui.interest.user" StartDate="2010-03-31 10:41:58.299 CEST" StructureHandle="=org.jvnet.hudson.plugins.clearcase/src\/main\/java&amp;lt;hudson.plugins.clearcase{ClearToolExec.java[ClearToolExec~doesViewExist~QString;" StructureKind="java"/><InteractionEvent Delta="null" EndDate="2010-03-31 10:41:57.33 CEST" Interest="0.01700008" Kind="propagation" Navigation="org.eclipse.mylyn.core.model.edges.containment" OriginId="org.eclipse.mylyn.core.model.interest.propagation" StartDate="2010-03-31 10:41:57.33 CEST" StructureHandle="=org.jvnet.hudson.plugins.clearcase/src\/main\/java&amp;lt;hudson.plugins.clearcase{ClearToolExec.java[ClearToolExec" StructureKind="java"/><InteractionEvent Delta="null" EndDate="2010-03-31 10:42:01.174 CEST" Interest="1.0" Kind="propagation" Navigation="org.eclipse.mylyn.core.model.edges.containment" OriginId="org.eclipse.mylyn.core.model.interest.propagation" StartDate="2010-03-31 10:42:01.174 CEST" StructureHandle="=org.jvnet.hudson.plugins.clearcase" StructureKind="resource"/><InteractionEvent Delta="null" EndDate="2010-03-31 10:41:57.33 CEST" Interest="1.0" Kind="propagation" Navigation="org.eclipse.mylyn.core.model.edges.containment" OriginId="org.eclipse.mylyn.core.model.interest.propagation" StartDate="2010-03-31 10:41:57.33 CEST" StructureHandle="/" StructureKind="resource"/><InteractionEvent Delta="null" EndDate="2010-03-31 10:41:40.111 CEST" Interest="1.0" Kind="propagation" Navigation="org.eclipse.mylyn.core.model.edges.containment" OriginId="org.eclipse.mylyn.core.model.interest.propagation" StartDate="2010-03-31 10:41:40.111 CEST" StructureHandle="/org.jvnet.hudson.plugins.clearcase/src" StructureKind="resource"/><InteractionEvent Delta="null" EndDate="2010-03-31 10:42:05.955 CEST" Interest="1.0" Kind="propagation" Navigation="org.eclipse.mylyn.core.model.edges.containment" OriginId="org.eclipse.mylyn.core.model.interest.propagation" StartDate="2010-03-31 10:42:05.955 CEST" StructureHandle="/org.jvnet.hudson.plugins.clearcase/src" StructureKind="resource"/><InteractionEvent Delta="null" EndDate="2010-03-31 10:44:22.752 CEST" Interest="1.0" Kind="propagation" Navigation="org.eclipse.mylyn.core.model.edges.containment" OriginId="org.eclipse.mylyn.core.model.interest.propagation" StartDate="2010-03-31 10:44:22.752 CEST" StructureHandle="/org.jvnet.hudson.plugins.clearcase/src/main/java/hudson" StructureKind="resource"/><InteractionEvent Delta="null" EndDate="2010-03-31 10:41:40.111 CEST" Interest="1.0" Kind="edit" Navigation="null" OriginId="org.eclipse.jdt.ui.CompilationUnitEditor" StartDate="2010-03-31 10:41:40.111 CEST" StructureHandle="=org.jvnet.hudson.plugins.clearcase/src\/main\/java&amp;lt;hudson.plugins.clearcase{ClearToolExec.java" StructureKind="java"/><InteractionEvent Delta="null" EndDate="2010-03-31 10:42:01.174 CEST" Interest="1.0" Kind="propagation" Navigation="org.eclipse.mylyn.core.model.edges.containment" OriginId="org.eclipse.mylyn.core.model.interest.propagation" StartDate="2010-03-31 10:42:01.174 CEST" StructureHandle="/org.jvnet.hudson.plugins.clearcase/src" StructureKind="resource"/><InteractionEvent Delta="null" EndDate="2010-03-31 10:41:40.111 CEST" Interest="1.0" Kind="propagation" Navigation="null" OriginId="org.eclipse.jdt.ui.CompilationUnitEditor" StartDate="2010-03-31 10:41:40.111 CEST" StructureHandle="/org.jvnet.hudson.plugins.clearcase/src/main/java/hudson/plugins/clearcase/ClearToolExec.java" StructureKind="resource"/><InteractionEvent Delta="null" EndDate="2010-03-31 10:42:04.846 CEST" Interest="1.0" Kind="propagation" Navigation="org.eclipse.mylyn.core.model.edges.containment" OriginId="org.eclipse.mylyn.core.model.interest.propagation" StartDate="2010-03-31 10:42:04.846 CEST" StructureHandle="/org.jvnet.hudson.plugins.clearcase/src/main/java" StructureKind="resource"/><InteractionEvent Delta="null" EndDate="2010-03-31 10:42:45.174 CEST" Interest="1.0" Kind="propagation" Navigation="org.eclipse.mylyn.core.model.edges.containment" OriginId="org.eclipse.mylyn.core.model.interest.propagation" StartDate="2010-03-31 10:42:45.174 CEST" StructureHandle="/" StructureKind="resource"/><InteractionEvent Delta="null" EndDate="2010-03-31 10:44:22.752 CEST" Interest="1.0" Kind="propagation" Navigation="org.eclipse.mylyn.core.model.edges.containment" OriginId="org.eclipse.mylyn.core.model.interest.propagation" StartDate="2010-03-31 10:44:22.752 CEST" StructureHandle="/org.jvnet.hudson.plugins.clearcase/src/main" StructureKind="resource"/><InteractionEvent Delta="null" EndDate="2010-03-31 10:43:05.736 CEST" Interest="1.0" Kind="propagation" Navigation="org.eclipse.mylyn.core.model.edges.containment" OriginId="org.eclipse.mylyn.core.model.interest.propagation" StartDate="2010-03-31 10:43:05.736 CEST" StructureHandle="/org.jvnet.hudson.plugins.clearcase/src/main/java/hudson" StructureKind="resource"/><InteractionEvent Delta="null" EndDate="2010-03-31 10:42:51.658 CEST" Interest="1.0" Kind="propagation" Navigation="org.eclipse.mylyn.core.model.edges.containment" OriginId="org.eclipse.mylyn.core.model.interest.propagation" StartDate="2010-03-31 10:42:51.658 CEST" StructureHandle="/org.jvnet.hudson.plugins.clearcase/src/main/java" StructureKind="resource"/><InteractionEvent Delta="null" EndDate="2010-03-31 10:41:44.799 CEST" Interest="0.01699996" Kind="propagation" Navigation="org.eclipse.mylyn.core.model.edges.containment" OriginId="org.eclipse.mylyn.core.model.interest.propagation" StartDate="2010-03-31 10:41:44.799 CEST" StructureHandle="=org.jvnet.hudson.plugins.clearcase/src\/main\/java" StructureKind="java"/><InteractionEvent Delta="null" EndDate="2010-03-31 10:44:23.283 CEST" Interest="1.0" Kind="selection" Navigation="null" OriginId="org.eclipse.jdt.ui.CompilationUnitEditor" StartDate="2010-03-31 10:44:23.283 CEST" StructureHandle="=org.jvnet.hudson.plugins.clearcase/src\/main\/java&amp;lt;hudson.plugins.clearcase{ClearToolExec.java[ClearToolExec~lsvob~Z" StructureKind="java"/><InteractionEvent Delta="null" EndDate="2010-03-31 10:42:44.674 CEST" Interest="1.0" Kind="propagation" Navigation="org.eclipse.mylyn.core.model.edges.containment" OriginId="org.eclipse.mylyn.core.model.interest.propagation" StartDate="2010-03-31 10:42:44.674 CEST" StructureHandle="=org.jvnet.hudson.plugins.clearcase/src\/main\/java&amp;lt;hudson.plugins.clearcase{ClearToolExec.java[ClearToolExec" StructureKind="java"/><InteractionEvent Delta="null" EndDate="2010-03-31 10:41:52.814 CEST" Interest="1.0000002" Kind="propagation" Navigation="org.eclipse.mylyn.core.model.edges.containment" OriginId="org.eclipse.mylyn.core.model.interest.propagation" StartDate="2010-03-31 10:41:52.814 CEST" StructureHandle="/org.jvnet.hudson.plugins.clearcase/src" StructureKind="resource"/><InteractionEvent Delta="null" EndDate="2010-03-31 10:42:02.533 CEST" Interest="1.0000005" Kind="propagation" Navigation="org.eclipse.mylyn.core.model.edges.containment" OriginId="org.eclipse.mylyn.core.model.interest.propagation" StartDate="2010-03-31 10:42:02.533 CEST" StructureHandle="/org.jvnet.hudson.plugins.clearcase/src/main" StructureKind="resource"/><InteractionEvent Delta="null" EndDate="2010-03-31 10:42:01.174 CEST" Interest="1.0" Kind="propagation" Navigation="org.eclipse.mylyn.core.model.edges.containment" OriginId="org.eclipse.mylyn.core.model.interest.propagation" StartDate="2010-03-31 10:42:01.174 CEST" StructureHandle="/org.jvnet.hudson.plugins.clearcase/src/main/java/hudson/plugins/clearcase" StructureKind="resource"/><InteractionEvent Delta="null" EndDate="2010-03-31 10:42:51.814 CEST" Interest="1.0" Kind="propagation" Navigation="org.eclipse.mylyn.core.model.edges.containment" OriginId="org.eclipse.mylyn.core.model.interest.propagation" StartDate="2010-03-31 10:42:51.814 CEST" StructureHandle="/org.jvnet.hudson.plugins.clearcase/src/main/java/hudson" StructureKind="resource"/><InteractionEvent Delta="null" EndDate="2010-03-31 10:41:51.142 CEST" Interest="0.01699996" Kind="propagation" Navigation="org.eclipse.mylyn.core.model.edges.containment" OriginId="org.eclipse.mylyn.core.model.interest.propagation" StartDate="2010-03-31 10:41:51.142 CEST" StructureHandle="=org.jvnet.hudson.plugins.clearcase/src\/main\/java&amp;lt;hudson.plugins.clearcase{ClearToolExec.java[ClearToolExec" StructureKind="java"/><InteractionEvent Delta="null" EndDate="2010-03-31 10:42:58.424 CEST" Interest="1.000001" Kind="propagation" Navigation="org.eclipse.mylyn.core.model.edges.containment" OriginId="org.eclipse.mylyn.core.model.interest.propagation" StartDate="2010-03-31 10:42:58.424 CEST" StructureHandle="/" StructureKind="resource"/><InteractionEvent Delta="null" EndDate="2010-03-31 10:42:45.174 CEST" Interest="1.0" Kind="propagation" Navigation="null" OriginId="org.eclipse.jdt.ui.CompilationUnitEditor" StartDate="2010-03-31 10:42:45.174 CEST" StructureHandle="/org.jvnet.hudson.plugins.clearcase/src/main/java/hudson/plugins/clearcase/ClearToolExec.java" StructureKind="resource"/><InteractionEvent Delta="null" EndDate="2010-03-31 10:42:04.846 CEST" Interest="1.0" Kind="propagation" Navigation="org.eclipse.mylyn.core.model.edges.containment" OriginId="org.eclipse.mylyn.core.model.interest.propagation" StartDate="2010-03-31 10:42:04.846 CEST" StructureHandle="/org.jvnet.hudson.plugins.clearcase/src/main/java/hudson" StructureKind="resource"/><InteractionEvent Delta="null" EndDate="2010-03-31 10:42:02.533 CEST" Interest="1.0000005" Kind="propagation" Navigation="org.eclipse.mylyn.core.model.edges.containment" OriginId="org.eclipse.mylyn.core.model.interest.propagation" StartDate="2010-03-31 10:42:02.533 CEST" StructureHandle="/org.jvnet.hudson.plugins.clearcase/src/main/java/hudson" StructureKind="resource"/><InteractionEvent Delta="null" EndDate="2010-03-31 10:41:44.799 CEST" Interest="1.0000001" Kind="propagation" Navigation="org.eclipse.mylyn.core.model.edges.containment" OriginId="org.eclipse.mylyn.core.model.interest.propagation" StartDate="2010-03-31 10:41:44.799 CEST" StructureHandle="/org.jvnet.hudson.plugins.clearcase/src/main/java" StructureKind="resource"/><InteractionEvent Delta="null" EndDate="2010-03-31 10:42:05.955 CEST" Interest="1.0" Kind="edit" Navigation="null" OriginId="org.eclipse.jdt.ui.CompilationUnitEditor" StartDate="2010-03-31 10:42:05.955 CEST" StructureHandle="=org.jvnet.hudson.plugins.clearcase/src\/main\/java&amp;lt;hudson.plugins.clearcase{ClearToolExec.java[ClearToolExec~doesViewExist~QString;" StructureKind="java"/><InteractionEvent Delta="null" EndDate="2010-03-31 10:41:52.814 CEST" Interest="1.0000002" Kind="propagation" Navigation="org.eclipse.mylyn.core.model.edges.containment" OriginId="org.eclipse.mylyn.core.model.interest.propagation" StartDate="2010-03-31 10:41:52.814 CEST" StructureHandle="/org.jvnet.hudson.plugins.clearcase/src/main/java/hudson/plugins/clearcase" StructureKind="resource"/><InteractionEvent Delta="null" EndDate="2010-03-31 10:42:45.314 CEST" Interest="1.0" Kind="propagation" Navigation="org.eclipse.mylyn.core.model.edges.containment" OriginId="org.eclipse.mylyn.core.model.interest.propagation" StartDate="2010-03-31 10:42:45.314 CEST" StructureHandle="/org.jvnet.hudson.plugins.clearcase/src/main/java" StructureKind="resource"/><InteractionEvent Delta="null" EndDate="2010-03-31 10:41:57.33 CEST" Interest="0.01700008" Kind="propagation" Navigation="org.eclipse.mylyn.core.model.edges.containment" OriginId="org.eclipse.mylyn.core.model.interest.propagation" StartDate="2010-03-31 10:41:57.33 CEST" StructureHandle="=org.jvnet.hudson.plugins.clearcase/src\/main\/java&amp;lt;hudson.plugins.clearcase{ClearToolExec.java" StructureKind="java"/><InteractionEvent Delta="null" EndDate="2010-03-31 10:42:58.424 CEST" Interest="1.000001" Kind="propagation" Navigation="org.eclipse.mylyn.core.model.edges.containment" OriginId="org.eclipse.mylyn.core.model.interest.propagation" StartDate="2010-03-31 10:42:58.424 CEST" StructureHandle="/org.jvnet.hudson.plugins.clearcase/src/main/java/hudson" StructureKind="resource"/><InteractionEvent Delta="null" EndDate="2010-03-31 10:42:45.314 CEST" Interest="1.0" Kind="propagation" Navigation="null" OriginId="org.eclipse.jdt.ui.PackageExplorer" StartDate="2010-03-31 10:42:45.314 CEST" StructureHandle="/org.jvnet.hudson.plugins.clearcase/src/main/java/hudson/plugins/clearcase/ClearToolExec.java" StructureKind="resource"/><InteractionEvent Delta="null" EndDate="2010-03-31 10:42:04.846 CEST" Interest="1.0" Kind="propagation" Navigation="org.eclipse.mylyn.core.model.edges.containment" OriginId="org.eclipse.mylyn.core.model.interest.propagation" StartDate="2010-03-31 10:42:04.846 CEST" StructureHandle="/org.jvnet.hudson.plugins.clearcase/src" StructureKind="resource"/><InteractionEvent Delta="null" EndDate="2010-03-31 10:42:04.846 CEST" Interest="1.0" Kind="propagation" Navigation="org.eclipse.mylyn.core.model.edges.containment" OriginId="org.eclipse.mylyn.core.model.interest.propagation" StartDate="2010-03-31 10:42:04.846 CEST" StructureHandle="/" StructureKind="resource"/><InteractionEvent Delta="null" EndDate="2010-03-31 10:41:52.814 CEST" Interest="1.0" Kind="propagation" Navigation="null" OriginId="org.eclipse.jdt.ui.PackageExplorer" StartDate="2010-03-31 10:41:52.814 CEST" StructureHandle="/org.jvnet.hudson.plugins.clearcase/src/main/java/hudson/plugins/clearcase/ClearToolExec.java" StructureKind="resource"/><InteractionEvent Delta="null" EndDate="2010-03-31 10:42:58.424 CEST" Interest="1.000001" Kind="propagation" Navigation="org.eclipse.mylyn.core.model.edges.containment" OriginId="org.eclipse.mylyn.core.model.interest.propagation" StartDate="2010-03-31 10:42:58.424 CEST" StructureHandle="=org.jvnet.hudson.plugins.clearcase" StructureKind="resource"/><InteractionEvent Delta="null" EndDate="2010-03-31 10:43:05.736 CEST" Interest="1.0" Kind="selection" Navigation="null" OriginId="org.eclipse.jdt.ui.CompilationUnitEditor" StartDate="2010-03-31 10:43:05.736 CEST" StructureHandle="=org.jvnet.hudson.plugins.clearcase/src\/main\/java&amp;lt;hudson.plugins.clearcase{ClearToolExec.java[ClearToolExec~doesViewExist~QString;" StructureKind="java"/><InteractionEvent Delta="null" EndDate="2010-03-31 10:42:45.174 CEST" Interest="1.0" Kind="propagation" Navigation="org.eclipse.mylyn.core.model.edges.containment" OriginId="org.eclipse.mylyn.core.model.interest.propagation" StartDate="2010-03-31 10:42:45.174 CEST" StructureHandle="/org.jvnet.hudson.plugins.clearcase/src/main" StructureKind="resource"/><InteractionEvent Delta="null" EndDate="2010-03-31 10:42:00.346 CEST" Interest="1.0" Kind="propagation" Navigation="org.eclipse.mylyn.core.model.edges.containment" OriginId="org.eclipse.mylyn.core.model.interest.propagation" StartDate="2010-03-31 10:42:00.346 CEST" StructureHandle="/org.jvnet.hudson.plugins.clearcase/src/main/java/hudson" StructureKind="resource"/><InteractionEvent Delta="null" EndDate="2010-03-31 10:42:44.674 CEST" Interest="1.0" Kind="propagation" Navigation="org.eclipse.mylyn.core.model.edges.containment" OriginId="org.eclipse.mylyn.core.model.interest.propagation" StartDate="2010-03-31 10:42:44.674 CEST" StructureHandle="=org.jvnet.hudson.plugins.clearcase/src\/main\/java&amp;lt;hudson.plugins.clearcase" StructureKind="java"/><InteractionEvent Delta="null" EndDate="2010-03-31 10:41:40.892 CEST" Interest="1.0" Kind="propagation" Navigation="org.eclipse.mylyn.core.model.edges.containment" OriginId="org.eclipse.mylyn.core.model.interest.propagation" StartDate="2010-03-31 10:41:40.892 CEST" StructureHandle="/" StructureKind="resource"/><InteractionEvent Delta="null" EndDate="2010-03-31 10:42:02.533 CEST" Interest="1.0" Kind="propagation" Navigation="null" OriginId="org.eclipse.jdt.ui.CompilationUnitEditor" StartDate="2010-03-31 10:42:02.533 CEST" StructureHandle="/org.jvnet.hudson.plugins.clearcase/src/main/java/hudson/plugins/clearcase/ClearToolExec.java" StructureKind="resource"/><InteractionEvent Delta="null" EndDate="2010-03-31 10:44:23.283 CEST" Interest="1.0" Kind="propagation" Navigation="org.eclipse.mylyn.core.model.edges.containment" OriginId="org.eclipse.mylyn.core.model.interest.propagation" StartDate="2010-03-31 10:44:23.283 CEST" StructureHandle="/org.jvnet.hudson.plugins.clearcase/src/main" StructureKind="resource"/><InteractionEvent Delta="null" EndDate="2010-03-31 10:41:57.33 CEST" Interest="1.0" Kind="propagation" Navigation="org.eclipse.mylyn.core.model.edges.containment" OriginId="org.eclipse.mylyn.core.model.interest.propagation" StartDate="2010-03-31 10:41:57.33 CEST" StructureHandle="/org.jvnet.hudson.plugins.clearcase/src/main/java" StructureKind="resource"/><InteractionEvent Delta="null" EndDate="2010-03-31 10:41:57.33 CEST" Interest="0.017000198" Kind="propagation" Navigation="org.eclipse.mylyn.core.model.edges.containment" OriginId="org.eclipse.mylyn.core.model.interest.propagation" StartDate="2010-03-31 10:41:57.33 CEST" StructureHandle="=org.jvnet.hudson.plugins.clearcase/src\/main\/java&amp;lt;hudson.plugins.clearcase" StructureKind="java"/><InteractionEvent Delta="null" EndDate="2010-03-31 10:42:51.814 CEST" Interest="1.0" Kind="selection" Navigation="null" OriginId="org.eclipse.jdt.ui.CompilationUnitEditor" StartDate="2010-03-31 10:42:51.814 CEST" StructureHandle="=org.jvnet.hudson.plugins.clearcase/src\/main\/java&amp;lt;hudson.plugins.clearcase{ClearToolExec.java[ClearToolExec~doesViewExist~QString;" StructureKind="java"/><InteractionEvent Delta="null" EndDate="2010-03-31 10:42:45.174 CEST" Interest="1.0" Kind="propagation" Navigation="org.eclipse.mylyn.core.model.edges.containment" OriginId="org.eclipse.mylyn.core.model.interest.propagation" StartDate="2010-03-31 10:42:45.174 CEST" StructureHandle="=org.jvnet.hudson.plugins.clearcase" StructureKind="resource"/><InteractionEvent Delta="null" EndDate="2010-03-31 10:43:05.736 CEST" Interest="1.0" Kind="propagation" Navigation="org.eclipse.mylyn.core.model.edges.containment" OriginId="org.eclipse.mylyn.core.model.interest.propagation" StartDate="2010-03-31 10:43:05.736 CEST" StructureHandle="/org.jvnet.hudson.plugins.clearcase/src" StructureKind="resource"/><InteractionEvent Delta="null" EndDate="2010-03-31 10:42:05.955 CEST" Interest="1.0" Kind="propagation" Navigation="org.eclipse.mylyn.core.model.edges.containment" OriginId="org.eclipse.mylyn.core.model.interest.propagation" StartDate="2010-03-31 10:42:05.955 CEST" StructureHandle="/org.jvnet.hudson.plugins.clearcase/src/main/java/hudson/plugins/clearcase" StructureKind="resource"/><InteractionEvent Delta="null" EndDate="2010-03-31 10:42:51.814 CEST" Interest="1.0" Kind="propagation" Navigation="org.eclipse.mylyn.core.model.edges.containment" OriginId="org.eclipse.mylyn.core.model.interest.propagation" StartDate="2010-03-31 10:42:51.814 CEST" StructureHandle="/org.jvnet.hudson.plugins.clearcase/src/main/java/hudson/plugins/clearcase" StructureKind="resource"/><InteractionEvent Delta="null" EndDate="2010-03-31 10:43:05.736 CEST" Interest="1.0" Kind="propagation" Navigation="org.eclipse.mylyn.core.model.edges.containment" OriginId="org.eclipse.mylyn.core.model.interest.propagation" StartDate="2010-03-31 10:43:05.736 CEST" StructureHandle="/org.jvnet.hudson.plugins.clearcase/src/main" StructureKind="resource"/><InteractionEvent Delta="null" EndDate="2010-03-31 10:42:51.658 CEST" Interest="1.0" Kind="propagation" Navigation="org.eclipse.mylyn.core.model.edges.containment" OriginId="org.eclipse.mylyn.core.model.interest.propagation" StartDate="2010-03-31 10:42:51.658 CEST" StructureHandle="/org.jvnet.hudson.plugins.clearcase/src" StructureKind="resource"/><InteractionEvent Delta="null" EndDate="2010-03-31 10:42:02.533 CEST" Interest="0.69999695" Kind="propagation" Navigation="org.eclipse.mylyn.core.model.edges.containment" OriginId="org.eclipse.mylyn.core.model.interest.propagation" StartDate="2010-03-31 10:42:02.533 CEST" StructureHandle="=org.jvnet.hudson.plugins.clearcase/src\/main\/java&amp;lt;hudson.plugins.clearcase{ClearToolExec.java[ClearToolExec" StructureKind="java"/><InteractionEvent Delta="null" EndDate="2010-03-31 10:42:01.174 CEST" Interest="1.0" Kind="propagation" Navigation="org.eclipse.mylyn.core.model.edges.containment" OriginId="org.eclipse.mylyn.core.model.interest.propagation" StartDate="2010-03-31 10:42:01.174 CEST" StructureHandle="/" StructureKind="resource"/><InteractionEvent Delta="null" EndDate="2010-03-31 10:41:51.142 CEST" Interest="0.01700008" Kind="propagation" Navigation="org.eclipse.mylyn.core.model.edges.containment" OriginId="org.eclipse.mylyn.core.model.interest.propagation" StartDate="2010-03-31 10:41:51.142 CEST" StructureHandle="=org.jvnet.hudson.plugins.clearcase/src\/main\/java&amp;lt;hudson.plugins.clearcase" StructureKind="java"/><InteractionEvent Delta="null" EndDate="2010-03-31 10:42:44.674 CEST" Interest="1.0" Kind="propagation" Navigation="org.eclipse.mylyn.core.model.edges.containment" OriginId="org.eclipse.mylyn.core.model.interest.propagation" StartDate="2010-03-31 10:42:44.674 CEST" StructureHandle="/" StructureKind="resource"/><InteractionEvent Delta="null" EndDate="2010-03-31 10:42:04.846 CEST" Interest="0.69999695" Kind="propagation" Navigation="org.eclipse.mylyn.core.model.edges.containment" OriginId="org.eclipse.mylyn.core.model.interest.propagation" StartDate="2010-03-31 10:42:04.846 CEST" StructureHandle="=org.jvnet.hudson.plugins.clearcase/src\/main\/java&amp;lt;hudson.plugins.clearcase" StructureKind="java"/><InteractionEvent Delta="null" EndDate="2010-03-31 10:42:00.346 CEST" Interest="209.73398" Kind="propagation" Navigation="org.eclipse.mylyn.core.model.edges.containment" OriginId="org.eclipse.mylyn.core.model.interest.propagation" StartDate="2010-03-31 10:42:00.346 CEST" StructureHandle="=org.jvnet.hudson.plugins.clearcase/src\/main\/java&amp;lt;hudson.plugins.clearcase{ClearToolExec.java" StructureKind="java"/><InteractionEvent Delta="null" EndDate="2010-03-31 10:41:40.892 CEST" Interest="1.0" Kind="propagation" Navigation="org.eclipse.mylyn.core.model.edges.containment" OriginId="org.eclipse.mylyn.core.model.interest.propagation" StartDate="2010-03-31 10:41:40.892 CEST" StructureHandle="/org.jvnet.hudson.plugins.clearcase/src/main/java/hudson/plugins" StructureKind="resource"/><InteractionEvent Delta="null" EndDate="2010-03-31 10:41:40.892 CEST" Interest="0.31699997" Kind="propagation" Navigation="org.eclipse.mylyn.core.model.edges.containment" OriginId="org.eclipse.mylyn.core.model.interest.propagation" StartDate="2010-03-31 10:41:40.892 CEST" StructureHandle="=org.jvnet.hudson.plugins.clearcase/src\/main\/java" StructureKind="java"/><InteractionEvent Delta="null" EndDate="2010-03-31 10:44:22.767 CEST" Interest="0.6999817" Kind="propagation" Navigation="org.eclipse.mylyn.core.model.edges.containment" OriginId="org.eclipse.mylyn.core.model.interest.propagation" StartDate="2010-03-31 10:44:22.767 CEST" StructureHandle="/" StructureKind="resource"/><InteractionEvent Delta="null" EndDate="2010-03-31 10:43:05.736 CEST" Interest="1.0" Kind="propagation" Navigation="org.eclipse.mylyn.core.model.edges.containment" OriginId="org.eclipse.mylyn.core.model.interest.propagation" StartDate="2010-03-31 10:43:05.736 CEST" StructureHandle="/org.jvnet.hudson.plugins.clearcase/src/main/java/hudson/plugins" StructureKind="resource"/><InteractionEvent Delta="null" EndDate="2010-03-31 10:42:58.846 CEST" Interest="1.0" Kind="propagation" Navigation="org.eclipse.mylyn.core.model.edges.containment" OriginId="org.eclipse.mylyn.core.model.interest.propagation" StartDate="2010-03-31 10:42:58.846 CEST" StructureHandle="/" StructureKind="resource"/><InteractionEvent Delta="null" EndDate="2010-03-31 10:41:52.814 CEST" Interest="1.0000002" Kind="propagation" Navigation="org.eclipse.mylyn.core.model.edges.containment" OriginId="org.eclipse.mylyn.core.model.interest.propagation" StartDate="2010-03-31 10:41:52.814 CEST" StructureHandle="/org.jvnet.hudson.plugins.clearcase/src/main/java/hudson" StructureKind="resource"/><InteractionEvent Delta="null" EndDate="2010-03-31 10:42:02.533 CEST" Interest="0.69999695" Kind="propagation" Navigation="org.eclipse.mylyn.core.model.edges.containment" OriginId="org.eclipse.mylyn.core.model.interest.propagation" StartDate="2010-03-31 10:42:02.533 CEST" StructureHandle="=org.jvnet.hudson.plugins.clearcase/src\/main\/java&amp;lt;hudson.plugins.clearcase{ClearToolExec.java" StructureKind="java"/><InteractionEvent Delta="null" EndDate="2010-03-31 10:42:45.314 CEST" Interest="1.0" Kind="propagation" Navigation="org.eclipse.mylyn.core.model.edges.containment" OriginId="org.eclipse.mylyn.core.model.interest.propagation" StartDate="2010-03-31 10:42:45.314 CEST" StructureHandle="=org.jvnet.hudson.plugins.clearcase/src\/main\/java" StructureKind="java"/><InteractionEvent Delta="null" EndDate="2010-03-31 10:42:04.846 CEST" Interest="1.0" Kind="propagation" Navigation="org.eclipse.mylyn.core.model.edges.containment" OriginId="org.eclipse.mylyn.core.model.interest.propagation" StartDate="2010-03-31 10:42:04.846 CEST" StructureHandle="/org.jvnet.hudson.plugins.clearcase/src/main/java/hudson/plugins/clearcase" StructureKind="resource"/><InteractionEvent Delta="null" EndDate="2010-03-31 10:42:00.346 CEST" Interest="1.0" Kind="propagation" Navigation="org.eclipse.mylyn.core.model.edges.containment" OriginId="org.eclipse.mylyn.core.model.interest.propagation" StartDate="2010-03-31 10:42:00.346 CEST" StructureHandle="/" StructureKind="resource"/><InteractionEvent Delta="null" EndDate="2010-03-31 10:42:05.955 CEST" Interest="1.0" Kind="propagation" Navigation="org.eclipse.mylyn.core.model.edges.containment" OriginId="org.eclipse.mylyn.core.model.interest.propagation" StartDate="2010-03-31 10:42:05.955 CEST" StructureHandle="/org.jvnet.hudson.plugins.clearcase/src/main/java/hudson/plugins" StructureKind="resource"/><InteractionEvent Delta="null" EndDate="2010-03-31 10:42:45.174 CEST" Interest="1.0" Kind="propagation" Navigation="org.eclipse.mylyn.core.model.edges.containment" OriginId="org.eclipse.mylyn.core.model.interest.propagation" StartDate="2010-03-31 10:42:45.174 CEST" StructureHandle="/org.jvnet.hudson.plugins.clearcase/src/main/java" StructureKind="resource"/><InteractionEvent Delta="null" EndDate="2010-03-31 10:44:22.752 CEST" Interest="1.0" Kind="propagation" Navigation="org.eclipse.mylyn.core.model.edges.containment" OriginId="org.eclipse.mylyn.core.model.interest.propagation" StartDate="2010-03-31 10:44:22.752 CEST" StructureHandle="/org.jvnet.hudson.plugins.clearcase/src/main/java/hudson/plugins" StructureKind="resource"/><InteractionEvent Delta="null" EndDate="2010-03-31 10:42:58.424 CEST" Interest="1.000001" Kind="propagation" Navigation="org.eclipse.mylyn.core.model.edges.containment" OriginId="org.eclipse.mylyn.core.model.interest.propagation" StartDate="2010-03-31 10:42:58.424 CEST" StructureHandle="/org.jvnet.hudson.plugins.clearcase/src/main" StructureKind="resource"/><InteractionEvent Delta="null" EndDate="2010-03-31 10:44:23.283 CEST" Interest="1.0" Kind="propagation" Navigation="org.eclipse.mylyn.core.model.edges.containment" OriginId="org.eclipse.mylyn.core.model.interest.propagation" StartDate="2010-03-31 10:44:23.283 CEST" StructureHandle="/org.jvnet.hudson.plugins.clearcase/src/main/java/hudson/plugins/clearcase" StructureKind="resource"/><InteractionEvent Delta="null" EndDate="2010-03-31 10:41:40.111 CEST" Interest="1.0" Kind="propagation" Navigation="org.eclipse.mylyn.core.model.edges.containment" OriginId="org.eclipse.mylyn.core.model.interest.propagation" StartDate="2010-03-31 10:41:40.111 CEST" StructureHandle="/org.jvnet.hudson.plugins.clearcase/src/main/java/hudson/plugins" StructureKind="resource"/><InteractionEvent Delta="null" EndDate="2010-03-31 10:41:40.111 CEST" Interest="1.0" Kind="propagation" Navigation="org.eclipse.mylyn.core.model.edges.containment" OriginId="org.eclipse.mylyn.core.model.interest.propagation" StartDate="2010-03-31 10:41:40.111 CEST" StructureHandle="/" StructureKind="resource"/><InteractionEvent Delta="null" EndDate="2010-03-31 10:42:01.174 CEST" Interest="1.0" Kind="propagation" Navigation="null" OriginId="org.eclipse.jdt.ui.CompilationUnitEditor" StartDate="2010-03-31 10:42:01.174 CEST" StructureHandle="/org.jvnet.hudson.plugins.clearcase/src/main/java/hudson/plugins/clearcase/ClearToolExec.java" StructureKind="resource"/><InteractionEvent Delta="null" EndDate="2010-03-31 10:42:02.533 CEST" Interest="0.69999695" Kind="propagation" Navigation="org.eclipse.mylyn.core.model.edges.containment" OriginId="org.eclipse.mylyn.core.model.interest.propagation" StartDate="2010-03-31 10:42:02.533 CEST" StructureHandle="=org.jvnet.hudson.plugins.clearcase/src\/main\/java&amp;lt;hudson.plugins.clearcase" StructureKind="java"/><InteractionEvent Delta="null" EndDate="2010-03-31 10:42:45.174 CEST" Interest="1.0" Kind="propagation" Navigation="org.eclipse.mylyn.core.model.edges.containment" OriginId="org.eclipse.mylyn.core.model.interest.propagation" StartDate="2010-03-31 10:42:45.174 CEST" StructureHandle="/org.jvnet.hudson.plugins.clearcase/src/main/java/hudson/plugins" StructureKind="resource"/><InteractionEvent Delta="null" EndDate="2010-03-31 10:42:45.174 CEST" Interest="1.0" Kind="propagation" Navigation="org.eclipse.mylyn.core.model.edges.containment" OriginId="org.eclipse.mylyn.core.model.interest.propagation" StartDate="2010-03-31 10:42:45.174 CEST" StructureHandle="/org.jvnet.hudson.plugins.clearcase/src/main/java/hudson" StructureKind="resource"/><InteractionEvent Delta="null" EndDate="2010-03-31 10:42:51.658 CEST" Interest="1.0000153" Kind="propagation" Navigation="org.eclipse.mylyn.core.model.edges.containment" OriginId="org.eclipse.mylyn.core.model.interest.propagation" StartDate="2010-03-31 10:42:51.658 CEST" StructureHandle="=org.jvnet.hudson.plugins.clearcase/src\/main\/java&amp;lt;hudson.plugins.clearcase" StructureKind="java"/><InteractionEvent Delta="null" EndDate="2010-03-31 10:41:57.33 CEST" Interest="1.0" Kind="propagation" Navigation="org.eclipse.mylyn.core.model.edges.containment" OriginId="org.eclipse.mylyn.core.model.interest.propagation" StartDate="2010-03-31 10:41:57.33 CEST" StructureHandle="/org.jvnet.hudson.plugins.clearcase/src/main/java/hudson/plugins/clearcase" StructureKind="resource"/><InteractionEvent Delta="null" EndDate="2010-03-31 10:42:44.674 CEST" Interest="1.0" Kind="propagation" Navigation="org.eclipse.mylyn.core.model.edges.containment" OriginId="org.eclipse.mylyn.core.model.interest.propagation" StartDate="2010-03-31 10:42:44.674 CEST" StructureHandle="/org.jvnet.hudson.plugins.clearcase/src/main/java/hudson/plugins" StructureKind="resource"/><InteractionEvent Delta="null" EndDate="2010-03-31 10:44:22.752 CEST" Interest="1.0" Kind="propagation" Navigation="org.eclipse.mylyn.core.model.edges.containment" OriginId="org.eclipse.mylyn.core.model.interest.propagation" StartDate="2010-03-31 10:44:22.752 CEST" StructureHandle="/org.jvnet.hudson.plugins.clearcase/src/main/java/hudson/plugins/clearcase" StructureKind="resource"/><InteractionEvent Delta="null" EndDate="2010-03-31 10:42:02.533 CEST" Interest="1.0000005" Kind="propagation" Navigation="org.eclipse.mylyn.core.model.edges.containment" OriginId="org.eclipse.mylyn.core.model.interest.propagation" StartDate="2010-03-31 10:42:02.533 CEST" StructureHandle="/org.jvnet.hudson.plugins.clearcase/src/main/java/hudson/plugins/clearcase" StructureKind="resource"/><InteractionEvent Delta="null" EndDate="2010-03-31 10:42:01.174 CEST" Interest="1.0" Kind="propagation" Navigation="org.eclipse.mylyn.core.model.edges.containment" OriginId="org.eclipse.mylyn.core.model.interest.propagation" StartDate="2010-03-31 10:42:01.174 CEST" StructureHandle="/org.jvnet.hudson.plugins.clearcase/src/main/java/hudson" StructureKind="resource"/><InteractionEvent Delta="null" EndDate="2010-03-31 10:41:51.142 CEST" Interest="0.01700002" Kind="propagation" Navigation="org.eclipse.mylyn.core.model.edges.containment" OriginId="org.eclipse.mylyn.core.model.interest.propagation" StartDate="2010-03-31 10:41:51.142 CEST" StructureHandle="=org.jvnet.hudson.plugins.clearcase/src\/main\/java&amp;lt;hudson.plugins.clearcase{ClearToolExec.java" StructureKind="java"/><InteractionEvent Delta="null" EndDate="2010-03-31 10:42:00.346 CEST" Interest="209.73396" Kind="propagation" Navigation="org.eclipse.mylyn.core.model.edges.containment" OriginId="org.eclipse.mylyn.core.model.interest.propagation" StartDate="2010-03-31 10:42:00.346 CEST" StructureHandle="=org.jvnet.hudson.plugins.clearcase/src\/main\/java" StructureKind="java"/><InteractionEvent Delta="null" EndDate="2010-03-31 10:42:44.674 CEST" Interest="1.0" Kind="propagation" Navigation="org.eclipse.mylyn.core.model.edges.containment" OriginId="org.eclipse.mylyn.core.model.interest.propagation" StartDate="2010-03-31 10:42:44.674 CEST" StructureHandle="=org.jvnet.hudson.plugins.clearcase" StructureKind="resource"/><InteractionEvent Delta="null" EndDate="2010-03-31 10:41:57.17 CEST" Interest="1.0" Kind="selection" Navigation="null" OriginId="org.eclipse.jdt.ui.PackageExplorer" StartDate="2010-03-31 10:41:57.17 CEST" StructureHandle="=org.jvnet.hudson.plugins.clearcase/src\/main\/java&amp;lt;hudson.plugins.clearcase{ClearToolExec.java[ClearToolExec~doesViewExist~QString;" StructureKind="java"/><InteractionEvent Delta="null" EndDate="2010-03-31 10:42:51.814 CEST" Interest="1.0" Kind="propagation" Navigation="org.eclipse.mylyn.core.model.edges.containment" OriginId="org.eclipse.mylyn.core.model.interest.propagation" StartDate="2010-03-31 10:42:51.814 CEST" StructureHandle="/org.jvnet.hudson.plugins.clearcase/src/main/java" StructureKind="resource"/><InteractionEvent Delta="null" EndDate="2010-03-31 10:41:44.799 CEST" Interest="0.01699996" Kind="propagation" Navigation="org.eclipse.mylyn.core.model.edges.containment" OriginId="org.eclipse.mylyn.core.model.interest.propagation" StartDate="2010-03-31 10:41:44.799 CEST" StructureHandle="=org.jvnet.hudson.plugins.clearcase/src\/main\/java&amp;lt;hudson.plugins.clearcase{ClearToolExec.java" StructureKind="java"/><InteractionEvent Delta="null" EndDate="2010-03-31 10:42:04.846 CEST" Interest="1.0" Kind="propagation" Navigation="null" OriginId="org.eclipse.jdt.ui.CompilationUnitEditor" StartDate="2010-03-31 10:42:04.846 CEST" StructureHandle="/org.jvnet.hudson.plugins.clearcase/src/main/java/hudson/plugins/clearcase/ClearToolExec.java" StructureKind="resource"/><InteractionEvent Delta="null" EndDate="2010-03-31 10:42:51.658 CEST" Interest="1.0" Kind="propagation" Navigation="org.eclipse.mylyn.core.model.edges.containment" OriginId="org.eclipse.mylyn.core.model.interest.propagation" StartDate="2010-03-31 10:42:51.658 CEST" StructureHandle="/org.jvnet.hudson.plugins.clearcase/src/main" StructureKind="resource"/><InteractionEvent Delta="null" EndDate="2010-03-31 10:42:01.174 CEST" Interest="1.0" Kind="propagation" Navigation="org.eclipse.mylyn.core.model.edges.containment" OriginId="org.eclipse.mylyn.core.model.interest.propagation" StartDate="2010-03-31 10:42:01.174 CEST" StructureHandle="/org.jvnet.hudson.plugins.clearcase/src/main" StructureKind="resource"/><InteractionEvent Delta="null" EndDate="2010-03-31 10:42:01.174 CEST" Interest="0.70002747" Kind="propagation" Navigation="org.eclipse.mylyn.core.model.edges.containment" OriginId="org.eclipse.mylyn.core.model.interest.propagation" StartDate="2010-03-31 10:42:01.174 CEST" StructureHandle="=org.jvnet.hudson.plugins.clearcase/src\/main\/java&amp;lt;hudson.plugins.clearcase{ClearToolExec.java" StructureKind="java"/></InteractionHistory>