<?xml version="1.0" encoding="UTF-8"?>

<BugCollection version="1.3.9" sequence="0" timestamp="1282302884779" analysisTimestamp="1282302887029" release="">
  <Project projectName="">
  </Project>
  <BugInstance type="USBR_UNNECESSARY_STORE_BEFORE_RETURN" priority="2" abbrev="USBR" category="STYLE">
    <Class classname="gti.module.PrintModuleInterface">
      <SourceLine classname="gti.module.PrintModuleInterface" start="11" end="79" sourcefile="PrintModuleInterface.java" sourcepath="gti/module/PrintModuleInterface.java"/>
    </Class>
    <Method classname="gti.module.PrintModuleInterface" name="getReportRequest" signature="(Ljava/lang/String;Ljava/lang/String;Ljava/lang/Class;)Lgti/module/print/PrintRequestIF;" isStatic="false">
      <SourceLine classname="gti.module.PrintModuleInterface" start="20" end="23" startBytecode="0" endBytecode="118" sourcefile="PrintModuleInterface.java" sourcepath="gti/module/PrintModuleInterface.java"/>
    </Method>
    <SourceLine classname="gti.module.PrintModuleInterface" start="23" end="23" startBytecode="14" endBytecode="14" sourcefile="PrintModuleInterface.java" sourcepath="gti/module/PrintModuleInterface.java"/>
  </BugInstance>
  <BugInstance type="ISB_EMPTY_STRING_APPENDING" priority="2" abbrev="ISB" category="PERFORMANCE">
    <Class classname="gti.print.server.PrintServerLocal">
      <SourceLine classname="gti.print.server.PrintServerLocal" start="17" end="157" sourcefile="PrintServerLocal.java" sourcepath="gti/print/server/PrintServerLocal.java"/>
    </Class>
    <Method classname="gti.print.server.PrintServerLocal" name="execute" signature="(Lgti/print/server/command/PrintReportCmd;)V" isStatic="false">
      <SourceLine classname="gti.print.server.PrintServerLocal" start="55" end="79" startBytecode="0" endBytecode="364" sourcefile="PrintServerLocal.java" sourcepath="gti/print/server/PrintServerLocal.java"/>
    </Method>
    <SourceLine classname="gti.print.server.PrintServerLocal" start="60" end="60" startBytecode="33" endBytecode="33" sourcefile="PrintServerLocal.java" sourcepath="gti/print/server/PrintServerLocal.java"/>
  </BugInstance>
  <Errors errors="0" missingClasses="0"></Errors>
  <FindBugsSummary timestamp="Fri, 20 Aug 2010 13:14:44 +0200" total_classes="11" referenced_classes="126" total_bugs="2" total_size="332" num_packages="4" vm_version="17.0-b16" cpu_seconds="20.64" clock_seconds="10.50" peak_mbytes="104.39" alloc_mbytes="439.12" gc_seconds="0.30" priority_2="2">
    <PackageStats package="gti.module" total_bugs="1" total_types="3" total_size="88" priority_2="1">
      <ClassStats class="gti.module.PrintModule" sourceFile="PrintModule.java" interface="false" size="7" bugs="0"/>
      <ClassStats class="gti.module.PrintModuleInterface" sourceFile="PrintModuleInterface.java" interface="false" size="25" bugs="1" priority_2="1"/>
      <ClassStats class="gti.module.PrintReportRequest" sourceFile="PrintReportRequest.java" interface="false" size="56" bugs="0"/>
    </PackageStats>
    <PackageStats package="gti.print.server" total_bugs="1" total_types="2" total_size="67" priority_2="1">
      <ClassStats class="gti.print.server.PrintServer" sourceFile="PrintServer.java" interface="false" size="7" bugs="0"/>
      <ClassStats class="gti.print.server.PrintServerLocal" sourceFile="PrintServerLocal.java" interface="false" size="60" bugs="1" priority_2="1"/>
    </PackageStats>
    <PackageStats package="gti.print.server.command" total_bugs="0" total_types="5" total_size="170">
      <ClassStats class="gti.print.server.command.GetPrintersCmd" sourceFile="GetPrintersCmd.java" interface="false" size="26" bugs="0"/>
      <ClassStats class="gti.print.server.command.PrintAndBackupFileCmd" sourceFile="PrintAndBackupFileCmd.java" interface="false" size="32" bugs="0"/>
      <ClassStats class="gti.print.server.command.PrintReportCmd" sourceFile="PrintReportCmd.java" interface="false" size="73" bugs="0"/>
      <ClassStats class="gti.print.server.command.PrintServerCmd" sourceFile="PrintServerCmd.java" interface="false" size="7" bugs="0"/>
      <ClassStats class="gti.print.server.command.PrintToTempFileCmd" sourceFile="PrintToTempFileCmd.java" interface="false" size="32" bugs="0"/>
    </PackageStats>
    <PackageStats package="gti.print.util.log" total_bugs="0" total_types="1" total_size="7">
      <ClassStats class="gti.print.util.log.PrintLog" sourceFile="PrintLog.java" interface="false" size="7" bugs="0"/>
    </PackageStats>
    <FindBugsProfile>
      <ClassProfile name="edu.umd.cs.findbugs.detect.UnreadFields" totalMilliseconds="11" invocations="11" avgMicrosecondsPerInvocation="1011" maxMicrosecondsPerInvocation="3800" standardDeviationMircosecondsPerInvocation="1010"/>
      <ClassProfile name="com.mebigfatguy.fbcontrib.detect.FieldCouldBeLocal" totalMilliseconds="12" invocations="11" avgMicrosecondsPerInvocation="1171" maxMicrosecondsPerInvocation="5449" standardDeviationMircosecondsPerInvocation="1744"/>
      <ClassProfile name="edu.umd.cs.findbugs.detect.URLProblems" totalMilliseconds="13" invocations="11" avgMicrosecondsPerInvocation="1241" maxMicrosecondsPerInvocation="4861" standardDeviationMircosecondsPerInvocation="1387"/>
      <ClassProfile name="com.mebigfatguy.fbcontrib.detect.InefficientStringBuffering" totalMilliseconds="13" invocations="11" avgMicrosecondsPerInvocation="1244" maxMicrosecondsPerInvocation="9041" standardDeviationMircosecondsPerInvocation="2478"/>
      <ClassProfile name="edu.umd.cs.findbugs.detect.NoteSuppressedWarnings" totalMilliseconds="13" invocations="126" avgMicrosecondsPerInvocation="109" maxMicrosecondsPerInvocation="1206" standardDeviationMircosecondsPerInvocation="148"/>
      <ClassProfile name="edu.umd.cs.findbugs.detect.LostLoggerDueToWeakReference" totalMilliseconds="13" invocations="11" avgMicrosecondsPerInvocation="1255" maxMicrosecondsPerInvocation="9383" standardDeviationMircosecondsPerInvocation="2600"/>
      <ClassProfile name="edu.umd.cs.findbugs.detect.FindRefComparison" totalMilliseconds="14" invocations="11" avgMicrosecondsPerInvocation="1287" maxMicrosecondsPerInvocation="4156" standardDeviationMircosecondsPerInvocation="1127"/>
      <ClassProfile name="edu.umd.cs.findbugs.detect.NoteNonnullReturnValues" totalMilliseconds="14" invocations="11" avgMicrosecondsPerInvocation="1290" maxMicrosecondsPerInvocation="4072" standardDeviationMircosecondsPerInvocation="1150"/>
      <ClassProfile name="edu.umd.cs.findbugs.detect.FindNullDeref" totalMilliseconds="15" invocations="11" avgMicrosecondsPerInvocation="1391" maxMicrosecondsPerInvocation="5828" standardDeviationMircosecondsPerInvocation="1617"/>
      <ClassProfile name="edu.umd.cs.findbugs.classfile.engine.bcel.DepthFirstSearchFactory" totalMilliseconds="15" invocations="90" avgMicrosecondsPerInvocation="171" maxMicrosecondsPerInvocation="9209" standardDeviationMircosecondsPerInvocation="960"/>
      <ClassProfile name="edu.umd.cs.findbugs.detect.FindDeadLocalStores" totalMilliseconds="15" invocations="11" avgMicrosecondsPerInvocation="1435" maxMicrosecondsPerInvocation="7213" standardDeviationMircosecondsPerInvocation="2032"/>
      <ClassProfile name="edu.umd.cs.findbugs.classfile.engine.asm.ClassReaderAnalysisEngine" totalMilliseconds="18" invocations="702" avgMicrosecondsPerInvocation="26" maxMicrosecondsPerInvocation="7868" standardDeviationMircosecondsPerInvocation="296"/>
      <ClassProfile name="edu.umd.cs.findbugs.detect.FindNullDeref$CheckCallSitesAndReturnInstructions" totalMilliseconds="20" invocations="76" avgMicrosecondsPerInvocation="263" maxMicrosecondsPerInvocation="2251" standardDeviationMircosecondsPerInvocation="397"/>
      <ClassProfile name="edu.umd.cs.findbugs.detect.SerializableIdiom" totalMilliseconds="20" invocations="11" avgMicrosecondsPerInvocation="1827" maxMicrosecondsPerInvocation="16552" standardDeviationMircosecondsPerInvocation="4658"/>
      <ClassProfile name="edu.umd.cs.findbugs.ba.npe.TypeQualifierNullnessAnnotationDatabase" totalMilliseconds="20" invocations="797" avgMicrosecondsPerInvocation="25" maxMicrosecondsPerInvocation="1229" standardDeviationMircosecondsPerInvocation="65"/>
      <ClassProfile name="edu.umd.cs.findbugs.detect.LoadOfKnownNullValue" totalMilliseconds="21" invocations="11" avgMicrosecondsPerInvocation="1940" maxMicrosecondsPerInvocation="7457" standardDeviationMircosecondsPerInvocation="2101"/>
      <ClassProfile name="edu.umd.cs.findbugs.NonReportingDetectorToDetector2Adapter" totalMilliseconds="30" invocations="1786" avgMicrosecondsPerInvocation="17" maxMicrosecondsPerInvocation="82" standardDeviationMircosecondsPerInvocation="6"/>
      <ClassProfile name="com.mebigfatguy.fbcontrib.detect.ListIndexedIterating" totalMilliseconds="30" invocations="11" avgMicrosecondsPerInvocation="2807" maxMicrosecondsPerInvocation="27947" standardDeviationMircosecondsPerInvocation="7962"/>
      <ClassProfile name="edu.umd.cs.findbugs.detect.InfiniteRecursiveLoop" totalMilliseconds="31" invocations="11" avgMicrosecondsPerInvocation="2883" maxMicrosecondsPerInvocation="27571" standardDeviationMircosecondsPerInvocation="7815"/>
      <ClassProfile name="edu.umd.cs.findbugs.detect.FinalizerNullsFields" totalMilliseconds="32" invocations="11" avgMicrosecondsPerInvocation="2937" maxMicrosecondsPerInvocation="32113" standardDeviationMircosecondsPerInvocation="9226"/>
      <ClassProfile name="com.mebigfatguy.fbcontrib.detect.MoreDumbMethods" totalMilliseconds="37" invocations="11" avgMicrosecondsPerInvocation="3378" maxMicrosecondsPerInvocation="22076" standardDeviationMircosecondsPerInvocation="6038"/>
      <ClassProfile name="edu.umd.cs.findbugs.detect.MethodReturnCheck" totalMilliseconds="37" invocations="11" avgMicrosecondsPerInvocation="3384" maxMicrosecondsPerInvocation="31804" standardDeviationMircosecondsPerInvocation="9000"/>
      <ClassProfile name="edu.umd.cs.findbugs.detect.FindHEmismatch" totalMilliseconds="39" invocations="11" avgMicrosecondsPerInvocation="3548" maxMicrosecondsPerInvocation="33640" standardDeviationMircosecondsPerInvocation="9526"/>
      <ClassProfile name="edu.umd.cs.findbugs.detect.NoteCheckReturnValueAnnotations" totalMilliseconds="39" invocations="126" avgMicrosecondsPerInvocation="314" maxMicrosecondsPerInvocation="32059" standardDeviationMircosecondsPerInvocation="2841"/>
      <ClassProfile name="edu.umd.cs.findbugs.detect.SuperfluousInstanceOf" totalMilliseconds="40" invocations="11" avgMicrosecondsPerInvocation="3715" maxMicrosecondsPerInvocation="40168" standardDeviationMircosecondsPerInvocation="11527"/>
      <ClassProfile name="edu.umd.cs.findbugs.classfile.engine.bcel.LiveLocalStoreDataflowFactory" totalMilliseconds="42" invocations="76" avgMicrosecondsPerInvocation="555" maxMicrosecondsPerInvocation="6908" standardDeviationMircosecondsPerInvocation="996"/>
      <ClassProfile name="edu.umd.cs.findbugs.detect.DumbMethodInvocations" totalMilliseconds="45" invocations="11" avgMicrosecondsPerInvocation="4165" maxMicrosecondsPerInvocation="39743" standardDeviationMircosecondsPerInvocation="11267"/>
      <ClassProfile name="edu.umd.cs.findbugs.detect.ReflectiveClasses" totalMilliseconds="50" invocations="126" avgMicrosecondsPerInvocation="402" maxMicrosecondsPerInvocation="8808" standardDeviationMircosecondsPerInvocation="1308"/>
      <ClassProfile name="edu.umd.cs.findbugs.detect.FindFloatEquality" totalMilliseconds="50" invocations="11" avgMicrosecondsPerInvocation="4629" maxMicrosecondsPerInvocation="27505" standardDeviationMircosecondsPerInvocation="9242"/>
      <ClassProfile name="edu.umd.cs.findbugs.classfile.engine.bcel.ConstantDataflowFactory" totalMilliseconds="65" invocations="76" avgMicrosecondsPerInvocation="857" maxMicrosecondsPerInvocation="11018" standardDeviationMircosecondsPerInvocation="1648"/>
      <ClassProfile name="com.mebigfatguy.fbcontrib.detect.LoggerOddities" totalMilliseconds="76" invocations="11" avgMicrosecondsPerInvocation="6965" maxMicrosecondsPerInvocation="73460" standardDeviationMircosecondsPerInvocation="21028"/>
      <ClassProfile name="edu.umd.cs.findbugs.classfile.engine.bcel.CFGFactory" totalMilliseconds="85" invocations="76" avgMicrosecondsPerInvocation="1118" maxMicrosecondsPerInvocation="20623" standardDeviationMircosecondsPerInvocation="2666"/>
      <ClassProfile name="edu.umd.cs.findbugs.DetectorToDetector2Adapter" totalMilliseconds="85" invocations="2337" avgMicrosecondsPerInvocation="36" maxMicrosecondsPerInvocation="25528" standardDeviationMircosecondsPerInvocation="725"/>
      <ClassProfile name="edu.umd.cs.findbugs.detect.FindRefComparison$SpecialTypeAnalysis" totalMilliseconds="88" invocations="43" avgMicrosecondsPerInvocation="2064" maxMicrosecondsPerInvocation="18746" standardDeviationMircosecondsPerInvocation="3493"/>
      <ClassProfile name="com.mebigfatguy.fbcontrib.collect.CollectStatistics" totalMilliseconds="93" invocations="126" avgMicrosecondsPerInvocation="740" maxMicrosecondsPerInvocation="40555" standardDeviationMircosecondsPerInvocation="3803"/>
      <ClassProfile name="edu.umd.cs.findbugs.detect.CalledMethods" totalMilliseconds="103" invocations="126" avgMicrosecondsPerInvocation="817" maxMicrosecondsPerInvocation="39930" standardDeviationMircosecondsPerInvocation="3709"/>
      <ClassProfile name="edu.umd.cs.findbugs.detect.BuildObligationPolicyDatabase" totalMilliseconds="106" invocations="126" avgMicrosecondsPerInvocation="848" maxMicrosecondsPerInvocation="6706" standardDeviationMircosecondsPerInvocation="1060"/>
      <ClassProfile name="edu.umd.cs.findbugs.detect.FindInconsistentSync2" totalMilliseconds="107" invocations="11" avgMicrosecondsPerInvocation="9773" maxMicrosecondsPerInvocation="34144" standardDeviationMircosecondsPerInvocation="13802"/>
      <ClassProfile name="edu.umd.cs.findbugs.classfile.impl.ZipCodeBaseFactory" totalMilliseconds="163" invocations="169" avgMicrosecondsPerInvocation="969" maxMicrosecondsPerInvocation="79191" standardDeviationMircosecondsPerInvocation="7111"/>
      <ClassProfile name="edu.umd.cs.findbugs.classfile.engine.bcel.JavaClassAnalysisEngine" totalMilliseconds="168" invocations="192" avgMicrosecondsPerInvocation="878" maxMicrosecondsPerInvocation="62081" standardDeviationMircosecondsPerInvocation="4512"/>
      <ClassProfile name="edu.umd.cs.findbugs.detect.EqualsOperandShouldHaveClassCompatibleWithThis" totalMilliseconds="212" invocations="126" avgMicrosecondsPerInvocation="1685" maxMicrosecondsPerInvocation="51254" standardDeviationMircosecondsPerInvocation="6093"/>
      <ClassProfile name="edu.umd.cs.findbugs.classfile.engine.bcel.MethodGenFactory" totalMilliseconds="239" invocations="76" avgMicrosecondsPerInvocation="3155" maxMicrosecondsPerInvocation="103378" standardDeviationMircosecondsPerInvocation="13415"/>
      <ClassProfile name="edu.umd.cs.findbugs.ba.npe.NullDerefAndRedundantComparisonFinder" totalMilliseconds="264" invocations="76" avgMicrosecondsPerInvocation="3481" maxMicrosecondsPerInvocation="75717" standardDeviationMircosecondsPerInvocation="9892"/>
      <ClassProfile name="edu.umd.cs.findbugs.detect.OverridingEqualsNotSymmetrical" totalMilliseconds="269" invocations="126" avgMicrosecondsPerInvocation="2139" maxMicrosecondsPerInvocation="48239" standardDeviationMircosecondsPerInvocation="5469"/>
      <ClassProfile name="com.mebigfatguy.fbcontrib.detect.FinalParameters" totalMilliseconds="281" invocations="11" avgMicrosecondsPerInvocation="25564" maxMicrosecondsPerInvocation="55458" standardDeviationMircosecondsPerInvocation="17027"/>
      <ClassProfile name="edu.umd.cs.findbugs.detect.NoteDirectlyRelevantTypeQualifiers" totalMilliseconds="325" invocations="126" avgMicrosecondsPerInvocation="2582" maxMicrosecondsPerInvocation="65182" standardDeviationMircosecondsPerInvocation="7322"/>
      <ClassProfile name="edu.umd.cs.findbugs.classfile.engine.bcel.UnconditionalValueDerefDataflowFactory" totalMilliseconds="334" invocations="76" avgMicrosecondsPerInvocation="4404" maxMicrosecondsPerInvocation="56074" standardDeviationMircosecondsPerInvocation="8687"/>
      <ClassProfile name="edu.umd.cs.findbugs.classfile.engine.bcel.IsNullValueDataflowFactory" totalMilliseconds="368" invocations="76" avgMicrosecondsPerInvocation="4842" maxMicrosecondsPerInvocation="65996" standardDeviationMircosecondsPerInvocation="12611"/>
      <ClassProfile name="edu.umd.cs.findbugs.classfile.engine.bcel.TypeDataflowFactory" totalMilliseconds="379" invocations="76" avgMicrosecondsPerInvocation="4994" maxMicrosecondsPerInvocation="117770" standardDeviationMircosecondsPerInvocation="15527"/>
      <ClassProfile name="edu.umd.cs.findbugs.classfile.engine.ClassDataAnalysisEngine" totalMilliseconds="487" invocations="800" avgMicrosecondsPerInvocation="609" maxMicrosecondsPerInvocation="44513" standardDeviationMircosecondsPerInvocation="2432"/>
      <ClassProfile name="edu.umd.cs.findbugs.classfile.engine.bcel.ValueNumberDataflowFactory" totalMilliseconds="553" invocations="90" avgMicrosecondsPerInvocation="6146" maxMicrosecondsPerInvocation="246742" standardDeviationMircosecondsPerInvocation="27786"/>
      <ClassProfile name="edu.umd.cs.findbugs.detect.FieldItemSummary" totalMilliseconds="687" invocations="126" avgMicrosecondsPerInvocation="5455" maxMicrosecondsPerInvocation="69875" standardDeviationMircosecondsPerInvocation="12362"/>
      <ClassProfile name="edu.umd.cs.findbugs.OpcodeStack$JumpInfoFactory" totalMilliseconds="894" invocations="2021" avgMicrosecondsPerInvocation="442" maxMicrosecondsPerInvocation="108098" standardDeviationMircosecondsPerInvocation="3417"/>
      <ClassProfile name="edu.umd.cs.findbugs.classfile.engine.ClassInfoAnalysisEngine" totalMilliseconds="951" invocations="795" avgMicrosecondsPerInvocation="1196" maxMicrosecondsPerInvocation="73999" standardDeviationMircosecondsPerInvocation="5402"/>
    </FindBugsProfile>
  </FindBugsSummary>
  <ClassFeatures></ClassFeatures>
  <History></History>
</BugCollection>
