{
  "version" : "3.0.0",
  "gauges" : {
    "jenkins.executor.count.value" : {
      "value" : 4
    },
    "jenkins.executor.free.value" : {
      "value" : 4
    },
    "jenkins.executor.in-use.value" : {
      "value" : 0
    },
    "jenkins.health-check.count" : {
      "value" : 4
    },
    "jenkins.health-check.inverse-score" : {
      "value" : 0.0
    },
    "jenkins.health-check.score" : {
      "value" : 1.0
    },
    "jenkins.job.averageDepth" : {
      "value" : 2.0
    },
    "jenkins.job.count.value" : {
      "value" : 15
    },
    "jenkins.node.count.value" : {
      "value" : 1
    },
    "jenkins.node.offline.value" : {
      "value" : 0
    },
    "jenkins.node.online.value" : {
      "value" : 1
    },
    "jenkins.plugins.active" : {
      "value" : 100
    },
    "jenkins.plugins.failed" : {
      "value" : 0
    },
    "jenkins.plugins.inactive" : {
      "value" : 1
    },
    "jenkins.plugins.withUpdate" : {
      "value" : 0
    },
    "jenkins.project.count.value" : {
      "value" : 0
    },
    "jenkins.project.disabled.count.value" : {
      "value" : 0
    },
    "jenkins.project.enabled.count.value" : {
      "value" : 0
    },
    "jenkins.queue.blocked.value" : {
      "value" : 0
    },
    "jenkins.queue.buildable.value" : {
      "value" : 0
    },
    "jenkins.queue.pending.value" : {
      "value" : 0
    },
    "jenkins.queue.size.value" : {
      "value" : 0
    },
    "jenkins.queue.stuck.value" : {
      "value" : 0
    },
    "jenkins.versions.core" : {
      "value" : "2.46.3"
    },
    "jenkins.versions.plugin.ace-editor" : {
      "value" : "1.1"
    },
    "jenkins.versions.plugin.ant" : {
      "value" : "1.5"
    },
    "jenkins.versions.plugin.antisamy-markup-formatter" : {
      "value" : "1.5"
    },
    "jenkins.versions.plugin.authentication-tokens" : {
      "value" : "1.3"
    },
    "jenkins.versions.plugin.blueocean" : {
      "value" : "1.0.1"
    },
    "jenkins.versions.plugin.blueocean-autofavorite" : {
      "value" : "1.0.0"
    },
    "jenkins.versions.plugin.blueocean-commons" : {
      "value" : "1.0.1"
    },
    "jenkins.versions.plugin.blueocean-config" : {
      "value" : "1.0.1"
    },
    "jenkins.versions.plugin.blueocean-dashboard" : {
      "value" : "1.0.1"
    },
    "jenkins.versions.plugin.blueocean-display-url" : {
      "value" : "2.0"
    },
    "jenkins.versions.plugin.blueocean-events" : {
      "value" : "1.0.1"
    },
    "jenkins.versions.plugin.blueocean-git-pipeline" : {
      "value" : "1.0.1"
    },
    "jenkins.versions.plugin.blueocean-github-pipeline" : {
      "value" : "1.0.1"
    },
    "jenkins.versions.plugin.blueocean-i18n" : {
      "value" : "1.0.1"
    },
    "jenkins.versions.plugin.blueocean-jwt" : {
      "value" : "1.0.1"
    },
    "jenkins.versions.plugin.blueocean-personalization" : {
      "value" : "1.0.1"
    },
    "jenkins.versions.plugin.blueocean-pipeline-api-impl" : {
      "value" : "1.0.1"
    },
    "jenkins.versions.plugin.blueocean-pipeline-editor" : {
      "value" : "0.2.0"
    },
    "jenkins.versions.plugin.blueocean-rest" : {
      "value" : "1.0.1"
    },
    "jenkins.versions.plugin.blueocean-rest-impl" : {
      "value" : "1.0.1"
    },
    "jenkins.versions.plugin.blueocean-web" : {
      "value" : "1.0.1"
    },
    "jenkins.versions.plugin.bouncycastle-api" : {
      "value" : "2.16.1"
    },
    "jenkins.versions.plugin.branch-api" : {
      "value" : "2.0.10"
    },
    "jenkins.versions.plugin.build-timeout" : {
      "value" : "1.18"
    },
    "jenkins.versions.plugin.cloudbees-folder" : {
      "value" : "6.0.4"
    },
    "jenkins.versions.plugin.credentials" : {
      "value" : "2.1.13"
    },
    "jenkins.versions.plugin.credentials-binding" : {
      "value" : "1.11"
    },
    "jenkins.versions.plugin.display-url-api" : {
      "value" : "2.0"
    },
    "jenkins.versions.plugin.docker-commons" : {
      "value" : "1.6"
    },
    "jenkins.versions.plugin.docker-workflow" : {
      "value" : "1.11"
    },
    "jenkins.versions.plugin.durable-task" : {
      "value" : "1.13"
    },
    "jenkins.versions.plugin.email-ext" : {
      "value" : "2.57.2"
    },
    "jenkins.versions.plugin.external-monitor-job" : {
      "value" : "1.7"
    },
    "jenkins.versions.plugin.favorite" : {
      "value" : "2.3.0"
    },
    "jenkins.versions.plugin.git" : {
      "value" : "3.3.0"
    },
    "jenkins.versions.plugin.git-client" : {
      "value" : "2.4.6"
    },
    "jenkins.versions.plugin.git-server" : {
      "value" : "1.7"
    },
    "jenkins.versions.plugin.github" : {
      "value" : "1.27.0"
    },
    "jenkins.versions.plugin.github-api" : {
      "value" : "1.85.1"
    },
    "jenkins.versions.plugin.github-branch-source" : {
      "value" : "2.0.6"
    },
    "jenkins.versions.plugin.github-organization-folder" : {
      "value" : "1.6"
    },
    "jenkins.versions.plugin.gitlab-plugin" : {
      "value" : "1.4.5"
    },
    "jenkins.versions.plugin.gradle" : {
      "value" : "1.26"
    },
    "jenkins.versions.plugin.handlebars" : {
      "value" : "1.1.1"
    },
    "jenkins.versions.plugin.icon-shim" : {
      "value" : "2.0.3"
    },
    "jenkins.versions.plugin.jackson2-api" : {
      "value" : "2.7.3"
    },
    "jenkins.versions.plugin.javadoc" : {
      "value" : "1.4"
    },
    "jenkins.versions.plugin.jquery-detached" : {
      "value" : "1.2.1"
    },
    "jenkins.versions.plugin.junit" : {
      "value" : "1.20"
    },
    "jenkins.versions.plugin.ldap" : {
      "value" : "1.15"
    },
    "jenkins.versions.plugin.locale" : {
      "value" : "1.2"
    },
    "jenkins.versions.plugin.mailer" : {
      "value" : "1.20"
    },
    "jenkins.versions.plugin.mapdb-api" : {
      "value" : "1.0.9.0"
    },
    "jenkins.versions.plugin.matrix-auth" : {
      "value" : "1.6"
    },
    "jenkins.versions.plugin.matrix-project" : {
      "value" : "1.11"
    },
    "jenkins.versions.plugin.metrics" : {
      "value" : "3.1.2.10"
    },
    "jenkins.versions.plugin.momentjs" : {
      "value" : "1.1.1"
    },
    "jenkins.versions.plugin.pam-auth" : {
      "value" : "1.3"
    },
    "jenkins.versions.plugin.pipeline-build-step" : {
      "value" : "2.5"
    },
    "jenkins.versions.plugin.pipeline-github-lib" : {
      "value" : "1.0"
    },
    "jenkins.versions.plugin.pipeline-graph-analysis" : {
      "value" : "1.4"
    },
    "jenkins.versions.plugin.pipeline-input-step" : {
      "value" : "2.7"
    },
    "jenkins.versions.plugin.pipeline-milestone-step" : {
      "value" : "1.3.1"
    },
    "jenkins.versions.plugin.pipeline-model-api" : {
      "value" : "1.1.5"
    },
    "jenkins.versions.plugin.pipeline-model-declarative-agent" : {
      "value" : "1.1.1"
    },
    "jenkins.versions.plugin.pipeline-model-definition" : {
      "value" : "1.1.5"
    },
    "jenkins.versions.plugin.pipeline-model-extensions" : {
      "value" : "1.1.5"
    },
    "jenkins.versions.plugin.pipeline-rest-api" : {
      "value" : "2.8"
    },
    "jenkins.versions.plugin.pipeline-stage-step" : {
      "value" : "2.2"
    },
    "jenkins.versions.plugin.pipeline-stage-tags-metadata" : {
      "value" : "1.1.5"
    },
    "jenkins.versions.plugin.pipeline-stage-view" : {
      "value" : "2.8"
    },
    "jenkins.versions.plugin.pipeline-utility-steps" : {
      "value" : "1.3.0"
    },
    "jenkins.versions.plugin.plain-credentials" : {
      "value" : "1.4"
    },
    "jenkins.versions.plugin.pubsub-light" : {
      "value" : "1.8"
    },
    "jenkins.versions.plugin.resource-disposer" : {
      "value" : "0.6"
    },
    "jenkins.versions.plugin.ruby-runtime" : {
      "value" : "0.12"
    },
    "jenkins.versions.plugin.scm-api" : {
      "value" : "2.1.1"
    },
    "jenkins.versions.plugin.script-security" : {
      "value" : "1.28"
    },
    "jenkins.versions.plugin.sse-gateway" : {
      "value" : "1.15"
    },
    "jenkins.versions.plugin.ssh-credentials" : {
      "value" : "1.13"
    },
    "jenkins.versions.plugin.ssh-slaves" : {
      "value" : "1.17"
    },
    "jenkins.versions.plugin.structs" : {
      "value" : "1.7"
    },
    "jenkins.versions.plugin.subversion" : {
      "value" : "2.7.2"
    },
    "jenkins.versions.plugin.support-core" : {
      "value" : "2.41"
    },
    "jenkins.versions.plugin.timestamper" : {
      "value" : "1.8.8"
    },
    "jenkins.versions.plugin.token-macro" : {
      "value" : "2.1"
    },
    "jenkins.versions.plugin.variant" : {
      "value" : "1.1"
    },
    "jenkins.versions.plugin.windows-slaves" : {
      "value" : "1.3.1"
    },
    "jenkins.versions.plugin.workflow-aggregator" : {
      "value" : "2.5"
    },
    "jenkins.versions.plugin.workflow-api" : {
      "value" : "2.17"
    },
    "jenkins.versions.plugin.workflow-basic-steps" : {
      "value" : "2.5"
    },
    "jenkins.versions.plugin.workflow-cps" : {
      "value" : "2.34"
    },
    "jenkins.versions.plugin.workflow-cps-global-lib" : {
      "value" : "2.8"
    },
    "jenkins.versions.plugin.workflow-durable-task-step" : {
      "value" : "2.11"
    },
    "jenkins.versions.plugin.workflow-job" : {
      "value" : "2.11"
    },
    "jenkins.versions.plugin.workflow-multibranch" : {
      "value" : "2.15"
    },
    "jenkins.versions.plugin.workflow-scm-step" : {
      "value" : "2.4"
    },
    "jenkins.versions.plugin.workflow-step-api" : {
      "value" : "2.11"
    },
    "jenkins.versions.plugin.workflow-support" : {
      "value" : "2.14"
    },
    "jenkins.versions.plugin.ws-cleanup" : {
      "value" : "0.33"
    },
    "system.cpu.load" : {
      "value" : 1.44
    },
    "vm.blocked.count" : {
      "value" : 0
    },
    "vm.class.loaded" : {
      "value" : 20106
    },
    "vm.class.unloaded" : {
      "value" : 24
    },
    "vm.count" : {
      "value" : 75
    },
    "vm.cpu.load" : {
      "value" : 1.9465963408603923
    },
    "vm.daemon.count" : {
      "value" : 67
    },
    "vm.deadlock.count" : {
      "value" : 0
    },
    "vm.deadlocks" : {
      "value" : [ ]
    },
    "vm.file.descriptor.ratio" : {
      "value" : 4.634857177734375E-4
    },
    "vm.gc.PS-MarkSweep.count" : {
      "value" : 4
    },
    "vm.gc.PS-MarkSweep.time" : {
      "value" : 902
    },
    "vm.gc.PS-Scavenge.count" : {
      "value" : 28
    },
    "vm.gc.PS-Scavenge.time" : {
      "value" : 921
    },
    "vm.memory.heap.committed" : {
      "value" : 1538785280
    },
    "vm.memory.heap.init" : {
      "value" : 264241152
    },
    "vm.memory.heap.max" : {
      "value" : 3732406272
    },
    "vm.memory.heap.usage" : {
      "value" : 0.2636759967377956
    },
    "vm.memory.heap.used" : {
      "value" : 984145944
    },
    "vm.memory.non-heap.committed" : {
      "value" : 181768192
    },
    "vm.memory.non-heap.init" : {
      "value" : 2555904
    },
    "vm.memory.non-heap.max" : {
      "value" : -1
    },
    "vm.memory.non-heap.usage" : {
      "value" : -1.6910932E8
    },
    "vm.memory.non-heap.used" : {
      "value" : 169107592
    },
    "vm.memory.pools.Code-Cache.committed" : {
      "value" : 45809664
    },
    "vm.memory.pools.Code-Cache.init" : {
      "value" : 2555904
    },
    "vm.memory.pools.Code-Cache.max" : {
      "value" : 251658240
    },
    "vm.memory.pools.Code-Cache.usage" : {
      "value" : 0.18069966634114584
    },
    "vm.memory.pools.Code-Cache.used" : {
      "value" : 45468224
    },
    "vm.memory.pools.Compressed-Class-Space.committed" : {
      "value" : 16736256
    },
    "vm.memory.pools.Compressed-Class-Space.init" : {
      "value" : 0
    },
    "vm.memory.pools.Compressed-Class-Space.max" : {
      "value" : 1073741824
    },
    "vm.memory.pools.Compressed-Class-Space.usage" : {
      "value" : 0.013270430266857147
    },
    "vm.memory.pools.Compressed-Class-Space.used" : {
      "value" : 14249016
    },
    "vm.memory.pools.Metaspace.committed" : {
      "value" : 119222272
    },
    "vm.memory.pools.Metaspace.init" : {
      "value" : 0
    },
    "vm.memory.pools.Metaspace.max" : {
      "value" : -1
    },
    "vm.memory.pools.Metaspace.usage" : {
      "value" : 0.9175298387200673
    },
    "vm.memory.pools.Metaspace.used" : {
      "value" : 109389992
    },
    "vm.memory.pools.PS-Eden-Space.committed" : {
      "value" : 1287127040
    },
    "vm.memory.pools.PS-Eden-Space.init" : {
      "value" : 66060288
    },
    "vm.memory.pools.PS-Eden-Space.max" : {
      "value" : 1294467072
    },
    "vm.memory.pools.PS-Eden-Space.usage" : {
      "value" : 0.6732902542305842
    },
    "vm.memory.pools.PS-Eden-Space.used" : {
      "value" : 872117648
    },
    "vm.memory.pools.PS-Old-Gen.committed" : {
      "value" : 200278016
    },
    "vm.memory.pools.PS-Old-Gen.init" : {
      "value" : 176160768
    },
    "vm.memory.pools.PS-Old-Gen.max" : {
      "value" : 2799173632
    },
    "vm.memory.pools.PS-Old-Gen.usage" : {
      "value" : 0.04023750106545731
    },
    "vm.memory.pools.PS-Old-Gen.used" : {
      "value" : 112631752
    },
    "vm.memory.pools.PS-Survivor-Space.committed" : {
      "value" : 51380224
    },
    "vm.memory.pools.PS-Survivor-Space.init" : {
      "value" : 11010048
    },
    "vm.memory.pools.PS-Survivor-Space.max" : {
      "value" : 51380224
    },
    "vm.memory.pools.PS-Survivor-Space.usage" : {
      "value" : 0.054300892109773596
    },
    "vm.memory.pools.PS-Survivor-Space.used" : {
      "value" : 2789992
    },
    "vm.memory.total.committed" : {
      "value" : 1720553472
    },
    "vm.memory.total.init" : {
      "value" : 266797056
    },
    "vm.memory.total.max" : {
      "value" : 3732406271
    },
    "vm.memory.total.used" : {
      "value" : 1158839992
    },
    "vm.new.count" : {
      "value" : 0
    },
    "vm.runnable.count" : {
      "value" : 13
    },
    "vm.terminated.count" : {
      "value" : 0
    },
    "vm.timed_waiting.count" : {
      "value" : 41
    },
    "vm.uptime.milliseconds" : {
      "value" : 148889
    },
    "vm.waiting.count" : {
      "value" : 21
    }
  },
  "counters" : {
    "http.activeRequests" : {
      "count" : 1
    }
  },
  "histograms" : {
    "jenkins.executor.count.history" : {
      "count" : 8,
      "max" : 4,
      "mean" : 4.0,
      "min" : 4,
      "p50" : 4.0,
      "p75" : 4.0,
      "p95" : 4.0,
      "p98" : 4.0,
      "p99" : 4.0,
      "p999" : 4.0,
      "values" : [ 4, 4, 4, 4, 4, 4, 4, 4 ],
      "stddev" : 0.0
    },
    "jenkins.executor.free.history" : {
      "count" : 8,
      "max" : 4,
      "mean" : 4.0,
      "min" : 4,
      "p50" : 4.0,
      "p75" : 4.0,
      "p95" : 4.0,
      "p98" : 4.0,
      "p99" : 4.0,
      "p999" : 4.0,
      "values" : [ 4, 4, 4, 4, 4, 4, 4, 4 ],
      "stddev" : 0.0
    },
    "jenkins.executor.in-use.history" : {
      "count" : 8,
      "max" : 0,
      "mean" : 0.0,
      "min" : 0,
      "p50" : 0.0,
      "p75" : 0.0,
      "p95" : 0.0,
      "p98" : 0.0,
      "p99" : 0.0,
      "p999" : 0.0,
      "values" : [ 0, 0, 0, 0, 0, 0, 0, 0 ],
      "stddev" : 0.0
    },
    "jenkins.job.count.history" : {
      "count" : 8,
      "max" : 15,
      "mean" : 15.0,
      "min" : 15,
      "p50" : 15.0,
      "p75" : 15.0,
      "p95" : 15.0,
      "p98" : 15.0,
      "p99" : 15.0,
      "p999" : 15.0,
      "values" : [ 15, 15, 15, 15, 15, 15, 15, 15 ],
      "stddev" : 0.0
    },
    "jenkins.node.count.history" : {
      "count" : 8,
      "max" : 1,
      "mean" : 1.0,
      "min" : 1,
      "p50" : 1.0,
      "p75" : 1.0,
      "p95" : 1.0,
      "p98" : 1.0,
      "p99" : 1.0,
      "p999" : 1.0,
      "values" : [ 1, 1, 1, 1, 1, 1, 1, 1 ],
      "stddev" : 0.0
    },
    "jenkins.node.offline.history" : {
      "count" : 8,
      "max" : 0,
      "mean" : 0.0,
      "min" : 0,
      "p50" : 0.0,
      "p75" : 0.0,
      "p95" : 0.0,
      "p98" : 0.0,
      "p99" : 0.0,
      "p999" : 0.0,
      "values" : [ 0, 0, 0, 0, 0, 0, 0, 0 ],
      "stddev" : 0.0
    },
    "jenkins.node.online.history" : {
      "count" : 8,
      "max" : 1,
      "mean" : 1.0,
      "min" : 1,
      "p50" : 1.0,
      "p75" : 1.0,
      "p95" : 1.0,
      "p98" : 1.0,
      "p99" : 1.0,
      "p999" : 1.0,
      "values" : [ 1, 1, 1, 1, 1, 1, 1, 1 ],
      "stddev" : 0.0
    },
    "jenkins.project.count.history" : {
      "count" : 8,
      "max" : 0,
      "mean" : 0.0,
      "min" : 0,
      "p50" : 0.0,
      "p75" : 0.0,
      "p95" : 0.0,
      "p98" : 0.0,
      "p99" : 0.0,
      "p999" : 0.0,
      "values" : [ 0, 0, 0, 0, 0, 0, 0, 0 ],
      "stddev" : 0.0
    },
    "jenkins.project.disabled.count.history" : {
      "count" : 8,
      "max" : 0,
      "mean" : 0.0,
      "min" : 0,
      "p50" : 0.0,
      "p75" : 0.0,
      "p95" : 0.0,
      "p98" : 0.0,
      "p99" : 0.0,
      "p999" : 0.0,
      "values" : [ 0, 0, 0, 0, 0, 0, 0, 0 ],
      "stddev" : 0.0
    },
    "jenkins.project.enabled.count.history" : {
      "count" : 8,
      "max" : 0,
      "mean" : 0.0,
      "min" : 0,
      "p50" : 0.0,
      "p75" : 0.0,
      "p95" : 0.0,
      "p98" : 0.0,
      "p99" : 0.0,
      "p999" : 0.0,
      "values" : [ 0, 0, 0, 0, 0, 0, 0, 0 ],
      "stddev" : 0.0
    },
    "jenkins.queue.blocked.history" : {
      "count" : 8,
      "max" : 0,
      "mean" : 0.0,
      "min" : 0,
      "p50" : 0.0,
      "p75" : 0.0,
      "p95" : 0.0,
      "p98" : 0.0,
      "p99" : 0.0,
      "p999" : 0.0,
      "values" : [ 0, 0, 0, 0, 0, 0, 0, 0 ],
      "stddev" : 0.0
    },
    "jenkins.queue.buildable.history" : {
      "count" : 8,
      "max" : 0,
      "mean" : 0.0,
      "min" : 0,
      "p50" : 0.0,
      "p75" : 0.0,
      "p95" : 0.0,
      "p98" : 0.0,
      "p99" : 0.0,
      "p999" : 0.0,
      "values" : [ 0, 0, 0, 0, 0, 0, 0, 0 ],
      "stddev" : 0.0
    },
    "jenkins.queue.pending.history" : {
      "count" : 8,
      "max" : 0,
      "mean" : 0.0,
      "min" : 0,
      "p50" : 0.0,
      "p75" : 0.0,
      "p95" : 0.0,
      "p98" : 0.0,
      "p99" : 0.0,
      "p999" : 0.0,
      "values" : [ 0, 0, 0, 0, 0, 0, 0, 0 ],
      "stddev" : 0.0
    },
    "jenkins.queue.size.history" : {
      "count" : 8,
      "max" : 0,
      "mean" : 0.0,
      "min" : 0,
      "p50" : 0.0,
      "p75" : 0.0,
      "p95" : 0.0,
      "p98" : 0.0,
      "p99" : 0.0,
      "p999" : 0.0,
      "values" : [ 0, 0, 0, 0, 0, 0, 0, 0 ],
      "stddev" : 0.0
    },
    "jenkins.queue.stuck.history" : {
      "count" : 8,
      "max" : 0,
      "mean" : 0.0,
      "min" : 0,
      "p50" : 0.0,
      "p75" : 0.0,
      "p95" : 0.0,
      "p98" : 0.0,
      "p99" : 0.0,
      "p999" : 0.0,
      "values" : [ 0, 0, 0, 0, 0, 0, 0, 0 ],
      "stddev" : 0.0
    },
    "system.cpu.load.x100.history" : {
      "count" : 8,
      "max" : 240,
      "mean" : 144.96068104730546,
      "min" : 108,
      "p50" : 143.0,
      "p75" : 147.0,
      "p95" : 211.0,
      "p98" : 240.0,
      "p99" : 240.0,
      "p999" : 240.0,
      "values" : [ 108, 111, 133, 143, 147, 171, 211, 240 ],
      "stddev" : 33.840408668918805
    },
    "system.cpu.load.x100.window.15m" : {
      "count" : 8,
      "max" : 240,
      "mean" : 158.0,
      "min" : 108,
      "p50" : 145.0,
      "p75" : 201.0,
      "p95" : 240.0,
      "p98" : 240.0,
      "p99" : 240.0,
      "p999" : 240.0,
      "values" : [ 108, 111, 133, 143, 147, 171, 211, 240 ],
      "stddev" : 46.87673806301556
    },
    "system.cpu.load.x100.window.1h" : {
      "count" : 8,
      "max" : 240,
      "mean" : 158.0,
      "min" : 108,
      "p50" : 145.0,
      "p75" : 201.0,
      "p95" : 240.0,
      "p98" : 240.0,
      "p99" : 240.0,
      "p999" : 240.0,
      "values" : [ 108, 111, 133, 143, 147, 171, 211, 240 ],
      "stddev" : 46.87673806301556
    },
    "system.cpu.load.x100.window.5m" : {
      "count" : 8,
      "max" : 240,
      "mean" : 158.0,
      "min" : 108,
      "p50" : 145.0,
      "p75" : 201.0,
      "p95" : 240.0,
      "p98" : 240.0,
      "p99" : 240.0,
      "p999" : 240.0,
      "values" : [ 108, 111, 133, 143, 147, 171, 211, 240 ],
      "stddev" : 46.87673806301556
    },
    "vm.cpu.load.x100.history" : {
      "count" : 8,
      "max" : 351,
      "mean" : 125.15927123989687,
      "min" : 3,
      "p50" : 105.0,
      "p75" : 200.0,
      "p95" : 200.0,
      "p98" : 351.0,
      "p99" : 351.0,
      "p999" : 351.0,
      "values" : [ 3, 24, 40, 86, 105, 182, 200, 351 ],
      "stddev" : 91.3516781006521
    },
    "vm.cpu.load.x100.window.15m" : {
      "count" : 8,
      "max" : 351,
      "mean" : 123.875,
      "min" : 3,
      "p50" : 95.5,
      "p75" : 195.5,
      "p95" : 351.0,
      "p98" : 351.0,
      "p99" : 351.0,
      "p999" : 351.0,
      "values" : [ 3, 24, 40, 86, 105, 182, 200, 351 ],
      "stddev" : 115.98699126564644
    },
    "vm.cpu.load.x100.window.1h" : {
      "count" : 8,
      "max" : 351,
      "mean" : 123.875,
      "min" : 3,
      "p50" : 95.5,
      "p75" : 195.5,
      "p95" : 351.0,
      "p98" : 351.0,
      "p99" : 351.0,
      "p999" : 351.0,
      "values" : [ 3, 24, 40, 86, 105, 182, 200, 351 ],
      "stddev" : 115.98699126564644
    },
    "vm.cpu.load.x100.window.5m" : {
      "count" : 8,
      "max" : 351,
      "mean" : 123.875,
      "min" : 3,
      "p50" : 95.5,
      "p75" : 195.5,
      "p95" : 351.0,
      "p98" : 351.0,
      "p99" : 351.0,
      "p999" : 351.0,
      "values" : [ 3, 24, 40, 86, 105, 182, 200, 351 ],
      "stddev" : 115.98699126564644
    },
    "vm.file.descriptor.ratio.x100.history" : {
      "count" : 8,
      "max" : 0,
      "mean" : 0.0,
      "min" : 0,
      "p50" : 0.0,
      "p75" : 0.0,
      "p95" : 0.0,
      "p98" : 0.0,
      "p99" : 0.0,
      "p999" : 0.0,
      "values" : [ 0, 0, 0, 0, 0, 0, 0, 0 ],
      "stddev" : 0.0
    },
    "vm.file.descriptor.ratio.x100.window.15m" : {
      "count" : 8,
      "max" : 0,
      "mean" : 0.0,
      "min" : 0,
      "p50" : 0.0,
      "p75" : 0.0,
      "p95" : 0.0,
      "p98" : 0.0,
      "p99" : 0.0,
      "p999" : 0.0,
      "values" : [ 0, 0, 0, 0, 0, 0, 0, 0 ],
      "stddev" : 0.0
    },
    "vm.file.descriptor.ratio.x100.window.1h" : {
      "count" : 8,
      "max" : 0,
      "mean" : 0.0,
      "min" : 0,
      "p50" : 0.0,
      "p75" : 0.0,
      "p95" : 0.0,
      "p98" : 0.0,
      "p99" : 0.0,
      "p999" : 0.0,
      "values" : [ 0, 0, 0, 0, 0, 0, 0, 0 ],
      "stddev" : 0.0
    },
    "vm.file.descriptor.ratio.x100.window.5m" : {
      "count" : 8,
      "max" : 0,
      "mean" : 0.0,
      "min" : 0,
      "p50" : 0.0,
      "p75" : 0.0,
      "p95" : 0.0,
      "p98" : 0.0,
      "p99" : 0.0,
      "p999" : 0.0,
      "values" : [ 0, 0, 0, 0, 0, 0, 0, 0 ],
      "stddev" : 0.0
    },
    "vm.memory.heap.committed.history" : {
      "count" : 8,
      "max" : 1557659648,
      "mean" : 1.5188894662171E9,
      "min" : 1362100224,
      "p50" : 1.530396672E9,
      "p75" : 1.530396672E9,
      "p95" : 1.557659648E9,
      "p98" : 1.557659648E9,
      "p99" : 1.557659648E9,
      "p999" : 1.557659648E9,
      "values" : [ 1362100224, 1495793664, 1530396672, 1530396672, 1530396672, 1530396672, 1530396672, 1557659648 ],
      "stddev" : 4.141453969525301E7
    },
    "vm.memory.heap.committed.window.15m" : {
      "count" : 8,
      "max" : 1557659648,
      "mean" : 1.508442112E9,
      "min" : 1362100224,
      "p50" : 1.530396672E9,
      "p75" : 1.530396672E9,
      "p95" : 1.557659648E9,
      "p98" : 1.557659648E9,
      "p99" : 1.557659648E9,
      "p999" : 1.557659648E9,
      "values" : [ 1362100224, 1495793664, 1530396672, 1530396672, 1530396672, 1530396672, 1530396672, 1557659648 ],
      "stddev" : 6.142162345402071E7
    },
    "vm.memory.heap.committed.window.1h" : {
      "count" : 8,
      "max" : 1557659648,
      "mean" : 1.508442112E9,
      "min" : 1362100224,
      "p50" : 1.530396672E9,
      "p75" : 1.530396672E9,
      "p95" : 1.557659648E9,
      "p98" : 1.557659648E9,
      "p99" : 1.557659648E9,
      "p999" : 1.557659648E9,
      "values" : [ 1362100224, 1495793664, 1530396672, 1530396672, 1530396672, 1530396672, 1530396672, 1557659648 ],
      "stddev" : 6.142162345402071E7
    },
    "vm.memory.heap.committed.window.5m" : {
      "count" : 8,
      "max" : 1557659648,
      "mean" : 1.508442112E9,
      "min" : 1362100224,
      "p50" : 1.530396672E9,
      "p75" : 1.530396672E9,
      "p95" : 1.557659648E9,
      "p98" : 1.557659648E9,
      "p99" : 1.557659648E9,
      "p999" : 1.557659648E9,
      "values" : [ 1362100224, 1495793664, 1530396672, 1530396672, 1530396672, 1530396672, 1530396672, 1557659648 ],
      "stddev" : 6.142162345402071E7
    },
    "vm.memory.heap.usage.x100.history" : {
      "count" : 8,
      "max" : 37,
      "mean" : 20.7730454067402,
      "min" : 8,
      "p50" : 21.0,
      "p75" : 35.0,
      "p95" : 37.0,
      "p98" : 37.0,
      "p99" : 37.0,
      "p999" : 37.0,
      "values" : [ 8, 10, 11, 21, 27, 27, 35, 37 ],
      "stddev" : 11.513151075755832
    },
    "vm.memory.heap.usage.x100.window.15m" : {
      "count" : 8,
      "max" : 37,
      "mean" : 22.0,
      "min" : 8,
      "p50" : 24.0,
      "p75" : 33.0,
      "p95" : 37.0,
      "p98" : 37.0,
      "p99" : 37.0,
      "p999" : 37.0,
      "values" : [ 8, 10, 11, 21, 27, 27, 35, 37 ],
      "stddev" : 11.376667852608312
    },
    "vm.memory.heap.usage.x100.window.1h" : {
      "count" : 8,
      "max" : 37,
      "mean" : 22.0,
      "min" : 8,
      "p50" : 24.0,
      "p75" : 33.0,
      "p95" : 37.0,
      "p98" : 37.0,
      "p99" : 37.0,
      "p999" : 37.0,
      "values" : [ 8, 10, 11, 21, 27, 27, 35, 37 ],
      "stddev" : 11.376667852608312
    },
    "vm.memory.heap.usage.x100.window.5m" : {
      "count" : 8,
      "max" : 37,
      "mean" : 22.0,
      "min" : 8,
      "p50" : 24.0,
      "p75" : 33.0,
      "p95" : 37.0,
      "p98" : 37.0,
      "p99" : 37.0,
      "p999" : 37.0,
      "values" : [ 8, 10, 11, 21, 27, 27, 35, 37 ],
      "stddev" : 11.376667852608312
    },
    "vm.memory.heap.used.history" : {
      "count" : 8,
      "max" : 1374048800,
      "mean" : 7.694790504643964E8,
      "min" : 296265288,
      "p50" : 7.88947784E8,
      "p75" : 1.292787752E9,
      "p95" : 1.3740488E9,
      "p98" : 1.3740488E9,
      "p99" : 1.3740488E9,
      "p999" : 1.3740488E9,
      "values" : [ 296265288, 361802928, 404053768, 788947784, 1000779416, 1004642176, 1292787752, 1374048800 ],
      "stddev" : 4.2808580559317493E8
    },
    "vm.memory.heap.used.window.15m" : {
      "count" : 8,
      "max" : 1374048800,
      "mean" : 8.15415989E8,
      "min" : 296265288,
      "p50" : 8.948636E8,
      "p75" : 1.220751358E9,
      "p95" : 1.3740488E9,
      "p98" : 1.3740488E9,
      "p99" : 1.3740488E9,
      "p999" : 1.3740488E9,
      "values" : [ 296265288, 361802928, 404053768, 788947784, 1000779416, 1004642176, 1292787752, 1374048800 ],
      "stddev" : 4.2347579957027555E8
    },
    "vm.memory.heap.used.window.1h" : {
      "count" : 8,
      "max" : 1374048800,
      "mean" : 8.15415989E8,
      "min" : 296265288,
      "p50" : 8.948636E8,
      "p75" : 1.220751358E9,
      "p95" : 1.3740488E9,
      "p98" : 1.3740488E9,
      "p99" : 1.3740488E9,
      "p999" : 1.3740488E9,
      "values" : [ 296265288, 361802928, 404053768, 788947784, 1000779416, 1004642176, 1292787752, 1374048800 ],
      "stddev" : 4.2347579957027555E8
    },
    "vm.memory.heap.used.window.5m" : {
      "count" : 8,
      "max" : 1374048800,
      "mean" : 8.15415989E8,
      "min" : 296265288,
      "p50" : 8.948636E8,
      "p75" : 1.220751358E9,
      "p95" : 1.3740488E9,
      "p98" : 1.3740488E9,
      "p99" : 1.3740488E9,
      "p999" : 1.3740488E9,
      "values" : [ 296265288, 361802928, 404053768, 788947784, 1000779416, 1004642176, 1292787752, 1374048800 ],
      "stddev" : 4.2347579957027555E8
    },
    "vm.memory.non-heap.committed.history" : {
      "count" : 8,
      "max" : 180850688,
      "mean" : 1.6835613968051165E8,
      "min" : 151228416,
      "p50" : 1.66432768E8,
      "p75" : 1.74886912E8,
      "p95" : 1.80850688E8,
      "p98" : 1.80850688E8,
      "p99" : 1.80850688E8,
      "p999" : 1.80850688E8,
      "values" : [ 151228416, 155684864, 157782016, 158175232, 164270080, 166432768, 174886912, 180850688 ],
      "stddev" : 9600326.174543057
    },
    "vm.memory.non-heap.committed.window.15m" : {
      "count" : 8,
      "max" : 180850688,
      "mean" : 1.63663872E8,
      "min" : 151228416,
      "p50" : 1.61222656E8,
      "p75" : 1.72773376E8,
      "p95" : 1.80850688E8,
      "p98" : 1.80850688E8,
      "p99" : 1.80850688E8,
      "p999" : 1.80850688E8,
      "values" : [ 151228416, 155684864, 157782016, 158175232, 164270080, 166432768, 174886912, 180850688 ],
      "stddev" : 1.0088211493080653E7
    },
    "vm.memory.non-heap.committed.window.1h" : {
      "count" : 8,
      "max" : 180850688,
      "mean" : 1.63663872E8,
      "min" : 151228416,
      "p50" : 1.61222656E8,
      "p75" : 1.72773376E8,
      "p95" : 1.80850688E8,
      "p98" : 1.80850688E8,
      "p99" : 1.80850688E8,
      "p999" : 1.80850688E8,
      "values" : [ 151228416, 155684864, 157782016, 158175232, 164270080, 166432768, 174886912, 180850688 ],
      "stddev" : 1.0088211493080653E7
    },
    "vm.memory.non-heap.committed.window.5m" : {
      "count" : 8,
      "max" : 180850688,
      "mean" : 1.63663872E8,
      "min" : 151228416,
      "p50" : 1.61222656E8,
      "p75" : 1.72773376E8,
      "p95" : 1.80850688E8,
      "p98" : 1.80850688E8,
      "p99" : 1.80850688E8,
      "p999" : 1.80850688E8,
      "values" : [ 151228416, 155684864, 157782016, 158175232, 164270080, 166432768, 174886912, 180850688 ],
      "stddev" : 1.0088211493080653E7
    },
    "vm.memory.non-heap.usage.x100.history" : {
      "count" : 8,
      "max" : -14042078400,
      "mean" : -1.5642356190582281E10,
      "min" : -16799094400,
      "p50" : -1.54329552E10,
      "p75" : -1.47180056E10,
      "p95" : -1.4447192E10,
      "p98" : -1.40420784E10,
      "p99" : -1.40420784E10,
      "p999" : -1.40420784E10,
      "values" : [ -16799094400, -16277663200, -15432955200, -15260326400, -14718005600, -14659486400, -14447192000, -14042078400 ],
      "stddev" : 8.95751749758126E8
    },
    "vm.memory.non-heap.usage.x100.window.15m" : {
      "count" : 8,
      "max" : -14042078400,
      "mean" : -1.52046002E10,
      "min" : -16799094400,
      "p50" : -1.4989166E10,
      "p75" : -1.45002656E10,
      "p95" : -1.40420784E10,
      "p98" : -1.40420784E10,
      "p99" : -1.40420784E10,
      "p999" : -1.40420784E10,
      "values" : [ -16799094400, -16277663200, -15432955200, -15260326400, -14718005600, -14659486400, -14447192000, -14042078400 ],
      "stddev" : 9.417441909105344E8
    },
    "vm.memory.non-heap.usage.x100.window.1h" : {
      "count" : 8,
      "max" : -14042078400,
      "mean" : -1.52046002E10,
      "min" : -16799094400,
      "p50" : -1.4989166E10,
      "p75" : -1.45002656E10,
      "p95" : -1.40420784E10,
      "p98" : -1.40420784E10,
      "p99" : -1.40420784E10,
      "p999" : -1.40420784E10,
      "values" : [ -16799094400, -16277663200, -15432955200, -15260326400, -14718005600, -14659486400, -14447192000, -14042078400 ],
      "stddev" : 9.417441909105344E8
    },
    "vm.memory.non-heap.usage.x100.window.5m" : {
      "count" : 8,
      "max" : -14042078400,
      "mean" : -1.52046074E10,
      "min" : -16799094400,
      "p50" : -1.49891948E10,
      "p75" : -1.45002656E10,
      "p95" : -1.40420784E10,
      "p98" : -1.40420784E10,
      "p99" : -1.40420784E10,
      "p999" : -1.40420784E10,
      "values" : [ -16799094400, -16277663200, -15432955200, -15260355200, -14718034400, -14659486400, -14447192000, -14042078400 ],
      "stddev" : 9.41742308628039E8
    },
    "vm.memory.non-heap.used.history" : {
      "count" : 8,
      "max" : 167990944,
      "mean" : 1.5642362876387805E8,
      "min" : 140420848,
      "p50" : 1.54329552E8,
      "p75" : 1.62776632E8,
      "p95" : 1.67990944E8,
      "p98" : 1.67990944E8,
      "p99" : 1.67990944E8,
      "p999" : 1.67990944E8,
      "values" : [ 140420848, 144471920, 146594864, 147180344, 152603552, 154329552, 162776632, 167990944 ],
      "stddev" : 8957467.52237633
    },
    "vm.memory.non-heap.used.window.15m" : {
      "count" : 8,
      "max" : 167990944,
      "mean" : 1.52046082E8,
      "min" : 140420848,
      "p50" : 1.49891948E8,
      "p75" : 1.60664862E8,
      "p95" : 1.67990944E8,
      "p98" : 1.67990944E8,
      "p99" : 1.67990944E8,
      "p999" : 1.67990944E8,
      "values" : [ 140420848, 144471920, 146594864, 147180344, 152603552, 154329552, 162776632, 167990944 ],
      "stddev" : 9417411.799947342
    },
    "vm.memory.non-heap.used.window.1h" : {
      "count" : 8,
      "max" : 167990944,
      "mean" : 1.52046082E8,
      "min" : 140420848,
      "p50" : 1.49891948E8,
      "p75" : 1.60664862E8,
      "p95" : 1.67990944E8,
      "p98" : 1.67990944E8,
      "p99" : 1.67990944E8,
      "p999" : 1.67990944E8,
      "values" : [ 140420848, 144471920, 146594864, 147180344, 152603552, 154329552, 162776632, 167990944 ],
      "stddev" : 9417411.799947342
    },
    "vm.memory.non-heap.used.window.5m" : {
      "count" : 8,
      "max" : 167990944,
      "mean" : 1.52046082E8,
      "min" : 140420848,
      "p50" : 1.49891948E8,
      "p75" : 1.60664862E8,
      "p95" : 1.67990944E8,
      "p98" : 1.67990944E8,
      "p99" : 1.67990944E8,
      "p999" : 1.67990944E8,
      "values" : [ 140420848, 144471920, 146594864, 147180344, 152603552, 154329552, 162776632, 167990944 ],
      "stddev" : 9417411.799947342
    },
    "vm.memory.pools.Code-Cache.committed.history" : {
      "count" : 8,
      "max" : 45154304,
      "mean" : 3.879990675692441E7,
      "min" : 30212096,
      "p50" : 3.833856E7,
      "p75" : 4.1811968E7,
      "p95" : 4.5154304E7,
      "p98" : 4.5154304E7,
      "p99" : 4.5154304E7,
      "p999" : 4.5154304E7,
      "values" : [ 30212096, 32309248, 32833536, 33226752, 37224448, 38338560, 41811968, 45154304 ],
      "stddev" : 4898219.652752907
    },
    "vm.memory.pools.Code-Cache.committed.window.15m" : {
      "count" : 8,
      "max" : 45154304,
      "mean" : 3.6388864E7,
      "min" : 30212096,
      "p50" : 3.52256E7,
      "p75" : 4.0943616E7,
      "p95" : 4.5154304E7,
      "p98" : 4.5154304E7,
      "p99" : 4.5154304E7,
      "p999" : 4.5154304E7,
      "values" : [ 30212096, 32309248, 32833536, 33226752, 37224448, 38338560, 41811968, 45154304 ],
      "stddev" : 5184834.335737477
    },
    "vm.memory.pools.Code-Cache.committed.window.1h" : {
      "count" : 8,
      "max" : 45154304,
      "mean" : 3.6388864E7,
      "min" : 30212096,
      "p50" : 3.52256E7,
      "p75" : 4.0943616E7,
      "p95" : 4.5154304E7,
      "p98" : 4.5154304E7,
      "p99" : 4.5154304E7,
      "p999" : 4.5154304E7,
      "values" : [ 30212096, 32309248, 32833536, 33226752, 37224448, 38338560, 41811968, 45154304 ],
      "stddev" : 5184834.335737477
    },
    "vm.memory.pools.Code-Cache.committed.window.5m" : {
      "count" : 8,
      "max" : 45154304,
      "mean" : 3.6388864E7,
      "min" : 30212096,
      "p50" : 3.52256E7,
      "p75" : 4.0943616E7,
      "p95" : 4.5154304E7,
      "p98" : 4.5154304E7,
      "p99" : 4.5154304E7,
      "p999" : 4.5154304E7,
      "values" : [ 30212096, 32309248, 32833536, 33226752, 37224448, 38338560, 41811968, 45154304 ],
      "stddev" : 5184834.335737477
    },
    "vm.memory.pools.Code-Cache.usage.x100.history" : {
      "count" : 8,
      "max" : 18,
      "mean" : 15.288832972617246,
      "min" : 12,
      "p50" : 15.0,
      "p75" : 16.0,
      "p95" : 18.0,
      "p98" : 18.0,
      "p99" : 18.0,
      "p999" : 18.0,
      "values" : [ 12, 13, 13, 13, 15, 15, 16, 18 ],
      "stddev" : 1.9203717964956202
    },
    "vm.memory.pools.Code-Cache.usage.x100.window.15m" : {
      "count" : 8,
      "max" : 18,
      "mean" : 14.375,
      "min" : 12,
      "p50" : 14.0,
      "p75" : 15.75,
      "p95" : 18.0,
      "p98" : 18.0,
      "p99" : 18.0,
      "p999" : 18.0,
      "values" : [ 12, 13, 13, 13, 15, 15, 16, 18 ],
      "stddev" : 1.9955307206712847
    },
    "vm.memory.pools.Code-Cache.usage.x100.window.1h" : {
      "count" : 8,
      "max" : 18,
      "mean" : 14.375,
      "min" : 12,
      "p50" : 14.0,
      "p75" : 15.75,
      "p95" : 18.0,
      "p98" : 18.0,
      "p99" : 18.0,
      "p999" : 18.0,
      "values" : [ 12, 13, 13, 13, 15, 15, 16, 18 ],
      "stddev" : 1.9955307206712847
    },
    "vm.memory.pools.Code-Cache.usage.x100.window.5m" : {
      "count" : 8,
      "max" : 18,
      "mean" : 14.375,
      "min" : 12,
      "p50" : 14.0,
      "p75" : 15.75,
      "p95" : 18.0,
      "p98" : 18.0,
      "p99" : 18.0,
      "p999" : 18.0,
      "values" : [ 12, 13, 13, 13, 15, 15, 16, 18 ],
      "stddev" : 1.9955307206712847
    },
    "vm.memory.pools.Code-Cache.used.history" : {
      "count" : 8,
      "max" : 44585856,
      "mean" : 3.839164299148341E7,
      "min" : 30010048,
      "p50" : 3.7745984E7,
      "p75" : 4.1433664E7,
      "p95" : 4.4585856E7,
      "p98" : 4.4585856E7,
      "p99" : 4.4585856E7,
      "p999" : 4.4585856E7,
      "values" : [ 30010048, 32109632, 32501312, 32974336, 36951616, 37745984, 41433664, 44585856 ],
      "stddev" : 4789900.823264901
    },
    "vm.memory.pools.Code-Cache.used.window.15m" : {
      "count" : 8,
      "max" : 44585856,
      "mean" : 3.6039056E7,
      "min" : 30010048,
      "p50" : 3.4962976E7,
      "p75" : 4.0511744E7,
      "p95" : 4.4585856E7,
      "p98" : 4.4585856E7,
      "p99" : 4.4585856E7,
      "p999" : 4.4585856E7,
      "values" : [ 30010048, 32109632, 32501312, 32974336, 36951616, 37745984, 41433664, 44585856 ],
      "stddev" : 5065195.051782649
    },
    "vm.memory.pools.Code-Cache.used.window.1h" : {
      "count" : 8,
      "max" : 44585856,
      "mean" : 3.6039056E7,
      "min" : 30010048,
      "p50" : 3.4962976E7,
      "p75" : 4.0511744E7,
      "p95" : 4.4585856E7,
      "p98" : 4.4585856E7,
      "p99" : 4.4585856E7,
      "p999" : 4.4585856E7,
      "values" : [ 30010048, 32109632, 32501312, 32974336, 36951616, 37745984, 41433664, 44585856 ],
      "stddev" : 5065195.051782649
    },
    "vm.memory.pools.Code-Cache.used.window.5m" : {
      "count" : 8,
      "max" : 44585856,
      "mean" : 3.6039056E7,
      "min" : 30010048,
      "p50" : 3.4962976E7,
      "p75" : 4.0511744E7,
      "p95" : 4.4585856E7,
      "p98" : 4.4585856E7,
      "p99" : 4.4585856E7,
      "p999" : 4.4585856E7,
      "values" : [ 30010048, 32109632, 32501312, 32974336, 36951616, 37745984, 41433664, 44585856 ],
      "stddev" : 5065195.051782649
    },
    "vm.memory.pools.Compressed-Class-Space.committed.history" : {
      "count" : 8,
      "max" : 16736256,
      "mean" : 1.6083093783765588E7,
      "min" : 15163392,
      "p50" : 1.5949824E7,
      "p75" : 1.6474112E7,
      "p95" : 1.6736256E7,
      "p98" : 1.6736256E7,
      "p99" : 1.6736256E7,
      "p999" : 1.6736256E7,
      "values" : [ 15163392, 15425536, 15556608, 15556608, 15818752, 15949824, 16474112, 16736256 ],
      "stddev" : 511878.4966582998
    },
    "vm.memory.pools.Compressed-Class-Space.committed.window.15m" : {
      "count" : 8,
      "max" : 16736256,
      "mean" : 1.5835136E7,
      "min" : 15163392,
      "p50" : 1.568768E7,
      "p75" : 1.634304E7,
      "p95" : 1.6736256E7,
      "p98" : 1.6736256E7,
      "p99" : 1.6736256E7,
      "p999" : 1.6736256E7,
      "values" : [ 15163392, 15425536, 15556608, 15556608, 15818752, 15949824, 16474112, 16736256 ],
      "stddev" : 535576.7533203275
    },
    "vm.memory.pools.Compressed-Class-Space.committed.window.1h" : {
      "count" : 8,
      "max" : 16736256,
      "mean" : 1.5835136E7,
      "min" : 15163392,
      "p50" : 1.568768E7,
      "p75" : 1.634304E7,
      "p95" : 1.6736256E7,
      "p98" : 1.6736256E7,
      "p99" : 1.6736256E7,
      "p999" : 1.6736256E7,
      "values" : [ 15163392, 15425536, 15556608, 15556608, 15818752, 15949824, 16474112, 16736256 ],
      "stddev" : 535576.7533203275
    },
    "vm.memory.pools.Compressed-Class-Space.committed.window.5m" : {
      "count" : 8,
      "max" : 16736256,
      "mean" : 1.5835136E7,
      "min" : 15163392,
      "p50" : 1.568768E7,
      "p75" : 1.634304E7,
      "p95" : 1.6736256E7,
      "p98" : 1.6736256E7,
      "p99" : 1.6736256E7,
      "p999" : 1.6736256E7,
      "values" : [ 15163392, 15425536, 15556608, 15556608, 15818752, 15949824, 16474112, 16736256 ],
      "stddev" : 535576.7533203275
    },
    "vm.memory.pools.Compressed-Class-Space.usage.x100.history" : {
      "count" : 8,
      "max" : 1,
      "mean" : 1.0,
      "min" : 1,
      "p50" : 1.0,
      "p75" : 1.0,
      "p95" : 1.0,
      "p98" : 1.0,
      "p99" : 1.0,
      "p999" : 1.0,
      "values" : [ 1, 1, 1, 1, 1, 1, 1, 1 ],
      "stddev" : 0.0
    },
    "vm.memory.pools.Compressed-Class-Space.usage.x100.window.15m" : {
      "count" : 8,
      "max" : 1,
      "mean" : 1.0,
      "min" : 1,
      "p50" : 1.0,
      "p75" : 1.0,
      "p95" : 1.0,
      "p98" : 1.0,
      "p99" : 1.0,
      "p999" : 1.0,
      "values" : [ 1, 1, 1, 1, 1, 1, 1, 1 ],
      "stddev" : 0.0
    },
    "vm.memory.pools.Compressed-Class-Space.usage.x100.window.1h" : {
      "count" : 8,
      "max" : 1,
      "mean" : 1.0,
      "min" : 1,
      "p50" : 1.0,
      "p75" : 1.0,
      "p95" : 1.0,
      "p98" : 1.0,
      "p99" : 1.0,
      "p999" : 1.0,
      "values" : [ 1, 1, 1, 1, 1, 1, 1, 1 ],
      "stddev" : 0.0
    },
    "vm.memory.pools.Compressed-Class-Space.usage.x100.window.5m" : {
      "count" : 8,
      "max" : 1,
      "mean" : 1.0,
      "min" : 1,
      "p50" : 1.0,
      "p75" : 1.0,
      "p95" : 1.0,
      "p98" : 1.0,
      "p99" : 1.0,
      "p999" : 1.0,
      "values" : [ 1, 1, 1, 1, 1, 1, 1, 1 ],
      "stddev" : 0.0
    },
    "vm.memory.pools.Compressed-Class-Space.used.history" : {
      "count" : 8,
      "max" : 14231712,
      "mean" : 1.3679941004068743E7,
      "min" : 12908288,
      "p50" : 1.3501888E7,
      "p75" : 1.4027232E7,
      "p95" : 1.4231712E7,
      "p98" : 1.4231712E7,
      "p99" : 1.4231712E7,
      "p999" : 1.4231712E7,
      "values" : [ 12908288, 13123936, 13307456, 13314632, 13400600, 13501888, 14027232, 14231712 ],
      "stddev" : 429273.21031920786
    },
    "vm.memory.pools.Compressed-Class-Space.used.window.15m" : {
      "count" : 8,
      "max" : 14231712,
      "mean" : 1.3476968E7,
      "min" : 12908288,
      "p50" : 1.3357616E7,
      "p75" : 1.3895896E7,
      "p95" : 1.4231712E7,
      "p98" : 1.4231712E7,
      "p99" : 1.4231712E7,
      "p999" : 1.4231712E7,
      "values" : [ 12908288, 13123936, 13307456, 13314632, 13400600, 13501888, 14027232, 14231712 ],
      "stddev" : 444329.00994002825
    },
    "vm.memory.pools.Compressed-Class-Space.used.window.1h" : {
      "count" : 8,
      "max" : 14231712,
      "mean" : 1.3476968E7,
      "min" : 12908288,
      "p50" : 1.3357616E7,
      "p75" : 1.3895896E7,
      "p95" : 1.4231712E7,
      "p98" : 1.4231712E7,
      "p99" : 1.4231712E7,
      "p999" : 1.4231712E7,
      "values" : [ 12908288, 13123936, 13307456, 13314632, 13400600, 13501888, 14027232, 14231712 ],
      "stddev" : 444329.00994002825
    },
    "vm.memory.pools.Compressed-Class-Space.used.window.5m" : {
      "count" : 8,
      "max" : 14231712,
      "mean" : 1.3476968E7,
      "min" : 12908288,
      "p50" : 1.3357616E7,
      "p75" : 1.3895896E7,
      "p95" : 1.4231712E7,
      "p98" : 1.4231712E7,
      "p99" : 1.4231712E7,
      "p999" : 1.4231712E7,
      "values" : [ 12908288, 13123936, 13307456, 13314632, 13400600, 13501888, 14027232, 14231712 ],
      "stddev" : 444329.00994002825
    },
    "vm.memory.pools.Metaspace.committed.history" : {
      "count" : 8,
      "max" : 118960128,
      "mean" : 1.1347313913982166E8,
      "min" : 105852928,
      "p50" : 1.12144384E8,
      "p75" : 1.16600832E8,
      "p95" : 1.18960128E8,
      "p98" : 1.18960128E8,
      "p99" : 1.18960128E8,
      "p999" : 1.18960128E8,
      "values" : [ 105852928, 107950080, 109391872, 109391872, 111226880, 112144384, 116600832, 118960128 ],
      "stddev" : 4218436.418560897
    },
    "vm.memory.pools.Metaspace.committed.window.15m" : {
      "count" : 8,
      "max" : 118960128,
      "mean" : 1.11439872E8,
      "min" : 105852928,
      "p50" : 1.10309376E8,
      "p75" : 1.1548672E8,
      "p95" : 1.18960128E8,
      "p98" : 1.18960128E8,
      "p99" : 1.18960128E8,
      "p999" : 1.18960128E8,
      "values" : [ 105852928, 107950080, 109391872, 109391872, 111226880, 112144384, 116600832, 118960128 ],
      "stddev" : 4399880.852928114
    },
    "vm.memory.pools.Metaspace.committed.window.1h" : {
      "count" : 8,
      "max" : 118960128,
      "mean" : 1.11439872E8,
      "min" : 105852928,
      "p50" : 1.10309376E8,
      "p75" : 1.1548672E8,
      "p95" : 1.18960128E8,
      "p98" : 1.18960128E8,
      "p99" : 1.18960128E8,
      "p999" : 1.18960128E8,
      "values" : [ 105852928, 107950080, 109391872, 109391872, 111226880, 112144384, 116600832, 118960128 ],
      "stddev" : 4399880.852928114
    },
    "vm.memory.pools.Metaspace.committed.window.5m" : {
      "count" : 8,
      "max" : 118960128,
      "mean" : 1.11439872E8,
      "min" : 105852928,
      "p50" : 1.10309376E8,
      "p75" : 1.1548672E8,
      "p95" : 1.18960128E8,
      "p98" : 1.18960128E8,
      "p99" : 1.18960128E8,
      "p999" : 1.18960128E8,
      "values" : [ 105852928, 107950080, 109391872, 109391872, 111226880, 112144384, 116600832, 118960128 ],
      "stddev" : 4399880.852928114
    },
    "vm.memory.pools.Metaspace.usage.x100.history" : {
      "count" : 8,
      "max" : 92,
      "mean" : 92.0,
      "min" : 92,
      "p50" : 92.0,
      "p75" : 92.0,
      "p95" : 92.0,
      "p98" : 92.0,
      "p99" : 92.0,
      "p999" : 92.0,
      "values" : [ 92, 92, 92, 92, 92, 92, 92, 92 ],
      "stddev" : 0.0
    },
    "vm.memory.pools.Metaspace.usage.x100.window.15m" : {
      "count" : 8,
      "max" : 92,
      "mean" : 92.0,
      "min" : 92,
      "p50" : 92.0,
      "p75" : 92.0,
      "p95" : 92.0,
      "p98" : 92.0,
      "p99" : 92.0,
      "p999" : 92.0,
      "values" : [ 92, 92, 92, 92, 92, 92, 92, 92 ],
      "stddev" : 0.0
    },
    "vm.memory.pools.Metaspace.usage.x100.window.1h" : {
      "count" : 8,
      "max" : 92,
      "mean" : 92.0,
      "min" : 92,
      "p50" : 92.0,
      "p75" : 92.0,
      "p95" : 92.0,
      "p98" : 92.0,
      "p99" : 92.0,
      "p999" : 92.0,
      "values" : [ 92, 92, 92, 92, 92, 92, 92, 92 ],
      "stddev" : 0.0
    },
    "vm.memory.pools.Metaspace.usage.x100.window.5m" : {
      "count" : 8,
      "max" : 92,
      "mean" : 92.0,
      "min" : 92,
      "p50" : 92.0,
      "p75" : 92.0,
      "p95" : 92.0,
      "p98" : 92.0,
      "p99" : 92.0,
      "p999" : 92.0,
      "values" : [ 92, 92, 92, 92, 92, 92, 92, 92 ],
      "stddev" : 0.0
    },
    "vm.memory.pools.Metaspace.used.history" : {
      "count" : 8,
      "max" : 109173376,
      "mean" : 1.0435227354670627E8,
      "min" : 97502736,
      "p50" : 1.03081712E8,
      "p75" : 1.07315736E8,
      "p95" : 1.09173376E8,
      "p98" : 1.09173376E8,
      "p99" : 1.09173376E8,
      "p999" : 1.09173376E8,
      "values" : [ 97502736, 99238680, 100786992, 100891376, 102252328, 103081712, 107315736, 109173376 ],
      "stddev" : 3774379.618599365
    },
    "vm.memory.pools.Metaspace.used.window.15m" : {
      "count" : 8,
      "max" : 109173376,
      "mean" : 1.02530367E8,
      "min" : 97502736,
      "p50" : 1.01571852E8,
      "p75" : 1.0625723E8,
      "p95" : 1.09173376E8,
      "p98" : 1.09173376E8,
      "p99" : 1.09173376E8,
      "p999" : 1.09173376E8,
      "values" : [ 97502736, 99238680, 100786992, 100891376, 102252328, 103081712, 107315736, 109173376 ],
      "stddev" : 3950561.202477151
    },
    "vm.memory.pools.Metaspace.used.window.1h" : {
      "count" : 8,
      "max" : 109173376,
      "mean" : 1.02530367E8,
      "min" : 97502736,
      "p50" : 1.01571852E8,
      "p75" : 1.0625723E8,
      "p95" : 1.09173376E8,
      "p98" : 1.09173376E8,
      "p99" : 1.09173376E8,
      "p999" : 1.09173376E8,
      "values" : [ 97502736, 99238680, 100786992, 100891376, 102252328, 103081712, 107315736, 109173376 ],
      "stddev" : 3950561.202477151
    },
    "vm.memory.pools.Metaspace.used.window.5m" : {
      "count" : 8,
      "max" : 109173376,
      "mean" : 1.02530367E8,
      "min" : 97502736,
      "p50" : 1.01571852E8,
      "p75" : 1.0625723E8,
      "p95" : 1.09173376E8,
      "p98" : 1.09173376E8,
      "p99" : 1.09173376E8,
      "p999" : 1.09173376E8,
      "values" : [ 97502736, 99238680, 100786992, 100891376, 102252328, 103081712, 107315736, 109173376 ],
      "stddev" : 3950561.202477151
    },
    "vm.memory.pools.PS-Eden-Space.committed.history" : {
      "count" : 8,
      "max" : 1328021504,
      "mean" : 1.3056236980810232E9,
      "min" : 1134034944,
      "p50" : 1.328021504E9,
      "p75" : 1.328021504E9,
      "p95" : 1.328021504E9,
      "p98" : 1.328021504E9,
      "p99" : 1.328021504E9,
      "p999" : 1.328021504E9,
      "values" : [ 1134034944, 1278738432, 1323827200, 1328021504, 1328021504, 1328021504, 1328021504, 1328021504 ],
      "stddev" : 4.436618156125015E7
    },
    "vm.memory.pools.PS-Eden-Space.committed.window.15m" : {
      "count" : 8,
      "max" : 1328021504,
      "mean" : 1.297088512E9,
      "min" : 1134034944,
      "p50" : 1.328021504E9,
      "p75" : 1.328021504E9,
      "p95" : 1.328021504E9,
      "p98" : 1.328021504E9,
      "p99" : 1.328021504E9,
      "p999" : 1.328021504E9,
      "values" : [ 1134034944, 1278738432, 1323827200, 1328021504, 1328021504, 1328021504, 1328021504, 1328021504 ],
      "stddev" : 6.805711769206245E7
    },
    "vm.memory.pools.PS-Eden-Space.committed.window.1h" : {
      "count" : 8,
      "max" : 1328021504,
      "mean" : 1.297088512E9,
      "min" : 1134034944,
      "p50" : 1.328021504E9,
      "p75" : 1.328021504E9,
      "p95" : 1.328021504E9,
      "p98" : 1.328021504E9,
      "p99" : 1.328021504E9,
      "p999" : 1.328021504E9,
      "values" : [ 1134034944, 1278738432, 1323827200, 1328021504, 1328021504, 1328021504, 1328021504, 1328021504 ],
      "stddev" : 6.805711769206245E7
    },
    "vm.memory.pools.PS-Eden-Space.committed.window.5m" : {
      "count" : 8,
      "max" : 1328021504,
      "mean" : 1.297088512E9,
      "min" : 1134034944,
      "p50" : 1.328021504E9,
      "p75" : 1.328021504E9,
      "p95" : 1.328021504E9,
      "p98" : 1.328021504E9,
      "p99" : 1.328021504E9,
      "p999" : 1.328021504E9,
      "values" : [ 1134034944, 1278738432, 1323827200, 1328021504, 1328021504, 1328021504, 1328021504, 1328021504 ],
      "stddev" : 6.805711769206245E7
    },
    "vm.memory.pools.PS-Eden-Space.usage.x100.history" : {
      "count" : 8,
      "max" : 95,
      "mean" : 49.97466870150794,
      "min" : 14,
      "p50" : 52.0,
      "p75" : 89.0,
      "p95" : 95.0,
      "p98" : 95.0,
      "p99" : 95.0,
      "p999" : 95.0,
      "values" : [ 14, 22, 23, 52, 68, 68, 89, 95 ],
      "stddev" : 32.11731834253471
    },
    "vm.memory.pools.PS-Eden-Space.usage.x100.window.15m" : {
      "count" : 8,
      "max" : 95,
      "mean" : 53.875,
      "min" : 14,
      "p50" : 60.0,
      "p75" : 83.75,
      "p95" : 95.0,
      "p98" : 95.0,
      "p99" : 95.0,
      "p999" : 95.0,
      "values" : [ 14, 22, 23, 52, 68, 68, 89, 95 ],
      "stddev" : 31.36621248595829
    },
    "vm.memory.pools.PS-Eden-Space.usage.x100.window.1h" : {
      "count" : 8,
      "max" : 95,
      "mean" : 53.875,
      "min" : 14,
      "p50" : 60.0,
      "p75" : 83.75,
      "p95" : 95.0,
      "p98" : 95.0,
      "p99" : 95.0,
      "p999" : 95.0,
      "values" : [ 14, 22, 23, 52, 68, 68, 89, 95 ],
      "stddev" : 31.36621248595829
    },
    "vm.memory.pools.PS-Eden-Space.usage.x100.window.5m" : {
      "count" : 8,
      "max" : 95,
      "mean" : 53.875,
      "min" : 14,
      "p50" : 60.0,
      "p75" : 83.75,
      "p95" : 95.0,
      "p98" : 95.0,
      "p99" : 95.0,
      "p999" : 95.0,
      "values" : [ 14, 22, 23, 52, 68, 68, 89, 95 ],
      "stddev" : 31.36621248595829
    },
    "vm.memory.pools.PS-Eden-Space.used.history" : {
      "count" : 8,
      "max" : 1297525720,
      "mean" : 6.7867327403059E8,
      "min" : 186425096,
      "p50" : 7.12424704E8,
      "p75" : 1.216264672E9,
      "p95" : 1.29752572E9,
      "p98" : 1.29752572E9,
      "p99" : 1.29752572E9,
      "p999" : 1.29752572E9,
      "values" : [ 186425096, 290603368, 306349792, 712424704, 924256336, 928119096, 1216264672, 1297525720 ],
      "stddev" : 4.419872329750766E8
    },
    "vm.memory.pools.PS-Eden-Space.used.window.15m" : {
      "count" : 8,
      "max" : 1297525720,
      "mean" : 7.32746098E8,
      "min" : 186425096,
      "p50" : 8.1834052E8,
      "p75" : 1.144228278E9,
      "p95" : 1.29752572E9,
      "p98" : 1.29752572E9,
      "p99" : 1.29752572E9,
      "p999" : 1.29752572E9,
      "values" : [ 186425096, 290603368, 306349792, 712424704, 924256336, 928119096, 1216264672, 1297525720 ],
      "stddev" : 4.3157462724613243E8
    },
    "vm.memory.pools.PS-Eden-Space.used.window.1h" : {
      "count" : 8,
      "max" : 1297525720,
      "mean" : 7.32746098E8,
      "min" : 186425096,
      "p50" : 8.1834052E8,
      "p75" : 1.144228278E9,
      "p95" : 1.29752572E9,
      "p98" : 1.29752572E9,
      "p99" : 1.29752572E9,
      "p999" : 1.29752572E9,
      "values" : [ 186425096, 290603368, 306349792, 712424704, 924256336, 928119096, 1216264672, 1297525720 ],
      "stddev" : 4.3157462724613243E8
    },
    "vm.memory.pools.PS-Eden-Space.used.window.5m" : {
      "count" : 8,
      "max" : 1297525720,
      "mean" : 7.32746098E8,
      "min" : 186425096,
      "p50" : 8.1834052E8,
      "p75" : 1.144228278E9,
      "p95" : 1.29752572E9,
      "p98" : 1.29752572E9,
      "p99" : 1.29752572E9,
      "p999" : 1.29752572E9,
      "values" : [ 186425096, 290603368, 306349792, 712424704, 924256336, 928119096, 1216264672, 1297525720 ],
      "stddev" : 4.3157462724613243E8
    },
    "vm.memory.pools.PS-Old-Gen.committed.history" : {
      "count" : 8,
      "max" : 200278016,
      "mean" : 2.0027801599999997E8,
      "min" : 200278016,
      "p50" : 2.00278016E8,
      "p75" : 2.00278016E8,
      "p95" : 2.00278016E8,
      "p98" : 2.00278016E8,
      "p99" : 2.00278016E8,
      "p999" : 2.00278016E8,
      "values" : [ 200278016, 200278016, 200278016, 200278016, 200278016, 200278016, 200278016, 200278016 ],
      "stddev" : 2.9802322387695312E-8
    },
    "vm.memory.pools.PS-Old-Gen.committed.window.15m" : {
      "count" : 8,
      "max" : 200278016,
      "mean" : 2.00278016E8,
      "min" : 200278016,
      "p50" : 2.00278016E8,
      "p75" : 2.00278016E8,
      "p95" : 2.00278016E8,
      "p98" : 2.00278016E8,
      "p99" : 2.00278016E8,
      "p999" : 2.00278016E8,
      "values" : [ 200278016, 200278016, 200278016, 200278016, 200278016, 200278016, 200278016, 200278016 ],
      "stddev" : 0.0
    },
    "vm.memory.pools.PS-Old-Gen.committed.window.1h" : {
      "count" : 8,
      "max" : 200278016,
      "mean" : 2.00278016E8,
      "min" : 200278016,
      "p50" : 2.00278016E8,
      "p75" : 2.00278016E8,
      "p95" : 2.00278016E8,
      "p98" : 2.00278016E8,
      "p99" : 2.00278016E8,
      "p999" : 2.00278016E8,
      "values" : [ 200278016, 200278016, 200278016, 200278016, 200278016, 200278016, 200278016, 200278016 ],
      "stddev" : 0.0
    },
    "vm.memory.pools.PS-Old-Gen.committed.window.5m" : {
      "count" : 8,
      "max" : 200278016,
      "mean" : 2.00278016E8,
      "min" : 200278016,
      "p50" : 2.00278016E8,
      "p75" : 2.00278016E8,
      "p95" : 2.00278016E8,
      "p98" : 2.00278016E8,
      "p99" : 2.00278016E8,
      "p999" : 2.00278016E8,
      "values" : [ 200278016, 200278016, 200278016, 200278016, 200278016, 200278016, 200278016, 200278016 ],
      "stddev" : 0.0
    },
    "vm.memory.pools.PS-Old-Gen.usage.x100.history" : {
      "count" : 8,
      "max" : 3,
      "mean" : 2.950031617460408,
      "min" : 2,
      "p50" : 3.0,
      "p75" : 3.0,
      "p95" : 3.0,
      "p98" : 3.0,
      "p99" : 3.0,
      "p999" : 3.0,
      "values" : [ 2, 3, 3, 3, 3, 3, 3, 3 ],
      "stddev" : 0.21787965321701924
    },
    "vm.memory.pools.PS-Old-Gen.usage.x100.window.15m" : {
      "count" : 8,
      "max" : 3,
      "mean" : 2.875,
      "min" : 2,
      "p50" : 3.0,
      "p75" : 3.0,
      "p95" : 3.0,
      "p98" : 3.0,
      "p99" : 3.0,
      "p999" : 3.0,
      "values" : [ 2, 3, 3, 3, 3, 3, 3, 3 ],
      "stddev" : 0.3535533905932738
    },
    "vm.memory.pools.PS-Old-Gen.usage.x100.window.1h" : {
      "count" : 8,
      "max" : 3,
      "mean" : 2.875,
      "min" : 2,
      "p50" : 3.0,
      "p75" : 3.0,
      "p95" : 3.0,
      "p98" : 3.0,
      "p99" : 3.0,
      "p999" : 3.0,
      "values" : [ 2, 3, 3, 3, 3, 3, 3, 3 ],
      "stddev" : 0.3535533905932738
    },
    "vm.memory.pools.PS-Old-Gen.usage.x100.window.5m" : {
      "count" : 8,
      "max" : 3,
      "mean" : 2.875,
      "min" : 2,
      "p50" : 3.0,
      "p75" : 3.0,
      "p95" : 3.0,
      "p98" : 3.0,
      "p99" : 3.0,
      "p999" : 3.0,
      "values" : [ 2, 3, 3, 3, 3, 3, 3, 3 ],
      "stddev" : 0.3535533905932738
    },
    "vm.memory.pools.PS-Old-Gen.used.history" : {
      "count" : 8,
      "max" : 96695320,
      "mean" : 7.928509244921222E7,
      "min" : 55453136,
      "p50" : 7.4491464E7,
      "p75" : 7.6490328E7,
      "p95" : 9.669532E7,
      "p98" : 9.669532E7,
      "p99" : 9.669532E7,
      "p999" : 9.669532E7,
      "values" : [ 55453136, 74491464, 74491464, 74491464, 74491464, 74491464, 76490328, 96695320 ],
      "stddev" : 1.0719509101722188E7
    },
    "vm.memory.pools.PS-Old-Gen.used.window.15m" : {
      "count" : 8,
      "max" : 96695320,
      "mean" : 7.5137013E7,
      "min" : 55453136,
      "p50" : 7.4491464E7,
      "p75" : 7.5990612E7,
      "p95" : 9.669532E7,
      "p98" : 9.669532E7,
      "p99" : 9.669532E7,
      "p999" : 9.669532E7,
      "values" : [ 55453136, 74491464, 74491464, 74491464, 74491464, 74491464, 76490328, 96695320 ],
      "stddev" : 1.1059131608272273E7
    },
    "vm.memory.pools.PS-Old-Gen.used.window.1h" : {
      "count" : 8,
      "max" : 96695320,
      "mean" : 7.5137013E7,
      "min" : 55453136,
      "p50" : 7.4491464E7,
      "p75" : 7.5990612E7,
      "p95" : 9.669532E7,
      "p98" : 9.669532E7,
      "p99" : 9.669532E7,
      "p999" : 9.669532E7,
      "values" : [ 55453136, 74491464, 74491464, 74491464, 74491464, 74491464, 76490328, 96695320 ],
      "stddev" : 1.1059131608272273E7
    },
    "vm.memory.pools.PS-Old-Gen.used.window.5m" : {
      "count" : 8,
      "max" : 96695320,
      "mean" : 7.5137013E7,
      "min" : 55453136,
      "p50" : 7.4491464E7,
      "p75" : 7.5990612E7,
      "p95" : 9.669532E7,
      "p98" : 9.669532E7,
      "p99" : 9.669532E7,
      "p999" : 9.669532E7,
      "values" : [ 55453136, 74491464, 74491464, 74491464, 74491464, 74491464, 76490328, 96695320 ],
      "stddev" : 1.1059131608272273E7
    },
    "vm.memory.pools.PS-Survivor-Space.committed.history" : {
      "count" : 8,
      "max" : 33554432,
      "mean" : 1.2987752136076765E7,
      "min" : 2097152,
      "p50" : 2097152.0,
      "p75" : 1.6777216E7,
      "p95" : 3.3554432E7,
      "p98" : 3.3554432E7,
      "p99" : 3.3554432E7,
      "p999" : 3.3554432E7,
      "values" : [ 2097152, 2097152, 2097152, 2097152, 2097152, 16777216, 27787264, 33554432 ],
      "stddev" : 1.2535131233584352E7
    },
    "vm.memory.pools.PS-Survivor-Space.committed.window.15m" : {
      "count" : 8,
      "max" : 33554432,
      "mean" : 1.1075584E7,
      "min" : 2097152,
      "p50" : 2097152.0,
      "p75" : 2.5034752E7,
      "p95" : 3.3554432E7,
      "p98" : 3.3554432E7,
      "p99" : 3.3554432E7,
      "p999" : 3.3554432E7,
      "values" : [ 2097152, 2097152, 2097152, 2097152, 2097152, 16777216, 27787264, 33554432 ],
      "stddev" : 1.3202535845089154E7
    },
    "vm.memory.pools.PS-Survivor-Space.committed.window.1h" : {
      "count" : 8,
      "max" : 33554432,
      "mean" : 1.1075584E7,
      "min" : 2097152,
      "p50" : 2097152.0,
      "p75" : 2.5034752E7,
      "p95" : 3.3554432E7,
      "p98" : 3.3554432E7,
      "p99" : 3.3554432E7,
      "p999" : 3.3554432E7,
      "values" : [ 2097152, 2097152, 2097152, 2097152, 2097152, 16777216, 27787264, 33554432 ],
      "stddev" : 1.3202535845089154E7
    },
    "vm.memory.pools.PS-Survivor-Space.committed.window.5m" : {
      "count" : 8,
      "max" : 33554432,
      "mean" : 1.1075584E7,
      "min" : 2097152,
      "p50" : 2097152.0,
      "p75" : 2.5034752E7,
      "p95" : 3.3554432E7,
      "p98" : 3.3554432E7,
      "p99" : 3.3554432E7,
      "p999" : 3.3554432E7,
      "values" : [ 2097152, 2097152, 2097152, 2097152, 2097152, 16777216, 27787264, 33554432 ],
      "stddev" : 1.3202535845089154E7
    },
    "vm.memory.pools.PS-Survivor-Space.usage.x100.history" : {
      "count" : 8,
      "max" : 100,
      "mean" : 93.26271855810229,
      "min" : 0,
      "p50" : 97.0,
      "p75" : 99.0,
      "p95" : 100.0,
      "p98" : 100.0,
      "p99" : 100.0,
      "p999" : 100.0,
      "values" : [ 0, 97, 97, 97, 97, 97, 99, 100 ],
      "stddev" : 21.427288561629066
    },
    "vm.memory.pools.PS-Survivor-Space.usage.x100.window.15m" : {
      "count" : 8,
      "max" : 100,
      "mean" : 85.5,
      "min" : 0,
      "p50" : 97.0,
      "p75" : 98.5,
      "p95" : 100.0,
      "p98" : 100.0,
      "p99" : 100.0,
      "p999" : 100.0,
      "values" : [ 0, 97, 97, 97, 97, 97, 99, 100 ],
      "stddev" : 34.56670569865088
    },
    "vm.memory.pools.PS-Survivor-Space.usage.x100.window.1h" : {
      "count" : 8,
      "max" : 100,
      "mean" : 85.5,
      "min" : 0,
      "p50" : 97.0,
      "p75" : 98.5,
      "p95" : 100.0,
      "p98" : 100.0,
      "p99" : 100.0,
      "p999" : 100.0,
      "values" : [ 0, 97, 97, 97, 97, 97, 99, 100 ],
      "stddev" : 34.56670569865088
    },
    "vm.memory.pools.PS-Survivor-Space.usage.x100.window.5m" : {
      "count" : 8,
      "max" : 100,
      "mean" : 85.5,
      "min" : 0,
      "p50" : 97.0,
      "p75" : 98.5,
      "p95" : 100.0,
      "p98" : 100.0,
      "p99" : 100.0,
      "p999" : 100.0,
      "values" : [ 0, 97, 97, 97, 97, 97, 99, 100 ],
      "stddev" : 34.56670569865088
    },
    "vm.memory.pools.PS-Survivor-Space.used.history" : {
      "count" : 8,
      "max" : 33349864,
      "mean" : 1.1520683984594077E7,
      "min" : 0,
      "p50" : 2031616.0,
      "p75" : 1.675508E7,
      "p95" : 3.3349864E7,
      "p98" : 3.3349864E7,
      "p99" : 3.3349864E7,
      "p999" : 3.3349864E7,
      "values" : [ 0, 2031616, 2031616, 2031616, 2031616, 2031616, 16755080, 33349864 ],
      "stddev" : 1.2310404011353003E7
    },
    "vm.memory.pools.PS-Survivor-Space.used.window.15m" : {
      "count" : 8,
      "max" : 33349864,
      "mean" : 7532878.0,
      "min" : 0,
      "p50" : 2031616.0,
      "p75" : 1.3074214E7,
      "p95" : 3.3349864E7,
      "p98" : 3.3349864E7,
      "p99" : 3.3349864E7,
      "p999" : 3.3349864E7,
      "values" : [ 0, 2031616, 2031616, 2031616, 2031616, 2031616, 16755080, 33349864 ],
      "stddev" : 1.1708540501818711E7
    },
    "vm.memory.pools.PS-Survivor-Space.used.window.1h" : {
      "count" : 8,
      "max" : 33349864,
      "mean" : 7532878.0,
      "min" : 0,
      "p50" : 2031616.0,
      "p75" : 1.3074214E7,
      "p95" : 3.3349864E7,
      "p98" : 3.3349864E7,
      "p99" : 3.3349864E7,
      "p999" : 3.3349864E7,
      "values" : [ 0, 2031616, 2031616, 2031616, 2031616, 2031616, 16755080, 33349864 ],
      "stddev" : 1.1708540501818711E7
    },
    "vm.memory.pools.PS-Survivor-Space.used.window.5m" : {
      "count" : 8,
      "max" : 33349864,
      "mean" : 7532878.0,
      "min" : 0,
      "p50" : 2031616.0,
      "p75" : 1.3074214E7,
      "p95" : 3.3349864E7,
      "p98" : 3.3349864E7,
      "p99" : 3.3349864E7,
      "p999" : 3.3349864E7,
      "values" : [ 0, 2031616, 2031616, 2031616, 2031616, 2031616, 16755080, 33349864 ],
      "stddev" : 1.1708540501818711E7
    },
    "vm.memory.total.committed.history" : {
      "count" : 8,
      "max" : 1732546560,
      "mean" : 1.6872456058976116E9,
      "min" : 1513328640,
      "p50" : 1.688571904E9,
      "p75" : 1.69682944E9,
      "p95" : 1.73254656E9,
      "p98" : 1.73254656E9,
      "p99" : 1.73254656E9,
      "p999" : 1.73254656E9,
      "values" : [ 1513328640, 1676644352, 1686081536, 1688178688, 1688571904, 1694666752, 1696829440, 1732546560 ],
      "stddev" : 4.421893736955513E7
    },
    "vm.memory.total.committed.window.15m" : {
      "count" : 8,
      "max" : 1732546560,
      "mean" : 1.672105984E9,
      "min" : 1513328640,
      "p50" : 1.688375296E9,
      "p75" : 1.696288768E9,
      "p95" : 1.73254656E9,
      "p98" : 1.73254656E9,
      "p99" : 1.73254656E9,
      "p999" : 1.73254656E9,
      "values" : [ 1513328640, 1676644352, 1686081536, 1688178688, 1688571904, 1694666752, 1696829440, 1732546560 ],
      "stddev" : 6.6255907442674786E7
    },
    "vm.memory.total.committed.window.1h" : {
      "count" : 8,
      "max" : 1732546560,
      "mean" : 1.672105984E9,
      "min" : 1513328640,
      "p50" : 1.688375296E9,
      "p75" : 1.696288768E9,
      "p95" : 1.73254656E9,
      "p98" : 1.73254656E9,
      "p99" : 1.73254656E9,
      "p999" : 1.73254656E9,
      "values" : [ 1513328640, 1676644352, 1686081536, 1688178688, 1688571904, 1694666752, 1696829440, 1732546560 ],
      "stddev" : 6.6255907442674786E7
    },
    "vm.memory.total.committed.window.5m" : {
      "count" : 8,
      "max" : 1732546560,
      "mean" : 1.672105984E9,
      "min" : 1513328640,
      "p50" : 1.688375296E9,
      "p75" : 1.696288768E9,
      "p95" : 1.73254656E9,
      "p98" : 1.73254656E9,
      "p99" : 1.73254656E9,
      "p999" : 1.73254656E9,
      "values" : [ 1513328640, 1676644352, 1686081536, 1688178688, 1688571904, 1694666752, 1696829440, 1732546560 ],
      "stddev" : 6.6255907442674786E7
    },
    "vm.memory.total.used.history" : {
      "count" : 8,
      "max" : 1528379032,
      "mean" : 9.259035716089417E8,
      "min" : 459043192,
      "p50" : 9.33424768E8,
      "p75" : 1.44539584E9,
      "p95" : 1.528379032E9,
      "p98" : 1.528379032E9,
      "p99" : 1.528379032E9,
      "p999" : 1.528379032E9,
      "values" : [ 459043192, 502228040, 572044712, 933424768, 1147365824, 1151823720, 1445395840, 1528379032 ],
      "stddev" : 4.231984903946291E8
    },
    "vm.memory.total.used.window.15m" : {
      "count" : 8,
      "max" : 1528379032,
      "mean" : 9.67463141E8,
      "min" : 459043192,
      "p50" : 1.040395296E9,
      "p75" : 1.37200281E9,
      "p95" : 1.528379032E9,
      "p98" : 1.528379032E9,
      "p99" : 1.528379032E9,
      "p999" : 1.528379032E9,
      "values" : [ 459043192, 502228040, 572044712, 933424768, 1147365824, 1151823720, 1445395840, 1528379032 ],
      "stddev" : 4.2119710156418973E8
    },
    "vm.memory.total.used.window.1h" : {
      "count" : 8,
      "max" : 1528379032,
      "mean" : 9.67463185E8,
      "min" : 459043192,
      "p50" : 1.040395296E9,
      "p75" : 1.372002898E9,
      "p95" : 1.528379032E9,
      "p98" : 1.528379032E9,
      "p99" : 1.528379032E9,
      "p999" : 1.528379032E9,
      "values" : [ 459043192, 502228040, 572044712, 933424768, 1147365824, 1151824072, 1445395840, 1528379032 ],
      "stddev" : 4.2119712357457596E8
    },
    "vm.memory.total.used.window.5m" : {
      "count" : 8,
      "max" : 1528379032,
      "mean" : 9.67463185E8,
      "min" : 459043192,
      "p50" : 1.040395296E9,
      "p75" : 1.372002898E9,
      "p95" : 1.528379032E9,
      "p98" : 1.528379032E9,
      "p99" : 1.528379032E9,
      "p999" : 1.528379032E9,
      "values" : [ 459043192, 502228040, 572044712, 933424768, 1147365824, 1151824072, 1445395840, 1528379032 ],
      "stddev" : 4.2119712357457596E8
    }
  },
  "meters" : {
    "http.responseCodes.badRequest" : {
      "count" : 0,
      "m15_rate" : 0.0,
      "m1_rate" : 0.0,
      "m5_rate" : 0.0,
      "mean_rate" : 0.0,
      "units" : "events/minute"
    },
    "http.responseCodes.created" : {
      "count" : 0,
      "m15_rate" : 0.0,
      "m1_rate" : 0.0,
      "m5_rate" : 0.0,
      "mean_rate" : 0.0,
      "units" : "events/minute"
    },
    "http.responseCodes.forbidden" : {
      "count" : 0,
      "m15_rate" : 0.0,
      "m1_rate" : 0.0,
      "m5_rate" : 0.0,
      "mean_rate" : 0.0,
      "units" : "events/minute"
    },
    "http.responseCodes.noContent" : {
      "count" : 0,
      "m15_rate" : 0.0,
      "m1_rate" : 0.0,
      "m5_rate" : 0.0,
      "mean_rate" : 0.0,
      "units" : "events/minute"
    },
    "http.responseCodes.notFound" : {
      "count" : 0,
      "m15_rate" : 0.0,
      "m1_rate" : 0.0,
      "m5_rate" : 0.0,
      "mean_rate" : 0.0,
      "units" : "events/minute"
    },
    "http.responseCodes.notModified" : {
      "count" : 4,
      "m15_rate" : 0.2533160213177149,
      "m1_rate" : 1.8614629445776438,
      "m5_rate" : 0.6858706486474769,
      "mean_rate" : 1.7927685533866242,
      "units" : "events/minute"
    },
    "http.responseCodes.ok" : {
      "count" : 118,
      "m15_rate" : 7.391766905407463,
      "m1_rate" : 49.360823741631975,
      "m5_rate" : 19.614171568954955,
      "mean_rate" : 52.88675529519943,
      "units" : "events/minute"
    },
    "http.responseCodes.other" : {
      "count" : 0,
      "m15_rate" : 0.0,
      "m1_rate" : 0.0,
      "m5_rate" : 0.0,
      "mean_rate" : 0.0,
      "units" : "events/minute"
    },
    "http.responseCodes.serverError" : {
      "count" : 0,
      "m15_rate" : 0.0,
      "m1_rate" : 0.0,
      "m5_rate" : 0.0,
      "mean_rate" : 0.0,
      "units" : "events/minute"
    },
    "http.responseCodes.serviceUnavailable" : {
      "count" : 4,
      "m15_rate" : 21.004159657030737,
      "m1_rate" : 3.248046797678708,
      "m5_rate" : 16.087681104855342,
      "mean_rate" : 1.7927692056050764,
      "units" : "events/minute"
    },
    "jenkins.job.scheduled" : {
      "count" : 6,
      "m15_rate" : 0.38617197213899346,
      "m1_rate" : 3.5422504824089054,
      "m5_rate" : 1.0798227819965094,
      "mean_rate" : 3.0071412430485776,
      "units" : "events/minute"
    },
    "jenkins.runs.aborted" : {
      "count" : 0,
      "m15_rate" : 0.0,
      "m1_rate" : 0.0,
      "m5_rate" : 0.0,
      "mean_rate" : 0.0,
      "units" : "events/minute"
    },
    "jenkins.runs.failure" : {
      "count" : 0,
      "m15_rate" : 0.0,
      "m1_rate" : 0.0,
      "m5_rate" : 0.0,
      "mean_rate" : 0.0,
      "units" : "events/minute"
    },
    "jenkins.runs.not_built" : {
      "count" : 0,
      "m15_rate" : 0.0,
      "m1_rate" : 0.0,
      "m5_rate" : 0.0,
      "mean_rate" : 0.0,
      "units" : "events/minute"
    },
    "jenkins.runs.success" : {
      "count" : 0,
      "m15_rate" : 0.0,
      "m1_rate" : 0.0,
      "m5_rate" : 0.0,
      "mean_rate" : 0.0,
      "units" : "events/minute"
    },
    "jenkins.runs.total" : {
      "count" : 0,
      "m15_rate" : 0.0,
      "m1_rate" : 0.0,
      "m5_rate" : 0.0,
      "mean_rate" : 0.0,
      "units" : "events/minute"
    },
    "jenkins.runs.unstable" : {
      "count" : 0,
      "m15_rate" : 0.0,
      "m1_rate" : 0.0,
      "m5_rate" : 0.0,
      "mean_rate" : 0.0,
      "units" : "events/minute"
    }
  },
  "timers" : {
    "http.requests" : {
      "count" : 126,
      "max" : 1.560524483,
      "mean" : 0.05988692938849503,
      "min" : 0.012487326,
      "p50" : 0.02390023,
      "p75" : 0.045523483000000003,
      "p95" : 0.145634545,
      "p98" : 0.24828597900000002,
      "p99" : 1.289788565,
      "p999" : 1.560524483,
      "values" : [ 0.012487326, 0.012553744, 0.012800096, 0.012937952, 0.013349782000000001, 0.013853122, 0.014201181, 0.014222053, 0.014254666000000001, 0.014349927, 0.014450530000000001, 0.014462621, 0.014581221, 0.014624159000000001, 0.014721614000000001, 0.014884286000000002, 0.014966683000000001, 0.014997100000000001, 0.015218188, 0.015306982, 0.01573435, 0.015777189, 0.016520987, 0.016722906000000003, 0.016838417, 0.017325386, 0.017385328000000002, 0.017389849000000002, 0.017537802, 0.017963717, 0.018232816000000002, 0.018338322, 0.018356678, 0.018481233, 0.018911299, 0.019139835, 0.019150503000000003, 0.019317334000000002, 0.019323549000000002, 0.019610243000000003, 0.019768202000000002, 0.019901167, 0.019957529, 0.020110374, 0.020110666000000003, 0.020359605000000003, 0.02050443, 0.020567769, 0.020650849000000002, 0.020665415000000003, 0.020736234000000003, 0.020767804, 0.021117226000000003, 0.021137096, 0.021190371000000003, 0.021591753, 0.021841614000000002, 0.021953195000000002, 0.022527485, 0.023780929000000003, 0.02390023, 0.024706956000000002, 0.024749263, 0.024759789, 0.025136791000000002, 0.025364245, 0.025934504, 0.0273796, 0.027552668000000002, 0.028270459, 0.028327593, 0.028762652000000003, 0.02995462, 0.030055484, 0.030423022, 0.030756123000000003, 0.030913359, 0.031625898, 0.03409928, 0.034388079, 0.034422095, 0.034852772000000004, 0.03500242, 0.035343160000000005, 0.035866912, 0.037069947, 0.03714611, 0.037450198000000004, 0.037608688, 0.038461209, 0.041556100000000006, 0.042572475000000005, 0.042733402000000004, 0.043221504, 0.045523483000000003, 0.046915937000000005, 0.049543098, 0.049722340000000004, 0.049914445, 0.050352681, 0.05261289500000001, 0.053677262, 0.054632724, 0.056619117000000004, 0.061338267, 0.062592433, 0.073649268, 0.074871061, 0.079970962, 0.082290316, 0.086422525, 0.08867359600000001, 0.09027834600000001, 0.09099538600000001, 0.093014291, 0.115246281, 0.11687062100000001, 0.130019245, 0.145634545, 0.166328623, 0.182764415, 0.199192837, 0.24828597900000002, 1.256630229, 1.289788565, 1.560524483 ],
      "stddev" : 0.17231434763274076,
      "m15_rate" : 28.648526125542443,
      "m1_rate" : 54.369186526802956,
      "m5_rate" : 36.381690933367494,
      "mean_rate" : 56.474756628749404,
      "duration_units" : "seconds",
      "rate_units" : "calls/minute"
    },
    "jenkins.health-check.duration" : {
      "count" : 2,
      "max" : 0.0035417580000000003,
      "mean" : 0.002107573787344632,
      "min" : 0.0015244780000000001,
      "p50" : 0.0015244780000000001,
      "p75" : 0.0035417580000000003,
      "p95" : 0.0035417580000000003,
      "p98" : 0.0035417580000000003,
      "p99" : 0.0035417580000000003,
      "p999" : 0.0035417580000000003,
      "values" : [ 0.0015244780000000001, 0.0035417580000000003 ],
      "stddev" : 9.144762286005707E-4,
      "m15_rate" : 0.12515088736501304,
      "m1_rate" : 0.8652106197003503,
      "m5_rate" : 0.3318891883956314,
      "mean_rate" : 1.0067424360154356,
      "duration_units" : "seconds",
      "rate_units" : "calls/minute"
    },
    "jenkins.job.blocked.duration" : {
      "count" : 0,
      "max" : 0.0,
      "mean" : 0.0,
      "min" : 0.0,
      "p50" : 0.0,
      "p75" : 0.0,
      "p95" : 0.0,
      "p98" : 0.0,
      "p99" : 0.0,
      "p999" : 0.0,
      "values" : [ ],
      "stddev" : 0.0,
      "m15_rate" : 0.0,
      "m1_rate" : 0.0,
      "m5_rate" : 0.0,
      "mean_rate" : 0.0,
      "duration_units" : "seconds",
      "rate_units" : "calls/minute"
    },
    "jenkins.job.buildable.duration" : {
      "count" : 0,
      "max" : 0.0,
      "mean" : 0.0,
      "min" : 0.0,
      "p50" : 0.0,
      "p75" : 0.0,
      "p95" : 0.0,
      "p98" : 0.0,
      "p99" : 0.0,
      "p999" : 0.0,
      "values" : [ ],
      "stddev" : 0.0,
      "m15_rate" : 0.0,
      "m1_rate" : 0.0,
      "m5_rate" : 0.0,
      "mean_rate" : 0.0,
      "duration_units" : "seconds",
      "rate_units" : "calls/minute"
    },
    "jenkins.job.building.duration" : {
      "count" : 0,
      "max" : 0.0,
      "mean" : 0.0,
      "min" : 0.0,
      "p50" : 0.0,
      "p75" : 0.0,
      "p95" : 0.0,
      "p98" : 0.0,
      "p99" : 0.0,
      "p999" : 0.0,
      "values" : [ ],
      "stddev" : 0.0,
      "m15_rate" : 0.0,
      "m1_rate" : 0.0,
      "m5_rate" : 0.0,
      "mean_rate" : 0.0,
      "duration_units" : "seconds",
      "rate_units" : "calls/minute"
    },
    "jenkins.job.queuing.duration" : {
      "count" : 6,
      "max" : 0.16,
      "mean" : 0.045148637973599935,
      "min" : 0.009000000000000001,
      "p50" : 0.025,
      "p75" : 0.044000000000000004,
      "p95" : 0.16,
      "p98" : 0.16,
      "p99" : 0.16,
      "p999" : 0.16,
      "values" : [ 0.009000000000000001, 0.013000000000000001, 0.02, 0.025, 0.044000000000000004, 0.16 ],
      "stddev" : 0.05214544683582175,
      "m15_rate" : 0.38617197213899346,
      "m1_rate" : 3.5422504824089054,
      "m5_rate" : 1.0798227819965094,
      "mean_rate" : 3.007258321064467,
      "duration_units" : "seconds",
      "rate_units" : "calls/minute"
    },
    "jenkins.job.total.duration" : {
      "count" : 0,
      "max" : 0.0,
      "mean" : 0.0,
      "min" : 0.0,
      "p50" : 0.0,
      "p75" : 0.0,
      "p95" : 0.0,
      "p98" : 0.0,
      "p99" : 0.0,
      "p999" : 0.0,
      "values" : [ ],
      "stddev" : 0.0,
      "m15_rate" : 0.0,
      "m1_rate" : 0.0,
      "m5_rate" : 0.0,
      "mean_rate" : 0.0,
      "duration_units" : "seconds",
      "rate_units" : "calls/minute"
    },
    "jenkins.job.waiting.duration" : {
      "count" : 6,
      "max" : 0.111819713,
      "mean" : 0.02572313520362451,
      "min" : 0.004427273000000001,
      "p50" : 0.014000415,
      "p75" : 0.014067463,
      "p95" : 0.111819713,
      "p98" : 0.111819713,
      "p99" : 0.111819713,
      "p999" : 0.111819713,
      "values" : [ 0.004427273000000001, 0.004667961, 0.006459965000000001, 0.014000415, 0.014067463, 0.111819713 ],
      "stddev" : 0.03835835084227391,
      "m15_rate" : 0.38617197213899346,
      "m1_rate" : 3.5422504824089054,
      "m5_rate" : 1.0798227819965094,
      "mean_rate" : 3.007246775945214,
      "duration_units" : "seconds",
      "rate_units" : "calls/minute"
    },
    "jenkins.node.scaleone.builds" : {
      "count" : 0,
      "max" : 0.0,
      "mean" : 0.0,
      "min" : 0.0,
      "p50" : 0.0,
      "p75" : 0.0,
      "p95" : 0.0,
      "p98" : 0.0,
      "p99" : 0.0,
      "p999" : 0.0,
      "values" : [ ],
      "stddev" : 0.0,
      "m15_rate" : 0.0,
      "m1_rate" : 0.0,
      "m5_rate" : 0.0,
      "mean_rate" : 0.0,
      "duration_units" : "seconds",
      "rate_units" : "calls/minute"
    }
  }
}