<?xml version="1.0" standalone="yes"?>
<StyleCopReport xmlns="http://stylecopcmd.sourceforge.net/StyleCopReport.xsd">
  <Solutions>
    <ID>0</ID>
    <Location>../sourcecode/Stride.sln</Location>
    <Name>Stride</Name>
    <Projects>
      <ID>0</ID>
      <Location>D:\Projects\Stride\sourcecode\Stride.Domain\Stride.Domain.csproj</Location>
      <Name>Stride.Domain</Name>
      <SolutionID>0</SolutionID>
      <SourceCodeFiles>
        <ID>0</ID>
        <Path>D:\Projects\Stride\sourcecode\Stride.Domain\Models\Comment.cs</Path>
        <TimeStamp>2009-09-24T21:01:35.8994058+01:00</TimeStamp>
        <Type>CS</Type>
        <Name>Comment.cs</Name>
        <CodeProjectID>0</CodeProjectID>
      </SourceCodeFiles>
      <SourceCodeFiles>
        <ID>1</ID>
        <Path>D:\Projects\Stride\sourcecode\Stride.Domain\Models\User.cs</Path>
        <TimeStamp>2009-09-23T22:40:58.5894492+01:00</TimeStamp>
        <Type>CS</Type>
        <Name>User.cs</Name>
        <CodeProjectID>0</CodeProjectID>
      </SourceCodeFiles>
      <SourceCodeFiles>
        <ID>2</ID>
        <Path>D:\Projects\Stride\sourcecode\Stride.Domain\Properties\AssemblyInfo.cs</Path>
        <TimeStamp>2009-09-03T00:14:47.136806+01:00</TimeStamp>
        <Type>CS</Type>
        <Name>AssemblyInfo.cs</Name>
        <CodeProjectID>0</CodeProjectID>
      </SourceCodeFiles>
      <SourceCodeFiles>
        <ID>3</ID>
        <Path>D:\Projects\Stride\sourcecode\Stride.Domain\Models\Workitem.cs</Path>
        <TimeStamp>2009-09-24T21:04:06.3194058+01:00</TimeStamp>
        <Type>CS</Type>
        <Name>Workitem.cs</Name>
        <CodeProjectID>0</CodeProjectID>
      </SourceCodeFiles>
      <SourceCodeFiles>
        <ID>4</ID>
        <Path>D:\Projects\Stride\sourcecode\Stride.Domain\Repositories\IUserRepository.cs</Path>
        <TimeStamp>2009-09-23T22:45:27.8814492+01:00</TimeStamp>
        <Type>CS</Type>
        <Name>IUserRepository.cs</Name>
        <CodeProjectID>0</CodeProjectID>
      </SourceCodeFiles>
      <SourceCodeFiles>
        <ID>5</ID>
        <Path>D:\Projects\Stride\sourcecode\Stride.Domain\Repositories\IWorkitemRepository.cs</Path>
        <TimeStamp>2009-09-24T21:04:20.6644058+01:00</TimeStamp>
        <Type>CS</Type>
        <Name>IWorkitemRepository.cs</Name>
        <CodeProjectID>0</CodeProjectID>
      </SourceCodeFiles>
    </Projects>
    <Projects>
      <ID>1</ID>
      <Location>D:\Projects\Stride\sourcecode\Library\Library.csproj</Location>
      <Name>Library</Name>
      <SolutionID>0</SolutionID>
      <SourceCodeFiles>
        <ID>6</ID>
        <Path>D:\Projects\Stride\sourcecode\Library\Data\RepositoryBase.cs</Path>
        <TimeStamp>2009-09-23T23:56:29.8408201+01:00</TimeStamp>
        <Type>CS</Type>
        <Name>RepositoryBase.cs</Name>
        <CodeProjectID>1</CodeProjectID>
      </SourceCodeFiles>
      <SourceCodeFiles>
        <ID>7</ID>
        <Path>D:\Projects\Stride\sourcecode\Library\Domain\EntityBase.cs</Path>
        <TimeStamp>2009-09-24T21:08:10.0854058+01:00</TimeStamp>
        <Type>CS</Type>
        <Name>EntityBase.cs</Name>
        <CodeProjectID>1</CodeProjectID>
      </SourceCodeFiles>
      <SourceCodeFiles>
        <ID>8</ID>
        <Path>D:\Projects\Stride\sourcecode\Library\Domain\EntityIdAttribute.cs</Path>
        <TimeStamp>2009-09-23T22:36:46.3874492+01:00</TimeStamp>
        <Type>CS</Type>
        <Name>EntityIdAttribute.cs</Name>
        <CodeProjectID>1</CodeProjectID>
      </SourceCodeFiles>
      <SourceCodeFiles>
        <ID>9</ID>
        <Path>D:\Projects\Stride\sourcecode\Library\Domain\EntityReflector.cs</Path>
        <TimeStamp>2009-09-23T22:39:28.6894492+01:00</TimeStamp>
        <Type>CS</Type>
        <Name>EntityReflector.cs</Name>
        <CodeProjectID>1</CodeProjectID>
      </SourceCodeFiles>
      <SourceCodeFiles>
        <ID>10</ID>
        <Path>D:\Projects\Stride\sourcecode\Library\Properties\AssemblyInfo.cs</Path>
        <TimeStamp>2009-09-03T00:14:47.370806+01:00</TimeStamp>
        <Type>CS</Type>
        <Name>AssemblyInfo.cs</Name>
        <CodeProjectID>1</CodeProjectID>
      </SourceCodeFiles>
    </Projects>
    <Projects>
      <ID>2</ID>
      <Location>D:\Projects\Stride\sourcecode\Stride.Data\Stride.Data.csproj</Location>
      <Name>Stride.Data</Name>
      <SolutionID>0</SolutionID>
      <SourceCodeFiles>
        <ID>11</ID>
        <Path>D:\Projects\Stride\sourcecode\Stride.Data\Mappings\UserMap.cs</Path>
        <TimeStamp>2009-09-24T21:08:10.1994058+01:00</TimeStamp>
        <Type>CS</Type>
        <Name>UserMap.cs</Name>
        <CodeProjectID>2</CodeProjectID>
      </SourceCodeFiles>
      <SourceCodeFiles>
        <ID>12</ID>
        <Path>D:\Projects\Stride\sourcecode\Stride.Data\Repositories\UserRepository.cs</Path>
        <TimeStamp>2009-09-23T22:52:36.8344492+01:00</TimeStamp>
        <Type>CS</Type>
        <Name>UserRepository.cs</Name>
        <CodeProjectID>2</CodeProjectID>
      </SourceCodeFiles>
      <SourceCodeFiles>
        <ID>13</ID>
        <Path>D:\Projects\Stride\sourcecode\Stride.Data\Repositories\WorkitemRepository.cs</Path>
        <TimeStamp>2009-09-24T21:07:36.5784058+01:00</TimeStamp>
        <Type>CS</Type>
        <Name>WorkitemRepository.cs</Name>
        <CodeProjectID>2</CodeProjectID>
      </SourceCodeFiles>
      <SourceCodeFiles>
        <ID>14</ID>
        <Path>D:\Projects\Stride\sourcecode\Stride.Data\StrideSessionFactoryFactory.cs</Path>
        <TimeStamp>2009-09-23T23:12:40.2724492+01:00</TimeStamp>
        <Type>CS</Type>
        <Name>StrideSessionFactoryFactory.cs</Name>
        <CodeProjectID>2</CodeProjectID>
      </SourceCodeFiles>
      <SourceCodeFiles>
        <ID>15</ID>
        <Path>D:\Projects\Stride\sourcecode\Stride.Data\Mappings\CommentMap.cs</Path>
        <TimeStamp>2009-09-23T23:04:05.1544492+01:00</TimeStamp>
        <Type>CS</Type>
        <Name>CommentMap.cs</Name>
        <CodeProjectID>2</CodeProjectID>
      </SourceCodeFiles>
      <SourceCodeFiles>
        <ID>16</ID>
        <Path>D:\Projects\Stride\sourcecode\Stride.Data\Mappings\WorkitemMap.cs</Path>
        <TimeStamp>2009-09-23T23:04:05.1434492+01:00</TimeStamp>
        <Type>CS</Type>
        <Name>WorkitemMap.cs</Name>
        <CodeProjectID>2</CodeProjectID>
      </SourceCodeFiles>
      <SourceCodeFiles>
        <ID>17</ID>
        <Path>D:\Projects\Stride\sourcecode\Stride.Data\Properties\AssemblyInfo.cs</Path>
        <TimeStamp>2009-09-03T00:14:47.214806+01:00</TimeStamp>
        <Type>CS</Type>
        <Name>AssemblyInfo.cs</Name>
        <CodeProjectID>2</CodeProjectID>
      </SourceCodeFiles>
    </Projects>
    <Projects>
      <ID>3</ID>
      <Location>D:\Projects\Stride\sourcecode\Stride.Data.Tests\Stride.Data.Tests.csproj</Location>
      <Name>Stride.Data.Tests</Name>
      <SolutionID>0</SolutionID>
      <SourceCodeFiles>
        <ID>18</ID>
        <Path>D:\Projects\Stride\sourcecode\Stride.Data.Tests\SupportData.cs</Path>
        <TimeStamp>2009-09-23T23:01:58.9784492+01:00</TimeStamp>
        <Type>CS</Type>
        <Name>SupportData.cs</Name>
        <CodeProjectID>3</CodeProjectID>
        <Violations>
          <ID>0</ID>
          <Line>15</Line>
          <Message>Field names must not contain underscores.</Message>
          <SourceCodeFileID>18</SourceCodeFileID>
          <SourceCodeLine>		public static readonly Guid WorkitemId_WithCreatedBy = WorkitemId1;</SourceCodeLine>
          <Rules>
            <CheckId>SA1310</CheckId>
            <Description>Validates that the name of a field does not contain underscores.</Description>
            <EnabledByDefault>true</EnabledByDefault>
            <Name>FieldNamesMustNotContainUnderscore</Name>
            <Namespace>Microsoft.StyleCop.CSharp.NamingRules</Namespace>
            <Warning>false</Warning>
            <ViolationID>0</ViolationID>
            <ID>0</ID>
          </Rules>
        </Violations>
        <Violations>
          <ID>1</ID>
          <Line>21</Line>
          <Message>Field names must not contain underscores.</Message>
          <SourceCodeFileID>18</SourceCodeFileID>
          <SourceCodeLine>		public static readonly Guid UserId_WithWorkitems = UserId1;</SourceCodeLine>
          <Rules>
            <CheckId>SA1310</CheckId>
            <Description>Validates that the name of a field does not contain underscores.</Description>
            <EnabledByDefault>true</EnabledByDefault>
            <Name>FieldNamesMustNotContainUnderscore</Name>
            <Namespace>Microsoft.StyleCop.CSharp.NamingRules</Namespace>
            <Warning>false</Warning>
            <ViolationID>1</ViolationID>
            <ID>1</ID>
          </Rules>
        </Violations>
        <Violations>
          <ID>2</ID>
          <Line>10</Line>
          <Message>Indentation should be done with tabs - not spaces.</Message>
          <SourceCodeFileID>18</SourceCodeFileID>
          <SourceCodeLine xml:space="preserve">        </SourceCodeLine>
          <Rules>
            <CheckId>NB1001</CheckId>
            <Description>Validates that source code lines are indented using tabs.</Description>
            <EnabledByDefault>true</EnabledByDefault>
            <Name>IndentUsingTabs</Name>
            <Namespace>NerdBank.StyleCop.Rules.NerdBankRules</Namespace>
            <Warning>false</Warning>
            <ViolationID>2</ViolationID>
            <ID>2</ID>
          </Rules>
        </Violations>
        <Violations>
          <ID>3</ID>
          <Line>10</Line>
          <Message>No line should end with whitespace.</Message>
          <SourceCodeFileID>18</SourceCodeFileID>
          <SourceCodeLine xml:space="preserve">        </SourceCodeLine>
          <Rules>
            <CheckId>NB1000</CheckId>
            <Description>Validates that source code lines always trim trailing whitespace.</Description>
            <EnabledByDefault>true</EnabledByDefault>
            <Name>NoTrailingWhiteSpace</Name>
            <Namespace>NerdBank.StyleCop.Rules.NerdBankRules</Namespace>
            <Warning>false</Warning>
            <ViolationID>3</ViolationID>
            <ID>3</ID>
          </Rules>
        </Violations>
      </SourceCodeFiles>
      <SourceCodeFiles>
        <ID>19</ID>
        <Path>D:\Projects\Stride\sourcecode\Stride.Data.Tests\UserMappingTests.cs</Path>
        <TimeStamp>2009-09-03T00:14:47.308406+01:00</TimeStamp>
        <Type>CS</Type>
        <Name>UserMappingTests.cs</Name>
        <CodeProjectID>3</CodeProjectID>
        <Violations>
          <ID>4</ID>
          <Line>66</Line>
          <Message>All methods must be placed after all fields.</Message>
          <SourceCodeFileID>19</SourceCodeFileID>
          <SourceCodeLine>		private ISessionFactory _sessionFactory;</SourceCodeLine>
          <Rules>
            <CheckId>SA1201</CheckId>
            <Description>Validates that elements are placed in the correct order.</Description>
            <EnabledByDefault>true</EnabledByDefault>
            <Name>ElementsMustAppearInTheCorrectOrder</Name>
            <Namespace>Microsoft.StyleCop.CSharp.OrderingRules</Namespace>
            <RuleGroup>Element Order</RuleGroup>
            <Warning>false</Warning>
            <ViolationID>4</ViolationID>
            <ID>4</ID>
          </Rules>
        </Violations>
        <Violations>
          <ID>5</ID>
          <Line>80</Line>
          <Message>All methods must be placed after all properties.</Message>
          <SourceCodeFileID>19</SourceCodeFileID>
          <SourceCodeLine>		protected override string DatabaseConnectionString</SourceCodeLine>
          <Rules>
            <CheckId>SA1201</CheckId>
            <Description>Validates that elements are placed in the correct order.</Description>
            <EnabledByDefault>true</EnabledByDefault>
            <Name>ElementsMustAppearInTheCorrectOrder</Name>
            <Namespace>Microsoft.StyleCop.CSharp.OrderingRules</Namespace>
            <RuleGroup>Element Order</RuleGroup>
            <Warning>false</Warning>
            <ViolationID>5</ViolationID>
            <ID>5</ID>
          </Rules>
        </Violations>
        <Violations>
          <ID>6</ID>
          <Line>2</Line>
          <Message>Using directives must be sorted alphabetically by the namespaces.</Message>
          <SourceCodeFileID>19</SourceCodeFileID>
          <SourceCodeLine>using System.Linq;</SourceCodeLine>
          <Rules>
            <CheckId>SA1210</CheckId>
            <Description>Verifies that using directives are sorted alphabetically by the namespaces.</Description>
            <EnabledByDefault>true</EnabledByDefault>
            <Name>UsingDirectivesMustBeOrderedAlphabeticallyByNamespace</Name>
            <Namespace>Microsoft.StyleCop.CSharp.OrderingRules</Namespace>
            <RuleGroup>Using Directives</RuleGroup>
            <Warning>false</Warning>
            <ViolationID>6</ViolationID>
            <ID>6</ID>
          </Rules>
        </Violations>
        <Violations>
          <ID>7</ID>
          <Line>3</Line>
          <Message>Using directives must be sorted alphabetically by the namespaces.</Message>
          <SourceCodeFileID>19</SourceCodeFileID>
          <SourceCodeLine>using NUnit.Framework;</SourceCodeLine>
          <Rules>
            <CheckId>SA1210</CheckId>
            <Description>Verifies that using directives are sorted alphabetically by the namespaces.</Description>
            <EnabledByDefault>true</EnabledByDefault>
            <Name>UsingDirectivesMustBeOrderedAlphabeticallyByNamespace</Name>
            <Namespace>Microsoft.StyleCop.CSharp.OrderingRules</Namespace>
            <RuleGroup>Using Directives</RuleGroup>
            <Warning>false</Warning>
            <ViolationID>7</ViolationID>
            <ID>7</ID>
          </Rules>
        </Violations>
        <Violations>
          <ID>8</ID>
          <Line>4</Line>
          <Message>Using directives must be sorted alphabetically by the namespaces.</Message>
          <SourceCodeFileID>19</SourceCodeFileID>
          <SourceCodeLine>using Proteus.Utility.UnitTest;</SourceCodeLine>
          <Rules>
            <CheckId>SA1210</CheckId>
            <Description>Verifies that using directives are sorted alphabetically by the namespaces.</Description>
            <EnabledByDefault>true</EnabledByDefault>
            <Name>UsingDirectivesMustBeOrderedAlphabeticallyByNamespace</Name>
            <Namespace>Microsoft.StyleCop.CSharp.OrderingRules</Namespace>
            <RuleGroup>Using Directives</RuleGroup>
            <Warning>false</Warning>
            <ViolationID>8</ViolationID>
            <ID>8</ID>
          </Rules>
        </Violations>
        <Violations>
          <ID>9</ID>
          <Line>6</Line>
          <Message>System using directives must be placed before all other using directives.</Message>
          <SourceCodeFileID>19</SourceCodeFileID>
          <SourceCodeLine>using System.Configuration;</SourceCodeLine>
          <Rules>
            <CheckId>SA1208</CheckId>
            <Description>Verifies that all using directives within the System namespace are placed before all other using directives.</Description>
            <EnabledByDefault>true</EnabledByDefault>
            <Name>SystemUsingDirectivesMustBePlacedBeforeOtherUsingDirectives</Name>
            <Namespace>Microsoft.StyleCop.CSharp.OrderingRules</Namespace>
            <RuleGroup>Using Directives</RuleGroup>
            <Warning>false</Warning>
            <ViolationID>9</ViolationID>
            <ID>9</ID>
          </Rules>
        </Violations>
        <Violations>
          <ID>10</ID>
          <Line>71</Line>
          <Message>The call to DatabaseSetUp should only use the 'base.' prefix if the item is declared virtual in the base class and an override is defined in the local class. Otherwise, prefix the call with this rather than base.</Message>
          <SourceCodeFileID>19</SourceCodeFileID>
          <SourceCodeLine>			base.DatabaseSetUp();</SourceCodeLine>
          <Rules>
            <CheckId>SA1100</CheckId>
            <Description>Verifies that the 'base.' prefix is not misused.</Description>
            <EnabledByDefault>true</EnabledByDefault>
            <Name>DoNotPrefixCallsWithBaseUnlessLocalImplementationExists</Name>
            <Namespace>Microsoft.StyleCop.CSharp.ReadabilityRules</Namespace>
            <RuleGroup>Member Access</RuleGroup>
            <Warning>false</Warning>
            <ViolationID>10</ViolationID>
            <ID>10</ID>
          </Rules>
        </Violations>
        <Violations>
          <ID>11</ID>
          <Line>77</Line>
          <Message>The call to DatabaseTearDown should only use the 'base.' prefix if the item is declared virtual in the base class and an override is defined in the local class. Otherwise, prefix the call with this rather than base.</Message>
          <SourceCodeFileID>19</SourceCodeFileID>
          <SourceCodeLine>			base.DatabaseTearDown();</SourceCodeLine>
          <Rules>
            <CheckId>SA1100</CheckId>
            <Description>Verifies that the 'base.' prefix is not misused.</Description>
            <EnabledByDefault>true</EnabledByDefault>
            <Name>DoNotPrefixCallsWithBaseUnlessLocalImplementationExists</Name>
            <Namespace>Microsoft.StyleCop.CSharp.ReadabilityRules</Namespace>
            <RuleGroup>Member Access</RuleGroup>
            <Warning>false</Warning>
            <ViolationID>11</ViolationID>
            <ID>11</ID>
          </Rules>
        </Violations>
        <Violations>
          <ID>12</ID>
          <Line>93</Line>
          <Message>The call to DatabaseFixtureSetUp should only use the 'base.' prefix if the item is declared virtual in the base class and an override is defined in the local class. Otherwise, prefix the call with this rather than base.</Message>
          <SourceCodeFileID>19</SourceCodeFileID>
          <SourceCodeLine>			base.DatabaseFixtureSetUp();</SourceCodeLine>
          <Rules>
            <CheckId>SA1100</CheckId>
            <Description>Verifies that the 'base.' prefix is not misused.</Description>
            <EnabledByDefault>true</EnabledByDefault>
            <Name>DoNotPrefixCallsWithBaseUnlessLocalImplementationExists</Name>
            <Namespace>Microsoft.StyleCop.CSharp.ReadabilityRules</Namespace>
            <RuleGroup>Member Access</RuleGroup>
            <Warning>false</Warning>
            <ViolationID>12</ViolationID>
            <ID>12</ID>
          </Rules>
        </Violations>
        <Violations>
          <ID>13</ID>
          <Line>99</Line>
          <Message>The call to DatabaseFixtureTearDown should only use the 'base.' prefix if the item is declared virtual in the base class and an override is defined in the local class. Otherwise, prefix the call with this rather than base.</Message>
          <SourceCodeFileID>19</SourceCodeFileID>
          <SourceCodeLine>			base.DatabaseFixtureTearDown();</SourceCodeLine>
          <Rules>
            <CheckId>SA1100</CheckId>
            <Description>Verifies that the 'base.' prefix is not misused.</Description>
            <EnabledByDefault>true</EnabledByDefault>
            <Name>DoNotPrefixCallsWithBaseUnlessLocalImplementationExists</Name>
            <Namespace>Microsoft.StyleCop.CSharp.ReadabilityRules</Namespace>
            <RuleGroup>Member Access</RuleGroup>
            <Warning>false</Warning>
            <ViolationID>13</ViolationID>
            <ID>13</ID>
          </Rules>
        </Violations>
        <Violations>
          <ID>17</ID>
          <Line>18</Line>
          <Message>Indentation should be done with tabs - not spaces.</Message>
          <SourceCodeFileID>19</SourceCodeFileID>
          <SourceCodeLine>            using (var session = _sessionFactory.OpenSession())</SourceCodeLine>
          <Rules>
            <CheckId>NB1001</CheckId>
            <Description>Validates that source code lines are indented using tabs.</Description>
            <EnabledByDefault>true</EnabledByDefault>
            <Name>IndentUsingTabs</Name>
            <Namespace>NerdBank.StyleCop.Rules.NerdBankRules</Namespace>
            <Warning>false</Warning>
            <ViolationID>17</ViolationID>
            <ID>17</ID>
          </Rules>
        </Violations>
      </SourceCodeFiles>
      <SourceCodeFiles>
        <ID>20</ID>
        <Path>D:\Projects\Stride\sourcecode\Stride.Data.Tests\WorkitemMappingTests.cs</Path>
        <TimeStamp>2009-09-03T00:14:47.324006+01:00</TimeStamp>
        <Type>CS</Type>
        <Name>WorkitemMappingTests.cs</Name>
        <CodeProjectID>3</CodeProjectID>
        <Violations>
          <ID>14</ID>
          <Line>79</Line>
          <Message>Statements or elements wrapped in curly brackets must be followed by a blank line.</Message>
          <SourceCodeFileID>20</SourceCodeFileID>
          <SourceCodeLine>		}</SourceCodeLine>
          <Rules>
            <CheckId>SA1513</CheckId>
            <Description>Validates that a bracketed statement or element is followed by a blank line.</Description>
            <EnabledByDefault>true</EnabledByDefault>
            <Name>ClosingCurlyBracketMustBeFollowedByBlankLine</Name>
            <Namespace>Microsoft.StyleCop.CSharp.LayoutRules</Namespace>
            <RuleGroup>Line Spacing</RuleGroup>
            <Warning>false</Warning>
            <ViolationID>14</ViolationID>
            <ID>14</ID>
          </Rules>
        </Violations>
        <Violations>
          <ID>15</ID>
          <Line>125</Line>
          <Message>All methods must be placed after all fields.</Message>
          <SourceCodeFileID>20</SourceCodeFileID>
          <SourceCodeLine>		private ISessionFactory _sessionFactory;</SourceCodeLine>
          <Rules>
            <CheckId>SA1201</CheckId>
            <Description>Validates that elements are placed in the correct order.</Description>
            <EnabledByDefault>true</EnabledByDefault>
            <Name>ElementsMustAppearInTheCorrectOrder</Name>
            <Namespace>Microsoft.StyleCop.CSharp.OrderingRules</Namespace>
            <RuleGroup>Element Order</RuleGroup>
            <Warning>false</Warning>
            <ViolationID>15</ViolationID>
            <ID>15</ID>
          </Rules>
        </Violations>
        <Violations>
          <ID>16</ID>
          <Line>139</Line>
          <Message>All methods must be placed after all properties.</Message>
          <SourceCodeFileID>20</SourceCodeFileID>
          <SourceCodeLine>		protected override string DatabaseConnectionString</SourceCodeLine>
          <Rules>
            <CheckId>SA1201</CheckId>
            <Description>Validates that elements are placed in the correct order.</Description>
            <EnabledByDefault>true</EnabledByDefault>
            <Name>ElementsMustAppearInTheCorrectOrder</Name>
            <Namespace>Microsoft.StyleCop.CSharp.OrderingRules</Namespace>
            <RuleGroup>Element Order</RuleGroup>
            <Warning>false</Warning>
            <ViolationID>16</ViolationID>
            <ID>16</ID>
          </Rules>
        </Violations>
        <Violations>
          <ID>18</ID>
          <Line>2</Line>
          <Message>Using directives must be sorted alphabetically by the namespaces.</Message>
          <SourceCodeFileID>20</SourceCodeFileID>
          <SourceCodeLine>using System.Linq;</SourceCodeLine>
          <Rules>
            <CheckId>SA1210</CheckId>
            <Description>Verifies that using directives are sorted alphabetically by the namespaces.</Description>
            <EnabledByDefault>true</EnabledByDefault>
            <Name>UsingDirectivesMustBeOrderedAlphabeticallyByNamespace</Name>
            <Namespace>Microsoft.StyleCop.CSharp.OrderingRules</Namespace>
            <RuleGroup>Using Directives</RuleGroup>
            <Warning>false</Warning>
            <ViolationID>18</ViolationID>
            <ID>18</ID>
          </Rules>
        </Violations>
        <Violations>
          <ID>19</ID>
          <Line>3</Line>
          <Message>Using directives must be sorted alphabetically by the namespaces.</Message>
          <SourceCodeFileID>20</SourceCodeFileID>
          <SourceCodeLine>using NUnit.Framework;</SourceCodeLine>
          <Rules>
            <CheckId>SA1210</CheckId>
            <Description>Verifies that using directives are sorted alphabetically by the namespaces.</Description>
            <EnabledByDefault>true</EnabledByDefault>
            <Name>UsingDirectivesMustBeOrderedAlphabeticallyByNamespace</Name>
            <Namespace>Microsoft.StyleCop.CSharp.OrderingRules</Namespace>
            <RuleGroup>Using Directives</RuleGroup>
            <Warning>false</Warning>
            <ViolationID>19</ViolationID>
            <ID>19</ID>
          </Rules>
        </Violations>
        <Violations>
          <ID>20</ID>
          <Line>7</Line>
          <Message>System using directives must be placed before all other using directives.</Message>
          <SourceCodeFileID>20</SourceCodeFileID>
          <SourceCodeLine>using System.Configuration;</SourceCodeLine>
          <Rules>
            <CheckId>SA1208</CheckId>
            <Description>Verifies that all using directives within the System namespace are placed before all other using directives.</Description>
            <EnabledByDefault>true</EnabledByDefault>
            <Name>SystemUsingDirectivesMustBePlacedBeforeOtherUsingDirectives</Name>
            <Namespace>Microsoft.StyleCop.CSharp.OrderingRules</Namespace>
            <RuleGroup>Using Directives</RuleGroup>
            <Warning>false</Warning>
            <ViolationID>20</ViolationID>
            <ID>20</ID>
          </Rules>
        </Violations>
        <Violations>
          <ID>21</ID>
          <Line>5</Line>
          <Message>Using directives must be sorted alphabetically by the namespaces.</Message>
          <SourceCodeFileID>20</SourceCodeFileID>
          <SourceCodeLine>using Stride.Domain.Models;</SourceCodeLine>
          <Rules>
            <CheckId>SA1210</CheckId>
            <Description>Verifies that using directives are sorted alphabetically by the namespaces.</Description>
            <EnabledByDefault>true</EnabledByDefault>
            <Name>UsingDirectivesMustBeOrderedAlphabeticallyByNamespace</Name>
            <Namespace>Microsoft.StyleCop.CSharp.OrderingRules</Namespace>
            <RuleGroup>Using Directives</RuleGroup>
            <Warning>false</Warning>
            <ViolationID>21</ViolationID>
            <ID>21</ID>
          </Rules>
        </Violations>
        <Violations>
          <ID>22</ID>
          <Line>130</Line>
          <Message>The call to DatabaseSetUp should only use the 'base.' prefix if the item is declared virtual in the base class and an override is defined in the local class. Otherwise, prefix the call with this rather than base.</Message>
          <SourceCodeFileID>20</SourceCodeFileID>
          <SourceCodeLine>			base.DatabaseSetUp();</SourceCodeLine>
          <Rules>
            <CheckId>SA1100</CheckId>
            <Description>Verifies that the 'base.' prefix is not misused.</Description>
            <EnabledByDefault>true</EnabledByDefault>
            <Name>DoNotPrefixCallsWithBaseUnlessLocalImplementationExists</Name>
            <Namespace>Microsoft.StyleCop.CSharp.ReadabilityRules</Namespace>
            <RuleGroup>Member Access</RuleGroup>
            <Warning>false</Warning>
            <ViolationID>22</ViolationID>
            <ID>22</ID>
          </Rules>
        </Violations>
        <Violations>
          <ID>23</ID>
          <Line>136</Line>
          <Message>The call to DatabaseTearDown should only use the 'base.' prefix if the item is declared virtual in the base class and an override is defined in the local class. Otherwise, prefix the call with this rather than base.</Message>
          <SourceCodeFileID>20</SourceCodeFileID>
          <SourceCodeLine>			base.DatabaseTearDown();</SourceCodeLine>
          <Rules>
            <CheckId>SA1100</CheckId>
            <Description>Verifies that the 'base.' prefix is not misused.</Description>
            <EnabledByDefault>true</EnabledByDefault>
            <Name>DoNotPrefixCallsWithBaseUnlessLocalImplementationExists</Name>
            <Namespace>Microsoft.StyleCop.CSharp.ReadabilityRules</Namespace>
            <RuleGroup>Member Access</RuleGroup>
            <Warning>false</Warning>
            <ViolationID>23</ViolationID>
            <ID>23</ID>
          </Rules>
        </Violations>
        <Violations>
          <ID>24</ID>
          <Line>152</Line>
          <Message>The call to DatabaseFixtureSetUp should only use the 'base.' prefix if the item is declared virtual in the base class and an override is defined in the local class. Otherwise, prefix the call with this rather than base.</Message>
          <SourceCodeFileID>20</SourceCodeFileID>
          <SourceCodeLine>			base.DatabaseFixtureSetUp();</SourceCodeLine>
          <Rules>
            <CheckId>SA1100</CheckId>
            <Description>Verifies that the 'base.' prefix is not misused.</Description>
            <EnabledByDefault>true</EnabledByDefault>
            <Name>DoNotPrefixCallsWithBaseUnlessLocalImplementationExists</Name>
            <Namespace>Microsoft.StyleCop.CSharp.ReadabilityRules</Namespace>
            <RuleGroup>Member Access</RuleGroup>
            <Warning>false</Warning>
            <ViolationID>24</ViolationID>
            <ID>24</ID>
          </Rules>
        </Violations>
        <Violations>
          <ID>25</ID>
          <Line>158</Line>
          <Message>The call to DatabaseFixtureTearDown should only use the 'base.' prefix if the item is declared virtual in the base class and an override is defined in the local class. Otherwise, prefix the call with this rather than base.</Message>
          <SourceCodeFileID>20</SourceCodeFileID>
          <SourceCodeLine>			base.DatabaseFixtureTearDown();</SourceCodeLine>
          <Rules>
            <CheckId>SA1100</CheckId>
            <Description>Verifies that the 'base.' prefix is not misused.</Description>
            <EnabledByDefault>true</EnabledByDefault>
            <Name>DoNotPrefixCallsWithBaseUnlessLocalImplementationExists</Name>
            <Namespace>Microsoft.StyleCop.CSharp.ReadabilityRules</Namespace>
            <RuleGroup>Member Access</RuleGroup>
            <Warning>false</Warning>
            <ViolationID>25</ViolationID>
            <ID>25</ID>
          </Rules>
        </Violations>
        <Violations>
          <ID>26</ID>
          <Line>12</Line>
          <Message>The spacing around the symbol ':' is invalid.</Message>
          <SourceCodeFileID>20</SourceCodeFileID>
          <SourceCodeLine>	public class WorkitemMappingTests: DatabaseUnitTestBase</SourceCodeLine>
          <Rules>
            <CheckId>SA1003</CheckId>
            <Description>Validates the spacing before and after an operator symbol.</Description>
            <EnabledByDefault>true</EnabledByDefault>
            <Name>SymbolsMustBeSpacedCorrectly</Name>
            <Namespace>Microsoft.StyleCop.CSharp.SpacingRules</Namespace>
            <Warning>false</Warning>
            <ViolationID>26</ViolationID>
            <ID>26</ID>
          </Rules>
        </Violations>
        <Violations>
          <ID>27</ID>
          <Line>60</Line>
          <Message>No line should end with whitespace.</Message>
          <SourceCodeFileID>20</SourceCodeFileID>
          <SourceCodeLine xml:space="preserve">				</SourceCodeLine>
          <Rules>
            <CheckId>NB1000</CheckId>
            <Description>Validates that source code lines always trim trailing whitespace.</Description>
            <EnabledByDefault>true</EnabledByDefault>
            <Name>NoTrailingWhiteSpace</Name>
            <Namespace>NerdBank.StyleCop.Rules.NerdBankRules</Namespace>
            <Warning>false</Warning>
            <ViolationID>27</ViolationID>
            <ID>27</ID>
          </Rules>
        </Violations>
        <Violations>
          <ID>28</ID>
          <Line>146</Line>
          <Message>No line should end with whitespace.</Message>
          <SourceCodeFileID>20</SourceCodeFileID>
          <SourceCodeLine xml:space="preserve">			</SourceCodeLine>
          <Rules>
            <CheckId>NB1000</CheckId>
            <Description>Validates that source code lines always trim trailing whitespace.</Description>
            <EnabledByDefault>true</EnabledByDefault>
            <Name>NoTrailingWhiteSpace</Name>
            <Namespace>NerdBank.StyleCop.Rules.NerdBankRules</Namespace>
            <Warning>false</Warning>
            <ViolationID>28</ViolationID>
            <ID>28</ID>
          </Rules>
        </Violations>
      </SourceCodeFiles>
      <SourceCodeFiles>
        <ID>21</ID>
        <Path>D:\Projects\Stride\sourcecode\Stride.Data.Tests\Properties\AssemblyInfo.cs</Path>
        <TimeStamp>2009-09-03T00:14:47.308406+01:00</TimeStamp>
        <Type>CS</Type>
        <Name>AssemblyInfo.cs</Name>
        <CodeProjectID>3</CodeProjectID>
      </SourceCodeFiles>
    </Projects>
    <Projects>
      <ID>4</ID>
      <Location>D:\Projects\Stride\sourcecode\Stride.Website\Stride.Website.csproj</Location>
      <Name>Stride.Website</Name>
      <SolutionID>0</SolutionID>
      <SourceCodeFiles>
        <ID>22</ID>
        <Path>D:\Projects\Stride\sourcecode\Stride.Website\ModelBase.cs</Path>
        <TimeStamp>2009-09-24T21:07:38.4034058+01:00</TimeStamp>
        <Type>CS</Type>
        <Name>ModelBase.cs</Name>
        <CodeProjectID>4</CodeProjectID>
      </SourceCodeFiles>
      <SourceCodeFiles>
        <ID>23</ID>
        <Path>D:\Projects\Stride\sourcecode\Stride.Website\Models\WorkitemDetail.cs</Path>
        <TimeStamp>2009-09-24T21:07:41.6094058+01:00</TimeStamp>
        <Type>CS</Type>
        <Name>WorkitemDetail.cs</Name>
        <CodeProjectID>4</CodeProjectID>
      </SourceCodeFiles>
      <SourceCodeFiles>
        <ID>24</ID>
        <Path>D:\Projects\Stride\sourcecode\Stride.Website\Models\NewWorkitem.cs</Path>
        <TimeStamp>2009-09-23T23:04:05.1164492+01:00</TimeStamp>
        <Type>CS</Type>
        <Name>NewWorkitem.cs</Name>
        <CodeProjectID>4</CodeProjectID>
      </SourceCodeFiles>
      <SourceCodeFiles>
        <ID>25</ID>
        <Path>D:\Projects\Stride\sourcecode\Stride.Website\StructureMapBootstrapper.cs</Path>
        <TimeStamp>2009-09-23T22:52:36.7184492+01:00</TimeStamp>
        <Type>CS</Type>
        <Name>StructureMapBootstrapper.cs</Name>
        <CodeProjectID>4</CodeProjectID>
      </SourceCodeFiles>
      <SourceCodeFiles>
        <ID>26</ID>
        <Path>D:\Projects\Stride\sourcecode\Stride.Website\ControllerBase.cs</Path>
        <TimeStamp>2009-09-23T22:52:36.7044492+01:00</TimeStamp>
        <Type>CS</Type>
        <Name>ControllerBase.cs</Name>
        <CodeProjectID>4</CodeProjectID>
      </SourceCodeFiles>
      <SourceCodeFiles>
        <ID>27</ID>
        <Path>D:\Projects\Stride\sourcecode\Stride.Website\Controllers\AccountController.cs</Path>
        <TimeStamp>2009-09-24T21:07:45.2004058+01:00</TimeStamp>
        <Type>CS</Type>
        <Name>AccountController.cs</Name>
        <CodeProjectID>4</CodeProjectID>
        <Violations>
          <ID>30</ID>
          <Line>1</Line>
          <Message>A C# document may only contain a single class at the root level unless all of the classes are partial and are of the same type.</Message>
          <SourceCodeFileID>27</SourceCodeFileID>
          <SourceCodeLine>using System;</SourceCodeLine>
          <Rules>
            <CheckId>SA1402</CheckId>
            <Description>Validates that a C# document does not contain more than one class at the root level.</Description>
            <EnabledByDefault>true</EnabledByDefault>
            <Name>FileMayOnlyContainASingleClass</Name>
            <Namespace>Microsoft.StyleCop.CSharp.MaintainabilityRules</Namespace>
            <RuleGroup>File Contents</RuleGroup>
            <Warning>false</Warning>
            <ViolationID>30</ViolationID>
            <ID>30</ID>
          </Rules>
        </Violations>
        <Violations>
          <ID>31</ID>
          <Line>257</Line>
          <Message>All static private methods must be placed before all non-static private methods.</Message>
          <SourceCodeFileID>27</SourceCodeFileID>
          <SourceCodeLine>		private static string ErrorCodeToString(MembershipCreateStatus createStatus)</SourceCodeLine>
          <Rules>
            <CheckId>SA1204</CheckId>
            <Description>Validates that all static elements are placed before non-static elements of the same type.</Description>
            <EnabledByDefault>true</EnabledByDefault>
            <Name>StaticElementsMustAppearBeforeInstanceElements</Name>
            <Namespace>Microsoft.StyleCop.CSharp.OrderingRules</Namespace>
            <RuleGroup>Element Order</RuleGroup>
            <Warning>false</Warning>
            <ViolationID>31</ViolationID>
            <ID>31</ID>
          </Rules>
        </Violations>
      </SourceCodeFiles>
      <SourceCodeFiles>
        <ID>28</ID>
        <Path>D:\Projects\Stride\sourcecode\Stride.Website\Controllers\HomeController.cs</Path>
        <TimeStamp>2009-09-03T00:14:47.745206+01:00</TimeStamp>
        <Type>CS</Type>
        <Name>HomeController.cs</Name>
        <CodeProjectID>4</CodeProjectID>
      </SourceCodeFiles>
      <SourceCodeFiles>
        <ID>29</ID>
        <Path>D:\Projects\Stride\sourcecode\Stride.Website\Controllers\WorkitemController.cs</Path>
        <TimeStamp>2009-09-24T21:08:10.1124058+01:00</TimeStamp>
        <Type>CS</Type>
        <Name>WorkitemController.cs</Name>
        <CodeProjectID>4</CodeProjectID>
      </SourceCodeFiles>
      <SourceCodeFiles>
        <ID>30</ID>
        <Path>D:\Projects\Stride\sourcecode\Stride.Website\Models\WorkitemEmptyList.cs</Path>
        <TimeStamp>2009-09-23T22:57:52.5944492+01:00</TimeStamp>
        <Type>CS</Type>
        <Name>WorkitemEmptyList.cs</Name>
        <CodeProjectID>4</CodeProjectID>
      </SourceCodeFiles>
      <SourceCodeFiles>
        <ID>31</ID>
        <Path>D:\Projects\Stride\sourcecode\Stride.Website\Models\WorkitemListItem.cs</Path>
        <TimeStamp>2009-09-23T23:09:48.9314492+01:00</TimeStamp>
        <Type>CS</Type>
        <Name>WorkitemListItem.cs</Name>
        <CodeProjectID>4</CodeProjectID>
      </SourceCodeFiles>
      <SourceCodeFiles>
        <ID>32</ID>
        <Path>D:\Projects\Stride\sourcecode\Stride.Website\Models\WorkitemList.cs</Path>
        <TimeStamp>2009-09-23T23:10:20.2994492+01:00</TimeStamp>
        <Type>CS</Type>
        <Name>WorkitemList.cs</Name>
        <CodeProjectID>4</CodeProjectID>
      </SourceCodeFiles>
      <SourceCodeFiles>
        <ID>33</ID>
        <Path>D:\Projects\Stride\sourcecode\Stride.Website\Default.aspx.cs</Path>
        <TimeStamp>2009-09-23T23:12:02.9374492+01:00</TimeStamp>
        <Type>CS</Type>
        <Name>Default.aspx.cs</Name>
        <CodeProjectID>4</CodeProjectID>
      </SourceCodeFiles>
      <SourceCodeFiles>
        <ID>34</ID>
        <Path>D:\Projects\Stride\sourcecode\Stride.Website\Global.asax.cs</Path>
        <TimeStamp>2009-09-24T21:07:54.5844058+01:00</TimeStamp>
        <Type>CS</Type>
        <Name>Global.asax.cs</Name>
        <CodeProjectID>4</CodeProjectID>
        <Violations>
          <ID>29</ID>
          <Line>16</Line>
          <Message>Instance variables should be prefixed by underscore.</Message>
          <SourceCodeFileID>34</SourceCodeFileID>
          <SourceCodeLine>		private const string NHibernateSessionKey = "NH_SESSION";</SourceCodeLine>
          <Rules>
            <CheckId>EX1001</CheckId>
            <Description>Instance variables are easier to distinguish when prefixed with an underscore.</Description>
            <EnabledByDefault>true</EnabledByDefault>
            <Name>InstanceVariablesUnderscorePrefix</Name>
            <Namespace>DotNetExtensions.StyleCop.Rules.Extensions</Namespace>
            <Warning>false</Warning>
            <ViolationID>29</ViolationID>
            <ID>29</ID>
          </Rules>
        </Violations>
      </SourceCodeFiles>
      <SourceCodeFiles>
        <ID>35</ID>
        <Path>D:\Projects\Stride\sourcecode\Stride.Website\Properties\AssemblyInfo.cs</Path>
        <TimeStamp>2009-09-03T00:14:47.604806+01:00</TimeStamp>
        <Type>CS</Type>
        <Name>AssemblyInfo.cs</Name>
        <CodeProjectID>4</CodeProjectID>
      </SourceCodeFiles>
      <SourceCodeFiles>
        <ID>36</ID>
        <Path>D:\Projects\Stride\sourcecode\Stride.Website\StructureMapControllerFactory.cs</Path>
        <TimeStamp>2009-09-03T00:14:47.792006+01:00</TimeStamp>
        <Type>CS</Type>
        <Name>StructureMapControllerFactory.cs</Name>
        <CodeProjectID>4</CodeProjectID>
      </SourceCodeFiles>
    </Projects>
    <Projects>
      <ID>5</ID>
      <Location>D:\Projects\Stride\sourcecode\Stride.Website.Tests\Stride.Website.Tests.csproj</Location>
      <Name>Stride.Website.Tests</Name>
      <SolutionID>0</SolutionID>
      <SourceCodeFiles>
        <ID>37</ID>
        <Path>D:\Projects\Stride\sourcecode\Stride.Website.Tests\WorkitemControllerTests.cs</Path>
        <TimeStamp>2009-09-08T23:18:31.276741+01:00</TimeStamp>
        <Type>CS</Type>
        <Name>WorkitemControllerTests.cs</Name>
        <CodeProjectID>5</CodeProjectID>
        <Violations>
          <ID>32</ID>
          <Line>145</Line>
          <Message>All methods must be placed after all fields.</Message>
          <SourceCodeFileID>37</SourceCodeFileID>
          <SourceCodeLine>		private Mock&lt;IWorkitemRepository&gt; _workitemRepository;</SourceCodeLine>
          <Rules>
            <CheckId>SA1201</CheckId>
            <Description>Validates that elements are placed in the correct order.</Description>
            <EnabledByDefault>true</EnabledByDefault>
            <Name>ElementsMustAppearInTheCorrectOrder</Name>
            <Namespace>Microsoft.StyleCop.CSharp.OrderingRules</Namespace>
            <RuleGroup>Element Order</RuleGroup>
            <Warning>false</Warning>
            <ViolationID>32</ViolationID>
            <ID>32</ID>
          </Rules>
        </Violations>
        <Violations>
          <ID>33</ID>
          <Line>146</Line>
          <Message>All methods must be placed after all fields.</Message>
          <SourceCodeFileID>37</SourceCodeFileID>
          <SourceCodeLine>		private Mock&lt;IUserRepository&gt; _userRepository;</SourceCodeLine>
          <Rules>
            <CheckId>SA1201</CheckId>
            <Description>Validates that elements are placed in the correct order.</Description>
            <EnabledByDefault>true</EnabledByDefault>
            <Name>ElementsMustAppearInTheCorrectOrder</Name>
            <Namespace>Microsoft.StyleCop.CSharp.OrderingRules</Namespace>
            <RuleGroup>Element Order</RuleGroup>
            <Warning>false</Warning>
            <ViolationID>33</ViolationID>
            <ID>33</ID>
          </Rules>
        </Violations>
        <Violations>
          <ID>34</ID>
          <Line>147</Line>
          <Message>All methods must be placed after all fields.</Message>
          <SourceCodeFileID>37</SourceCodeFileID>
          <SourceCodeLine>		private WorkitemController _controller;</SourceCodeLine>
          <Rules>
            <CheckId>SA1201</CheckId>
            <Description>Validates that elements are placed in the correct order.</Description>
            <EnabledByDefault>true</EnabledByDefault>
            <Name>ElementsMustAppearInTheCorrectOrder</Name>
            <Namespace>Microsoft.StyleCop.CSharp.OrderingRules</Namespace>
            <RuleGroup>Element Order</RuleGroup>
            <Warning>false</Warning>
            <ViolationID>34</ViolationID>
            <ID>34</ID>
          </Rules>
        </Violations>
        <Violations>
          <ID>35</ID>
          <Line>2</Line>
          <Message>Using directives must be sorted alphabetically by the namespaces.</Message>
          <SourceCodeFileID>37</SourceCodeFileID>
          <SourceCodeLine>using System.Linq;</SourceCodeLine>
          <Rules>
            <CheckId>SA1210</CheckId>
            <Description>Verifies that using directives are sorted alphabetically by the namespaces.</Description>
            <EnabledByDefault>true</EnabledByDefault>
            <Name>UsingDirectivesMustBeOrderedAlphabeticallyByNamespace</Name>
            <Namespace>Microsoft.StyleCop.CSharp.OrderingRules</Namespace>
            <RuleGroup>Using Directives</RuleGroup>
            <Warning>false</Warning>
            <ViolationID>35</ViolationID>
            <ID>35</ID>
          </Rules>
        </Violations>
        <Violations>
          <ID>36</ID>
          <Line>3</Line>
          <Message>Using directives must be sorted alphabetically by the namespaces.</Message>
          <SourceCodeFileID>37</SourceCodeFileID>
          <SourceCodeLine>using NUnit.Framework;</SourceCodeLine>
          <Rules>
            <CheckId>SA1210</CheckId>
            <Description>Verifies that using directives are sorted alphabetically by the namespaces.</Description>
            <EnabledByDefault>true</EnabledByDefault>
            <Name>UsingDirectivesMustBeOrderedAlphabeticallyByNamespace</Name>
            <Namespace>Microsoft.StyleCop.CSharp.OrderingRules</Namespace>
            <RuleGroup>Using Directives</RuleGroup>
            <Warning>false</Warning>
            <ViolationID>36</ViolationID>
            <ID>36</ID>
          </Rules>
        </Violations>
        <Violations>
          <ID>37</ID>
          <Line>4</Line>
          <Message>Using directives must be sorted alphabetically by the namespaces.</Message>
          <SourceCodeFileID>37</SourceCodeFileID>
          <SourceCodeLine>using Stride.Website.Controllers;</SourceCodeLine>
          <Rules>
            <CheckId>SA1210</CheckId>
            <Description>Verifies that using directives are sorted alphabetically by the namespaces.</Description>
            <EnabledByDefault>true</EnabledByDefault>
            <Name>UsingDirectivesMustBeOrderedAlphabeticallyByNamespace</Name>
            <Namespace>Microsoft.StyleCop.CSharp.OrderingRules</Namespace>
            <RuleGroup>Using Directives</RuleGroup>
            <Warning>false</Warning>
            <ViolationID>37</ViolationID>
            <ID>37</ID>
          </Rules>
        </Violations>
        <Violations>
          <ID>38</ID>
          <Line>5</Line>
          <Message>Using directives must be sorted alphabetically by the namespaces.</Message>
          <SourceCodeFileID>37</SourceCodeFileID>
          <SourceCodeLine>using Stride.Domain.Repositories;</SourceCodeLine>
          <Rules>
            <CheckId>SA1210</CheckId>
            <Description>Verifies that using directives are sorted alphabetically by the namespaces.</Description>
            <EnabledByDefault>true</EnabledByDefault>
            <Name>UsingDirectivesMustBeOrderedAlphabeticallyByNamespace</Name>
            <Namespace>Microsoft.StyleCop.CSharp.OrderingRules</Namespace>
            <RuleGroup>Using Directives</RuleGroup>
            <Warning>false</Warning>
            <ViolationID>38</ViolationID>
            <ID>38</ID>
          </Rules>
        </Violations>
        <Violations>
          <ID>39</ID>
          <Line>7</Line>
          <Message>System using directives must be placed before all other using directives.</Message>
          <SourceCodeFileID>37</SourceCodeFileID>
          <SourceCodeLine>using System.Web.Mvc;</SourceCodeLine>
          <Rules>
            <CheckId>SA1208</CheckId>
            <Description>Verifies that all using directives within the System namespace are placed before all other using directives.</Description>
            <EnabledByDefault>true</EnabledByDefault>
            <Name>SystemUsingDirectivesMustBePlacedBeforeOtherUsingDirectives</Name>
            <Namespace>Microsoft.StyleCop.CSharp.OrderingRules</Namespace>
            <RuleGroup>Using Directives</RuleGroup>
            <Warning>false</Warning>
            <ViolationID>39</ViolationID>
            <ID>39</ID>
          </Rules>
        </Violations>
        <Violations>
          <ID>40</ID>
          <Line>7</Line>
          <Message>Using directives must be sorted alphabetically by the namespaces.</Message>
          <SourceCodeFileID>37</SourceCodeFileID>
          <SourceCodeLine>using System.Web.Mvc;</SourceCodeLine>
          <Rules>
            <CheckId>SA1210</CheckId>
            <Description>Verifies that using directives are sorted alphabetically by the namespaces.</Description>
            <EnabledByDefault>true</EnabledByDefault>
            <Name>UsingDirectivesMustBeOrderedAlphabeticallyByNamespace</Name>
            <Namespace>Microsoft.StyleCop.CSharp.OrderingRules</Namespace>
            <RuleGroup>Using Directives</RuleGroup>
            <Warning>false</Warning>
            <ViolationID>40</ViolationID>
            <ID>40</ID>
          </Rules>
        </Violations>
        <Violations>
          <ID>41</ID>
          <Line>8</Line>
          <Message>Using directives must be sorted alphabetically by the namespaces.</Message>
          <SourceCodeFileID>37</SourceCodeFileID>
          <SourceCodeLine>using Stride.Website.Models;</SourceCodeLine>
          <Rules>
            <CheckId>SA1210</CheckId>
            <Description>Verifies that using directives are sorted alphabetically by the namespaces.</Description>
            <EnabledByDefault>true</EnabledByDefault>
            <Name>UsingDirectivesMustBeOrderedAlphabeticallyByNamespace</Name>
            <Namespace>Microsoft.StyleCop.CSharp.OrderingRules</Namespace>
            <RuleGroup>Using Directives</RuleGroup>
            <Warning>false</Warning>
            <ViolationID>41</ViolationID>
            <ID>41</ID>
          </Rules>
        </Violations>
        <Violations>
          <ID>42</ID>
          <Line>9</Line>
          <Message>Using directives must be sorted alphabetically by the namespaces.</Message>
          <SourceCodeFileID>37</SourceCodeFileID>
          <SourceCodeLine>using Stride.Domain.Models;</SourceCodeLine>
          <Rules>
            <CheckId>SA1210</CheckId>
            <Description>Verifies that using directives are sorted alphabetically by the namespaces.</Description>
            <EnabledByDefault>true</EnabledByDefault>
            <Name>UsingDirectivesMustBeOrderedAlphabeticallyByNamespace</Name>
            <Namespace>Microsoft.StyleCop.CSharp.OrderingRules</Namespace>
            <RuleGroup>Using Directives</RuleGroup>
            <Warning>false</Warning>
            <ViolationID>42</ViolationID>
            <ID>42</ID>
          </Rules>
        </Violations>
        <Violations>
          <ID>43</ID>
          <Line>11</Line>
          <Message>System using directives must be placed before all other using directives.</Message>
          <SourceCodeFileID>37</SourceCodeFileID>
          <SourceCodeLine>using System.Collections.Generic;</SourceCodeLine>
          <Rules>
            <CheckId>SA1208</CheckId>
            <Description>Verifies that all using directives within the System namespace are placed before all other using directives.</Description>
            <EnabledByDefault>true</EnabledByDefault>
            <Name>SystemUsingDirectivesMustBePlacedBeforeOtherUsingDirectives</Name>
            <Namespace>Microsoft.StyleCop.CSharp.OrderingRules</Namespace>
            <RuleGroup>Using Directives</RuleGroup>
            <Warning>false</Warning>
            <ViolationID>43</ViolationID>
            <ID>43</ID>
          </Rules>
        </Violations>
        <Violations>
          <ID>44</ID>
          <Line>49</Line>
          <Message>Invalid spacing around the closing square bracket.</Message>
          <SourceCodeFileID>37</SourceCodeFileID>
          <SourceCodeLine>				new Workitem[]{ new Workitem{ Title="title", Description="description" }});</SourceCodeLine>
          <Rules>
            <CheckId>SA1011</CheckId>
            <Description>Validates the spacing before and after a closing square bracket.</Description>
            <EnabledByDefault>true</EnabledByDefault>
            <Name>ClosingSquareBracketsMustBeSpacedCorrectly</Name>
            <Namespace>Microsoft.StyleCop.CSharp.SpacingRules</Namespace>
            <Warning>false</Warning>
            <ViolationID>44</ViolationID>
            <ID>44</ID>
          </Rules>
        </Violations>
        <Violations>
          <ID>45</ID>
          <Line>49</Line>
          <Message>Invalid spacing around the opening curly bracket.</Message>
          <SourceCodeFileID>37</SourceCodeFileID>
          <SourceCodeLine>				new Workitem[]{ new Workitem{ Title="title", Description="description" }});</SourceCodeLine>
          <Rules>
            <CheckId>SA1012</CheckId>
            <Description>Validates the spacing before and after an opening curly bracket.</Description>
            <EnabledByDefault>true</EnabledByDefault>
            <Name>OpeningCurlyBracketsMustBeSpacedCorrectly</Name>
            <Namespace>Microsoft.StyleCop.CSharp.SpacingRules</Namespace>
            <Warning>false</Warning>
            <ViolationID>45</ViolationID>
            <ID>45</ID>
          </Rules>
        </Violations>
        <Violations>
          <ID>46</ID>
          <Line>49</Line>
          <Message>The spacing around the symbol '=' is invalid.</Message>
          <SourceCodeFileID>37</SourceCodeFileID>
          <SourceCodeLine>				new Workitem[]{ new Workitem{ Title="title", Description="description" }});</SourceCodeLine>
          <Rules>
            <CheckId>SA1003</CheckId>
            <Description>Validates the spacing before and after an operator symbol.</Description>
            <EnabledByDefault>true</EnabledByDefault>
            <Name>SymbolsMustBeSpacedCorrectly</Name>
            <Namespace>Microsoft.StyleCop.CSharp.SpacingRules</Namespace>
            <Warning>false</Warning>
            <ViolationID>46</ViolationID>
            <ID>46</ID>
          </Rules>
        </Violations>
        <Violations>
          <ID>47</ID>
          <Line>49</Line>
          <Message>Invalid spacing around the closing curly bracket.</Message>
          <SourceCodeFileID>37</SourceCodeFileID>
          <SourceCodeLine>				new Workitem[]{ new Workitem{ Title="title", Description="description" }});</SourceCodeLine>
          <Rules>
            <CheckId>SA1013</CheckId>
            <Description>Validates the spacing before and after a closing curly bracket.</Description>
            <EnabledByDefault>true</EnabledByDefault>
            <Name>ClosingCurlyBracketsMustBeSpacedCorrectly</Name>
            <Namespace>Microsoft.StyleCop.CSharp.SpacingRules</Namespace>
            <Warning>false</Warning>
            <ViolationID>47</ViolationID>
            <ID>47</ID>
          </Rules>
        </Violations>
        <Violations>
          <ID>48</ID>
          <Line>122</Line>
          <Message>The spacing around the symbol '=' is invalid.</Message>
          <SourceCodeFileID>37</SourceCodeFileID>
          <SourceCodeLine>				Title ="title", </SourceCodeLine>
          <Rules>
            <CheckId>SA1003</CheckId>
            <Description>Validates the spacing before and after an operator symbol.</Description>
            <EnabledByDefault>true</EnabledByDefault>
            <Name>SymbolsMustBeSpacedCorrectly</Name>
            <Namespace>Microsoft.StyleCop.CSharp.SpacingRules</Namespace>
            <Warning>false</Warning>
            <ViolationID>48</ViolationID>
            <ID>48</ID>
          </Rules>
        </Violations>
        <Violations>
          <ID>49</ID>
          <Line>123</Line>
          <Message>The spacing around the symbol '=' is invalid.</Message>
          <SourceCodeFileID>37</SourceCodeFileID>
          <SourceCodeLine>				Description="description"</SourceCodeLine>
          <Rules>
            <CheckId>SA1003</CheckId>
            <Description>Validates the spacing before and after an operator symbol.</Description>
            <EnabledByDefault>true</EnabledByDefault>
            <Name>SymbolsMustBeSpacedCorrectly</Name>
            <Namespace>Microsoft.StyleCop.CSharp.SpacingRules</Namespace>
            <Warning>false</Warning>
            <ViolationID>49</ViolationID>
            <ID>49</ID>
          </Rules>
        </Violations>
        <Violations>
          <ID>50</ID>
          <Line>15</Line>
          <Message>Indentation should be done with tabs - not spaces.</Message>
          <SourceCodeFileID>37</SourceCodeFileID>
          <SourceCodeLine>    [TestFixture]</SourceCodeLine>
          <Rules>
            <CheckId>NB1001</CheckId>
            <Description>Validates that source code lines are indented using tabs.</Description>
            <EnabledByDefault>true</EnabledByDefault>
            <Name>IndentUsingTabs</Name>
            <Namespace>NerdBank.StyleCop.Rules.NerdBankRules</Namespace>
            <Warning>false</Warning>
            <ViolationID>50</ViolationID>
            <ID>50</ID>
          </Rules>
        </Violations>
        <Violations>
          <ID>51</ID>
          <Line>24</Line>
          <Message>No line should end with whitespace.</Message>
          <SourceCodeFileID>37</SourceCodeFileID>
          <SourceCodeLine xml:space="preserve">			</SourceCodeLine>
          <Rules>
            <CheckId>NB1000</CheckId>
            <Description>Validates that source code lines always trim trailing whitespace.</Description>
            <EnabledByDefault>true</EnabledByDefault>
            <Name>NoTrailingWhiteSpace</Name>
            <Namespace>NerdBank.StyleCop.Rules.NerdBankRules</Namespace>
            <Warning>false</Warning>
            <ViolationID>51</ViolationID>
            <ID>51</ID>
          </Rules>
        </Violations>
        <Violations>
          <ID>52</ID>
          <Line>121</Line>
          <Message>No line should end with whitespace.</Message>
          <SourceCodeFileID>37</SourceCodeFileID>
          <SourceCodeLine>			{ </SourceCodeLine>
          <Rules>
            <CheckId>NB1000</CheckId>
            <Description>Validates that source code lines always trim trailing whitespace.</Description>
            <EnabledByDefault>true</EnabledByDefault>
            <Name>NoTrailingWhiteSpace</Name>
            <Namespace>NerdBank.StyleCop.Rules.NerdBankRules</Namespace>
            <Warning>false</Warning>
            <ViolationID>52</ViolationID>
            <ID>52</ID>
          </Rules>
        </Violations>
        <Violations>
          <ID>53</ID>
          <Line>122</Line>
          <Message>No line should end with whitespace.</Message>
          <SourceCodeFileID>37</SourceCodeFileID>
          <SourceCodeLine>				Title ="title", </SourceCodeLine>
          <Rules>
            <CheckId>NB1000</CheckId>
            <Description>Validates that source code lines always trim trailing whitespace.</Description>
            <EnabledByDefault>true</EnabledByDefault>
            <Name>NoTrailingWhiteSpace</Name>
            <Namespace>NerdBank.StyleCop.Rules.NerdBankRules</Namespace>
            <Warning>false</Warning>
            <ViolationID>53</ViolationID>
            <ID>53</ID>
          </Rules>
        </Violations>
      </SourceCodeFiles>
      <SourceCodeFiles>
        <ID>38</ID>
        <Path>D:\Projects\Stride\sourcecode\Stride.Website.Tests\Properties\AssemblyInfo.cs</Path>
        <TimeStamp>2009-09-03T00:14:47.823206+01:00</TimeStamp>
        <Type>CS</Type>
        <Name>AssemblyInfo.cs</Name>
        <CodeProjectID>5</CodeProjectID>
      </SourceCodeFiles>
    </Projects>
  </Solutions>
</StyleCopReport>