<StyleCopViolations>
  <Violation Section="Root.Stride.Data.Tests.SupportData.WorkitemId_WithCreatedBy" LineNumber="15" Source="D:\Projects\Stride\sourcecode\Stride.Data.Tests\SupportData.cs" RuleNamespace="Microsoft.StyleCop.CSharp.NamingRules" Rule="FieldNamesMustNotContainUnderscore" RuleId="SA1310">Field names must not contain underscores.</Violation>
  <Violation Section="Root.Stride.Data.Tests.SupportData.UserId_WithWorkitems" LineNumber="21" Source="D:\Projects\Stride\sourcecode\Stride.Data.Tests\SupportData.cs" RuleNamespace="Microsoft.StyleCop.CSharp.NamingRules" Rule="FieldNamesMustNotContainUnderscore" RuleId="SA1310">Field names must not contain underscores.</Violation>
  <Violation Section="Root" LineNumber="10" Source="D:\Projects\Stride\sourcecode\Stride.Data.Tests\SupportData.cs" RuleNamespace="NerdBank.StyleCop.Rules.NerdBankRules" Rule="IndentUsingTabs" RuleId="NB1001">Indentation should be done with tabs - not spaces.</Violation>
  <Violation Section="Root" LineNumber="10" Source="D:\Projects\Stride\sourcecode\Stride.Data.Tests\SupportData.cs" RuleNamespace="NerdBank.StyleCop.Rules.NerdBankRules" Rule="NoTrailingWhiteSpace" RuleId="NB1000">No line should end with whitespace.</Violation>
  <Violation Section="Root.Stride.Data.Tests.UserMappingTests.Save_NewUser_SavesUser" LineNumber="66" Source="D:\Projects\Stride\sourcecode\Stride.Data.Tests\UserMappingTests.cs" RuleNamespace="Microsoft.StyleCop.CSharp.OrderingRules" Rule="ElementsMustAppearInTheCorrectOrder" RuleId="SA1201">All methods must be placed after all fields.</Violation>
  <Violation Section="Root.Stride.Data.Tests.UserMappingTests.Save_NewUser_SavesUser" LineNumber="80" Source="D:\Projects\Stride\sourcecode\Stride.Data.Tests\UserMappingTests.cs" RuleNamespace="Microsoft.StyleCop.CSharp.OrderingRules" Rule="ElementsMustAppearInTheCorrectOrder" RuleId="SA1201">All methods must be placed after all properties.</Violation>
  <Violation Section="Root.System.Linq" LineNumber="2" Source="D:\Projects\Stride\sourcecode\Stride.Data.Tests\UserMappingTests.cs" RuleNamespace="Microsoft.StyleCop.CSharp.OrderingRules" Rule="UsingDirectivesMustBeOrderedAlphabeticallyByNamespace" RuleId="SA1210">Using directives must be sorted alphabetically by the namespaces.</Violation>
  <Violation Section="Root.NUnit.Framework" LineNumber="3" Source="D:\Projects\Stride\sourcecode\Stride.Data.Tests\UserMappingTests.cs" RuleNamespace="Microsoft.StyleCop.CSharp.OrderingRules" Rule="UsingDirectivesMustBeOrderedAlphabeticallyByNamespace" RuleId="SA1210">Using directives must be sorted alphabetically by the namespaces.</Violation>
  <Violation Section="Root.Proteus.Utility.UnitTest" LineNumber="4" Source="D:\Projects\Stride\sourcecode\Stride.Data.Tests\UserMappingTests.cs" RuleNamespace="Microsoft.StyleCop.CSharp.OrderingRules" Rule="UsingDirectivesMustBeOrderedAlphabeticallyByNamespace" RuleId="SA1210">Using directives must be sorted alphabetically by the namespaces.</Violation>
  <Violation Section="Root.System.Configuration" LineNumber="6" Source="D:\Projects\Stride\sourcecode\Stride.Data.Tests\UserMappingTests.cs" RuleNamespace="Microsoft.StyleCop.CSharp.OrderingRules" Rule="SystemUsingDirectivesMustBePlacedBeforeOtherUsingDirectives" RuleId="SA1208">System using directives must be placed before all other using directives.</Violation>
  <Violation Section="Root.Stride.Data.Tests.UserMappingTests.SetUp" LineNumber="71" Source="D:\Projects\Stride\sourcecode\Stride.Data.Tests\UserMappingTests.cs" RuleNamespace="Microsoft.StyleCop.CSharp.ReadabilityRules" Rule="DoNotPrefixCallsWithBaseUnlessLocalImplementationExists" RuleId="SA1100">The call to DatabaseSetUp should only use the 'base.' prefix if the item is declared virtual in the base class and an override is defined in the local class. Otherwise, prefix the call with this rather than base.</Violation>
  <Violation Section="Root.Stride.Data.Tests.UserMappingTests.TearDown" LineNumber="77" Source="D:\Projects\Stride\sourcecode\Stride.Data.Tests\UserMappingTests.cs" RuleNamespace="Microsoft.StyleCop.CSharp.ReadabilityRules" Rule="DoNotPrefixCallsWithBaseUnlessLocalImplementationExists" RuleId="SA1100">The call to DatabaseTearDown should only use the 'base.' prefix if the item is declared virtual in the base class and an override is defined in the local class. Otherwise, prefix the call with this rather than base.</Violation>
  <Violation Section="Root.Stride.Data.Tests.UserMappingTests.TestFixtureSetUp" LineNumber="93" Source="D:\Projects\Stride\sourcecode\Stride.Data.Tests\UserMappingTests.cs" RuleNamespace="Microsoft.StyleCop.CSharp.ReadabilityRules" Rule="DoNotPrefixCallsWithBaseUnlessLocalImplementationExists" RuleId="SA1100">The call to DatabaseFixtureSetUp should only use the 'base.' prefix if the item is declared virtual in the base class and an override is defined in the local class. Otherwise, prefix the call with this rather than base.</Violation>
  <Violation Section="Root.Stride.Data.Tests.UserMappingTests.TestFixtureTearDown" LineNumber="99" Source="D:\Projects\Stride\sourcecode\Stride.Data.Tests\UserMappingTests.cs" RuleNamespace="Microsoft.StyleCop.CSharp.ReadabilityRules" Rule="DoNotPrefixCallsWithBaseUnlessLocalImplementationExists" RuleId="SA1100">The call to DatabaseFixtureTearDown should only use the 'base.' prefix if the item is declared virtual in the base class and an override is defined in the local class. Otherwise, prefix the call with this rather than base.</Violation>
  <Violation Section="Root" LineNumber="79" Source="D:\Projects\Stride\sourcecode\Stride.Data.Tests\WorkitemMappingTests.cs" RuleNamespace="Microsoft.StyleCop.CSharp.LayoutRules" Rule="ClosingCurlyBracketMustBeFollowedByBlankLine" RuleId="SA1513">Statements or elements wrapped in curly brackets must be followed by a blank line.</Violation>
  <Violation Section="Root.Stride.Data.Tests.WorkitemMappingTests.Save_WithNewWorkitem_SavesWorkitem" LineNumber="125" Source="D:\Projects\Stride\sourcecode\Stride.Data.Tests\WorkitemMappingTests.cs" RuleNamespace="Microsoft.StyleCop.CSharp.OrderingRules" Rule="ElementsMustAppearInTheCorrectOrder" RuleId="SA1201">All methods must be placed after all fields.</Violation>
  <Violation Section="Root.Stride.Data.Tests.WorkitemMappingTests.Save_WithNewWorkitem_SavesWorkitem" LineNumber="139" Source="D:\Projects\Stride\sourcecode\Stride.Data.Tests\WorkitemMappingTests.cs" RuleNamespace="Microsoft.StyleCop.CSharp.OrderingRules" Rule="ElementsMustAppearInTheCorrectOrder" RuleId="SA1201">All methods must be placed after all properties.</Violation>
  <Violation Section="Root" LineNumber="18" Source="D:\Projects\Stride\sourcecode\Stride.Data.Tests\UserMappingTests.cs" RuleNamespace="NerdBank.StyleCop.Rules.NerdBankRules" Rule="IndentUsingTabs" RuleId="NB1001">Indentation should be done with tabs - not spaces.</Violation>
  <Violation Section="Root.System.Linq" LineNumber="2" Source="D:\Projects\Stride\sourcecode\Stride.Data.Tests\WorkitemMappingTests.cs" RuleNamespace="Microsoft.StyleCop.CSharp.OrderingRules" Rule="UsingDirectivesMustBeOrderedAlphabeticallyByNamespace" RuleId="SA1210">Using directives must be sorted alphabetically by the namespaces.</Violation>
  <Violation Section="Root.NUnit.Framework" LineNumber="3" Source="D:\Projects\Stride\sourcecode\Stride.Data.Tests\WorkitemMappingTests.cs" RuleNamespace="Microsoft.StyleCop.CSharp.OrderingRules" Rule="UsingDirectivesMustBeOrderedAlphabeticallyByNamespace" RuleId="SA1210">Using directives must be sorted alphabetically by the namespaces.</Violation>
  <Violation Section="Root.System.Configuration" LineNumber="7" Source="D:\Projects\Stride\sourcecode\Stride.Data.Tests\WorkitemMappingTests.cs" RuleNamespace="Microsoft.StyleCop.CSharp.OrderingRules" Rule="SystemUsingDirectivesMustBePlacedBeforeOtherUsingDirectives" RuleId="SA1208">System using directives must be placed before all other using directives.</Violation>
  <Violation Section="Root.Stride.Domain.Models" LineNumber="5" Source="D:\Projects\Stride\sourcecode\Stride.Data.Tests\WorkitemMappingTests.cs" RuleNamespace="Microsoft.StyleCop.CSharp.OrderingRules" Rule="UsingDirectivesMustBeOrderedAlphabeticallyByNamespace" RuleId="SA1210">Using directives must be sorted alphabetically by the namespaces.</Violation>
  <Violation Section="Root.Stride.Data.Tests.WorkitemMappingTests.SetUp" LineNumber="130" Source="D:\Projects\Stride\sourcecode\Stride.Data.Tests\WorkitemMappingTests.cs" RuleNamespace="Microsoft.StyleCop.CSharp.ReadabilityRules" Rule="DoNotPrefixCallsWithBaseUnlessLocalImplementationExists" RuleId="SA1100">The call to DatabaseSetUp should only use the 'base.' prefix if the item is declared virtual in the base class and an override is defined in the local class. Otherwise, prefix the call with this rather than base.</Violation>
  <Violation Section="Root.Stride.Data.Tests.WorkitemMappingTests.TearDown" LineNumber="136" Source="D:\Projects\Stride\sourcecode\Stride.Data.Tests\WorkitemMappingTests.cs" RuleNamespace="Microsoft.StyleCop.CSharp.ReadabilityRules" Rule="DoNotPrefixCallsWithBaseUnlessLocalImplementationExists" RuleId="SA1100">The call to DatabaseTearDown should only use the 'base.' prefix if the item is declared virtual in the base class and an override is defined in the local class. Otherwise, prefix the call with this rather than base.</Violation>
  <Violation Section="Root.Stride.Data.Tests.WorkitemMappingTests.TestFixtureSetUp" LineNumber="152" Source="D:\Projects\Stride\sourcecode\Stride.Data.Tests\WorkitemMappingTests.cs" RuleNamespace="Microsoft.StyleCop.CSharp.ReadabilityRules" Rule="DoNotPrefixCallsWithBaseUnlessLocalImplementationExists" RuleId="SA1100">The call to DatabaseFixtureSetUp should only use the 'base.' prefix if the item is declared virtual in the base class and an override is defined in the local class. Otherwise, prefix the call with this rather than base.</Violation>
  <Violation Section="Root.Stride.Data.Tests.WorkitemMappingTests.TestFixtureTearDown" LineNumber="158" Source="D:\Projects\Stride\sourcecode\Stride.Data.Tests\WorkitemMappingTests.cs" RuleNamespace="Microsoft.StyleCop.CSharp.ReadabilityRules" Rule="DoNotPrefixCallsWithBaseUnlessLocalImplementationExists" RuleId="SA1100">The call to DatabaseFixtureTearDown should only use the 'base.' prefix if the item is declared virtual in the base class and an override is defined in the local class. Otherwise, prefix the call with this rather than base.</Violation>
  <Violation Section="Root" LineNumber="12" Source="D:\Projects\Stride\sourcecode\Stride.Data.Tests\WorkitemMappingTests.cs" RuleNamespace="Microsoft.StyleCop.CSharp.SpacingRules" Rule="SymbolsMustBeSpacedCorrectly" RuleId="SA1003">The spacing around the symbol ':' is invalid.</Violation>
  <Violation Section="Root" LineNumber="60" Source="D:\Projects\Stride\sourcecode\Stride.Data.Tests\WorkitemMappingTests.cs" RuleNamespace="NerdBank.StyleCop.Rules.NerdBankRules" Rule="NoTrailingWhiteSpace" RuleId="NB1000">No line should end with whitespace.</Violation>
  <Violation Section="Root" LineNumber="146" Source="D:\Projects\Stride\sourcecode\Stride.Data.Tests\WorkitemMappingTests.cs" RuleNamespace="NerdBank.StyleCop.Rules.NerdBankRules" Rule="NoTrailingWhiteSpace" RuleId="NB1000">No line should end with whitespace.</Violation>
  <Violation Section="Root.Stride.Website.MvcApplication.NHibernateSessionKey" LineNumber="16" Source="D:\Projects\Stride\sourcecode\Stride.Website\Global.asax.cs" RuleNamespace="DotNetExtensions.StyleCop.Rules.Extensions" Rule="InstanceVariablesUnderscorePrefix" RuleId="EX1001">Instance variables should be prefixed by underscore.</Violation>
  <Violation Section="Root.Stride.Website.Controllers.AccountController" LineNumber="1" Source="D:\Projects\Stride\sourcecode\Stride.Website\Controllers\AccountController.cs" RuleNamespace="Microsoft.StyleCop.CSharp.MaintainabilityRules" Rule="FileMayOnlyContainASingleClass" RuleId="SA1402">A C# document may only contain a single class at the root level unless all of the classes are partial and are of the same type.</Violation>
  <Violation Section="Root.Stride.Website.Controllers.AccountController.ValidateChangePassword%string%string%string" LineNumber="257" Source="D:\Projects\Stride\sourcecode\Stride.Website\Controllers\AccountController.cs" RuleNamespace="Microsoft.StyleCop.CSharp.OrderingRules" Rule="StaticElementsMustAppearBeforeInstanceElements" RuleId="SA1204">All static private methods must be placed before all non-static private methods.</Violation>
  <Violation Section="Root.Stride.Website.Tests.WorkitemControllerTests.Index_InvokeWithoutParameters_Works" LineNumber="145" Source="D:\Projects\Stride\sourcecode\Stride.Website.Tests\WorkitemControllerTests.cs" RuleNamespace="Microsoft.StyleCop.CSharp.OrderingRules" Rule="ElementsMustAppearInTheCorrectOrder" RuleId="SA1201">All methods must be placed after all fields.</Violation>
  <Violation Section="Root.Stride.Website.Tests.WorkitemControllerTests.Index_InvokeWithoutParameters_Works" LineNumber="146" Source="D:\Projects\Stride\sourcecode\Stride.Website.Tests\WorkitemControllerTests.cs" RuleNamespace="Microsoft.StyleCop.CSharp.OrderingRules" Rule="ElementsMustAppearInTheCorrectOrder" RuleId="SA1201">All methods must be placed after all fields.</Violation>
  <Violation Section="Root.Stride.Website.Tests.WorkitemControllerTests.Index_InvokeWithoutParameters_Works" LineNumber="147" Source="D:\Projects\Stride\sourcecode\Stride.Website.Tests\WorkitemControllerTests.cs" RuleNamespace="Microsoft.StyleCop.CSharp.OrderingRules" Rule="ElementsMustAppearInTheCorrectOrder" RuleId="SA1201">All methods must be placed after all fields.</Violation>
  <Violation Section="Root.System.Linq" LineNumber="2" Source="D:\Projects\Stride\sourcecode\Stride.Website.Tests\WorkitemControllerTests.cs" RuleNamespace="Microsoft.StyleCop.CSharp.OrderingRules" Rule="UsingDirectivesMustBeOrderedAlphabeticallyByNamespace" RuleId="SA1210">Using directives must be sorted alphabetically by the namespaces.</Violation>
  <Violation Section="Root.NUnit.Framework" LineNumber="3" Source="D:\Projects\Stride\sourcecode\Stride.Website.Tests\WorkitemControllerTests.cs" RuleNamespace="Microsoft.StyleCop.CSharp.OrderingRules" Rule="UsingDirectivesMustBeOrderedAlphabeticallyByNamespace" RuleId="SA1210">Using directives must be sorted alphabetically by the namespaces.</Violation>
  <Violation Section="Root.Stride.Website.Controllers" LineNumber="4" Source="D:\Projects\Stride\sourcecode\Stride.Website.Tests\WorkitemControllerTests.cs" RuleNamespace="Microsoft.StyleCop.CSharp.OrderingRules" Rule="UsingDirectivesMustBeOrderedAlphabeticallyByNamespace" RuleId="SA1210">Using directives must be sorted alphabetically by the namespaces.</Violation>
  <Violation Section="Root.Stride.Domain.Repositories" LineNumber="5" Source="D:\Projects\Stride\sourcecode\Stride.Website.Tests\WorkitemControllerTests.cs" RuleNamespace="Microsoft.StyleCop.CSharp.OrderingRules" Rule="UsingDirectivesMustBeOrderedAlphabeticallyByNamespace" RuleId="SA1210">Using directives must be sorted alphabetically by the namespaces.</Violation>
  <Violation Section="Root.System.Web.Mvc" LineNumber="7" Source="D:\Projects\Stride\sourcecode\Stride.Website.Tests\WorkitemControllerTests.cs" RuleNamespace="Microsoft.StyleCop.CSharp.OrderingRules" Rule="SystemUsingDirectivesMustBePlacedBeforeOtherUsingDirectives" RuleId="SA1208">System using directives must be placed before all other using directives.</Violation>
  <Violation Section="Root.System.Web.Mvc" LineNumber="7" Source="D:\Projects\Stride\sourcecode\Stride.Website.Tests\WorkitemControllerTests.cs" RuleNamespace="Microsoft.StyleCop.CSharp.OrderingRules" Rule="UsingDirectivesMustBeOrderedAlphabeticallyByNamespace" RuleId="SA1210">Using directives must be sorted alphabetically by the namespaces.</Violation>
  <Violation Section="Root.Stride.Website.Models" LineNumber="8" Source="D:\Projects\Stride\sourcecode\Stride.Website.Tests\WorkitemControllerTests.cs" RuleNamespace="Microsoft.StyleCop.CSharp.OrderingRules" Rule="UsingDirectivesMustBeOrderedAlphabeticallyByNamespace" RuleId="SA1210">Using directives must be sorted alphabetically by the namespaces.</Violation>
  <Violation Section="Root.Stride.Domain.Models" LineNumber="9" Source="D:\Projects\Stride\sourcecode\Stride.Website.Tests\WorkitemControllerTests.cs" RuleNamespace="Microsoft.StyleCop.CSharp.OrderingRules" Rule="UsingDirectivesMustBeOrderedAlphabeticallyByNamespace" RuleId="SA1210">Using directives must be sorted alphabetically by the namespaces.</Violation>
  <Violation Section="Root.System.Collections.Generic" LineNumber="11" Source="D:\Projects\Stride\sourcecode\Stride.Website.Tests\WorkitemControllerTests.cs" RuleNamespace="Microsoft.StyleCop.CSharp.OrderingRules" Rule="SystemUsingDirectivesMustBePlacedBeforeOtherUsingDirectives" RuleId="SA1208">System using directives must be placed before all other using directives.</Violation>
  <Violation Section="Root" LineNumber="49" Source="D:\Projects\Stride\sourcecode\Stride.Website.Tests\WorkitemControllerTests.cs" RuleNamespace="Microsoft.StyleCop.CSharp.SpacingRules" Rule="ClosingSquareBracketsMustBeSpacedCorrectly" RuleId="SA1011">Invalid spacing around the closing square bracket.</Violation>
  <Violation Section="Root" LineNumber="49" Source="D:\Projects\Stride\sourcecode\Stride.Website.Tests\WorkitemControllerTests.cs" RuleNamespace="Microsoft.StyleCop.CSharp.SpacingRules" Rule="OpeningCurlyBracketsMustBeSpacedCorrectly" RuleId="SA1012">Invalid spacing around the opening curly bracket.</Violation>
  <Violation Section="Root" LineNumber="49" Source="D:\Projects\Stride\sourcecode\Stride.Website.Tests\WorkitemControllerTests.cs" RuleNamespace="Microsoft.StyleCop.CSharp.SpacingRules" Rule="SymbolsMustBeSpacedCorrectly" RuleId="SA1003">The spacing around the symbol '=' is invalid.</Violation>
  <Violation Section="Root" LineNumber="49" Source="D:\Projects\Stride\sourcecode\Stride.Website.Tests\WorkitemControllerTests.cs" RuleNamespace="Microsoft.StyleCop.CSharp.SpacingRules" Rule="ClosingCurlyBracketsMustBeSpacedCorrectly" RuleId="SA1013">Invalid spacing around the closing curly bracket.</Violation>
  <Violation Section="Root" LineNumber="122" Source="D:\Projects\Stride\sourcecode\Stride.Website.Tests\WorkitemControllerTests.cs" RuleNamespace="Microsoft.StyleCop.CSharp.SpacingRules" Rule="SymbolsMustBeSpacedCorrectly" RuleId="SA1003">The spacing around the symbol '=' is invalid.</Violation>
  <Violation Section="Root" LineNumber="123" Source="D:\Projects\Stride\sourcecode\Stride.Website.Tests\WorkitemControllerTests.cs" RuleNamespace="Microsoft.StyleCop.CSharp.SpacingRules" Rule="SymbolsMustBeSpacedCorrectly" RuleId="SA1003">The spacing around the symbol '=' is invalid.</Violation>
  <Violation Section="Root" LineNumber="15" Source="D:\Projects\Stride\sourcecode\Stride.Website.Tests\WorkitemControllerTests.cs" RuleNamespace="NerdBank.StyleCop.Rules.NerdBankRules" Rule="IndentUsingTabs" RuleId="NB1001">Indentation should be done with tabs - not spaces.</Violation>
  <Violation Section="Root" LineNumber="24" Source="D:\Projects\Stride\sourcecode\Stride.Website.Tests\WorkitemControllerTests.cs" RuleNamespace="NerdBank.StyleCop.Rules.NerdBankRules" Rule="NoTrailingWhiteSpace" RuleId="NB1000">No line should end with whitespace.</Violation>
  <Violation Section="Root" LineNumber="121" Source="D:\Projects\Stride\sourcecode\Stride.Website.Tests\WorkitemControllerTests.cs" RuleNamespace="NerdBank.StyleCop.Rules.NerdBankRules" Rule="NoTrailingWhiteSpace" RuleId="NB1000">No line should end with whitespace.</Violation>
  <Violation Section="Root" LineNumber="122" Source="D:\Projects\Stride\sourcecode\Stride.Website.Tests\WorkitemControllerTests.cs" RuleNamespace="NerdBank.StyleCop.Rules.NerdBankRules" Rule="NoTrailingWhiteSpace" RuleId="NB1000">No line should end with whitespace.</Violation>
</StyleCopViolations>