<?xml version="1.0" encoding="UTF-8"?><InteractionHistory Id="http://issues.hudson-ci.org-136274" Version="1"><InteractionEvent Delta="null" EndDate="2010-04-11 20:20:19.354 CEST" Interest="1.0" Kind="propagation" Navigation="org.eclipse.mylyn.core.model.edges.containment" OriginId="org.eclipse.mylyn.core.model.interest.propagation" StartDate="2010-04-11 20:20:19.354 CEST" StructureHandle="/org.jvnet.hudson.plugins.clearcase/src/main/java/hudson/plugins" StructureKind="resource"/><InteractionEvent Delta="null" EndDate="2010-04-11 19:42:51.823 CEST" Interest="2.0" Kind="edit" Navigation="null" OriginId="org.eclipse.jdt.ui.CompilationUnitEditor" StartDate="2010-04-11 19:42:51.327 CEST" StructureHandle="=org.jvnet.hudson.plugins.clearcase/src\/test\/java&amp;lt;hudson.plugins.clearcase{AbstractClearCaseScmTest.java[AbstractClearCaseScmTest~testPollChanges" StructureKind="java" NumEvents="2" CreationCount="67"/><InteractionEvent Delta="null" EndDate="2010-04-11 20:19:53.555 CEST" Interest="1.0" Kind="propagation" Navigation="org.eclipse.mylyn.core.model.edges.containment" OriginId="org.eclipse.mylyn.core.model.interest.propagation" StartDate="2010-04-11 20:19:53.555 CEST" StructureHandle="/" StructureKind="resource"/><InteractionEvent Delta="null" EndDate="2010-04-11 20:05:17.44 CEST" Interest="29.640003" Kind="propagation" Navigation="org.eclipse.mylyn.core.model.edges.containment" OriginId="org.eclipse.mylyn.core.model.interest.propagation" StartDate="2010-04-11 19:41:39.157 CEST" StructureHandle="=org.jvnet.hudson.plugins.clearcase/src\/main\/java&amp;lt;hudson.plugins.clearcase{AbstractClearCaseScm.java" StructureKind="java" NumEvents="43" CreationCount="1"/><InteractionEvent Delta="null" EndDate="2010-04-11 20:06:21.97 CEST" Interest="20.0" Kind="selection" Navigation="null" OriginId="org.eclipse.jdt.ui.CompilationUnitEditor" StartDate="2010-04-11 19:47:31.99 CEST" StructureHandle="=org.jvnet.hudson.plugins.clearcase/src\/test\/java&amp;lt;hudson.plugins.clearcase{AbstractClearCaseScmTest.java[AbstractClearCaseScmTest~testPollChangesWithMatrixProject[!2|1" StructureKind="java" NumEvents="20" CreationCount="166"/><InteractionEvent Delta="null" EndDate="2010-04-11 19:52:34.720 CEST" Interest="7.0" Kind="selection" Navigation="null" OriginId="org.eclipse.jdt.ui.CompilationUnitEditor" StartDate="2010-04-11 19:47:29.628 CEST" StructureHandle="=org.jvnet.hudson.plugins.clearcase/src\/test\/java&amp;lt;hudson.plugins.clearcase{AbstractClearCaseScmTest.java[AbstractClearCaseScmTest~testPollChangesWithMatrixProject" StructureKind="java" NumEvents="7" CreationCount="165"/><InteractionEvent Delta="null" EndDate="2010-04-11 20:21:31.38 CEST" Interest="1.0" Kind="propagation" Navigation="org.eclipse.mylyn.core.model.edges.containment" OriginId="org.eclipse.mylyn.core.model.interest.propagation" StartDate="2010-04-11 20:21:31.38 CEST" StructureHandle="/org.jvnet.hudson.plugins.clearcase/src/test/java/hudson" StructureKind="resource"/><InteractionEvent Delta="null" EndDate="2010-04-11 20:06:53.833 CEST" Interest="11.0" Kind="edit" Navigation="null" OriginId="org.eclipse.jdt.ui.CompilationUnitEditor" StartDate="2010-04-11 19:48:50.617 CEST" StructureHandle="=org.jvnet.hudson.plugins.clearcase/src\/test\/java&amp;lt;hudson.plugins.clearcase{AbstractClearCaseScmTest.java[AbstractClearCaseScmTest~assertGetModuleRootReturnsViewFolder[!2|1" StructureKind="java" NumEvents="11" CreationCount="202"/><InteractionEvent Delta="null" EndDate="2010-04-11 19:46:04.205 CEST" Interest="14.913" Kind="propagation" Navigation="org.eclipse.mylyn.core.model.edges.containment" OriginId="org.eclipse.mylyn.core.model.interest.propagation" StartDate="2010-04-11 19:45:03.471 CEST" StructureHandle="=org.jvnet.hudson.plugins.clearcase/src\/test\/java&amp;lt;hudson.plugins.clearcase{AbstractClearCaseScmTest.java[AbstractClearCaseScmTest~testPollChanges[!2" StructureKind="java" NumEvents="11" CreationCount="110"/><InteractionEvent Delta="null" EndDate="2010-04-11 20:06:39.544 CEST" Interest="45.768" Kind="propagation" Navigation="org.eclipse.mylyn.core.model.edges.containment" OriginId="org.eclipse.mylyn.core.model.interest.propagation" StartDate="2010-04-11 19:42:45.331 CEST" StructureHandle="=org.jvnet.hudson.plugins.clearcase/src\/test\/java&amp;lt;hudson.plugins.clearcase{AbstractClearCaseScmTest.java[AbstractClearCaseScmTest" StructureKind="java" NumEvents="65" CreationCount="62"/><InteractionEvent Delta="null" EndDate="2010-04-11 20:06:53.833 CEST" Interest="5.3169994" Kind="propagation" Navigation="org.eclipse.mylyn.core.model.edges.containment" OriginId="org.eclipse.mylyn.core.model.interest.propagation" StartDate="2010-04-11 19:48:48.134 CEST" StructureHandle="=org.jvnet.hudson.plugins.clearcase/src\/test\/java&amp;lt;hudson.plugins.clearcase{AbstractClearCaseScmTest.java[AbstractClearCaseScmTest~assertGetModuleRootReturnsViewFolder" StructureKind="java" NumEvents="9" CreationCount="201"/><InteractionEvent Delta="null" EndDate="2010-04-11 20:22:07.607 CEST" Interest="1.0" Kind="propagation" Navigation="org.eclipse.mylyn.core.model.edges.containment" OriginId="org.eclipse.mylyn.core.model.interest.propagation" StartDate="2010-04-11 20:22:07.607 CEST" StructureHandle="/org.jvnet.hudson.plugins.clearcase/src/main/java" StructureKind="resource"/><InteractionEvent Delta="null" EndDate="2010-04-11 20:14:47.130 CEST" Interest="137.0" Kind="propagation" Navigation="org.eclipse.mylyn.core.model.edges.containment" OriginId="org.eclipse.mylyn.core.model.interest.propagation" StartDate="2010-04-11 19:38:31.309 CEST" StructureHandle="/org.jvnet.hudson.plugins.clearcase/src/main" StructureKind="resource" NumEvents="137" CreationCount="1"/><InteractionEvent Delta="null" EndDate="2010-04-11 20:04:41.143 CEST" Interest="0.01700002" Kind="propagation" Navigation="org.eclipse.mylyn.core.model.edges.containment" OriginId="org.eclipse.mylyn.core.model.interest.propagation" StartDate="2010-04-11 20:04:41.143 CEST" StructureHandle="=org.jvnet.hudson.plugins.clearcase/F:\/m2repo\/org\/jvnet\/hudson\/main\/hudson-core\/1.324\/hudson-core-1.324.jar&amp;lt;hudson.model(Computer.class" StructureKind="java"/><InteractionEvent Delta="null" EndDate="2010-04-11 20:04:29.288 CEST" Interest="3.0" Kind="edit" Navigation="null" OriginId="org.eclipse.jdt.ui.CompilationUnitEditor" StartDate="2010-04-11 20:04:20.817 CEST" StructureHandle="=org.jvnet.hudson.plugins.clearcase/src\/test\/java&amp;lt;hudson.plugins.clearcase{AbstractClearCaseScmTest.java[AbstractClearCaseScmTest[AbstractClearCaseScmDummy~getBuildComputer~QAbstractBuild\&amp;lt;**&amp;gt;;" StructureKind="java" NumEvents="3" CreationCount="351"/><InteractionEvent Delta="null" EndDate="2010-04-11 19:45:00.536 CEST" Interest="5.0" Kind="selection" Navigation="null" OriginId="org.eclipse.jdt.ui.CompilationUnitEditor" StartDate="2010-04-11 19:42:54.174 CEST" StructureHandle="=org.jvnet.hudson.plugins.clearcase/src\/test\/java&amp;lt;hudson.plugins.clearcase{AbstractClearCaseScmTest.java[AbstractClearCaseScmTest~testPollChanges[|1" StructureKind="java" NumEvents="5" CreationCount="70"/><InteractionEvent Delta="null" EndDate="2010-04-11 20:06:43.583 CEST" Interest="49.819004" Kind="propagation" Navigation="org.eclipse.mylyn.core.model.edges.containment" OriginId="org.eclipse.mylyn.core.model.interest.propagation" StartDate="2010-04-11 19:42:40.878 CEST" StructureHandle="=org.jvnet.hudson.plugins.clearcase/src\/test\/java&amp;lt;hudson.plugins.clearcase" StructureKind="java" NumEvents="75" CreationCount="59"/><InteractionEvent Delta="null" EndDate="2010-04-11 20:19:50.584 CEST" Interest="1.0" Kind="propagation" Navigation="org.eclipse.mylyn.core.model.edges.containment" OriginId="org.eclipse.mylyn.core.model.interest.propagation" StartDate="2010-04-11 20:19:50.584 CEST" StructureHandle="/org.jvnet.hudson.plugins.clearcase/src/main/java/hudson/plugins" StructureKind="resource"/><InteractionEvent Delta="null" EndDate="2010-04-11 20:21:31.39 CEST" Interest="1.0" Kind="propagation" Navigation="org.eclipse.mylyn.core.model.edges.containment" OriginId="org.eclipse.mylyn.core.model.interest.propagation" StartDate="2010-04-11 20:21:31.39 CEST" StructureHandle="/org.jvnet.hudson.plugins.clearcase/src/test" StructureKind="resource"/><InteractionEvent Delta="null" EndDate="2010-04-11 19:47:22.406 CEST" Interest="1.0" Kind="edit" Navigation="null" OriginId="org.eclipse.jdt.ui.CompilationUnitEditor" StartDate="2010-04-11 19:47:22.406 CEST" StructureHandle="=org.jvnet.hudson.plugins.clearcase/src\/test\/java&amp;lt;hudson.plugins.clearcase{AbstractClearCaseScmTest.java[AbstractClearCaseScmTest~testPollChangesWithMultipleBranches[!2|1" StructureKind="java"/><InteractionEvent Delta="null" EndDate="2010-04-11 19:47:29.87 CEST" Interest="1.7" Kind="propagation" Navigation="org.eclipse.mylyn.core.model.edges.containment" OriginId="org.eclipse.mylyn.core.model.interest.propagation" StartDate="2010-04-11 19:47:28.292 CEST" StructureHandle="=org.jvnet.hudson.plugins.clearcase/src\/test\/java&amp;lt;hudson.plugins.clearcase{AbstractClearCaseScmTest.java[AbstractClearCaseScmTest~testPollChangesNoBranch[!2" StructureKind="java" NumEvents="2" CreationCount="163"/><InteractionEvent Delta="null" EndDate="2010-04-11 20:04:20.751 CEST" Interest="1.0" Kind="selection" Navigation="null" OriginId="org.eclipse.ui.views.ContentOutline" StartDate="2010-04-11 20:04:20.751 CEST" StructureHandle="=org.jvnet.hudson.plugins.clearcase/src\/test\/java&amp;lt;hudson.plugins.clearcase{AbstractClearCaseScmTest.java[AbstractClearCaseScmTest[AbstractClearCaseScmDummy~getBuildComputer~QAbstractBuild\&amp;lt;**&amp;gt;;" StructureKind="java"/><InteractionEvent Delta="null" EndDate="2010-04-11 20:04:12.903 CEST" Interest="3.0" Kind="edit" Navigation="null" OriginId="org.eclipse.jdt.ui.CompilationUnitEditor" StartDate="2010-04-11 19:50:21.681 CEST" StructureHandle="=org.jvnet.hudson.plugins.clearcase/src\/test\/java&amp;lt;hudson.plugins.clearcase{AbstractClearCaseScmTest.java[AbstractClearCaseScmTest~setUp" StructureKind="java" NumEvents="3" CreationCount="234"/><InteractionEvent Delta="null" EndDate="2010-04-11 20:14:47.130 CEST" Interest="137.0" Kind="propagation" Navigation="org.eclipse.mylyn.core.model.edges.containment" OriginId="org.eclipse.mylyn.core.model.interest.propagation" StartDate="2010-04-11 19:38:31.309 CEST" StructureHandle="/org.jvnet.hudson.plugins.clearcase/src/main/java/hudson/plugins" StructureKind="resource" NumEvents="137" CreationCount="1"/><InteractionEvent Delta="null" EndDate="2010-04-11 19:47:22.958 CEST" Interest="2.0" Kind="selection" Navigation="null" OriginId="org.eclipse.jdt.ui.CompilationUnitEditor" StartDate="2010-04-11 19:42:49.435 CEST" StructureHandle="=org.jvnet.hudson.plugins.clearcase/src\/test\/java&amp;lt;hudson.plugins.clearcase{AbstractClearCaseScmTest.java[AbstractClearCaseScmTest~testPollChangesMultipleVobPaths" StructureKind="java" NumEvents="2" CreationCount="63"/><InteractionEvent Delta="null" EndDate="2010-04-11 20:19:50.584 CEST" Interest="1.0" Kind="selection" Navigation="null" OriginId="org.eclipse.jdt.ui.PackageExplorer" StartDate="2010-04-11 20:19:50.584 CEST" StructureHandle="=org.jvnet.hudson.plugins.clearcase/src\/main\/java&amp;lt;hudson.plugins.clearcase{AbstractClearCaseScm.java[AbstractClearCaseScm~pollChanges~QAbstractProject;~QLauncher;~QFilePath;~QTaskListener;" StructureKind="java"/><InteractionEvent Delta="null" EndDate="2010-04-11 20:22:07.607 CEST" Interest="1.0" Kind="propagation" Navigation="org.eclipse.mylyn.core.model.edges.containment" OriginId="org.eclipse.mylyn.core.model.interest.propagation" StartDate="2010-04-11 20:22:07.607 CEST" StructureHandle="/org.jvnet.hudson.plugins.clearcase/src/main/java/hudson/plugins/clearcase" StructureKind="resource"/><InteractionEvent Delta="null" EndDate="2010-04-11 20:22:07.607 CEST" Interest="1.0" Kind="propagation" Navigation="null" OriginId="org.eclipse.jdt.ui.PackageExplorer" StartDate="2010-04-11 20:22:07.607 CEST" StructureHandle="/org.jvnet.hudson.plugins.clearcase/src/main/java/hudson/plugins/clearcase/AbstractClearCaseScm.java" StructureKind="resource"/><InteractionEvent Delta="null" EndDate="2010-04-11 20:19:50.327 CEST" Interest="1.0" Kind="selection" Navigation="null" OriginId="org.eclipse.jdt.ui.CompilationUnitEditor" StartDate="2010-04-11 20:19:50.327 CEST" StructureHandle="=org.jvnet.hudson.plugins.clearcase/src\/main\/java&amp;lt;hudson.plugins.clearcase{AbstractClearCaseScm.java[AbstractClearCaseScm~pollChanges~QAbstractProject;~QLauncher;~QFilePath;~QTaskListener;" StructureKind="java"/><InteractionEvent Delta="null" EndDate="2010-04-11 19:44:23.746 CEST" Interest="2.0" Kind="edit" Navigation="null" OriginId="org.eclipse.jdt.ui.CompilationUnitEditor" StartDate="2010-04-11 19:44:21.866 CEST" StructureHandle="=org.jvnet.hudson.plugins.clearcase/src\/test\/java&amp;lt;hudson.plugins.clearcase{AbstractClearCaseScmTest.java[AbstractClearCaseScmTest~testPollChanges[|1" StructureKind="java" NumEvents="2" CreationCount="70"/><InteractionEvent Delta="null" EndDate="2010-04-11 19:46:40.692 CEST" Interest="2.0" Kind="selection" Navigation="null" OriginId="org.eclipse.jdt.ui.CompilationUnitEditor" StartDate="2010-04-11 19:46:04.737 CEST" StructureHandle="=org.jvnet.hudson.plugins.clearcase/src\/test\/java&amp;lt;hudson.plugins.clearcase{AbstractClearCaseScmTest.java[AbstractClearCaseScmTest~testPollChangesWithBuffer" StructureKind="java" NumEvents="2" CreationCount="122"/><InteractionEvent Delta="null" EndDate="2010-04-11 19:43:32.924 CEST" Interest="1.0" Kind="propagation" Navigation="org.eclipse.mylyn.core.model.edges.containment" OriginId="org.eclipse.mylyn.core.model.interest.propagation" StartDate="2010-04-11 19:43:32.924 CEST" StructureHandle="=org.jvnet.hudson.plugins.clearcase/F:\/m2repo\/org\/jvnet\/hudson\/main\/hudson-core\/1.324\/hudson-core-1.324.jar&amp;lt;hudson.model(Job.class[Job" StructureKind="java"/><InteractionEvent Delta="null" EndDate="2010-04-11 20:05:53.835 CEST" Interest="5.0" Kind="selection" Navigation="null" OriginId="org.eclipse.jdt.ui.CompilationUnitEditor" StartDate="2010-04-11 19:47:11.753 CEST" StructureHandle="=org.jvnet.hudson.plugins.clearcase/src\/test\/java&amp;lt;hudson.plugins.clearcase{AbstractClearCaseScmTest.java[AbstractClearCaseScmTest~testPollChangesWithNoHistory" StructureKind="java" NumEvents="5" CreationCount="152"/><InteractionEvent Delta="null" EndDate="2010-04-11 20:21:31.38 CEST" Interest="1.0" Kind="propagation" Navigation="null" OriginId="org.eclipse.team.sync.views.SynchronizeView" StartDate="2010-04-11 20:21:31.38 CEST" StructureHandle="/org.jvnet.hudson.plugins.clearcase/src/test/java/hudson/plugins/clearcase/AbstractClearCaseScmTest.java" StructureKind="resource"/><InteractionEvent Delta="null" EndDate="2010-04-11 19:46:30.540 CEST" Interest="3.8" Kind="propagation" Navigation="org.eclipse.mylyn.core.model.edges.containment" OriginId="org.eclipse.mylyn.core.model.interest.propagation" StartDate="2010-04-11 19:46:22.662 CEST" StructureHandle="=org.jvnet.hudson.plugins.clearcase/src\/test\/java&amp;lt;hudson.plugins.clearcase{AbstractClearCaseScmTest.java[AbstractClearCaseScmTest~testPollChangesWithBuffer[" StructureKind="java" NumEvents="5" CreationCount="126"/><InteractionEvent Delta="null" EndDate="2010-04-11 20:06:39.543 CEST" Interest="38.917" Kind="propagation" Navigation="org.eclipse.mylyn.core.model.edges.containment" OriginId="org.eclipse.mylyn.core.model.interest.propagation" StartDate="2010-04-11 19:47:31.99 CEST" StructureHandle="=org.jvnet.hudson.plugins.clearcase/src\/test\/java&amp;lt;hudson.plugins.clearcase{AbstractClearCaseScmTest.java[AbstractClearCaseScmTest~testPollChangesWithMatrixProject" StructureKind="java" NumEvents="52" CreationCount="165"/><InteractionEvent Delta="null" EndDate="2010-04-11 20:22:07.638 CEST" Interest="1.0" Kind="selection" Navigation="null" OriginId="org.eclipse.jdt.ui.PackageExplorer" StartDate="2010-04-11 20:22:07.638 CEST" StructureHandle="=org.jvnet.hudson.plugins.clearcase" StructureKind="java"/><InteractionEvent Delta="null" EndDate="2010-04-11 20:06:39.543 CEST" Interest="46.113" Kind="propagation" Navigation="org.eclipse.mylyn.core.model.edges.containment" OriginId="org.eclipse.mylyn.core.model.interest.propagation" StartDate="2010-04-11 19:53:16.341 CEST" StructureHandle="=org.jvnet.hudson.plugins.clearcase/src\/test\/java&amp;lt;hudson.plugins.clearcase{AbstractClearCaseScmTest.java[AbstractClearCaseScmTest~testPollChangesWithMatrixProject[!2" StructureKind="java" NumEvents="17" CreationCount="277"/><InteractionEvent Delta="null" EndDate="2010-04-11 20:04:40.415 CEST" Interest="1.0" Kind="selection" Navigation="null" OriginId="org.eclipse.jdt.ui.ClassFileEditor" StartDate="2010-04-11 20:04:40.415 CEST" StructureHandle="=org.jvnet.hudson.plugins.clearcase/F:\/m2repo\/org\/jvnet\/hudson\/main\/hudson-core\/1.324\/hudson-core-1.324.jar&amp;lt;hudson.model(Computer.class" StructureKind="java"/><InteractionEvent Delta="null" EndDate="2010-04-11 20:00:12.598 CEST" Interest="3.7" Kind="propagation" Navigation="org.eclipse.mylyn.core.model.edges.containment" OriginId="org.eclipse.mylyn.core.model.interest.propagation" StartDate="2010-04-11 19:51:05.408 CEST" StructureHandle="=org.jvnet.hudson.plugins.clearcase/F:\/m2repo\/org\/jvnet\/hudson\/main\/hudson-core\/1.324\/hudson-core-1.324.jar&amp;lt;hudson.model(Node.class[Node" StructureKind="java" NumEvents="4" CreationCount="252"/><InteractionEvent Delta="null" EndDate="2010-04-11 20:20:24.750 CEST" Interest="1.0" Kind="propagation" Navigation="org.eclipse.mylyn.core.model.edges.containment" OriginId="org.eclipse.mylyn.core.model.interest.propagation" StartDate="2010-04-11 20:20:24.750 CEST" StructureHandle="/org.jvnet.hudson.plugins.clearcase/src/main/java/hudson" StructureKind="resource"/><InteractionEvent Delta="null" EndDate="2010-04-11 19:45:33.461 CEST" Interest="13.0" Kind="edit" Navigation="null" OriginId="org.eclipse.jdt.ui.CompilationUnitEditor" StartDate="2010-04-11 19:44:28.785 CEST" StructureHandle="=org.jvnet.hudson.plugins.clearcase/src\/test\/java&amp;lt;hudson.plugins.clearcase{AbstractClearCaseScmTest.java[AbstractClearCaseScmTest~testPollChanges[!2|1" StructureKind="java" NumEvents="13" CreationCount="99"/><InteractionEvent Delta="null" EndDate="2010-04-11 20:08:11.197 CEST" Interest="12.4" Kind="propagation" Navigation="org.eclipse.mylyn.core.model.edges.containment" OriginId="org.eclipse.mylyn.core.model.interest.propagation" StartDate="2010-04-11 19:43:59.414 CEST" StructureHandle="=org.jvnet.hudson.plugins.clearcase/src\/test\/java&amp;lt;hudson.plugins.clearcase{AbstractClearCaseScmTest.java[AbstractClearCaseScmTest~testPollChangesNoSlaveOnline[" StructureKind="java" NumEvents="16" CreationCount="89"/><InteractionEvent Delta="null" EndDate="2010-04-11 20:19:50.327 CEST" Interest="1.0" Kind="propagation" Navigation="null" OriginId="org.eclipse.jdt.ui.CompilationUnitEditor" StartDate="2010-04-11 20:19:50.327 CEST" StructureHandle="/org.jvnet.hudson.plugins.clearcase/src/main/java/hudson/plugins/clearcase/AbstractClearCaseScm.java" StructureKind="resource"/><InteractionEvent Delta="null" EndDate="2010-04-11 20:05:55.442 CEST" Interest="6.0" Kind="selection" Navigation="null" OriginId="org.eclipse.jdt.ui.CompilationUnitEditor" StartDate="2010-04-11 19:47:14.283 CEST" StructureHandle="=org.jvnet.hudson.plugins.clearcase/src\/test\/java&amp;lt;hudson.plugins.clearcase{AbstractClearCaseScmTest.java[AbstractClearCaseScmTest~testPollChangesWithNoHistory[!2|1" StructureKind="java" NumEvents="6" CreationCount="153"/><InteractionEvent Delta="null" EndDate="2010-04-11 19:57:50.105 CEST" Interest="10.0" Kind="selection" Navigation="null" OriginId="org.eclipse.jdt.ui.CompilationUnitEditor" StartDate="2010-04-11 19:39:27.820 CEST" StructureHandle="=org.jvnet.hudson.plugins.clearcase/src\/main\/java&amp;lt;hudson.plugins.clearcase{AbstractClearCaseScm.java[AbstractClearCaseScm~pollChanges~QAbstractProject;~QLauncher;~QFilePath;~QTaskListener;" StructureKind="java" NumEvents="10" CreationCount="8"/><InteractionEvent Delta="null" EndDate="2010-04-11 19:47:22.406 CEST" Interest="1.7" Kind="propagation" Navigation="org.eclipse.mylyn.core.model.edges.containment" OriginId="org.eclipse.mylyn.core.model.interest.propagation" StartDate="2010-04-11 19:47:21.227 CEST" StructureHandle="=org.jvnet.hudson.plugins.clearcase/src\/test\/java&amp;lt;hudson.plugins.clearcase{AbstractClearCaseScmTest.java[AbstractClearCaseScmTest~testPollChangesWithMultipleBranches[!2" StructureKind="java" NumEvents="2" CreationCount="157"/><InteractionEvent Delta="null" EndDate="2010-04-11 19:47:22.958 CEST" Interest="0.6150001" Kind="manipulation" Navigation="null" OriginId="org.eclipse.mylyn.core.model.interest.decay.correction" StartDate="2010-04-11 19:47:22.958 CEST" StructureHandle="=org.jvnet.hudson.plugins.clearcase/src\/test\/java&amp;lt;hudson.plugins.clearcase{AbstractClearCaseScmTest.java[AbstractClearCaseScmTest~testPollChangesMultipleVobPaths" StructureKind="java"/><InteractionEvent Delta="null" EndDate="2010-04-11 20:06:00.837 CEST" Interest="10.117" Kind="propagation" Navigation="org.eclipse.mylyn.core.model.edges.containment" OriginId="org.eclipse.mylyn.core.model.interest.propagation" StartDate="2010-04-11 19:47:14.283 CEST" StructureHandle="=org.jvnet.hudson.plugins.clearcase/src\/test\/java&amp;lt;hudson.plugins.clearcase{AbstractClearCaseScmTest.java[AbstractClearCaseScmTest~testPollChangesWithNoHistory" StructureKind="java" NumEvents="16" CreationCount="152"/><InteractionEvent Delta="null" EndDate="2010-04-11 20:21:31.38 CEST" Interest="1.0" Kind="propagation" Navigation="org.eclipse.mylyn.core.model.edges.containment" OriginId="org.eclipse.mylyn.core.model.interest.propagation" StartDate="2010-04-11 20:21:31.38 CEST" StructureHandle="/org.jvnet.hudson.plugins.clearcase/src/test/java/hudson/plugins" StructureKind="resource"/><InteractionEvent Delta="null" EndDate="2010-04-11 19:43:42.264 CEST" Interest="33.0" Kind="edit" Navigation="null" OriginId="org.eclipse.jdt.ui.CompilationUnitEditor" StartDate="2010-04-11 19:39:33.273 CEST" StructureHandle="=org.jvnet.hudson.plugins.clearcase/src\/main\/java&amp;lt;hudson.plugins.clearcase{AbstractClearCaseScm.java[AbstractClearCaseScm~pollChanges~QAbstractProject;~QLauncher;~QFilePath;~QTaskListener;" StructureKind="java" NumEvents="33" CreationCount="8"/><InteractionEvent Delta="null" EndDate="2010-04-11 20:08:19.386 CEST" Interest="3.0" Kind="edit" Navigation="null" OriginId="org.eclipse.jdt.ui.CompilationUnitEditor" StartDate="2010-04-11 20:08:13.832 CEST" StructureHandle="=org.jvnet.hudson.plugins.clearcase/src\/test\/java&amp;lt;hudson.plugins.clearcase{AbstractClearCaseScmTest.java[AbstractClearCaseScmTest~testPollChangesNoSlaveOnline[" StructureKind="java" NumEvents="3" CreationCount="89"/><InteractionEvent Delta="null" EndDate="2010-04-11 20:14:47.129 CEST" Interest="5.0" Kind="selection" Navigation="null" OriginId="org.eclipse.jdt.ui.CompilationUnitEditor" StartDate="2010-04-11 19:40:36.623 CEST" StructureHandle="=org.jvnet.hudson.plugins.clearcase/src\/main\/java&amp;lt;hudson.plugins.clearcase{AbstractClearCaseScm.java[AbstractClearCaseScm~getLastBuild~QList\&amp;lt;QAbstractBuild\&amp;lt;**&amp;gt;;&amp;gt;;" StructureKind="java" NumEvents="5" CreationCount="21"/><InteractionEvent Delta="null" EndDate="2010-04-11 20:19:50.327 CEST" Interest="1.0" Kind="propagation" Navigation="org.eclipse.mylyn.core.model.edges.containment" OriginId="org.eclipse.mylyn.core.model.interest.propagation" StartDate="2010-04-11 20:19:50.327 CEST" StructureHandle="/org.jvnet.hudson.plugins.clearcase/src/main/java/hudson/plugins" StructureKind="resource"/><InteractionEvent Delta="null" EndDate="2010-04-11 20:06:01.401 CEST" Interest="4.0" Kind="selection" Navigation="null" OriginId="org.eclipse.jdt.ui.CompilationUnitEditor" StartDate="2010-04-11 19:48:45.134 CEST" StructureHandle="=org.jvnet.hudson.plugins.clearcase/src\/test\/java&amp;lt;hudson.plugins.clearcase{AbstractClearCaseScmTest.java[AbstractClearCaseScmTest~assertGetModuleRootReturnsViewFolder" StructureKind="java" NumEvents="4" CreationCount="201"/><InteractionEvent Delta="null" EndDate="2010-04-11 20:21:31.38 CEST" Interest="3.2949982" Kind="propagation" Navigation="org.eclipse.mylyn.core.model.edges.containment" OriginId="org.eclipse.mylyn.core.model.interest.propagation" StartDate="2010-04-11 20:21:31.38 CEST" StructureHandle="=org.jvnet.hudson.plugins.clearcase/src\/test\/java&amp;lt;hudson.plugins.clearcase" StructureKind="java"/><InteractionEvent Delta="null" EndDate="2010-04-11 19:45:00.537 CEST" Interest="6.4" Kind="propagation" Navigation="org.eclipse.mylyn.core.model.edges.containment" OriginId="org.eclipse.mylyn.core.model.interest.propagation" StartDate="2010-04-11 19:42:54.174 CEST" StructureHandle="=org.jvnet.hudson.plugins.clearcase/src\/test\/java&amp;lt;hudson.plugins.clearcase{AbstractClearCaseScmTest.java[AbstractClearCaseScmTest~testPollChanges[" StructureKind="java" NumEvents="7" CreationCount="70"/><InteractionEvent Delta="null" EndDate="2010-04-11 20:20:24.750 CEST" Interest="1.0" Kind="propagation" Navigation="org.eclipse.mylyn.core.model.edges.containment" OriginId="org.eclipse.mylyn.core.model.interest.propagation" StartDate="2010-04-11 20:20:24.750 CEST" StructureHandle="/org.jvnet.hudson.plugins.clearcase/src/main/java/hudson/plugins" StructureKind="resource"/><InteractionEvent Delta="null" EndDate="2010-04-11 19:42:45.330 CEST" Interest="1.0" Kind="selection" Navigation="null" OriginId="org.eclipse.ui.views.ContentOutline" StartDate="2010-04-11 19:42:45.330 CEST" StructureHandle="=org.jvnet.hudson.plugins.clearcase/src\/test\/java&amp;lt;hudson.plugins.clearcase{AbstractClearCaseScmTest.java[AbstractClearCaseScmTest^resolver" StructureKind="java"/><InteractionEvent Delta="null" EndDate="2010-04-11 20:04:16.559 CEST" Interest="3.0" Kind="selection" Navigation="null" OriginId="org.eclipse.ui.views.ContentOutline" StartDate="2010-04-11 19:50:12.315 CEST" StructureHandle="=org.jvnet.hudson.plugins.clearcase/src\/test\/java&amp;lt;hudson.plugins.clearcase{AbstractClearCaseScmTest.java[AbstractClearCaseScmTest~setUp" StructureKind="java" NumEvents="3" CreationCount="234"/><InteractionEvent Delta="null" EndDate="2010-04-11 20:08:28.152 CEST" Interest="1.0" Kind="edit" Navigation="null" OriginId="org.eclipse.jdt.ui.CompilationUnitEditor" StartDate="2010-04-11 20:08:28.152 CEST" StructureHandle="=org.jvnet.hudson.plugins.clearcase/src\/test\/java&amp;lt;hudson.plugins.clearcase{AbstractClearCaseScmTest.java[AbstractClearCaseScmTest~testPollChangesNoSlaveOnline[|1" StructureKind="java"/><InteractionEvent Delta="null" EndDate="2010-04-11 20:04:41.143 CEST" Interest="1.0" Kind="selection" Navigation="null" OriginId="org.eclipse.jdt.ui.ClassFileEditor" StartDate="2010-04-11 20:04:41.143 CEST" StructureHandle="=org.jvnet.hudson.plugins.clearcase/F:\/m2repo\/org\/jvnet\/hudson\/main\/hudson-core\/1.324\/hudson-core-1.324.jar&amp;lt;hudson.model(Computer.class[Computer~isOnline" StructureKind="java"/><InteractionEvent Delta="null" EndDate="2010-04-11 20:22:07.608 CEST" Interest="3.8146973E-6" Kind="propagation" Navigation="org.eclipse.mylyn.core.model.edges.containment" OriginId="org.eclipse.mylyn.core.model.interest.propagation" StartDate="2010-04-11 20:22:07.608 CEST" StructureHandle="=org.jvnet.hudson.plugins.clearcase/src\/main\/java" StructureKind="java"/><InteractionEvent Delta="null" EndDate="2010-04-11 20:06:00.836 CEST" Interest="13.0" Kind="edit" Navigation="null" OriginId="org.eclipse.jdt.ui.CompilationUnitEditor" StartDate="2010-04-11 19:47:15.415 CEST" StructureHandle="=org.jvnet.hudson.plugins.clearcase/src\/test\/java&amp;lt;hudson.plugins.clearcase{AbstractClearCaseScmTest.java[AbstractClearCaseScmTest~testPollChangesWithNoHistory[!2|1" StructureKind="java" NumEvents="13" CreationCount="153"/><InteractionEvent Delta="null" EndDate="2010-04-11 20:08:54.279 CEST" Interest="281.0" Kind="propagation" Navigation="null" OriginId="org.eclipse.jdt.ui.CompilationUnitEditor" StartDate="2010-04-11 19:42:40.878 CEST" StructureHandle="/org.jvnet.hudson.plugins.clearcase/src/test/java/hudson/plugins/clearcase/AbstractClearCaseScmTest.java" StructureKind="resource" NumEvents="281" CreationCount="59"/><InteractionEvent Delta="null" EndDate="2010-04-11 19:46:30.540 CEST" Interest="4.0" Kind="edit" Navigation="null" OriginId="org.eclipse.jdt.ui.CompilationUnitEditor" StartDate="2010-04-11 19:46:24.647 CEST" StructureHandle="=org.jvnet.hudson.plugins.clearcase/src\/test\/java&amp;lt;hudson.plugins.clearcase{AbstractClearCaseScmTest.java[AbstractClearCaseScmTest~testPollChangesWithBuffer[|1" StructureKind="java" NumEvents="4" CreationCount="126"/><InteractionEvent Delta="null" EndDate="2010-04-11 19:40:30.233 CEST" Interest="1.0" Kind="selection" Navigation="null" OriginId="org.eclipse.jdt.ui.CompilationUnitEditor" StartDate="2010-04-11 19:40:30.233 CEST" StructureHandle="=org.jvnet.hudson.plugins.clearcase/src\/main\/java&amp;lt;hudson.plugins.clearcase{AbstractClearCaseScm.java[AbstractClearCaseScm" StructureKind="java"/><InteractionEvent Delta="null" EndDate="2010-04-11 20:19:49.393 CEST" Interest="1.0" Kind="propagation" Navigation="org.eclipse.mylyn.core.model.edges.containment" OriginId="org.eclipse.mylyn.core.model.interest.propagation" StartDate="2010-04-11 20:19:49.393 CEST" StructureHandle="/org.jvnet.hudson.plugins.clearcase/src/main/java/hudson" StructureKind="resource"/><InteractionEvent Delta="null" EndDate="2010-04-11 20:20:24.750 CEST" Interest="1.0" Kind="propagation" Navigation="null" OriginId="org.eclipse.team.sync.views.SynchronizeView" StartDate="2010-04-11 20:20:24.750 CEST" StructureHandle="/org.jvnet.hudson.plugins.clearcase/src/main/java/hudson/plugins/clearcase/AbstractClearCaseScm.java" StructureKind="resource"/><InteractionEvent Delta="null" EndDate="2010-04-11 19:52:29.290 CEST" Interest="1.717" Kind="propagation" Navigation="org.eclipse.mylyn.core.model.edges.containment" OriginId="org.eclipse.mylyn.core.model.interest.propagation" StartDate="2010-04-11 19:51:05.408 CEST" StructureHandle="=org.jvnet.hudson.plugins.clearcase/F:\/m2repo\/org\/jvnet\/hudson\/main\/hudson-core\/1.324\/hudson-core-1.324.jar&amp;lt;hudson.model(Node.class" StructureKind="java" NumEvents="3" CreationCount="251"/><InteractionEvent Delta="null" EndDate="2010-04-11 20:00:12.17 CEST" Interest="6.6070004" Kind="propagation" Navigation="org.eclipse.mylyn.core.model.edges.containment" OriginId="org.eclipse.mylyn.core.model.interest.propagation" StartDate="2010-04-11 19:43:32.214 CEST" StructureHandle="=org.jvnet.hudson.plugins.clearcase/F:\/m2repo\/org\/jvnet\/hudson\/main\/hudson-core\/1.324\/hudson-core-1.324.jar&amp;lt;hudson.model" StructureKind="java" NumEvents="7" CreationCount="81"/><InteractionEvent Delta="null" EndDate="2010-04-11 20:08:54.278 CEST" Interest="6.0" Kind="edit" Navigation="null" OriginId="org.eclipse.jdt.ui.CompilationUnitEditor" StartDate="2010-04-11 19:43:08.188 CEST" StructureHandle="=org.jvnet.hudson.plugins.clearcase/src\/test\/java&amp;lt;hudson.plugins.clearcase{AbstractClearCaseScmTest.java[AbstractClearCaseScmTest~testPollChangesNoSlaveOnline" StructureKind="java" NumEvents="6" CreationCount="73"/><InteractionEvent Delta="null" EndDate="2010-04-11 19:48:40.142 CEST" Interest="2.0" Kind="selection" Navigation="null" OriginId="org.eclipse.jdt.ui.CompilationUnitEditor" StartDate="2010-04-11 19:47:26.61 CEST" StructureHandle="=org.jvnet.hudson.plugins.clearcase/src\/test\/java&amp;lt;hudson.plugins.clearcase{AbstractClearCaseScmTest.java[AbstractClearCaseScmTest~testPollChangesNoBranch" StructureKind="java" NumEvents="2" CreationCount="162"/><InteractionEvent Delta="null" EndDate="2010-04-11 19:43:32.924 CEST" Interest="0.01700002" Kind="propagation" Navigation="org.eclipse.mylyn.core.model.edges.containment" OriginId="org.eclipse.mylyn.core.model.interest.propagation" StartDate="2010-04-11 19:43:32.924 CEST" StructureHandle="=org.jvnet.hudson.plugins.clearcase/F:\/m2repo\/org\/jvnet\/hudson\/main\/hudson-core\/1.324\/hudson-core-1.324.jar&amp;lt;hudson.model(Job.class" StructureKind="java"/><InteractionEvent Delta="null" EndDate="2010-04-11 19:46:04.205 CEST" Interest="6.0" Kind="selection" Navigation="null" OriginId="org.eclipse.jdt.ui.CompilationUnitEditor" StartDate="2010-04-11 19:44:25.976 CEST" StructureHandle="=org.jvnet.hudson.plugins.clearcase/src\/test\/java&amp;lt;hudson.plugins.clearcase{AbstractClearCaseScmTest.java[AbstractClearCaseScmTest~testPollChanges[!2|1" StructureKind="java" NumEvents="6" CreationCount="99"/><InteractionEvent Delta="null" EndDate="2010-04-11 19:47:29.87 CEST" Interest="0.71700007" Kind="propagation" Navigation="org.eclipse.mylyn.core.model.edges.containment" OriginId="org.eclipse.mylyn.core.model.interest.propagation" StartDate="2010-04-11 19:47:28.292 CEST" StructureHandle="=org.jvnet.hudson.plugins.clearcase/src\/test\/java&amp;lt;hudson.plugins.clearcase{AbstractClearCaseScmTest.java[AbstractClearCaseScmTest~testPollChangesNoBranch" StructureKind="java" NumEvents="2" CreationCount="162"/><InteractionEvent Delta="null" EndDate="2010-04-11 20:05:24.410 CEST" Interest="11.0" Kind="selection" Navigation="null" OriginId="org.eclipse.jdt.ui.CompilationUnitEditor" StartDate="2010-04-11 19:42:40.878 CEST" StructureHandle="=org.jvnet.hudson.plugins.clearcase/src\/test\/java&amp;lt;hudson.plugins.clearcase{AbstractClearCaseScmTest.java" StructureKind="java" NumEvents="11" CreationCount="59"/><InteractionEvent Delta="null" EndDate="2010-04-11 19:46:04.205 CEST" Interest="13.2439995" Kind="propagation" Navigation="org.eclipse.mylyn.core.model.edges.containment" OriginId="org.eclipse.mylyn.core.model.interest.propagation" StartDate="2010-04-11 19:44:21.866 CEST" StructureHandle="=org.jvnet.hudson.plugins.clearcase/src\/test\/java&amp;lt;hudson.plugins.clearcase{AbstractClearCaseScmTest.java[AbstractClearCaseScmTest~testPollChanges" StructureKind="java" NumEvents="19" CreationCount="67"/><InteractionEvent Delta="null" EndDate="2010-04-11 19:48:55.201 CEST" Interest="1.0" Kind="propagation" Navigation="org.eclipse.mylyn.core.model.edges.containment" OriginId="org.eclipse.mylyn.core.model.interest.propagation" StartDate="2010-04-11 19:48:55.201 CEST" StructureHandle="=org.jvnet.hudson.plugins.clearcase/src\/test\/java&amp;lt;hudson.plugins.clearcase{AbstractClearCaseScmTest.java[AbstractClearCaseScmTest~assertGetModuleRootReturnsViewFolder[" StructureKind="java"/><InteractionEvent Delta="null" EndDate="2010-04-11 20:19:49.393 CEST" Interest="1.0" Kind="propagation" Navigation="org.eclipse.mylyn.core.model.edges.containment" OriginId="org.eclipse.mylyn.core.model.interest.propagation" StartDate="2010-04-11 20:19:49.393 CEST" StructureHandle="/org.jvnet.hudson.plugins.clearcase/src/main/java" StructureKind="resource"/><InteractionEvent Delta="null" EndDate="2010-04-11 20:06:43.584 CEST" Interest="48.819004" Kind="propagation" Navigation="org.eclipse.mylyn.core.model.edges.containment" OriginId="org.eclipse.mylyn.core.model.interest.propagation" StartDate="2010-04-11 19:42:40.878 CEST" StructureHandle="=org.jvnet.hudson.plugins.clearcase/src\/test\/java" StructureKind="java" NumEvents="74" CreationCount="59"/><InteractionEvent Delta="null" EndDate="2010-04-11 19:46:22.662 CEST" Interest="1.0" Kind="selection" Navigation="null" OriginId="org.eclipse.jdt.ui.CompilationUnitEditor" StartDate="2010-04-11 19:46:22.662 CEST" StructureHandle="=org.jvnet.hudson.plugins.clearcase/src\/test\/java&amp;lt;hudson.plugins.clearcase{AbstractClearCaseScmTest.java[AbstractClearCaseScmTest~testPollChangesWithBuffer[|1" StructureKind="java"/><InteractionEvent Delta="null" EndDate="2010-04-11 20:19:49.393 CEST" Interest="1.0" Kind="propagation" Navigation="null" OriginId="org.eclipse.jdt.ui.CompilationUnitEditor" StartDate="2010-04-11 20:19:49.393 CEST" StructureHandle="/org.jvnet.hudson.plugins.clearcase/src/main/java/hudson/plugins/clearcase/AbstractClearCaseScm.java" StructureKind="resource"/><InteractionEvent Delta="null" EndDate="2010-04-11 20:20:19.354 CEST" Interest="1.0" Kind="propagation" Navigation="org.eclipse.mylyn.core.model.edges.containment" OriginId="org.eclipse.mylyn.core.model.interest.propagation" StartDate="2010-04-11 20:20:19.354 CEST" StructureHandle="/org.jvnet.hudson.plugins.clearcase/src/main/java/hudson/plugins/clearcase" StructureKind="resource"/><InteractionEvent Delta="null" EndDate="2010-04-11 19:46:44.979 CEST" Interest="1.0" Kind="selection" Navigation="null" OriginId="org.eclipse.jdt.ui.CompilationUnitEditor" StartDate="2010-04-11 19:46:44.979 CEST" StructureHandle="=org.jvnet.hudson.plugins.clearcase/src\/test\/java&amp;lt;hudson.plugins.clearcase{AbstractClearCaseScmTest.java[AbstractClearCaseScmTest~assertPollChangesUsesNormalizedViewName[!2|1" StructureKind="java"/><InteractionEvent Delta="null" EndDate="2010-04-11 20:19:49.393 CEST" Interest="1.0" Kind="propagation" Navigation="org.eclipse.mylyn.core.model.edges.containment" OriginId="org.eclipse.mylyn.core.model.interest.propagation" StartDate="2010-04-11 20:19:49.393 CEST" StructureHandle="/org.jvnet.hudson.plugins.clearcase/src/main" StructureKind="resource"/><InteractionEvent Delta="null" EndDate="2010-04-11 20:08:22.431 CEST" Interest="1.0" Kind="selection" Navigation="null" OriginId="org.eclipse.jdt.ui.CompilationUnitEditor" StartDate="2010-04-11 20:08:22.431 CEST" StructureHandle="=org.jvnet.hudson.plugins.clearcase/src\/test\/java&amp;lt;hudson.plugins.clearcase{AbstractClearCaseScmTest.java[AbstractClearCaseScmTest~testPollChangesNoSlaveOnline[|1" StructureKind="java"/><InteractionEvent Delta="null" EndDate="2010-04-11 19:52:33.459 CEST" Interest="3.0" Kind="edit" Navigation="null" OriginId="org.eclipse.jdt.ui.CompilationUnitEditor" StartDate="2010-04-11 19:52:26.671 CEST" StructureHandle="=org.jvnet.hudson.plugins.clearcase/src\/test\/java&amp;lt;hudson.plugins.clearcase{AbstractClearCaseScmTest.java[AbstractClearCaseScmTest~testPollChangesWithMatrixProject" StructureKind="java" NumEvents="3" CreationCount="165"/><InteractionEvent Delta="null" EndDate="2010-04-11 20:08:54.279 CEST" Interest="281.0" Kind="propagation" Navigation="org.eclipse.mylyn.core.model.edges.containment" OriginId="org.eclipse.mylyn.core.model.interest.propagation" StartDate="2010-04-11 19:42:40.878 CEST" StructureHandle="/org.jvnet.hudson.plugins.clearcase/src/test/java/hudson/plugins" StructureKind="resource" NumEvents="281" CreationCount="59"/><InteractionEvent Delta="null" EndDate="2010-04-11 19:46:43.178 CEST" Interest="4.0" Kind="edit" Navigation="null" OriginId="org.eclipse.jdt.ui.CompilationUnitEditor" StartDate="2010-04-11 19:46:18.649 CEST" StructureHandle="=org.jvnet.hudson.plugins.clearcase/src\/test\/java&amp;lt;hudson.plugins.clearcase{AbstractClearCaseScmTest.java[AbstractClearCaseScmTest~testPollChangesWithBuffer[!2|1" StructureKind="java" NumEvents="4" CreationCount="123"/><InteractionEvent Delta="null" EndDate="2010-04-11 20:20:24.750 CEST" Interest="1.0" Kind="propagation" Navigation="org.eclipse.mylyn.core.model.edges.containment" OriginId="org.eclipse.mylyn.core.model.interest.propagation" StartDate="2010-04-11 20:20:24.750 CEST" StructureHandle="/org.jvnet.hudson.plugins.clearcase/src/main/java/hudson/plugins/clearcase" StructureKind="resource"/><InteractionEvent Delta="null" EndDate="2010-04-11 20:20:24.750 CEST" Interest="1.0" Kind="propagation" Navigation="org.eclipse.mylyn.core.model.edges.containment" OriginId="org.eclipse.mylyn.core.model.interest.propagation" StartDate="2010-04-11 20:20:24.750 CEST" StructureHandle="=org.jvnet.hudson.plugins.clearcase/src\/main\/java&amp;lt;hudson.plugins.clearcase" StructureKind="java"/><InteractionEvent Delta="null" EndDate="2010-04-11 20:08:13.225 CEST" Interest="1.0" Kind="selection" Navigation="null" OriginId="org.eclipse.jdt.ui.CompilationUnitEditor" StartDate="2010-04-11 20:08:13.225 CEST" StructureHandle="=org.jvnet.hudson.plugins.clearcase/src\/test\/java&amp;lt;hudson.plugins.clearcase{AbstractClearCaseScmTest.java[AbstractClearCaseScmTest~testPollChangesNoSlaveOnline[" StructureKind="java"/><InteractionEvent Delta="null" EndDate="2010-04-11 20:19:49.393 CEST" Interest="5.541992" Kind="propagation" Navigation="org.eclipse.mylyn.core.model.edges.containment" OriginId="org.eclipse.mylyn.core.model.interest.propagation" StartDate="2010-04-11 20:19:49.393 CEST" StructureHandle="=org.jvnet.hudson.plugins.clearcase/src\/main\/java&amp;lt;hudson.plugins.clearcase" StructureKind="java"/><InteractionEvent Delta="null" EndDate="2010-04-11 20:14:47.130 CEST" Interest="137.0" Kind="propagation" Navigation="null" OriginId="org.eclipse.jdt.ui.CompilationUnitEditor" StartDate="2010-04-11 19:38:31.309 CEST" StructureHandle="/org.jvnet.hudson.plugins.clearcase/src/main/java/hudson/plugins/clearcase/AbstractClearCaseScm.java" StructureKind="resource" NumEvents="137" CreationCount="1"/><InteractionEvent Delta="null" EndDate="2010-04-11 20:21:31.38 CEST" Interest="1.0" Kind="selection" Navigation="null" OriginId="org.eclipse.team.sync.views.SynchronizeView" StartDate="2010-04-11 20:21:31.38 CEST" StructureHandle="=org.jvnet.hudson.plugins.clearcase/src\/test\/java&amp;lt;hudson.plugins.clearcase{AbstractClearCaseScmTest.java" StructureKind="java"/><InteractionEvent Delta="null" EndDate="2010-04-11 20:06:42.706 CEST" Interest="3.0" Kind="selection" Navigation="null" OriginId="org.eclipse.jdt.ui.CompilationUnitEditor" StartDate="2010-04-11 19:48:48.134 CEST" StructureHandle="=org.jvnet.hudson.plugins.clearcase/src\/test\/java&amp;lt;hudson.plugins.clearcase{AbstractClearCaseScmTest.java[AbstractClearCaseScmTest~assertGetModuleRootReturnsViewFolder[!2|1" StructureKind="java" NumEvents="3" CreationCount="202"/><InteractionEvent Delta="null" EndDate="2010-04-11 19:47:18.962 CEST" Interest="1.0" Kind="selection" Navigation="null" OriginId="org.eclipse.jdt.ui.CompilationUnitEditor" StartDate="2010-04-11 19:47:18.962 CEST" StructureHandle="=org.jvnet.hudson.plugins.clearcase/src\/test\/java&amp;lt;hudson.plugins.clearcase{AbstractClearCaseScmTest.java[AbstractClearCaseScmTest~testPollChangesWithMultipleBranches" StructureKind="java"/><InteractionEvent Delta="null" EndDate="2010-04-11 20:19:49.393 CEST" Interest="5.541996" Kind="propagation" Navigation="org.eclipse.mylyn.core.model.edges.containment" OriginId="org.eclipse.mylyn.core.model.interest.propagation" StartDate="2010-04-11 20:19:49.393 CEST" StructureHandle="=org.jvnet.hudson.plugins.clearcase/src\/main\/java&amp;lt;hudson.plugins.clearcase{AbstractClearCaseScm.java" StructureKind="java"/><InteractionEvent Delta="null" EndDate="2010-04-11 19:44:12.757 CEST" Interest="1.0" Kind="selection" Navigation="null" OriginId="org.eclipse.jdt.ui.CompilationUnitEditor" StartDate="2010-04-11 19:44:12.757 CEST" StructureHandle="=org.jvnet.hudson.plugins.clearcase/src\/test\/java&amp;lt;hudson.plugins.clearcase{AbstractClearCaseScmTest.java[AbstractClearCaseScmTest~testPollChangesFirstTime[" StructureKind="java"/><InteractionEvent Delta="null" EndDate="2010-04-11 20:19:50.584 CEST" Interest="1.0" Kind="propagation" Navigation="org.eclipse.mylyn.core.model.edges.containment" OriginId="org.eclipse.mylyn.core.model.interest.propagation" StartDate="2010-04-11 20:19:50.584 CEST" StructureHandle="/org.jvnet.hudson.plugins.clearcase/src/main/java" StructureKind="resource"/><InteractionEvent Delta="null" EndDate="2010-04-11 19:42:50.781 CEST" Interest="2.0" Kind="edit" Navigation="null" OriginId="org.eclipse.jdt.ui.CompilationUnitEditor" StartDate="2010-04-11 19:42:50.304 CEST" StructureHandle="=org.jvnet.hudson.plugins.clearcase/src\/test\/java&amp;lt;hudson.plugins.clearcase{AbstractClearCaseScmTest.java[AbstractClearCaseScmTest~testPollChangesFirstTime" StructureKind="java" NumEvents="2" CreationCount="64"/><InteractionEvent Delta="null" EndDate="2010-04-11 20:08:54.279 CEST" Interest="281.0" Kind="propagation" Navigation="org.eclipse.mylyn.core.model.edges.containment" OriginId="org.eclipse.mylyn.core.model.interest.propagation" StartDate="2010-04-11 19:42:40.878 CEST" StructureHandle="/org.jvnet.hudson.plugins.clearcase/src/test/java/hudson/plugins/clearcase" StructureKind="resource" NumEvents="281" CreationCount="59"/><InteractionEvent Delta="null" EndDate="2010-04-11 19:53:06.440 CEST" Interest="8.0" Kind="edit" Navigation="null" OriginId="org.eclipse.jdt.ui.CompilationUnitEditor" StartDate="2010-04-11 19:49:38.245 CEST" StructureHandle="=org.jvnet.hudson.plugins.clearcase/src\/test\/java&amp;lt;hudson.plugins.clearcase{AbstractClearCaseScmTest.java[AbstractClearCaseScmTest~testPollChangesWithMatrixProject[|1" StructureKind="java" NumEvents="8" CreationCount="187"/><InteractionEvent Delta="null" EndDate="2010-04-11 20:14:47.130 CEST" Interest="48.321" Kind="propagation" Navigation="org.eclipse.mylyn.core.model.edges.containment" OriginId="org.eclipse.mylyn.core.model.interest.propagation" StartDate="2010-04-11 19:39:27.820 CEST" StructureHandle="=org.jvnet.hudson.plugins.clearcase/src\/main\/java&amp;lt;hudson.plugins.clearcase{AbstractClearCaseScm.java[AbstractClearCaseScm" StructureKind="java" NumEvents="64" CreationCount="8"/><InteractionEvent Delta="null" EndDate="2010-04-11 20:08:54.279 CEST" Interest="281.0" Kind="propagation" Navigation="org.eclipse.mylyn.core.model.edges.containment" OriginId="org.eclipse.mylyn.core.model.interest.propagation" StartDate="2010-04-11 19:42:40.878 CEST" StructureHandle="/org.jvnet.hudson.plugins.clearcase/src/test/java/hudson" StructureKind="resource" NumEvents="281" CreationCount="59"/><InteractionEvent Delta="null" EndDate="2010-04-11 19:46:56.225 CEST" Interest="2.216" Kind="propagation" Navigation="org.eclipse.mylyn.core.model.edges.containment" OriginId="org.eclipse.mylyn.core.model.interest.propagation" StartDate="2010-04-11 19:46:52.961 CEST" StructureHandle="=org.jvnet.hudson.plugins.clearcase/src\/test\/java&amp;lt;hudson.plugins.clearcase{AbstractClearCaseScmTest.java[AbstractClearCaseScmTest~testPollChangesFirstTime[" StructureKind="java" NumEvents="3" CreationCount="95"/><InteractionEvent Delta="null" EndDate="2010-04-11 20:19:50.327 CEST" Interest="1.0" Kind="propagation" Navigation="org.eclipse.mylyn.core.model.edges.containment" OriginId="org.eclipse.mylyn.core.model.interest.propagation" StartDate="2010-04-11 20:19:50.327 CEST" StructureHandle="/org.jvnet.hudson.plugins.clearcase/src/main/java" StructureKind="resource"/><InteractionEvent Delta="null" EndDate="2010-04-11 20:19:49.393 CEST" Interest="1.0" Kind="edit" Navigation="null" OriginId="org.eclipse.jdt.ui.CompilationUnitEditor" StartDate="2010-04-11 20:19:49.393 CEST" StructureHandle="=org.jvnet.hudson.plugins.clearcase/src\/main\/java&amp;lt;hudson.plugins.clearcase{AbstractClearCaseScm.java[AbstractClearCaseScm~getLastBuild~QList\&amp;lt;QAbstractBuild\&amp;lt;**&amp;gt;;&amp;gt;;" StructureKind="java"/><InteractionEvent Delta="null" EndDate="2010-04-11 20:21:31.39 CEST" Interest="1.0" Kind="propagation" Navigation="null" OriginId="org.eclipse.team.sync.views.SynchronizeView" StartDate="2010-04-11 20:21:31.39 CEST" StructureHandle="/org.jvnet.hudson.plugins.clearcase/src/test/java" StructureKind="resource"/><InteractionEvent Delta="null" EndDate="2010-04-11 20:06:53.833 CEST" Interest="10.615" Kind="propagation" Navigation="org.eclipse.mylyn.core.model.edges.containment" OriginId="org.eclipse.mylyn.core.model.interest.propagation" StartDate="2010-04-11 19:48:57.165 CEST" StructureHandle="=org.jvnet.hudson.plugins.clearcase/src\/test\/java&amp;lt;hudson.plugins.clearcase{AbstractClearCaseScmTest.java[AbstractClearCaseScmTest~assertGetModuleRootReturnsViewFolder[!2" StructureKind="java" NumEvents="10" CreationCount="207"/><InteractionEvent Delta="null" EndDate="2010-04-11 20:00:12.598 CEST" Interest="3.0" Kind="selection" Navigation="null" OriginId="org.eclipse.jdt.ui.ClassFileEditor" StartDate="2010-04-11 19:51:05.408 CEST" StructureHandle="=org.jvnet.hudson.plugins.clearcase/F:\/m2repo\/org\/jvnet\/hudson\/main\/hudson-core\/1.324\/hudson-core-1.324.jar&amp;lt;hudson.model(Node.class[Node~toComputer" StructureKind="java" NumEvents="3" CreationCount="252"/><InteractionEvent Delta="null" EndDate="2010-04-11 20:14:47.130 CEST" Interest="137.0" Kind="propagation" Navigation="org.eclipse.mylyn.core.model.edges.containment" OriginId="org.eclipse.mylyn.core.model.interest.propagation" StartDate="2010-04-11 19:38:31.309 CEST" StructureHandle="/org.jvnet.hudson.plugins.clearcase/src/main/java/hudson/plugins/clearcase" StructureKind="resource" NumEvents="137" CreationCount="1"/><InteractionEvent Delta="null" EndDate="2010-04-11 20:19:49.393 CEST" Interest="1.0" Kind="propagation" Navigation="org.eclipse.mylyn.core.model.edges.containment" OriginId="org.eclipse.mylyn.core.model.interest.propagation" StartDate="2010-04-11 20:19:49.393 CEST" StructureHandle="/org.jvnet.hudson.plugins.clearcase/src/main/java/hudson/plugins" StructureKind="resource"/><InteractionEvent Delta="null" EndDate="2010-04-11 20:08:54.279 CEST" Interest="281.986" Kind="propagation" Navigation="org.eclipse.mylyn.core.model.edges.containment" OriginId="org.eclipse.mylyn.core.model.interest.propagation" StartDate="2010-04-11 19:38:31.309 CEST" StructureHandle="/org.jvnet.hudson.plugins.clearcase/src" StructureKind="resource" NumEvents="283" CreationCount="1"/><InteractionEvent Delta="null" EndDate="2010-04-11 20:20:19.354 CEST" Interest="1.0" Kind="propagation" Navigation="null" OriginId="org.eclipse.jdt.ui.CompilationUnitEditor" StartDate="2010-04-11 20:20:19.354 CEST" StructureHandle="/org.jvnet.hudson.plugins.clearcase/src/main/java/hudson/plugins/clearcase/AbstractClearCaseScm.java" StructureKind="resource"/><InteractionEvent Delta="null" EndDate="2010-04-11 20:04:56.52 CEST" Interest="3.0" Kind="selection" Navigation="null" OriginId="org.eclipse.jdt.ui.CompilationUnitEditor" StartDate="2010-04-11 20:03:47.271 CEST" StructureHandle="=org.jvnet.hudson.plugins.clearcase/src\/main\/java&amp;lt;hudson.plugins.clearcase{AbstractClearCaseScm.java[AbstractClearCaseScm~getBuildComputer~QAbstractBuild\&amp;lt;**&amp;gt;;" StructureKind="java" NumEvents="3" CreationCount="339"/><InteractionEvent Delta="null" EndDate="2010-04-11 20:22:07.638 CEST" Interest="1.0" Kind="propagation" Navigation="org.eclipse.mylyn.core.model.edges.containment" OriginId="org.eclipse.mylyn.core.model.interest.propagation" StartDate="2010-04-11 20:22:07.638 CEST" StructureHandle="/" StructureKind="resource"/><InteractionEvent Delta="null" EndDate="2010-04-11 20:20:19.354 CEST" Interest="1.0" Kind="propagation" Navigation="org.eclipse.mylyn.core.model.edges.containment" OriginId="org.eclipse.mylyn.core.model.interest.propagation" StartDate="2010-04-11 20:20:19.354 CEST" StructureHandle="/org.jvnet.hudson.plugins.clearcase/src/main" StructureKind="resource"/><InteractionEvent Delta="null" EndDate="2010-04-11 20:14:47.130 CEST" Interest="49.440002" Kind="propagation" Navigation="org.eclipse.mylyn.core.model.edges.containment" OriginId="org.eclipse.mylyn.core.model.interest.propagation" StartDate="2010-04-11 19:38:31.309 CEST" StructureHandle="=org.jvnet.hudson.plugins.clearcase/src\/main\/java&amp;lt;hudson.plugins.clearcase" StructureKind="java" NumEvents="66" CreationCount="1"/><InteractionEvent Delta="null" EndDate="2010-04-11 19:46:50.332 CEST" Interest="3.0" Kind="selection" Navigation="null" OriginId="org.eclipse.jdt.ui.CompilationUnitEditor" StartDate="2010-04-11 19:42:50.226 CEST" StructureHandle="=org.jvnet.hudson.plugins.clearcase/src\/test\/java&amp;lt;hudson.plugins.clearcase{AbstractClearCaseScmTest.java[AbstractClearCaseScmTest~testPollChangesFirstTime" StructureKind="java" NumEvents="3" CreationCount="64"/><InteractionEvent Delta="null" EndDate="2010-04-11 20:06:39.543 CEST" Interest="40.0" Kind="edit" Navigation="null" OriginId="org.eclipse.jdt.ui.CompilationUnitEditor" StartDate="2010-04-11 19:47:33.756 CEST" StructureHandle="=org.jvnet.hudson.plugins.clearcase/src\/test\/java&amp;lt;hudson.plugins.clearcase{AbstractClearCaseScmTest.java[AbstractClearCaseScmTest~testPollChangesWithMatrixProject[!2|1" StructureKind="java" NumEvents="40" CreationCount="166"/><InteractionEvent Delta="null" EndDate="2010-04-11 20:22:07.607 CEST" Interest="1.0" Kind="propagation" Navigation="org.eclipse.mylyn.core.model.edges.containment" OriginId="org.eclipse.mylyn.core.model.interest.propagation" StartDate="2010-04-11 20:22:07.607 CEST" StructureHandle="/org.jvnet.hudson.plugins.clearcase/src/main/java/hudson/plugins" StructureKind="resource"/><InteractionEvent Delta="null" EndDate="2010-04-11 20:05:38.956 CEST" Interest="1.0" Kind="selection" Navigation="null" OriginId="org.eclipse.jdt.ui.CompilationUnitEditor" StartDate="2010-04-11 20:05:38.956 CEST" StructureHandle="=org.jvnet.hudson.plugins.clearcase/src\/test\/java&amp;lt;hudson.plugins.clearcase{AbstractClearCaseScmTest.java[AbstractClearCaseScmTest~testPollChangesWithNoHistory[" StructureKind="java"/><InteractionEvent Delta="null" EndDate="2010-04-11 20:20:19.354 CEST" Interest="1.0" Kind="propagation" Navigation="org.eclipse.mylyn.core.model.edges.containment" OriginId="org.eclipse.mylyn.core.model.interest.propagation" StartDate="2010-04-11 20:20:19.354 CEST" StructureHandle="/org.jvnet.hudson.plugins.clearcase/src/main/java" StructureKind="resource"/><InteractionEvent Delta="null" EndDate="2010-04-11 19:39:25.204 CEST" Interest="4.0" Kind="edit" Navigation="null" OriginId="org.eclipse.jdt.ui.CompilationUnitEditor" StartDate="2010-04-11 19:38:31.359 CEST" StructureHandle="=org.jvnet.hudson.plugins.clearcase/src\/main\/java&amp;lt;hudson.plugins.clearcase{AbstractClearCaseScm.java" StructureKind="java" NumEvents="4" CreationCount="1"/><InteractionEvent Delta="null" EndDate="2010-04-11 19:47:29.87 CEST" Interest="1.0" Kind="edit" Navigation="null" OriginId="org.eclipse.jdt.ui.CompilationUnitEditor" StartDate="2010-04-11 19:47:29.87 CEST" StructureHandle="=org.jvnet.hudson.plugins.clearcase/src\/test\/java&amp;lt;hudson.plugins.clearcase{AbstractClearCaseScmTest.java[AbstractClearCaseScmTest~testPollChangesNoBranch[!2|1" StructureKind="java"/><InteractionEvent Delta="null" EndDate="2010-04-11 20:06:42.707 CEST" Interest="38.119003" Kind="propagation" Navigation="org.eclipse.mylyn.core.model.edges.containment" OriginId="org.eclipse.mylyn.core.model.interest.propagation" StartDate="2010-04-11 19:43:00.145 CEST" StructureHandle="=org.jvnet.hudson.plugins.clearcase/src\/test\/java&amp;lt;hudson.plugins.clearcase{AbstractClearCaseScmTest.java" StructureKind="java" NumEvents="58" CreationCount="59"/><InteractionEvent Delta="null" EndDate="2010-04-11 20:00:12.17 CEST" Interest="6.6070004" Kind="propagation" Navigation="org.eclipse.mylyn.core.model.edges.containment" OriginId="org.eclipse.mylyn.core.model.interest.propagation" StartDate="2010-04-11 19:43:32.214 CEST" StructureHandle="=org.jvnet.hudson.plugins.clearcase/F:\/m2repo\/org\/jvnet\/hudson\/main\/hudson-core\/1.324\/hudson-core-1.324.jar" StructureKind="java" NumEvents="7" CreationCount="81"/><InteractionEvent Delta="null" EndDate="2010-04-11 19:43:32.924 CEST" Interest="1.0" Kind="selection" Navigation="null" OriginId="org.eclipse.jdt.ui.ClassFileEditor" StartDate="2010-04-11 19:43:32.924 CEST" StructureHandle="=org.jvnet.hudson.plugins.clearcase/F:\/m2repo\/org\/jvnet\/hudson\/main\/hudson-core\/1.324\/hudson-core-1.324.jar&amp;lt;hudson.model(Job.class[Job~getBuilds" StructureKind="java"/><InteractionEvent Delta="null" EndDate="2010-04-11 20:22:07.606 CEST" Interest="1.0" Kind="selection" Navigation="null" OriginId="org.eclipse.jdt.ui.PackageExplorer" StartDate="2010-04-11 20:22:07.606 CEST" StructureHandle="=org.jvnet.hudson.plugins.clearcase/src\/main\/java&amp;lt;hudson.plugins.clearcase{AbstractClearCaseScm.java[AbstractClearCaseScm~pollChanges~QAbstractProject;~QLauncher;~QFilePath;~QTaskListener;" StructureKind="java"/><InteractionEvent Delta="null" EndDate="2010-04-11 19:46:40.142 CEST" Interest="1.0" Kind="edit" Navigation="null" OriginId="org.eclipse.jdt.ui.CompilationUnitEditor" StartDate="2010-04-11 19:46:40.142 CEST" StructureHandle="=org.jvnet.hudson.plugins.clearcase/src\/test\/java&amp;lt;hudson.plugins.clearcase{AbstractClearCaseScmTest.java[AbstractClearCaseScmTest~assertPollChangesUsesNormalizedViewName" StructureKind="java"/><InteractionEvent Delta="null" EndDate="2010-04-11 20:20:24.750 CEST" Interest="1.0" Kind="propagation" Navigation="org.eclipse.mylyn.core.model.edges.containment" OriginId="org.eclipse.mylyn.core.model.interest.propagation" StartDate="2010-04-11 20:20:24.750 CEST" StructureHandle="=org.jvnet.hudson.plugins.clearcase/src\/main\/java" StructureKind="java"/><InteractionEvent Delta="null" EndDate="2010-04-11 20:19:50.327 CEST" Interest="1.0" Kind="propagation" Navigation="org.eclipse.mylyn.core.model.edges.containment" OriginId="org.eclipse.mylyn.core.model.interest.propagation" StartDate="2010-04-11 20:19:50.327 CEST" StructureHandle="/org.jvnet.hudson.plugins.clearcase/src/main" StructureKind="resource"/><InteractionEvent Delta="null" EndDate="2010-04-11 20:19:50.584 CEST" Interest="1.0" Kind="propagation" Navigation="org.eclipse.mylyn.core.model.edges.containment" OriginId="org.eclipse.mylyn.core.model.interest.propagation" StartDate="2010-04-11 20:19:50.584 CEST" StructureHandle="/org.jvnet.hudson.plugins.clearcase/src/main" StructureKind="resource"/><InteractionEvent Delta="null" EndDate="2010-04-11 20:19:50.584 CEST" Interest="1.0" Kind="propagation" Navigation="null" OriginId="org.eclipse.jdt.ui.PackageExplorer" StartDate="2010-04-11 20:19:50.584 CEST" StructureHandle="/org.jvnet.hudson.plugins.clearcase/src/main/java/hudson/plugins/clearcase/AbstractClearCaseScm.java" StructureKind="resource"/><InteractionEvent Delta="null" EndDate="2010-04-11 19:46:43.178 CEST" Interest="3.8170002" Kind="propagation" Navigation="org.eclipse.mylyn.core.model.edges.containment" OriginId="org.eclipse.mylyn.core.model.interest.propagation" StartDate="2010-04-11 19:46:16.531 CEST" StructureHandle="=org.jvnet.hudson.plugins.clearcase/src\/test\/java&amp;lt;hudson.plugins.clearcase{AbstractClearCaseScmTest.java[AbstractClearCaseScmTest~testPollChangesWithBuffer" StructureKind="java" NumEvents="8" CreationCount="122"/><InteractionEvent Delta="null" EndDate="2010-04-11 20:20:19.354 CEST" Interest="1.0" Kind="selection" Navigation="null" OriginId="org.eclipse.jdt.ui.CompilationUnitEditor" StartDate="2010-04-11 20:20:19.354 CEST" StructureHandle="=org.jvnet.hudson.plugins.clearcase/src\/main\/java&amp;lt;hudson.plugins.clearcase{AbstractClearCaseScm.java[AbstractClearCaseScm~pollChanges~QAbstractProject;~QLauncher;~QFilePath;~QTaskListener;" StructureKind="java"/><InteractionEvent Delta="null" EndDate="2010-04-11 20:19:50.328 CEST" Interest="3.8146973E-6" Kind="propagation" Navigation="org.eclipse.mylyn.core.model.edges.containment" OriginId="org.eclipse.mylyn.core.model.interest.propagation" StartDate="2010-04-11 20:19:50.328 CEST" StructureHandle="=org.jvnet.hudson.plugins.clearcase/src\/main\/java&amp;lt;hudson.plugins.clearcase" StructureKind="java"/><InteractionEvent Delta="null" EndDate="2010-04-11 20:22:07.607 CEST" Interest="1.0" Kind="propagation" Navigation="org.eclipse.mylyn.core.model.edges.containment" OriginId="org.eclipse.mylyn.core.model.interest.propagation" StartDate="2010-04-11 20:22:07.607 CEST" StructureHandle="/org.jvnet.hudson.plugins.clearcase/src/main" StructureKind="resource"/><InteractionEvent Delta="null" EndDate="2010-04-11 20:04:07.98 CEST" Interest="4.0" Kind="selection" Navigation="null" OriginId="org.eclipse.jdt.ui.CompilationUnitEditor" StartDate="2010-04-11 19:43:01.960 CEST" StructureHandle="=org.jvnet.hudson.plugins.clearcase/src\/test\/java&amp;lt;hudson.plugins.clearcase{AbstractClearCaseScmTest.java[AbstractClearCaseScmTest" StructureKind="java" NumEvents="4" CreationCount="62"/><InteractionEvent Delta="null" EndDate="2010-04-11 20:20:19.354 CEST" Interest="1.0" Kind="propagation" Navigation="org.eclipse.mylyn.core.model.edges.containment" OriginId="org.eclipse.mylyn.core.model.interest.propagation" StartDate="2010-04-11 20:20:19.354 CEST" StructureHandle="/org.jvnet.hudson.plugins.clearcase/src/main/java/hudson" StructureKind="resource"/><InteractionEvent Delta="null" EndDate="2010-04-11 19:53:13.620 CEST" Interest="19.6" Kind="propagation" Navigation="org.eclipse.mylyn.core.model.edges.containment" OriginId="org.eclipse.mylyn.core.model.interest.propagation" StartDate="2010-04-11 19:48:00.320 CEST" StructureHandle="=org.jvnet.hudson.plugins.clearcase/src\/test\/java&amp;lt;hudson.plugins.clearcase{AbstractClearCaseScmTest.java[AbstractClearCaseScmTest~testPollChangesWithMatrixProject[" StructureKind="java" NumEvents="22" CreationCount="187"/><InteractionEvent Delta="null" EndDate="2010-04-11 20:14:47.130 CEST" Interest="49.440002" Kind="propagation" Navigation="org.eclipse.mylyn.core.model.edges.containment" OriginId="org.eclipse.mylyn.core.model.interest.propagation" StartDate="2010-04-11 19:38:31.309 CEST" StructureHandle="=org.jvnet.hudson.plugins.clearcase/src\/main\/java" StructureKind="java" NumEvents="66" CreationCount="1"/><InteractionEvent Delta="null" EndDate="2010-04-11 20:20:24.750 CEST" Interest="1.0" Kind="propagation" Navigation="org.eclipse.mylyn.core.model.edges.containment" OriginId="org.eclipse.mylyn.core.model.interest.propagation" StartDate="2010-04-11 20:20:24.750 CEST" StructureHandle="/org.jvnet.hudson.plugins.clearcase/src/main/java" StructureKind="resource"/><InteractionEvent Delta="null" EndDate="2010-04-11 20:14:47.93 CEST" Interest="17.0" Kind="selection" Navigation="null" OriginId="org.eclipse.jdt.ui.CompilationUnitEditor" StartDate="2010-04-11 19:38:31.309 CEST" StructureHandle="=org.jvnet.hudson.plugins.clearcase/src\/main\/java&amp;lt;hudson.plugins.clearcase{AbstractClearCaseScm.java" StructureKind="java" NumEvents="17" CreationCount="1"/><InteractionEvent Delta="null" EndDate="2010-04-11 19:53:13.620 CEST" Interest="14.0" Kind="selection" Navigation="null" OriginId="org.eclipse.jdt.ui.CompilationUnitEditor" StartDate="2010-04-11 19:48:00.320 CEST" StructureHandle="=org.jvnet.hudson.plugins.clearcase/src\/test\/java&amp;lt;hudson.plugins.clearcase{AbstractClearCaseScmTest.java[AbstractClearCaseScmTest~testPollChangesWithMatrixProject[|1" StructureKind="java" NumEvents="14" CreationCount="187"/><InteractionEvent Delta="null" EndDate="2010-04-11 20:06:00.837 CEST" Interest="11.155999" Kind="propagation" Navigation="org.eclipse.mylyn.core.model.edges.containment" OriginId="org.eclipse.mylyn.core.model.interest.propagation" StartDate="2010-04-11 20:05:55.442 CEST" StructureHandle="=org.jvnet.hudson.plugins.clearcase/src\/test\/java&amp;lt;hudson.plugins.clearcase{AbstractClearCaseScmTest.java[AbstractClearCaseScmTest~testPollChangesWithNoHistory[!2" StructureKind="java" NumEvents="2" CreationCount="385"/><InteractionEvent Delta="null" EndDate="2010-04-11 20:19:50.328 CEST" Interest="3.8146973E-6" Kind="propagation" Navigation="org.eclipse.mylyn.core.model.edges.containment" OriginId="org.eclipse.mylyn.core.model.interest.propagation" StartDate="2010-04-11 20:19:50.328 CEST" StructureHandle="=org.jvnet.hudson.plugins.clearcase/src\/main\/java" StructureKind="java"/><InteractionEvent Delta="null" EndDate="2010-04-11 19:46:43.704 CEST" Interest="2.0" Kind="selection" Navigation="null" OriginId="org.eclipse.jdt.ui.CompilationUnitEditor" StartDate="2010-04-11 19:46:39.615 CEST" StructureHandle="=org.jvnet.hudson.plugins.clearcase/src\/test\/java&amp;lt;hudson.plugins.clearcase{AbstractClearCaseScmTest.java[AbstractClearCaseScmTest~assertPollChangesUsesNormalizedViewName" StructureKind="java" NumEvents="2" CreationCount="133"/><InteractionEvent Delta="null" EndDate="2010-04-11 20:06:17.836 CEST" Interest="2.0" Kind="edit" Navigation="null" OriginId="org.eclipse.jdt.ui.CompilationUnitEditor" StartDate="2010-04-11 20:05:30.725 CEST" StructureHandle="=org.jvnet.hudson.plugins.clearcase/src\/test\/java&amp;lt;hudson.plugins.clearcase{AbstractClearCaseScmTest.java[AbstractClearCaseScmTest~assertGetModuleRootReturnsViewFolder" StructureKind="java" NumEvents="2" CreationCount="201"/><InteractionEvent Delta="null" EndDate="2010-04-11 19:46:41.774 CEST" Interest="3.0" Kind="selection" Navigation="null" OriginId="org.eclipse.jdt.ui.CompilationUnitEditor" StartDate="2010-04-11 19:46:16.531 CEST" StructureHandle="=org.jvnet.hudson.plugins.clearcase/src\/test\/java&amp;lt;hudson.plugins.clearcase{AbstractClearCaseScmTest.java[AbstractClearCaseScmTest~testPollChangesWithBuffer[!2|1" StructureKind="java" NumEvents="3" CreationCount="123"/><InteractionEvent Delta="null" EndDate="2010-04-11 20:20:24.750 CEST" Interest="1.0" Kind="selection" Navigation="null" OriginId="org.eclipse.team.sync.views.SynchronizeView" StartDate="2010-04-11 20:20:24.750 CEST" StructureHandle="=org.jvnet.hudson.plugins.clearcase/src\/main\/java&amp;lt;hudson.plugins.clearcase{AbstractClearCaseScm.java" StructureKind="java"/><InteractionEvent Delta="null" EndDate="2010-04-11 19:46:49.780 CEST" Interest="2.0" Kind="edit" Navigation="null" OriginId="org.eclipse.jdt.ui.CompilationUnitEditor" StartDate="2010-04-11 19:46:47.549 CEST" StructureHandle="=org.jvnet.hudson.plugins.clearcase/src\/test\/java&amp;lt;hudson.plugins.clearcase{AbstractClearCaseScmTest.java[AbstractClearCaseScmTest~assertPollChangesUsesNormalizedViewName[!2|1" StructureKind="java" NumEvents="2" CreationCount="139"/><InteractionEvent Delta="null" EndDate="2010-04-11 19:47:25.518 CEST" Interest="1.0" Kind="edit" Navigation="null" OriginId="org.eclipse.jdt.ui.CompilationUnitEditor" StartDate="2010-04-11 19:47:25.518 CEST" StructureHandle="=org.jvnet.hudson.plugins.clearcase/src\/test\/java&amp;lt;hudson.plugins.clearcase{AbstractClearCaseScmTest.java[AbstractClearCaseScmTest~testPollChangesMultipleVobPaths[!2|1" StructureKind="java"/><InteractionEvent Delta="null" EndDate="2010-04-11 20:19:49.393 CEST" Interest="1.0" Kind="propagation" Navigation="org.eclipse.mylyn.core.model.edges.containment" OriginId="org.eclipse.mylyn.core.model.interest.propagation" StartDate="2010-04-11 20:19:49.393 CEST" StructureHandle="/org.jvnet.hudson.plugins.clearcase/src/main/java/hudson/plugins/clearcase" StructureKind="resource"/><InteractionEvent Delta="null" EndDate="2010-04-11 19:48:55.200 CEST" Interest="1.0" Kind="selection" Navigation="null" OriginId="org.eclipse.jdt.ui.CompilationUnitEditor" StartDate="2010-04-11 19:48:55.200 CEST" StructureHandle="=org.jvnet.hudson.plugins.clearcase/src\/test\/java&amp;lt;hudson.plugins.clearcase{AbstractClearCaseScmTest.java[AbstractClearCaseScmTest~assertGetModuleRootReturnsViewFolder[|1" StructureKind="java"/><InteractionEvent Delta="null" EndDate="2010-04-11 19:46:49.781 CEST" Interest="2.4" Kind="propagation" Navigation="org.eclipse.mylyn.core.model.edges.containment" OriginId="org.eclipse.mylyn.core.model.interest.propagation" StartDate="2010-04-11 19:46:44.979 CEST" StructureHandle="=org.jvnet.hudson.plugins.clearcase/src\/test\/java&amp;lt;hudson.plugins.clearcase{AbstractClearCaseScmTest.java[AbstractClearCaseScmTest~assertPollChangesUsesNormalizedViewName[!2" StructureKind="java" NumEvents="3" CreationCount="139"/><InteractionEvent Delta="null" EndDate="2010-04-11 20:00:12.17 CEST" Interest="2.0" Kind="selection" Navigation="null" OriginId="org.eclipse.jdt.ui.ClassFileEditor" StartDate="2010-04-11 19:51:04.690 CEST" StructureHandle="=org.jvnet.hudson.plugins.clearcase/F:\/m2repo\/org\/jvnet\/hudson\/main\/hudson-core\/1.324\/hudson-core-1.324.jar&amp;lt;hudson.model(Node.class" StructureKind="java" NumEvents="2" CreationCount="251"/><InteractionEvent Delta="null" EndDate="2010-04-11 19:47:22.406 CEST" Interest="0.71700007" Kind="propagation" Navigation="org.eclipse.mylyn.core.model.edges.containment" OriginId="org.eclipse.mylyn.core.model.interest.propagation" StartDate="2010-04-11 19:47:21.227 CEST" StructureHandle="=org.jvnet.hudson.plugins.clearcase/src\/test\/java&amp;lt;hudson.plugins.clearcase{AbstractClearCaseScmTest.java[AbstractClearCaseScmTest~testPollChangesWithMultipleBranches" StructureKind="java" NumEvents="2" CreationCount="156"/><InteractionEvent Delta="null" EndDate="2010-04-11 20:08:54.279 CEST" Interest="282.0" Kind="propagation" Navigation="null" OriginId="org.eclipse.jdt.ui.CompilationUnitEditor" StartDate="2010-04-11 19:42:40.878 CEST" StructureHandle="/org.jvnet.hudson.plugins.clearcase/src/test/java" StructureKind="resource" NumEvents="282" CreationCount="59"/><InteractionEvent Delta="null" EndDate="2010-04-11 20:04:29.288 CEST" Interest="3.1" Kind="propagation" Navigation="org.eclipse.mylyn.core.model.edges.containment" OriginId="org.eclipse.mylyn.core.model.interest.propagation" StartDate="2010-04-11 20:04:20.759 CEST" StructureHandle="=org.jvnet.hudson.plugins.clearcase/src\/test\/java&amp;lt;hudson.plugins.clearcase{AbstractClearCaseScmTest.java[AbstractClearCaseScmTest[AbstractClearCaseScmDummy" StructureKind="java" NumEvents="4" CreationCount="351"/><InteractionEvent Delta="null" EndDate="2010-04-11 19:47:28.292 CEST" Interest="1.0" Kind="selection" Navigation="null" OriginId="org.eclipse.jdt.ui.CompilationUnitEditor" StartDate="2010-04-11 19:47:28.292 CEST" StructureHandle="=org.jvnet.hudson.plugins.clearcase/src\/test\/java&amp;lt;hudson.plugins.clearcase{AbstractClearCaseScmTest.java[AbstractClearCaseScmTest~testPollChangesNoBranch[!2|1" StructureKind="java"/><InteractionEvent Delta="null" EndDate="2010-04-11 20:19:50.584 CEST" Interest="1.0" Kind="propagation" Navigation="org.eclipse.mylyn.core.model.edges.containment" OriginId="org.eclipse.mylyn.core.model.interest.propagation" StartDate="2010-04-11 20:19:50.584 CEST" StructureHandle="/org.jvnet.hudson.plugins.clearcase/src/main/java/hudson" StructureKind="resource"/><InteractionEvent Delta="null" EndDate="2010-04-11 19:46:43.178 CEST" Interest="5.6640005" Kind="propagation" Navigation="org.eclipse.mylyn.core.model.edges.containment" OriginId="org.eclipse.mylyn.core.model.interest.propagation" StartDate="2010-04-11 19:46:35.367 CEST" StructureHandle="=org.jvnet.hudson.plugins.clearcase/src\/test\/java&amp;lt;hudson.plugins.clearcase{AbstractClearCaseScmTest.java[AbstractClearCaseScmTest~testPollChangesWithBuffer[!2" StructureKind="java" NumEvents="4" CreationCount="131"/><InteractionEvent Delta="null" EndDate="2010-04-11 20:19:50.327 CEST" Interest="1.0" Kind="propagation" Navigation="org.eclipse.mylyn.core.model.edges.containment" OriginId="org.eclipse.mylyn.core.model.interest.propagation" StartDate="2010-04-11 20:19:50.327 CEST" StructureHandle="/org.jvnet.hudson.plugins.clearcase/src/main/java/hudson" StructureKind="resource"/><InteractionEvent Delta="null" EndDate="2010-04-11 20:08:54.279 CEST" Interest="282.0" Kind="propagation" Navigation="org.eclipse.mylyn.core.model.edges.containment" OriginId="org.eclipse.mylyn.core.model.interest.propagation" StartDate="2010-04-11 19:42:40.878 CEST" StructureHandle="/org.jvnet.hudson.plugins.clearcase/src/test" StructureKind="resource" NumEvents="282" CreationCount="59"/><InteractionEvent Delta="null" EndDate="2010-04-11 19:52:29.290 CEST" Interest="1.0" Kind="edit" Navigation="null" OriginId="org.eclipse.jdt.ui.ClassFileEditor" StartDate="2010-04-11 19:52:29.290 CEST" StructureHandle="=org.jvnet.hudson.plugins.clearcase/F:\/m2repo\/org\/jvnet\/hudson\/main\/hudson-core\/1.324\/hudson-core-1.324.jar&amp;lt;hudson.model(Node.class[Node~toComputer" StructureKind="java"/><InteractionEvent Delta="null" EndDate="2010-04-11 19:46:52.961 CEST" Interest="1.0" Kind="selection" Navigation="null" OriginId="org.eclipse.jdt.ui.CompilationUnitEditor" StartDate="2010-04-11 19:46:52.961 CEST" StructureHandle="=org.jvnet.hudson.plugins.clearcase/src\/test\/java&amp;lt;hudson.plugins.clearcase{AbstractClearCaseScmTest.java[AbstractClearCaseScmTest~testPollChangesFirstTime[|1" StructureKind="java"/><InteractionEvent Delta="null" EndDate="2010-04-11 20:04:16.662 CEST" Interest="1.0" Kind="selection" Navigation="null" OriginId="org.eclipse.ui.views.ContentOutline" StartDate="2010-04-11 20:04:16.662 CEST" StructureHandle="=org.jvnet.hudson.plugins.clearcase/src\/test\/java&amp;lt;hudson.plugins.clearcase{AbstractClearCaseScmTest.java[AbstractClearCaseScmTest~testGetLoadRulesWithSpaces" StructureKind="java"/><InteractionEvent Delta="null" EndDate="2010-04-11 19:47:21.227 CEST" Interest="1.0" Kind="selection" Navigation="null" OriginId="org.eclipse.jdt.ui.CompilationUnitEditor" StartDate="2010-04-11 19:47:21.227 CEST" StructureHandle="=org.jvnet.hudson.plugins.clearcase/src\/test\/java&amp;lt;hudson.plugins.clearcase{AbstractClearCaseScmTest.java[AbstractClearCaseScmTest~testPollChangesWithMultipleBranches[!2|1" StructureKind="java"/><InteractionEvent Delta="null" EndDate="2010-04-11 20:08:54.279 CEST" Interest="281.986" Kind="propagation" Navigation="org.eclipse.mylyn.core.model.edges.containment" OriginId="org.eclipse.mylyn.core.model.interest.propagation" StartDate="2010-04-11 19:38:31.309 CEST" StructureHandle="/" StructureKind="resource" NumEvents="282" CreationCount="1"/><InteractionEvent Delta="null" EndDate="2010-04-11 19:42:41.352 CEST" Interest="1.0" Kind="edit" Navigation="null" OriginId="org.eclipse.jdt.ui.CompilationUnitEditor" StartDate="2010-04-11 19:42:41.352 CEST" StructureHandle="=org.jvnet.hudson.plugins.clearcase/src\/test\/java&amp;lt;hudson.plugins.clearcase{AbstractClearCaseScmTest.java" StructureKind="java"/><InteractionEvent Delta="null" EndDate="2010-04-11 20:05:50.74 CEST" Interest="4.0" Kind="edit" Navigation="null" OriginId="org.eclipse.jdt.ui.CompilationUnitEditor" StartDate="2010-04-11 20:05:42.733 CEST" StructureHandle="=org.jvnet.hudson.plugins.clearcase/src\/test\/java&amp;lt;hudson.plugins.clearcase{AbstractClearCaseScmTest.java[AbstractClearCaseScmTest~testPollChangesWithNoHistory[" StructureKind="java" NumEvents="4" CreationCount="379"/><InteractionEvent Delta="null" EndDate="2010-04-11 19:47:25.518 CEST" Interest="1.7" Kind="propagation" Navigation="org.eclipse.mylyn.core.model.edges.containment" OriginId="org.eclipse.mylyn.core.model.interest.propagation" StartDate="2010-04-11 19:47:24.990 CEST" StructureHandle="=org.jvnet.hudson.plugins.clearcase/src\/test\/java&amp;lt;hudson.plugins.clearcase{AbstractClearCaseScmTest.java[AbstractClearCaseScmTest~testPollChangesMultipleVobPaths[!2" StructureKind="java" NumEvents="2" CreationCount="160"/><InteractionEvent Delta="null" EndDate="2010-04-11 19:48:43.922 CEST" Interest="1.0" Kind="edit" Navigation="null" OriginId="org.eclipse.jdt.ui.CompilationUnitEditor" StartDate="2010-04-11 19:48:43.922 CEST" StructureHandle="=org.jvnet.hudson.plugins.clearcase/src\/test\/java&amp;lt;hudson.plugins.clearcase{AbstractClearCaseScmTest.java[AbstractClearCaseScmTest~testPollChangesNoBranch" StructureKind="java"/><InteractionEvent Delta="null" EndDate="2010-04-11 19:43:32.214 CEST" Interest="1.0" Kind="selection" Navigation="null" OriginId="org.eclipse.jdt.ui.ClassFileEditor" StartDate="2010-04-11 19:43:32.214 CEST" StructureHandle="=org.jvnet.hudson.plugins.clearcase/F:\/m2repo\/org\/jvnet\/hudson\/main\/hudson-core\/1.324\/hudson-core-1.324.jar&amp;lt;hudson.model(Job.class" StructureKind="java"/><InteractionEvent Delta="null" EndDate="2010-04-11 19:46:00.184 CEST" Interest="1.0" Kind="selection" Navigation="null" OriginId="org.eclipse.jdt.ui.PackageExplorer" StartDate="2010-04-11 19:46:00.184 CEST" StructureHandle="=org.jvnet.hudson.plugins.clearcase/src\/test\/java" StructureKind="java"/><InteractionEvent Delta="null" EndDate="2010-04-11 20:04:41.143 CEST" Interest="1.0" Kind="propagation" Navigation="org.eclipse.mylyn.core.model.edges.containment" OriginId="org.eclipse.mylyn.core.model.interest.propagation" StartDate="2010-04-11 20:04:41.143 CEST" StructureHandle="=org.jvnet.hudson.plugins.clearcase/F:\/m2repo\/org\/jvnet\/hudson\/main\/hudson-core\/1.324\/hudson-core-1.324.jar&amp;lt;hudson.model(Computer.class[Computer" StructureKind="java"/><InteractionEvent Delta="null" EndDate="2010-04-11 20:14:47.130 CEST" Interest="137.0" Kind="propagation" Navigation="org.eclipse.mylyn.core.model.edges.containment" OriginId="org.eclipse.mylyn.core.model.interest.propagation" StartDate="2010-04-11 19:38:31.309 CEST" StructureHandle="/org.jvnet.hudson.plugins.clearcase/src/main/java" StructureKind="resource" NumEvents="137" CreationCount="1"/><InteractionEvent Delta="null" EndDate="2010-04-11 20:22:07.607 CEST" Interest="3.8146973E-6" Kind="propagation" Navigation="org.eclipse.mylyn.core.model.edges.containment" OriginId="org.eclipse.mylyn.core.model.interest.propagation" StartDate="2010-04-11 20:22:07.607 CEST" StructureHandle="=org.jvnet.hudson.plugins.clearcase/src\/main\/java&amp;lt;hudson.plugins.clearcase" StructureKind="java"/><InteractionEvent Delta="null" EndDate="2010-04-11 20:19:53.555 CEST" Interest="1.0" Kind="selection" Navigation="null" OriginId="org.eclipse.jdt.ui.PackageExplorer" StartDate="2010-04-11 20:19:53.555 CEST" StructureHandle="=org.jvnet.hudson.plugins.clearcase" StructureKind="java"/><InteractionEvent Delta="null" EndDate="2010-04-11 20:08:19.386 CEST" Interest="9.371999" Kind="propagation" Navigation="org.eclipse.mylyn.core.model.edges.containment" OriginId="org.eclipse.mylyn.core.model.interest.propagation" StartDate="2010-04-11 19:47:09.491 CEST" StructureHandle="=org.jvnet.hudson.plugins.clearcase/src\/test\/java&amp;lt;hudson.plugins.clearcase{AbstractClearCaseScmTest.java[AbstractClearCaseScmTest~testPollChangesNoSlaveOnline" StructureKind="java" NumEvents="13" CreationCount="73"/><InteractionEvent Delta="null" EndDate="2010-04-11 19:46:56.225 CEST" Interest="2.0" Kind="edit" Navigation="null" OriginId="org.eclipse.jdt.ui.CompilationUnitEditor" StartDate="2010-04-11 19:46:53.959 CEST" StructureHandle="=org.jvnet.hudson.plugins.clearcase/src\/test\/java&amp;lt;hudson.plugins.clearcase{AbstractClearCaseScmTest.java[AbstractClearCaseScmTest~testPollChangesFirstTime[|1" StructureKind="java" NumEvents="2" CreationCount="143"/><InteractionEvent Delta="null" EndDate="2010-04-11 20:19:49.393 CEST" Interest="5.541992" Kind="propagation" Navigation="org.eclipse.mylyn.core.model.edges.containment" OriginId="org.eclipse.mylyn.core.model.interest.propagation" StartDate="2010-04-11 20:19:49.393 CEST" StructureHandle="=org.jvnet.hudson.plugins.clearcase/src\/main\/java" StructureKind="java"/><InteractionEvent Delta="null" EndDate="2010-04-11 20:22:07.607 CEST" Interest="1.0" Kind="propagation" Navigation="org.eclipse.mylyn.core.model.edges.containment" OriginId="org.eclipse.mylyn.core.model.interest.propagation" StartDate="2010-04-11 20:22:07.607 CEST" StructureHandle="/org.jvnet.hudson.plugins.clearcase/src/main/java/hudson" StructureKind="resource"/><InteractionEvent Delta="null" EndDate="2010-04-11 19:47:24.989 CEST" Interest="1.0" Kind="selection" Navigation="null" OriginId="org.eclipse.jdt.ui.CompilationUnitEditor" StartDate="2010-04-11 19:47:24.989 CEST" StructureHandle="=org.jvnet.hudson.plugins.clearcase/src\/test\/java&amp;lt;hudson.plugins.clearcase{AbstractClearCaseScmTest.java[AbstractClearCaseScmTest~testPollChangesMultipleVobPaths[!2|1" StructureKind="java"/><InteractionEvent Delta="null" EndDate="2010-04-11 20:05:17.43 CEST" Interest="63.0" Kind="edit" Navigation="null" OriginId="org.eclipse.jdt.ui.CompilationUnitEditor" StartDate="2010-04-11 19:40:38.256 CEST" StructureHandle="=org.jvnet.hudson.plugins.clearcase/src\/main\/java&amp;lt;hudson.plugins.clearcase{AbstractClearCaseScm.java[AbstractClearCaseScm~getLastBuild~QList\&amp;lt;QAbstractBuild\&amp;lt;**&amp;gt;;&amp;gt;;" StructureKind="java" NumEvents="63" CreationCount="21"/><InteractionEvent Delta="null" EndDate="2010-04-11 19:49:58.733 CEST" Interest="1.0" Kind="selection" Navigation="null" OriginId="org.eclipse.jdt.ui.CompilationUnitEditor" StartDate="2010-04-11 19:49:58.733 CEST" StructureHandle="=org.jvnet.hudson.plugins.clearcase/src\/test\/java&amp;lt;hudson.plugins.clearcase{AbstractClearCaseScmTest.java[AbstractClearCaseScmTest^envVars" StructureKind="java"/><InteractionEvent Delta="null" EndDate="2010-04-11 20:07:45.207 CEST" Interest="2.0" Kind="selection" Navigation="null" OriginId="org.eclipse.jdt.ui.CompilationUnitEditor" StartDate="2010-04-11 19:42:51.241 CEST" StructureHandle="=org.jvnet.hudson.plugins.clearcase/src\/test\/java&amp;lt;hudson.plugins.clearcase{AbstractClearCaseScmTest.java[AbstractClearCaseScmTest~testPollChanges" StructureKind="java" NumEvents="2" CreationCount="67"/><InteractionEvent Delta="null" EndDate="2010-04-11 20:21:31.38 CEST" Interest="1.0" Kind="propagation" Navigation="org.eclipse.mylyn.core.model.edges.containment" OriginId="org.eclipse.mylyn.core.model.interest.propagation" StartDate="2010-04-11 20:21:31.38 CEST" StructureHandle="/org.jvnet.hudson.plugins.clearcase/src/test/java/hudson/plugins/clearcase" StructureKind="resource"/><InteractionEvent Delta="null" EndDate="2010-04-11 19:47:25.518 CEST" Interest="0.73399997" Kind="propagation" Navigation="org.eclipse.mylyn.core.model.edges.containment" OriginId="org.eclipse.mylyn.core.model.interest.propagation" StartDate="2010-04-11 19:47:24.990 CEST" StructureHandle="=org.jvnet.hudson.plugins.clearcase/src\/test\/java&amp;lt;hudson.plugins.clearcase{AbstractClearCaseScmTest.java[AbstractClearCaseScmTest~testPollChangesMultipleVobPaths" StructureKind="java" NumEvents="2" CreationCount="63"/><InteractionEvent Delta="null" EndDate="2010-04-11 20:19:50.327 CEST" Interest="1.0" Kind="propagation" Navigation="org.eclipse.mylyn.core.model.edges.containment" OriginId="org.eclipse.mylyn.core.model.interest.propagation" StartDate="2010-04-11 20:19:50.327 CEST" StructureHandle="/org.jvnet.hudson.plugins.clearcase/src/main/java/hudson/plugins/clearcase" StructureKind="resource"/><InteractionEvent Delta="null" EndDate="2010-04-11 20:08:33.842 CEST" Interest="6.0" Kind="selection" Navigation="null" OriginId="org.eclipse.jdt.ui.CompilationUnitEditor" StartDate="2010-04-11 19:43:04.449 CEST" StructureHandle="=org.jvnet.hudson.plugins.clearcase/src\/test\/java&amp;lt;hudson.plugins.clearcase{AbstractClearCaseScmTest.java[AbstractClearCaseScmTest~testPollChangesNoSlaveOnline" StructureKind="java" NumEvents="6" CreationCount="73"/><InteractionEvent Delta="null" EndDate="2010-04-11 20:08:54.279 CEST" Interest="281.986" Kind="propagation" Navigation="org.eclipse.mylyn.core.model.edges.containment" OriginId="org.eclipse.mylyn.core.model.interest.propagation" StartDate="2010-04-11 19:38:31.309 CEST" StructureHandle="=org.jvnet.hudson.plugins.clearcase" StructureKind="resource" NumEvents="282" CreationCount="1"/><InteractionEvent Delta="null" EndDate="2010-04-11 20:21:31.38 CEST" Interest="1.0" Kind="propagation" Navigation="org.eclipse.mylyn.core.model.edges.containment" OriginId="org.eclipse.mylyn.core.model.interest.propagation" StartDate="2010-04-11 20:21:31.38 CEST" StructureHandle="/org.jvnet.hudson.plugins.clearcase/src" StructureKind="resource"/><InteractionEvent Delta="null" EndDate="2010-04-11 20:19:50.584 CEST" Interest="1.0" Kind="propagation" Navigation="org.eclipse.mylyn.core.model.edges.containment" OriginId="org.eclipse.mylyn.core.model.interest.propagation" StartDate="2010-04-11 20:19:50.584 CEST" StructureHandle="/org.jvnet.hudson.plugins.clearcase/src/main/java/hudson/plugins/clearcase" StructureKind="resource"/><InteractionEvent Delta="null" EndDate="2010-04-11 20:20:24.750 CEST" Interest="1.0" Kind="propagation" Navigation="org.eclipse.mylyn.core.model.edges.containment" OriginId="org.eclipse.mylyn.core.model.interest.propagation" StartDate="2010-04-11 20:20:24.750 CEST" StructureHandle="/org.jvnet.hudson.plugins.clearcase/src/main" StructureKind="resource"/><InteractionEvent Delta="null" EndDate="2010-04-11 20:14:47.130 CEST" Interest="137.0" Kind="propagation" Navigation="org.eclipse.mylyn.core.model.edges.containment" OriginId="org.eclipse.mylyn.core.model.interest.propagation" StartDate="2010-04-11 19:38:31.309 CEST" StructureHandle="/org.jvnet.hudson.plugins.clearcase/src/main/java/hudson" StructureKind="resource" NumEvents="137" CreationCount="1"/></InteractionHistory>