<?xml version="1.0" encoding="UTF-8"?>

<BugCollection version="1.3.9" sequence="0" timestamp="1282302898076" analysisTimestamp="1282302900505" release="">
  <Project projectName="">
     </Project>
  <BugInstance type="OCP_OVERLY_CONCRETE_PARAMETER" priority="2" abbrev="OCP" category="STYLE">
    <Class classname="gti.domain.QualityActualValue">
      <SourceLine classname="gti.domain.QualityActualValue" start="29" end="185" sourcefile="QualityActualValue.java" sourcepath="gti/domain/QualityActualValue.java"/>
    </Class>
    <Method classname="gti.domain.QualityActualValue" name="setProcessCell" signature="(Lgti/s88/conf/EquipmentEntity;)V" isStatic="false">
      <SourceLine classname="gti.domain.QualityActualValue" start="164" end="165" startBytecode="0" endBytecode="103" sourcefile="QualityActualValue.java" sourcepath="gti/domain/QualityActualValue.java"/>
    </Method>
    <SourceLine classname="gti.domain.QualityActualValue" start="164" end="164" startBytecode="0" endBytecode="0" sourcefile="QualityActualValue.java" sourcepath="gti/domain/QualityActualValue.java"/>
    <String value="Parameter [1] ee implements gti.domain.InstallableIF"/>
  </BugInstance>
  <BugInstance type="OCP_OVERLY_CONCRETE_PARAMETER" priority="2" abbrev="OCP" category="STYLE">
    <Class classname="gti.domain.QualityActualValue">
      <SourceLine classname="gti.domain.QualityActualValue" start="29" end="185" sourcefile="QualityActualValue.java" sourcepath="gti/domain/QualityActualValue.java"/>
    </Class>
    <Method classname="gti.domain.QualityActualValue" name="setUnit" signature="(Lgti/s88/conf/EquipmentEntity;)V" isStatic="false">
      <SourceLine classname="gti.domain.QualityActualValue" start="174" end="175" startBytecode="0" endBytecode="103" sourcefile="QualityActualValue.java" sourcepath="gti/domain/QualityActualValue.java"/>
    </Method>
    <SourceLine classname="gti.domain.QualityActualValue" start="174" end="174" startBytecode="0" endBytecode="0" sourcefile="QualityActualValue.java" sourcepath="gti/domain/QualityActualValue.java"/>
    <String value="Parameter [1] ee implements gti.domain.InstallableIF"/>
  </BugInstance>
  <BugInstance type="SPP_USE_ISEMPTY" priority="2" abbrev="SPP" category="STYLE">
    <Class classname="gti.domain.cleanup.QualityCleanUp">
      <SourceLine classname="gti.domain.cleanup.QualityCleanUp" start="15" end="125" sourcefile="QualityCleanUp.java" sourcepath="gti/domain/cleanup/QualityCleanUp.java"/>
    </Class>
    <Method classname="gti.domain.cleanup.QualityCleanUp" name="cleanUpRequirement" signature="()Z" isStatic="false">
      <SourceLine classname="gti.domain.cleanup.QualityCleanUp" start="91" end="125" startBytecode="0" endBytecode="516" sourcefile="QualityCleanUp.java" sourcepath="gti/domain/cleanup/QualityCleanUp.java"/>
    </Method>
    <SourceLine classname="gti.domain.cleanup.QualityCleanUp" start="100" end="100" startBytecode="60" endBytecode="60" sourcefile="QualityCleanUp.java" sourcepath="gti/domain/cleanup/QualityCleanUp.java"/>
  </BugInstance>
  <BugInstance type="SPP_USE_ISEMPTY" priority="2" abbrev="SPP" category="STYLE">
    <Class classname="gti.domain.cleanup.QualityCleanUp">
      <SourceLine classname="gti.domain.cleanup.QualityCleanUp" start="15" end="125" sourcefile="QualityCleanUp.java" sourcepath="gti/domain/cleanup/QualityCleanUp.java"/>
    </Class>
    <Method classname="gti.domain.cleanup.QualityCleanUp" name="cleanUpStepArticle" signature="()Z" isStatic="false">
      <SourceLine classname="gti.domain.cleanup.QualityCleanUp" start="44" end="78" startBytecode="0" endBytecode="516" sourcefile="QualityCleanUp.java" sourcepath="gti/domain/cleanup/QualityCleanUp.java"/>
    </Method>
    <SourceLine classname="gti.domain.cleanup.QualityCleanUp" start="53" end="53" startBytecode="60" endBytecode="60" sourcefile="QualityCleanUp.java" sourcepath="gti/domain/cleanup/QualityCleanUp.java"/>
  </BugInstance>
  <BugInstance type="SPP_USE_ISEMPTY" priority="2" abbrev="SPP" category="STYLE">
    <Class classname="gti.domain.cleanup.QualityRecordCleanUp">
      <SourceLine classname="gti.domain.cleanup.QualityRecordCleanUp" start="15" end="73" sourcefile="QualityRecordCleanUp.java" sourcepath="gti/domain/cleanup/QualityRecordCleanUp.java"/>
    </Class>
    <Method classname="gti.domain.cleanup.QualityRecordCleanUp" name="cleanUpRecords" signature="()Z" isStatic="false">
      <SourceLine classname="gti.domain.cleanup.QualityRecordCleanUp" start="39" end="73" startBytecode="0" endBytecode="516" sourcefile="QualityRecordCleanUp.java" sourcepath="gti/domain/cleanup/QualityRecordCleanUp.java"/>
    </Method>
    <SourceLine classname="gti.domain.cleanup.QualityRecordCleanUp" start="48" end="48" startBytecode="60" endBytecode="60" sourcefile="QualityRecordCleanUp.java" sourcepath="gti/domain/cleanup/QualityRecordCleanUp.java"/>
  </BugInstance>
  <BugInstance type="DRE_DECLARED_RUNTIME_EXCEPTION" priority="2" abbrev="DRE" category="STYLE">
    <Class classname="gti.domain.dao.QualityLocationDAO">
      <SourceLine classname="gti.domain.dao.QualityLocationDAO" start="9" end="49" sourcefile="QualityLocationDAO.java" sourcepath="gti/domain/dao/QualityLocationDAO.java"/>
    </Class>
    <Method classname="gti.domain.dao.QualityLocationDAO" name="create" signature="()Ljava/lang/Object;" isStatic="false">
      <SourceLine classname="gti.domain.dao.QualityLocationDAO" start="9" end="9" startBytecode="0" endBytecode="46" sourcefile="QualityLocationDAO.java" sourcepath="gti/domain/dao/QualityLocationDAO.java"/>
    </Method>
    <String value="java.lang.UnsupportedOperationException"/>
  </BugInstance>
  <BugInstance type="SPP_USE_ISEMPTY" priority="2" abbrev="SPP" category="STYLE">
    <Class classname="gti.domain.util.QualityStepRecordUtil">
      <SourceLine classname="gti.domain.util.QualityStepRecordUtil" start="21" end="336" sourcefile="QualityStepRecordUtil.java" sourcepath="gti/domain/util/QualityStepRecordUtil.java"/>
    </Class>
    <Method classname="gti.domain.util.QualityStepRecordUtil" name="createRecord" signature="(Lgti/module/quality/QualityRecordOwner;Lgti/domain/Article;Ljava/lang/String;Ljava/lang/String;Lgti/s88/conf/EquipmentEntity;D)Lgti/domain/QualityStepRecord;" isStatic="false">
      <SourceLine classname="gti.domain.util.QualityStepRecordUtil" start="50" end="185" startBytecode="0" endBytecode="1664" sourcefile="QualityStepRecordUtil.java" sourcepath="gti/domain/util/QualityStepRecordUtil.java"/>
    </Method>
    <SourceLine classname="gti.domain.util.QualityStepRecordUtil" start="101" end="101" startBytecode="187" endBytecode="187" sourcefile="QualityStepRecordUtil.java" sourcepath="gti/domain/util/QualityStepRecordUtil.java"/>
  </BugInstance>
  <BugInstance type="BAS_BLOATED_ASSIGNMENT_SCOPE" priority="2" abbrev="BAS" category="PERFORMANCE">
    <Class classname="gti.pfc.action.QualityStepActionPlugin">
      <SourceLine classname="gti.pfc.action.QualityStepActionPlugin" start="42" end="523" sourcefile="QualityStepActionPlugin.java" sourcepath="gti/pfc/action/QualityStepActionPlugin.java"/>
    </Class>
    <Method classname="gti.pfc.action.QualityStepActionPlugin" name="execute" signature="()V" isStatic="false">
      <SourceLine classname="gti.pfc.action.QualityStepActionPlugin" start="92" end="351" startBytecode="0" endBytecode="1974" sourcefile="QualityStepActionPlugin.java" sourcepath="gti/pfc/action/QualityStepActionPlugin.java"/>
    </Method>
    <SourceLine classname="gti.pfc.action.QualityStepActionPlugin" start="104" end="104" startBytecode="30" endBytecode="30" sourcefile="QualityStepActionPlugin.java" sourcepath="gti/pfc/action/QualityStepActionPlugin.java"/>
  </BugInstance>
  <BugInstance type="COFELY_SF_SWITCH_ON_ENUM" priority="1" abbrev="COFELY_SF" category="CORRECTNESS">
    <Class classname="gti.pfc.action.QualityStepActionPlugin">
      <SourceLine classname="gti.pfc.action.QualityStepActionPlugin" start="42" end="523" sourcefile="QualityStepActionPlugin.java" sourcepath="gti/pfc/action/QualityStepActionPlugin.java"/>
    </Class>
    <Method classname="gti.pfc.action.QualityStepActionPlugin" name="getWhenToMeasureValue" signature="(Lgti/domain/QualityStep;)D" isStatic="false">
      <SourceLine classname="gti.pfc.action.QualityStepActionPlugin" start="512" end="523" startBytecode="0" endBytecode="145" sourcefile="QualityStepActionPlugin.java" sourcepath="gti/pfc/action/QualityStepActionPlugin.java"/>
    </Method>
    <SourceLine classname="gti.pfc.action.QualityStepActionPlugin" start="515" end="515" startBytecode="16" endBytecode="17" sourcefile="QualityStepActionPlugin.java" sourcepath="gti/pfc/action/QualityStepActionPlugin.java"/>
    <String value="enum: gti.quality.util.WhenToMeasureValueExpression"/>
    <String value="values: NOT_APPLICABLE,FIXEDWEIGHT,ARTICLE_SAMPLE_PER_KG,FIXEDTIME,"/>
    <SourceLine classname="gti.pfc.action.QualityStepActionPlugin" start="515" end="515" startBytecode="17" endBytecode="17" sourcefile="QualityStepActionPlugin.java" sourcepath="gti/pfc/action/QualityStepActionPlugin.java"/>
  </BugInstance>
  <BugInstance type="OCP_OVERLY_CONCRETE_PARAMETER" priority="2" abbrev="OCP" category="STYLE">
    <Class classname="gti.ui.browser.ui.BrowserQualityUI">
      <SourceLine classname="gti.ui.browser.ui.BrowserQualityUI" start="10" end="186" sourcefile="BrowserQualityUI.java" sourcepath="gti/ui/browser/ui/BrowserQualityUI.java"/>
    </Class>
    <Method classname="gti.ui.browser.ui.BrowserQualityUI" name="initMenu" signature="(Lgti/ui/browser/BrowserMenuBar;Ljavax/swing/JMenu;)V" isStatic="true">
      <SourceLine classname="gti.ui.browser.ui.BrowserQualityUI" start="20" end="52" startBytecode="0" endBytecode="302" sourcefile="BrowserQualityUI.java" sourcepath="gti/ui/browser/ui/BrowserQualityUI.java"/>
    </Method>
    <SourceLine classname="gti.ui.browser.ui.BrowserQualityUI" start="20" end="20" startBytecode="0" endBytecode="0" sourcefile="BrowserQualityUI.java" sourcepath="gti/ui/browser/ui/BrowserQualityUI.java"/>
    <String value="Parameter [2] parentMenu implements javax.accessibility.Accessible"/>
  </BugInstance>
  <BugInstance type="URV_INHERITED_METHOD_WITH_RELATED_TYPES" priority="2" abbrev="URV" category="STYLE">
    <Class classname="gti.ui.main.QualityActualValueModel$QualityActualValue_ActualValueId_ModelAdapter">
      <SourceLine classname="gti.ui.main.QualityActualValueModel$QualityActualValue_ActualValueId_ModelAdapter" start="419" end="536" sourcefile="QualityActualValueModel.java" sourcepath="gti/ui/main/QualityActualValueModel.java"/>
    </Class>
    <Method classname="gti.ui.main.QualityActualValueModel$QualityActualValue_ActualValueId_ModelAdapter" name="getValueAt" signature="()Ljava/lang/Object;" isStatic="false">
      <SourceLine classname="gti.ui.main.QualityActualValueModel$QualityActualValue_ActualValueId_ModelAdapter" start="438" end="452" startBytecode="0" endBytecode="180" sourcefile="QualityActualValueModel.java" sourcepath="gti/ui/main/QualityActualValueModel.java"/>
    </Method>
    <String value="java.lang.Comparable"/>
    <SourceLine classname="gti.ui.main.QualityActualValueModel$QualityActualValue_ActualValueId_ModelAdapter" start="452" end="452" startBytecode="70" endBytecode="70" sourcefile="QualityActualValueModel.java" sourcepath="gti/ui/main/QualityActualValueModel.java"/>
    <SourceLine classname="gti.ui.main.QualityActualValueModel$QualityActualValue_ActualValueId_ModelAdapter" start="449" end="449" startBytecode="64" endBytecode="64" sourcefile="QualityActualValueModel.java" sourcepath="gti/ui/main/QualityActualValueModel.java"/>
  </BugInstance>
  <BugInstance type="FCBL_FIELD_COULD_BE_LOCAL" priority="2" abbrev="FCBL" category="CORRECTNESS">
    <Class classname="gti.ui.main.QualityArticleInputModel">
      <SourceLine classname="gti.ui.main.QualityArticleInputModel" start="16" end="1240" sourcefile="QualityArticleInputModel.java" sourcepath="gti/ui/main/QualityArticleInputModel.java"/>
    </Class>
    <Field classname="gti.ui.main.QualityArticleInputModel" name="m_qmDAO" signature="Lgti/domain/dao/QualityMeasurementDAO;" isStatic="false">
      <SourceLine classname="gti.ui.main.QualityArticleInputModel" sourcefile="QualityArticleInputModel.java" sourcepath="gti/ui/main/QualityArticleInputModel.java"/>
    </Field>
    <SourceLine classname="gti.ui.main.QualityArticleInputModel" start="48" end="48" startBytecode="30" endBytecode="30" sourcefile="QualityArticleInputModel.java" sourcepath="gti/ui/main/QualityArticleInputModel.java"/>
  </BugInstance>
  <BugInstance type="ISB_EMPTY_STRING_APPENDING" priority="2" abbrev="ISB" category="PERFORMANCE">
    <Class classname="gti.ui.main.QualityMeasurementSubjectModel$QualityMeasurementSubject_HowToCheck_ModelAdapter">
      <SourceLine classname="gti.ui.main.QualityMeasurementSubjectModel$QualityMeasurementSubject_HowToCheck_ModelAdapter" start="238" end="282" sourcefile="QualityMeasurementSubjectModel.java" sourcepath="gti/ui/main/QualityMeasurementSubjectModel.java"/>
    </Class>
    <Method classname="gti.ui.main.QualityMeasurementSubjectModel$QualityMeasurementSubject_HowToCheck_ModelAdapter" name="getUIChoices" signature="(Lgti/ui/base/CurrentRow;)Lgti/ui/base/UIChoices;" isStatic="false">
      <SourceLine classname="gti.ui.main.QualityMeasurementSubjectModel$QualityMeasurementSubject_HowToCheck_ModelAdapter" start="270" end="282" startBytecode="0" endBytecode="219" sourcefile="QualityMeasurementSubjectModel.java" sourcepath="gti/ui/main/QualityMeasurementSubjectModel.java"/>
    </Method>
    <SourceLine classname="gti.ui.main.QualityMeasurementSubjectModel$QualityMeasurementSubject_HowToCheck_ModelAdapter" start="275" end="275" startBytecode="53" endBytecode="53" sourcefile="QualityMeasurementSubjectModel.java" sourcepath="gti/ui/main/QualityMeasurementSubjectModel.java"/>
  </BugInstance>
  <BugInstance type="ISB_EMPTY_STRING_APPENDING" priority="2" abbrev="ISB" category="PERFORMANCE">
    <Class classname="gti.ui.main.QualityMeasurementSubjectModel$QualityMeasurementSubject_HowToMeasure_ModelAdapter">
      <SourceLine classname="gti.ui.main.QualityMeasurementSubjectModel$QualityMeasurementSubject_HowToMeasure_ModelAdapter" start="182" end="226" sourcefile="QualityMeasurementSubjectModel.java" sourcepath="gti/ui/main/QualityMeasurementSubjectModel.java"/>
    </Class>
    <Method classname="gti.ui.main.QualityMeasurementSubjectModel$QualityMeasurementSubject_HowToMeasure_ModelAdapter" name="getUIChoices" signature="(Lgti/ui/base/CurrentRow;)Lgti/ui/base/UIChoices;" isStatic="false">
      <SourceLine classname="gti.ui.main.QualityMeasurementSubjectModel$QualityMeasurementSubject_HowToMeasure_ModelAdapter" start="214" end="226" startBytecode="0" endBytecode="219" sourcefile="QualityMeasurementSubjectModel.java" sourcepath="gti/ui/main/QualityMeasurementSubjectModel.java"/>
    </Method>
    <SourceLine classname="gti.ui.main.QualityMeasurementSubjectModel$QualityMeasurementSubject_HowToMeasure_ModelAdapter" start="219" end="219" startBytecode="53" endBytecode="53" sourcefile="QualityMeasurementSubjectModel.java" sourcepath="gti/ui/main/QualityMeasurementSubjectModel.java"/>
  </BugInstance>
  <BugInstance type="LSYC_LOCAL_SYNCHRONIZED_COLLECTION" priority="1" abbrev="LSYC" category="CORRECTNESS">
    <Class classname="gti.ui.main.modelAdapters.QualityStepRecordModelAdapters$QualityStepRecord_DeclareStepActionReady_ModelAdapter">
      <SourceLine classname="gti.ui.main.modelAdapters.QualityStepRecordModelAdapters$QualityStepRecord_DeclareStepActionReady_ModelAdapter" start="412" end="470" sourcefile="QualityStepRecordModelAdapters.java" sourcepath="gti/ui/main/modelAdapters/QualityStepRecordModelAdapters.java"/>
    </Class>
    <Method classname="gti.ui.main.modelAdapters.QualityStepRecordModelAdapters$QualityStepRecord_DeclareStepActionReady_ModelAdapter" name="setValueAt" signature="(Ljava/lang/Object;)V" isStatic="false">
      <SourceLine classname="gti.ui.main.modelAdapters.QualityStepRecordModelAdapters$QualityStepRecord_DeclareStepActionReady_ModelAdapter" start="430" end="470" startBytecode="0" endBytecode="423" sourcefile="QualityStepRecordModelAdapters.java" sourcepath="gti/ui/main/modelAdapters/QualityStepRecordModelAdapters.java"/>
    </Method>
    <SourceLine classname="gti.ui.main.modelAdapters.QualityStepRecordModelAdapters$QualityStepRecord_DeclareStepActionReady_ModelAdapter" start="432" end="432" startBytecode="11" endBytecode="11" sourcefile="QualityStepRecordModelAdapters.java" sourcepath="gti/ui/main/modelAdapters/QualityStepRecordModelAdapters.java"/>
  </BugInstance>
  <BugInstance type="UCPM_USE_CHARACTER_PARAMETERIZED_METHOD" priority="2" abbrev="UCPM" category="PERFORMANCE">
    <Class classname="gti.ui.main.modelAdapters.QualityStepRecordModelAdapters$QualityStepRecord_DeclareStepActionReady_ModelAdapter">
      <SourceLine classname="gti.ui.main.modelAdapters.QualityStepRecordModelAdapters$QualityStepRecord_DeclareStepActionReady_ModelAdapter" start="412" end="470" sourcefile="QualityStepRecordModelAdapters.java" sourcepath="gti/ui/main/modelAdapters/QualityStepRecordModelAdapters.java"/>
    </Class>
    <Method classname="gti.ui.main.modelAdapters.QualityStepRecordModelAdapters$QualityStepRecord_DeclareStepActionReady_ModelAdapter" name="setValueAt" signature="(Ljava/lang/Object;)V" isStatic="false">
      <SourceLine classname="gti.ui.main.modelAdapters.QualityStepRecordModelAdapters$QualityStepRecord_DeclareStepActionReady_ModelAdapter" start="430" end="470" startBytecode="0" endBytecode="423" sourcefile="QualityStepRecordModelAdapters.java" sourcepath="gti/ui/main/modelAdapters/QualityStepRecordModelAdapters.java"/>
    </Method>
    <SourceLine classname="gti.ui.main.modelAdapters.QualityStepRecordModelAdapters$QualityStepRecord_DeclareStepActionReady_ModelAdapter" start="452" end="452" startBytecode="128" endBytecode="128" sourcefile="QualityStepRecordModelAdapters.java" sourcepath="gti/ui/main/modelAdapters/QualityStepRecordModelAdapters.java"/>
  </BugInstance>
  <BugInstance type="UCPM_USE_CHARACTER_PARAMETERIZED_METHOD" priority="2" abbrev="UCPM" category="PERFORMANCE">
    <Class classname="gti.ui.main.modelAdapters.QualityStepRecordModelAdapters$QualityStepRecord_DeclareStepActionReady_ModelAdapter">
      <SourceLine classname="gti.ui.main.modelAdapters.QualityStepRecordModelAdapters$QualityStepRecord_DeclareStepActionReady_ModelAdapter" start="412" end="470" sourcefile="QualityStepRecordModelAdapters.java" sourcepath="gti/ui/main/modelAdapters/QualityStepRecordModelAdapters.java"/>
    </Class>
    <Method classname="gti.ui.main.modelAdapters.QualityStepRecordModelAdapters$QualityStepRecord_DeclareStepActionReady_ModelAdapter" name="setValueAt" signature="(Ljava/lang/Object;)V" isStatic="false">
      <SourceLine classname="gti.ui.main.modelAdapters.QualityStepRecordModelAdapters$QualityStepRecord_DeclareStepActionReady_ModelAdapter" start="430" end="470" startBytecode="0" endBytecode="423" sourcefile="QualityStepRecordModelAdapters.java" sourcepath="gti/ui/main/modelAdapters/QualityStepRecordModelAdapters.java"/>
    </Method>
    <SourceLine classname="gti.ui.main.modelAdapters.QualityStepRecordModelAdapters$QualityStepRecord_DeclareStepActionReady_ModelAdapter" start="454" end="454" startBytecode="136" endBytecode="136" sourcefile="QualityStepRecordModelAdapters.java" sourcepath="gti/ui/main/modelAdapters/QualityStepRecordModelAdapters.java"/>
  </BugInstance>
  <BugInstance type="FCBL_FIELD_COULD_BE_LOCAL" priority="2" abbrev="FCBL" category="CORRECTNESS">
    <Class classname="gti.ui.main.modelAdapters.QualityStepRecordModelAdapters$QualityStepRecord_LocationName_ModelAdapter">
      <SourceLine classname="gti.ui.main.modelAdapters.QualityStepRecordModelAdapters$QualityStepRecord_LocationName_ModelAdapter" start="127" end="138" sourcefile="QualityStepRecordModelAdapters.java" sourcepath="gti/ui/main/modelAdapters/QualityStepRecordModelAdapters.java"/>
    </Class>
    <Field classname="gti.ui.main.modelAdapters.QualityStepRecordModelAdapters$QualityStepRecord_LocationName_ModelAdapter" name="mi_qro" signature="Lgti/module/quality/QualityRecordOwner;" isStatic="false">
      <SourceLine classname="gti.ui.main.modelAdapters.QualityStepRecordModelAdapters$QualityStepRecord_LocationName_ModelAdapter" sourcefile="QualityStepRecordModelAdapters.java" sourcepath="gti/ui/main/modelAdapters/QualityStepRecordModelAdapters.java"/>
    </Field>
  </BugInstance>
  <Errors errors="0" missingClasses="0"></Errors>
  <FindBugsSummary timestamp="Fri, 20 Aug 2010 13:14:58 +0200" total_classes="197" referenced_classes="556" total_bugs="18" total_size="5401" num_packages="12" vm_version="17.0-b16" cpu_seconds="62.18" clock_seconds="31.90" peak_mbytes="233.79" alloc_mbytes="439.12" gc_seconds="1.83" priority_2="16" priority_1="2">
    <PackageStats package="gti.domain" total_bugs="2" total_types="9" total_size="878" priority_2="2">
      <ClassStats class="gti.domain.QualityActualValue" sourceFile="QualityActualValue.java" interface="false" size="61" bugs="2" priority_2="2"/>
      <ClassStats class="gti.domain.QualityLocation" sourceFile="QualityLocation.java" interface="false" size="89" bugs="0"/>
      <ClassStats class="gti.domain.QualityMeasurement" sourceFile="QualityMeasurement.java" interface="false" size="78" bugs="0"/>
      <ClassStats class="gti.domain.QualityMeasurementRecord" sourceFile="QualityMeasurementRecord.java" interface="false" size="125" bugs="0"/>
      <ClassStats class="gti.domain.QualityMeasurementSubject" sourceFile="QualityMeasurementSubject.java" interface="false" size="54" bugs="0"/>
      <ClassStats class="gti.domain.QualityRequirement" sourceFile="QualityRequirement.java" interface="false" size="102" bugs="0"/>
      <ClassStats class="gti.domain.QualityStep" sourceFile="QualityStep.java" interface="false" size="86" bugs="0"/>
      <ClassStats class="gti.domain.QualityStepArticle" sourceFile="QualityStepArticle.java" interface="false" size="62" bugs="0"/>
      <ClassStats class="gti.domain.QualityStepRecord" sourceFile="QualityStepRecord.java" interface="false" size="221" bugs="0"/>
    </PackageStats>
    <PackageStats package="gti.domain.cleanup" total_bugs="3" total_types="2" total_size="77" priority_2="3">
      <ClassStats class="gti.domain.cleanup.QualityCleanUp" sourceFile="QualityCleanUp.java" interface="false" size="49" bugs="2" priority_2="2"/>
      <ClassStats class="gti.domain.cleanup.QualityRecordCleanUp" sourceFile="QualityRecordCleanUp.java" interface="false" size="28" bugs="1" priority_2="1"/>
    </PackageStats>
    <PackageStats package="gti.domain.dao" total_bugs="1" total_types="9" total_size="348" priority_2="1">
      <ClassStats class="gti.domain.dao.QualityActualValueDAO" sourceFile="QualityActualValueDAO.java" interface="false" size="34" bugs="0"/>
      <ClassStats class="gti.domain.dao.QualityLocationDAO" sourceFile="QualityLocationDAO.java" interface="false" size="20" bugs="1" priority_2="1"/>
      <ClassStats class="gti.domain.dao.QualityMeasurementDAO" sourceFile="QualityMeasurementDAO.java" interface="false" size="33" bugs="0"/>
      <ClassStats class="gti.domain.dao.QualityMeasurementRecordDAO" sourceFile="QualityMeasurementRecordDAO.java" interface="false" size="24" bugs="0"/>
      <ClassStats class="gti.domain.dao.QualityMeasurementSubjectDAO" sourceFile="QualityMeasurementSubjectDAO.java" interface="false" size="30" bugs="0"/>
      <ClassStats class="gti.domain.dao.QualityRequirementDAO" sourceFile="QualityRequirementDAO.java" interface="false" size="43" bugs="0"/>
      <ClassStats class="gti.domain.dao.QualityStepArticleDAO" sourceFile="QualityStepArticleDAO.java" interface="false" size="46" bugs="0"/>
      <ClassStats class="gti.domain.dao.QualityStepDAO" sourceFile="QualityStepDAO.java" interface="false" size="29" bugs="0"/>
      <ClassStats class="gti.domain.dao.QualityStepRecordDAO" sourceFile="QualityStepRecordDAO.java" interface="false" size="89" bugs="0"/>
    </PackageStats>
    <PackageStats package="gti.domain.util" total_bugs="1" total_types="3" total_size="197" priority_2="1">
      <ClassStats class="gti.domain.util.QualityMeasurementRecordUtil" sourceFile="QualityMeasurementRecordUtil.java" interface="false" size="39" bugs="0"/>
      <ClassStats class="gti.domain.util.QualityMeasurementUtil" sourceFile="QualityMeasurementUtil.java" interface="false" size="30" bugs="0"/>
      <ClassStats class="gti.domain.util.QualityStepRecordUtil" sourceFile="QualityStepRecordUtil.java" interface="false" size="128" bugs="1" priority_2="1"/>
    </PackageStats>
    <PackageStats package="gti.module" total_bugs="0" total_types="2" total_size="50">
      <ClassStats class="gti.module.QualityModule" sourceFile="QualityModule.java" interface="false" size="16" bugs="0"/>
      <ClassStats class="gti.module.QualityModuleInterface" sourceFile="QualityModuleInterface.java" interface="false" size="34" bugs="0"/>
    </PackageStats>
    <PackageStats package="gti.pfc.action" total_bugs="2" total_types="2" total_size="174" priority_2="1" priority_1="1">
      <ClassStats class="gti.pfc.action.QualityStepActionPlugin" sourceFile="QualityStepActionPlugin.java" interface="false" size="170" bugs="2" priority_2="1" priority_1="1"/>
      <ClassStats class="gti.pfc.action.QualityStepActionPlugin$1" sourceFile="QualityStepActionPlugin.java" interface="false" size="4" bugs="0"/>
    </PackageStats>
    <PackageStats package="gti.quality.context" total_bugs="0" total_types="1" total_size="3">
      <ClassStats class="gti.quality.context.QualityContext" sourceFile="QualityContext.java" interface="false" size="3" bugs="0"/>
    </PackageStats>
    <PackageStats package="gti.quality.dao.plugin" total_bugs="0" total_types="1" total_size="9">
      <ClassStats class="gti.quality.dao.plugin.ArticleDAOPlugin" sourceFile="ArticleDAOPlugin.java" interface="false" size="9" bugs="0"/>
    </PackageStats>
    <PackageStats package="gti.quality.util" total_bugs="0" total_types="5" total_size="178">
      <ClassStats class="gti.quality.util.HowToCheckMethod" sourceFile="HowToCheckMethod.java" interface="false" size="31" bugs="0"/>
      <ClassStats class="gti.quality.util.HowToMeasureMethod" sourceFile="HowToMeasureMethod.java" interface="false" size="31" bugs="0"/>
      <ClassStats class="gti.quality.util.WhenToInputMethod" sourceFile="WhenToInputMethod.java" interface="false" size="23" bugs="0"/>
      <ClassStats class="gti.quality.util.WhenToMeasureMethod" sourceFile="WhenToMeasureMethod.java" interface="false" size="44" bugs="0"/>
      <ClassStats class="gti.quality.util.WhenToMeasureValueExpression" sourceFile="WhenToMeasureValueExpression.java" interface="false" size="49" bugs="0"/>
    </PackageStats>
    <PackageStats package="gti.ui.browser.ui" total_bugs="1" total_types="1" total_size="77" priority_2="1">
      <ClassStats class="gti.ui.browser.ui.BrowserQualityUI" sourceFile="BrowserQualityUI.java" interface="false" size="77" bugs="1" priority_2="1"/>
    </PackageStats>
    <PackageStats package="gti.ui.main" total_bugs="4" total_types="123" total_size="2808" priority_2="4">
      <ClassStats class="gti.ui.main.QualityActualValueForm" sourceFile="QualityActualValueForm.java" interface="false" size="8" bugs="0"/>
      <ClassStats class="gti.ui.main.QualityActualValueModel" sourceFile="QualityActualValueModel.java" interface="false" size="74" bugs="0"/>
      <ClassStats class="gti.ui.main.QualityActualValueModel$1" sourceFile="QualityActualValueModel.java" interface="false" size="26" bugs="0"/>
      <ClassStats class="gti.ui.main.QualityActualValueModel$2" sourceFile="QualityActualValueModel.java" interface="false" size="8" bugs="0"/>
      <ClassStats class="gti.ui.main.QualityActualValueModel$3" sourceFile="QualityActualValueModel.java" interface="false" size="9" bugs="0"/>
      <ClassStats class="gti.ui.main.QualityActualValueModel$4" sourceFile="QualityActualValueModel.java" interface="false" size="9" bugs="0"/>
      <ClassStats class="gti.ui.main.QualityActualValueModel$5" sourceFile="QualityActualValueModel.java" interface="false" size="9" bugs="0"/>
      <ClassStats class="gti.ui.main.QualityActualValueModel$QualityActualValue_ActualValueId_ModelAdapter" sourceFile="QualityActualValueModel.java" interface="false" size="55" bugs="1" priority_2="1"/>
      <ClassStats class="gti.ui.main.QualityActualValueModel$QualityActualValue_Delete_ModelAdapter" sourceFile="QualityActualValueModel.java" interface="false" size="12" bugs="0"/>
      <ClassStats class="gti.ui.main.QualityActualValueModel$QualityActualValue_Id_ModelAdapter" sourceFile="QualityActualValueModel.java" interface="false" size="12" bugs="0"/>
      <ClassStats class="gti.ui.main.QualityActualValueModel$QualityActualValue_New_ModelAdapter" sourceFile="QualityActualValueModel.java" interface="false" size="10" bugs="0"/>
      <ClassStats class="gti.ui.main.QualityActualValueModel$QualityActualValue_New_OK_ModelAdapter" sourceFile="QualityActualValueModel.java" interface="false" size="20" bugs="0"/>
      <ClassStats class="gti.ui.main.QualityActualValueModel$QualityActualValue_ProcessCell_ModelAdapter" sourceFile="QualityActualValueModel.java" interface="false" size="30" bugs="0"/>
      <ClassStats class="gti.ui.main.QualityActualValueModel$QualityActualValue_ShowAllActualValues_ModelAdapter" sourceFile="QualityActualValueModel.java" interface="false" size="18" bugs="0"/>
      <ClassStats class="gti.ui.main.QualityActualValueModel$QualityActualValue_Subject_ModelAdapter" sourceFile="QualityActualValueModel.java" interface="false" size="23" bugs="0"/>
      <ClassStats class="gti.ui.main.QualityActualValueModel$QualityActualValue_Unit_ModelAdapter" sourceFile="QualityActualValueModel.java" interface="false" size="40" bugs="0"/>
      <ClassStats class="gti.ui.main.QualityActualValueView" sourceFile="QualityActualValueView.java" interface="false" size="50" bugs="0"/>
      <ClassStats class="gti.ui.main.QualityArticleInputForm" sourceFile="QualityArticleInputForm.java" interface="false" size="8" bugs="0"/>
      <ClassStats class="gti.ui.main.QualityArticleInputModel" sourceFile="QualityArticleInputModel.java" interface="false" size="165" bugs="1" priority_2="1"/>
      <ClassStats class="gti.ui.main.QualityArticleInputModel$1" sourceFile="QualityArticleInputModel.java" interface="false" size="1" bugs="0"/>
      <ClassStats class="gti.ui.main.QualityArticleInputModel$ChangeAllEnabler" sourceFile="QualityArticleInputModel.java" interface="false" size="9" bugs="0"/>
      <ClassStats class="gti.ui.main.QualityArticleInputModel$EnabledEnabler" sourceFile="QualityArticleInputModel.java" interface="false" size="9" bugs="0"/>
      <ClassStats class="gti.ui.main.QualityArticleInputModel$Filter_ArticleCode_ModelAdapter" sourceFile="QualityArticleInputModel.java" interface="false" size="13" bugs="0"/>
      <ClassStats class="gti.ui.main.QualityArticleInputModel$Filter_ArticleGroup_ModelAdapter" sourceFile="QualityArticleInputModel.java" interface="false" size="13" bugs="0"/>
      <ClassStats class="gti.ui.main.QualityArticleInputModel$Filter_ArticleIsRecipe_ModelAdapter" sourceFile="QualityArticleInputModel.java" interface="false" size="14" bugs="0"/>
      <ClassStats class="gti.ui.main.QualityArticleInputModel$Filter_ArticleName_ModelAdapter" sourceFile="QualityArticleInputModel.java" interface="false" size="13" bugs="0"/>
      <ClassStats class="gti.ui.main.QualityArticleInputModel$Filter_ArticleType_ModelAdapter" sourceFile="QualityArticleInputModel.java" interface="false" size="25" bugs="0"/>
      <ClassStats class="gti.ui.main.QualityArticleInputModel$Filter_StepName_ModelAdapter" sourceFile="QualityArticleInputModel.java" interface="false" size="23" bugs="0"/>
      <ClassStats class="gti.ui.main.QualityArticleInputModel$Filter_SubjectName_ModelAdapter" sourceFile="QualityArticleInputModel.java" interface="false" size="23" bugs="0"/>
      <ClassStats class="gti.ui.main.QualityArticleInputModel$QualityRequirement_Article_Code_ModelAdapter" sourceFile="QualityArticleInputModel.java" interface="false" size="10" bugs="0"/>
      <ClassStats class="gti.ui.main.QualityArticleInputModel$QualityRequirement_Article_Group_ModelAdapter" sourceFile="QualityArticleInputModel.java" interface="false" size="10" bugs="0"/>
      <ClassStats class="gti.ui.main.QualityArticleInputModel$QualityRequirement_Article_Name_ModelAdapter" sourceFile="QualityArticleInputModel.java" interface="false" size="10" bugs="0"/>
      <ClassStats class="gti.ui.main.QualityArticleInputModel$QualityRequirement_Enabled_ModelAdapter" sourceFile="QualityArticleInputModel.java" interface="false" size="14" bugs="0"/>
      <ClassStats class="gti.ui.main.QualityArticleInputModel$QualityRequirement_MaximumRejectTolerance_ChangeAll_ModelAdapter" sourceFile="QualityArticleInputModel.java" interface="false" size="15" bugs="0"/>
      <ClassStats class="gti.ui.main.QualityArticleInputModel$QualityRequirement_MaximumRejectTolerance_ModelAdapter" sourceFile="QualityArticleInputModel.java" interface="false" size="27" bugs="0"/>
      <ClassStats class="gti.ui.main.QualityArticleInputModel$QualityRequirement_MaximumTolerance_ChangeAll_ModelAdapter" sourceFile="QualityArticleInputModel.java" interface="false" size="15" bugs="0"/>
      <ClassStats class="gti.ui.main.QualityArticleInputModel$QualityRequirement_MaximumTolerance_ModelAdapter" sourceFile="QualityArticleInputModel.java" interface="false" size="27" bugs="0"/>
      <ClassStats class="gti.ui.main.QualityArticleInputModel$QualityRequirement_MinimumRejectTolerance_ChangeAll_ModelAdapter" sourceFile="QualityArticleInputModel.java" interface="false" size="15" bugs="0"/>
      <ClassStats class="gti.ui.main.QualityArticleInputModel$QualityRequirement_MinimumRejectTolerance_ModelAdapter" sourceFile="QualityArticleInputModel.java" interface="false" size="27" bugs="0"/>
      <ClassStats class="gti.ui.main.QualityArticleInputModel$QualityRequirement_MinimumTolerance_ChangeAll_ModelAdapter" sourceFile="QualityArticleInputModel.java" interface="false" size="15" bugs="0"/>
      <ClassStats class="gti.ui.main.QualityArticleInputModel$QualityRequirement_MinimumTolerance_ModelAdapter" sourceFile="QualityArticleInputModel.java" interface="false" size="27" bugs="0"/>
      <ClassStats class="gti.ui.main.QualityArticleInputModel$QualityRequirement_RequiredValue_ChangeAll_ModelAdapter" sourceFile="QualityArticleInputModel.java" interface="false" size="14" bugs="0"/>
      <ClassStats class="gti.ui.main.QualityArticleInputModel$QualityRequirement_RequiredValue_ModelAdapter" sourceFile="QualityArticleInputModel.java" interface="false" size="23" bugs="0"/>
      <ClassStats class="gti.ui.main.QualityArticleInputModel$QualityRequirement_Step_Name_ModelAdapter" sourceFile="QualityArticleInputModel.java" interface="false" size="12" bugs="0"/>
      <ClassStats class="gti.ui.main.QualityArticleInputModel$QualityRequirement_Subject_Name_ModelAdapter" sourceFile="QualityArticleInputModel.java" interface="false" size="12" bugs="0"/>
      <ClassStats class="gti.ui.main.QualityArticleInputModel$QualityRequirement_Unit_ModelAdapter" sourceFile="QualityArticleInputModel.java" interface="false" size="9" bugs="0"/>
      <ClassStats class="gti.ui.main.QualityArticleInputModel$RejectToleranceEnabler" sourceFile="QualityArticleInputModel.java" interface="false" size="10" bugs="0"/>
      <ClassStats class="gti.ui.main.QualityArticleInputModel$ToleranceEnabler" sourceFile="QualityArticleInputModel.java" interface="false" size="10" bugs="0"/>
      <ClassStats class="gti.ui.main.QualityArticleInputView" sourceFile="QualityArticleInputView.java" interface="false" size="64" bugs="0"/>
      <ClassStats class="gti.ui.main.QualityArticleLinkForm" sourceFile="QualityArticleLinkForm.java" interface="false" size="8" bugs="0"/>
      <ClassStats class="gti.ui.main.QualityArticleLinkModel" sourceFile="QualityArticleLinkModel.java" interface="false" size="111" bugs="0"/>
      <ClassStats class="gti.ui.main.QualityArticleLinkModel$Filter_ArticleCode_ModelAdapter" sourceFile="QualityArticleLinkModel.java" interface="false" size="13" bugs="0"/>
      <ClassStats class="gti.ui.main.QualityArticleLinkModel$Filter_ArticleGroup_ModelAdapter" sourceFile="QualityArticleLinkModel.java" interface="false" size="13" bugs="0"/>
      <ClassStats class="gti.ui.main.QualityArticleLinkModel$Filter_ArticleIsRecipe_ModelAdapter" sourceFile="QualityArticleLinkModel.java" interface="false" size="14" bugs="0"/>
      <ClassStats class="gti.ui.main.QualityArticleLinkModel$Filter_ArticleName_ModelAdapter" sourceFile="QualityArticleLinkModel.java" interface="false" size="13" bugs="0"/>
      <ClassStats class="gti.ui.main.QualityArticleLinkModel$Filter_ArticleType_ModelAdapter" sourceFile="QualityArticleLinkModel.java" interface="false" size="25" bugs="0"/>
      <ClassStats class="gti.ui.main.QualityArticleLinkModel$LinkEnabler" sourceFile="QualityArticleLinkModel.java" interface="false" size="11" bugs="0"/>
      <ClassStats class="gti.ui.main.QualityArticleLinkModel$QualityArticle_Code_ModelAdapter" sourceFile="QualityArticleLinkModel.java" interface="false" size="10" bugs="0"/>
      <ClassStats class="gti.ui.main.QualityArticleLinkModel$QualityArticle_Group_ModelAdapter" sourceFile="QualityArticleLinkModel.java" interface="false" size="10" bugs="0"/>
      <ClassStats class="gti.ui.main.QualityArticleLinkModel$QualityArticle_Name_ModelAdapter" sourceFile="QualityArticleLinkModel.java" interface="false" size="10" bugs="0"/>
      <ClassStats class="gti.ui.main.QualityArticleLinkModel$QualityStepArticle_Link_ModelAdapter" sourceFile="QualityArticleLinkModel.java" interface="false" size="46" bugs="0"/>
      <ClassStats class="gti.ui.main.QualityArticleLinkView" sourceFile="QualityArticleLinkView.java" interface="false" size="37" bugs="0"/>
      <ClassStats class="gti.ui.main.QualityMeasurementSubjectForm" sourceFile="QualityMeasurementSubjectForm.java" interface="false" size="8" bugs="0"/>
      <ClassStats class="gti.ui.main.QualityMeasurementSubjectModel" sourceFile="QualityMeasurementSubjectModel.java" interface="false" size="49" bugs="0"/>
      <ClassStats class="gti.ui.main.QualityMeasurementSubjectModel$1" sourceFile="QualityMeasurementSubjectModel.java" interface="false" size="8" bugs="0"/>
      <ClassStats class="gti.ui.main.QualityMeasurementSubjectModel$2" sourceFile="QualityMeasurementSubjectModel.java" interface="false" size="9" bugs="0"/>
      <ClassStats class="gti.ui.main.QualityMeasurementSubjectModel$QualityMeasurementSubject_ByStandard_ModelAdapter" sourceFile="QualityMeasurementSubjectModel.java" interface="false" size="15" bugs="0"/>
      <ClassStats class="gti.ui.main.QualityMeasurementSubjectModel$QualityMeasurementSubject_ConvertType_ModelAdapter" sourceFile="QualityMeasurementSubjectModel.java" interface="false" size="11" bugs="0"/>
      <ClassStats class="gti.ui.main.QualityMeasurementSubjectModel$QualityMeasurementSubject_Delete_ModelAdapter" sourceFile="QualityMeasurementSubjectModel.java" interface="false" size="14" bugs="0"/>
      <ClassStats class="gti.ui.main.QualityMeasurementSubjectModel$QualityMeasurementSubject_Description_ModelAdapter" sourceFile="QualityMeasurementSubjectModel.java" interface="false" size="15" bugs="0"/>
      <ClassStats class="gti.ui.main.QualityMeasurementSubjectModel$QualityMeasurementSubject_Format_ModelAdapter" sourceFile="QualityMeasurementSubjectModel.java" interface="false" size="11" bugs="0"/>
      <ClassStats class="gti.ui.main.QualityMeasurementSubjectModel$QualityMeasurementSubject_HowToCheck_ModelAdapter" sourceFile="QualityMeasurementSubjectModel.java" interface="false" size="25" bugs="1" priority_2="1"/>
      <ClassStats class="gti.ui.main.QualityMeasurementSubjectModel$QualityMeasurementSubject_HowToMeasure_ModelAdapter" sourceFile="QualityMeasurementSubjectModel.java" interface="false" size="25" bugs="1" priority_2="1"/>
      <ClassStats class="gti.ui.main.QualityMeasurementSubjectModel$QualityMeasurementSubject_Name_ModelAdapter" sourceFile="QualityMeasurementSubjectModel.java" interface="false" size="13" bugs="0"/>
      <ClassStats class="gti.ui.main.QualityMeasurementSubjectModel$QualityMeasurementSubject_New_ModelAdapter" sourceFile="QualityMeasurementSubjectModel.java" interface="false" size="7" bugs="0"/>
      <ClassStats class="gti.ui.main.QualityMeasurementSubjectModel$QualityMeasurementSubject_New_OK_ModelAdapter" sourceFile="QualityMeasurementSubjectModel.java" interface="false" size="19" bugs="0"/>
      <ClassStats class="gti.ui.main.QualityMeasurementSubjectModel$QualityMeasurementSubject_Quantity_ModelAdapter" sourceFile="QualityMeasurementSubjectModel.java" interface="false" size="11" bugs="0"/>
      <ClassStats class="gti.ui.main.QualityMeasurementSubjectModel$QualityMeasurementSubject_Unit_ModelAdapter" sourceFile="QualityMeasurementSubjectModel.java" interface="false" size="11" bugs="0"/>
      <ClassStats class="gti.ui.main.QualityMeasurementSubjectModel$QualityMeasurementSubject_WhenToInput_ModelAdapter" sourceFile="QualityMeasurementSubjectModel.java" interface="false" size="26" bugs="0"/>
      <ClassStats class="gti.ui.main.QualityMeasurementSubjectView" sourceFile="QualityMeasurementSubjectView.java" interface="false" size="60" bugs="0"/>
      <ClassStats class="gti.ui.main.QualityRecordForm" sourceFile="QualityRecordForm.java" interface="false" size="21" bugs="0"/>
      <ClassStats class="gti.ui.main.QualityRecordModel" sourceFile="QualityRecordModel.java" interface="false" size="18" bugs="0"/>
      <ClassStats class="gti.ui.main.QualityRecordModelDataAdapter" sourceFile="QualityRecordModelDataAdapter.java" interface="false" size="107" bugs="0"/>
      <ClassStats class="gti.ui.main.QualityRecordModelDataAdapter$1" sourceFile="QualityRecordModelDataAdapter.java" interface="false" size="9" bugs="0"/>
      <ClassStats class="gti.ui.main.QualityRecordModelDataAdapter$Filter_FromDate_ModelAdapter" sourceFile="QualityRecordModelDataAdapter.java" interface="false" size="14" bugs="0"/>
      <ClassStats class="gti.ui.main.QualityRecordModelDataAdapter$Filter_Location_ModelAdapter" sourceFile="QualityRecordModelDataAdapter.java" interface="false" size="26" bugs="0"/>
      <ClassStats class="gti.ui.main.QualityRecordModelDataAdapter$Filter_RecordOwner_ModelAdapter" sourceFile="QualityRecordModelDataAdapter.java" interface="false" size="14" bugs="0"/>
      <ClassStats class="gti.ui.main.QualityRecordView" sourceFile="QualityRecordView.java" interface="false" size="97" bugs="0"/>
      <ClassStats class="gti.ui.main.QualityStepForm" sourceFile="QualityStepForm.java" interface="false" size="9" bugs="0"/>
      <ClassStats class="gti.ui.main.QualityStepModel" sourceFile="QualityStepModel.java" interface="false" size="124" bugs="0"/>
      <ClassStats class="gti.ui.main.QualityStepModel$1" sourceFile="QualityStepModel.java" interface="false" size="11" bugs="0"/>
      <ClassStats class="gti.ui.main.QualityStepModel$2" sourceFile="QualityStepModel.java" interface="false" size="8" bugs="0"/>
      <ClassStats class="gti.ui.main.QualityStepModel$3" sourceFile="QualityStepModel.java" interface="false" size="9" bugs="0"/>
      <ClassStats class="gti.ui.main.QualityStepModel$4" sourceFile="QualityStepModel.java" interface="false" size="12" bugs="0"/>
      <ClassStats class="gti.ui.main.QualityStepModel$5" sourceFile="QualityStepModel.java" interface="false" size="12" bugs="0"/>
      <ClassStats class="gti.ui.main.QualityStepModel$6" sourceFile="QualityStepModel.java" interface="false" size="12" bugs="0"/>
      <ClassStats class="gti.ui.main.QualityStepModel$7" sourceFile="QualityStepModel.java" interface="false" size="12" bugs="0"/>
      <ClassStats class="gti.ui.main.QualityStepModel$NewQualityMeasurementSubjectName_ModelAdapter" sourceFile="QualityStepModel.java" interface="false" size="25" bugs="0"/>
      <ClassStats class="gti.ui.main.QualityStepModel$QualityMeasurementSubject_Description_ModelAdapter" sourceFile="QualityStepModel.java" interface="false" size="13" bugs="0"/>
      <ClassStats class="gti.ui.main.QualityStepModel$QualityMeasurementSubject_HowToMeasure_ModelAdapter" sourceFile="QualityStepModel.java" interface="false" size="15" bugs="0"/>
      <ClassStats class="gti.ui.main.QualityStepModel$QualityMeasurementSubject_Name_ModelAdapter" sourceFile="QualityStepModel.java" interface="false" size="13" bugs="0"/>
      <ClassStats class="gti.ui.main.QualityStepModel$QualityMeasurementSubject_Unit_ModelAdapter" sourceFile="QualityStepModel.java" interface="false" size="9" bugs="0"/>
      <ClassStats class="gti.ui.main.QualityStepModel$QualityMeasurement_Delete_ModelAdapter" sourceFile="QualityStepModel.java" interface="false" size="14" bugs="0"/>
      <ClassStats class="gti.ui.main.QualityStepModel$QualityMeasurement_Id_ModelAdapter" sourceFile="QualityStepModel.java" interface="false" size="11" bugs="0"/>
      <ClassStats class="gti.ui.main.QualityStepModel$QualityMeasurement_MaximumRejectTolerance_ModelAdapter" sourceFile="QualityStepModel.java" interface="false" size="21" bugs="0"/>
      <ClassStats class="gti.ui.main.QualityStepModel$QualityMeasurement_MaximumTolerance_ModelAdapter" sourceFile="QualityStepModel.java" interface="false" size="21" bugs="0"/>
      <ClassStats class="gti.ui.main.QualityStepModel$QualityMeasurement_MinimumRejectTolerance_ModelAdapter" sourceFile="QualityStepModel.java" interface="false" size="21" bugs="0"/>
      <ClassStats class="gti.ui.main.QualityStepModel$QualityMeasurement_MinimumTolerance_ModelAdapter" sourceFile="QualityStepModel.java" interface="false" size="21" bugs="0"/>
      <ClassStats class="gti.ui.main.QualityStepModel$QualityMeasurement_New_ModelAdapter" sourceFile="QualityStepModel.java" interface="false" size="12" bugs="0"/>
      <ClassStats class="gti.ui.main.QualityStepModel$QualityMeasurement_New_OK_ModelAdapter" sourceFile="QualityStepModel.java" interface="false" size="26" bugs="0"/>
      <ClassStats class="gti.ui.main.QualityStepModel$QualityMeasurement_RequiredValue_ModelAdapter" sourceFile="QualityStepModel.java" interface="false" size="18" bugs="0"/>
      <ClassStats class="gti.ui.main.QualityStepModel$QualityMeasurement_WhenToInput_ModelAdapter" sourceFile="QualityStepModel.java" interface="false" size="28" bugs="0"/>
      <ClassStats class="gti.ui.main.QualityStepModel$QualityStep_AllowWorkOrderUsage_ModelAdapter" sourceFile="QualityStepModel.java" interface="false" size="15" bugs="0"/>
      <ClassStats class="gti.ui.main.QualityStepModel$QualityStep_Delete_ModelAdapter" sourceFile="QualityStepModel.java" interface="false" size="15" bugs="0"/>
      <ClassStats class="gti.ui.main.QualityStepModel$QualityStep_Description_ModelAdapter" sourceFile="QualityStepModel.java" interface="false" size="15" bugs="0"/>
      <ClassStats class="gti.ui.main.QualityStepModel$QualityStep_Id_ModelAdapter" sourceFile="QualityStepModel.java" interface="false" size="11" bugs="0"/>
      <ClassStats class="gti.ui.main.QualityStepModel$QualityStep_Name_ModelAdapter" sourceFile="QualityStepModel.java" interface="false" size="18" bugs="0"/>
      <ClassStats class="gti.ui.main.QualityStepModel$QualityStep_New_ModelAdapter" sourceFile="QualityStepModel.java" interface="false" size="7" bugs="0"/>
      <ClassStats class="gti.ui.main.QualityStepModel$QualityStep_New_OK_ModelAdapter" sourceFile="QualityStepModel.java" interface="false" size="16" bugs="0"/>
      <ClassStats class="gti.ui.main.QualityStepModel$QualityStep_WhenToMeasureMethod_ModelAdapter" sourceFile="QualityStepModel.java" interface="false" size="29" bugs="0"/>
      <ClassStats class="gti.ui.main.QualityStepModel$QualityStep_WhenToMeasureValueExpression_ModelAdapter" sourceFile="QualityStepModel.java" interface="false" size="31" bugs="0"/>
      <ClassStats class="gti.ui.main.QualityStepModel$QualityStep_WhenToMeasureValue_ModelAdapter" sourceFile="QualityStepModel.java" interface="false" size="18" bugs="0"/>
      <ClassStats class="gti.ui.main.QualityStepView" sourceFile="QualityStepView.java" interface="false" size="97" bugs="0"/>
    </PackageStats>
    <PackageStats package="gti.ui.main.modelAdapters" total_bugs="4" total_types="39" total_size="602" priority_2="3" priority_1="1">
      <ClassStats class="gti.ui.main.modelAdapters.QualityMeasurementRecordModelAdapters" sourceFile="QualityMeasurementRecordModelAdapters.java" interface="false" size="22" bugs="0"/>
      <ClassStats class="gti.ui.main.modelAdapters.QualityMeasurementRecordModelAdapters$1" sourceFile="QualityMeasurementRecordModelAdapters.java" interface="false" size="1" bugs="0"/>
      <ClassStats class="gti.ui.main.modelAdapters.QualityMeasurementRecordModelAdapters$QualityMeasurementRecord_ByStandard_ModelAdapter" sourceFile="QualityMeasurementRecordModelAdapters.java" interface="false" size="11" bugs="0"/>
      <ClassStats class="gti.ui.main.modelAdapters.QualityMeasurementRecordModelAdapters$QualityMeasurementRecord_Description_ModelAdapter" sourceFile="QualityMeasurementRecordModelAdapters.java" interface="false" size="12" bugs="0"/>
      <ClassStats class="gti.ui.main.modelAdapters.QualityMeasurementRecordModelAdapters$QualityMeasurementRecord_Id_ModelAdapter" sourceFile="QualityMeasurementRecordModelAdapters.java" interface="false" size="10" bugs="0"/>
      <ClassStats class="gti.ui.main.modelAdapters.QualityMeasurementRecordModelAdapters$QualityMeasurementRecord_MaximumRejectTolerance_ModelAdapter" sourceFile="QualityMeasurementRecordModelAdapters.java" interface="false" size="16" bugs="0"/>
      <ClassStats class="gti.ui.main.modelAdapters.QualityMeasurementRecordModelAdapters$QualityMeasurementRecord_MaximumTolerance_ModelAdapter" sourceFile="QualityMeasurementRecordModelAdapters.java" interface="false" size="16" bugs="0"/>
      <ClassStats class="gti.ui.main.modelAdapters.QualityMeasurementRecordModelAdapters$QualityMeasurementRecord_MinimumRejectTolerance_ModelAdapter" sourceFile="QualityMeasurementRecordModelAdapters.java" interface="false" size="16" bugs="0"/>
      <ClassStats class="gti.ui.main.modelAdapters.QualityMeasurementRecordModelAdapters$QualityMeasurementRecord_MinimumTolerance_ModelAdapter" sourceFile="QualityMeasurementRecordModelAdapters.java" interface="false" size="16" bugs="0"/>
      <ClassStats class="gti.ui.main.modelAdapters.QualityMeasurementRecordModelAdapters$QualityMeasurementRecord_Name_ModelAdapter" sourceFile="QualityMeasurementRecordModelAdapters.java" interface="false" size="12" bugs="0"/>
      <ClassStats class="gti.ui.main.modelAdapters.QualityMeasurementRecordModelAdapters$QualityMeasurementRecord_RequiredValue_ModelAdapter" sourceFile="QualityMeasurementRecordModelAdapters.java" interface="false" size="15" bugs="0"/>
      <ClassStats class="gti.ui.main.modelAdapters.QualityMeasurementRecordModelAdapters$QualityMeasurementRecord_Unit_ModelAdapter" sourceFile="QualityMeasurementRecordModelAdapters.java" interface="false" size="9" bugs="0"/>
      <ClassStats class="gti.ui.main.modelAdapters.QualityMeasurementRecordModelAdapters$QualityMeasurementRecord_Value_ModelAdapter" sourceFile="QualityMeasurementRecordModelAdapters.java" interface="false" size="33" bugs="0"/>
      <ClassStats class="gti.ui.main.modelAdapters.QualityMeasurementRecordModelAdapters$QualityMeasurementRecord_WhenToInputIsDuringStep_ModelAdapter" sourceFile="QualityMeasurementRecordModelAdapters.java" interface="false" size="20" bugs="0"/>
      <ClassStats class="gti.ui.main.modelAdapters.QualityMeasurementRecordModelAdapters$ReadyEnabler" sourceFile="QualityMeasurementRecordModelAdapters.java" interface="false" size="9" bugs="0"/>
      <ClassStats class="gti.ui.main.modelAdapters.QualityMeasurementRecordModelAdapters$RejectToleranceEnabler" sourceFile="QualityMeasurementRecordModelAdapters.java" interface="false" size="10" bugs="0"/>
      <ClassStats class="gti.ui.main.modelAdapters.QualityMeasurementRecordModelAdapters$ToleranceEnabler" sourceFile="QualityMeasurementRecordModelAdapters.java" interface="false" size="10" bugs="0"/>
      <ClassStats class="gti.ui.main.modelAdapters.QualityStepRecordModelAdapters" sourceFile="QualityStepRecordModelAdapters.java" interface="false" size="25" bugs="0"/>
      <ClassStats class="gti.ui.main.modelAdapters.QualityStepRecordModelAdapters$1" sourceFile="QualityStepRecordModelAdapters.java" interface="false" size="1" bugs="0"/>
      <ClassStats class="gti.ui.main.modelAdapters.QualityStepRecordModelAdapters$QualityStepRecord_Article_Code_ModelAdapter" sourceFile="QualityStepRecordModelAdapters.java" interface="false" size="9" bugs="0"/>
      <ClassStats class="gti.ui.main.modelAdapters.QualityStepRecordModelAdapters$QualityStepRecord_Article_Name_ModelAdapter" sourceFile="QualityStepRecordModelAdapters.java" interface="false" size="9" bugs="0"/>
      <ClassStats class="gti.ui.main.modelAdapters.QualityStepRecordModelAdapters$QualityStepRecord_CreateAggregateRecord_ModelAdapter" sourceFile="QualityStepRecordModelAdapters.java" interface="false" size="34" bugs="0"/>
      <ClassStats class="gti.ui.main.modelAdapters.QualityStepRecordModelAdapters$QualityStepRecord_CreationDate_ModelAdapter" sourceFile="QualityStepRecordModelAdapters.java" interface="false" size="13" bugs="0"/>
      <ClassStats class="gti.ui.main.modelAdapters.QualityStepRecordModelAdapters$QualityStepRecord_DeclareReady_ModelAdapter" sourceFile="QualityStepRecordModelAdapters.java" interface="false" size="72" bugs="0"/>
      <ClassStats class="gti.ui.main.modelAdapters.QualityStepRecordModelAdapters$QualityStepRecord_DeclareStepActionReady_ModelAdapter" sourceFile="QualityStepRecordModelAdapters.java" interface="false" size="32" bugs="3" priority_2="2" priority_1="1"/>
      <ClassStats class="gti.ui.main.modelAdapters.QualityStepRecordModelAdapters$QualityStepRecord_Description_ModelAdapter" sourceFile="QualityStepRecordModelAdapters.java" interface="false" size="11" bugs="0"/>
      <ClassStats class="gti.ui.main.modelAdapters.QualityStepRecordModelAdapters$QualityStepRecord_Id_ModelAdapter" sourceFile="QualityStepRecordModelAdapters.java" interface="false" size="10" bugs="0"/>
      <ClassStats class="gti.ui.main.modelAdapters.QualityStepRecordModelAdapters$QualityStepRecord_IsReady_ModelAdapter" sourceFile="QualityStepRecordModelAdapters.java" interface="false" size="15" bugs="0"/>
      <ClassStats class="gti.ui.main.modelAdapters.QualityStepRecordModelAdapters$QualityStepRecord_LocationName_ModelAdapter" sourceFile="QualityStepRecordModelAdapters.java" interface="false" size="12" bugs="1" priority_2="1"/>
      <ClassStats class="gti.ui.main.modelAdapters.QualityStepRecordModelAdapters$QualityStepRecord_Name_ModelAdapter" sourceFile="QualityStepRecordModelAdapters.java" interface="false" size="11" bugs="0"/>
      <ClassStats class="gti.ui.main.modelAdapters.QualityStepRecordModelAdapters$QualityStepRecord_OwnerDescription_ModelAdapter" sourceFile="QualityStepRecordModelAdapters.java" interface="false" size="11" bugs="0"/>
      <ClassStats class="gti.ui.main.modelAdapters.QualityStepRecordModelAdapters$QualityStepRecord_OwnerId_ModelAdapter" sourceFile="QualityStepRecordModelAdapters.java" interface="false" size="12" bugs="0"/>
      <ClassStats class="gti.ui.main.modelAdapters.QualityStepRecordModelAdapters$QualityStepRecord_OwnerType_ModelAdapter" sourceFile="QualityStepRecordModelAdapters.java" interface="false" size="12" bugs="0"/>
      <ClassStats class="gti.ui.main.modelAdapters.QualityStepRecordModelAdapters$QualityStepRecord_OwnerWorkOrderId_ModelAdapter" sourceFile="QualityStepRecordModelAdapters.java" interface="false" size="11" bugs="0"/>
      <ClassStats class="gti.ui.main.modelAdapters.QualityStepRecordModelAdapters$QualityStepRecord_SequenceNumber_ModelAdapter" sourceFile="QualityStepRecordModelAdapters.java" interface="false" size="11" bugs="0"/>
      <ClassStats class="gti.ui.main.modelAdapters.QualityStepRecordModelAdapters$QualityStepRecord_StopDate_ModelAdapter" sourceFile="QualityStepRecordModelAdapters.java" interface="false" size="13" bugs="0"/>
      <ClassStats class="gti.ui.main.modelAdapters.QualityStepRecordModelAdapters$QualityStepRecord_Text_ModelAdapter" sourceFile="QualityStepRecordModelAdapters.java" interface="false" size="13" bugs="0"/>
      <ClassStats class="gti.ui.main.modelAdapters.QualityStepRecordModelAdapters$QualityStepRecord_ToAggregate_ModelAdapter" sourceFile="QualityStepRecordModelAdapters.java" interface="false" size="18" bugs="0"/>
      <ClassStats class="gti.ui.main.modelAdapters.QualityStepRecordModelAdapters$ReadyEnabler" sourceFile="QualityStepRecordModelAdapters.java" interface="false" size="9" bugs="0"/>
    </PackageStats>
    <FindBugsProfile>
      <ClassProfile name="com.mebigfatguy.fbcontrib.detect.DateComparison" totalMilliseconds="11" invocations="197" avgMicrosecondsPerInvocation="56" maxMicrosecondsPerInvocation="1619" standardDeviationMircosecondsPerInvocation="122"/>
      <ClassProfile name="com.mebigfatguy.fbcontrib.detect.NonCollectionMethodUse" totalMilliseconds="11" invocations="197" avgMicrosecondsPerInvocation="56" maxMicrosecondsPerInvocation="335" standardDeviationMircosecondsPerInvocation="54"/>
      <ClassProfile name="edu.umd.cs.findbugs.detect.XMLFactoryBypass" totalMilliseconds="11" invocations="197" avgMicrosecondsPerInvocation="58" maxMicrosecondsPerInvocation="487" standardDeviationMircosecondsPerInvocation="64"/>
      <ClassProfile name="edu.umd.cs.findbugs.detect.SuspiciousThreadInterrupted" totalMilliseconds="11" invocations="197" avgMicrosecondsPerInvocation="58" maxMicrosecondsPerInvocation="360" standardDeviationMircosecondsPerInvocation="61"/>
      <ClassProfile name="com.mebigfatguy.fbcontrib.detect.DeclaredRuntimeException" totalMilliseconds="11" invocations="197" avgMicrosecondsPerInvocation="58" maxMicrosecondsPerInvocation="1973" standardDeviationMircosecondsPerInvocation="198"/>
      <ClassProfile name="edu.umd.cs.findbugs.detect.FindFinalizeInvocations" totalMilliseconds="11" invocations="197" avgMicrosecondsPerInvocation="60" maxMicrosecondsPerInvocation="2914" standardDeviationMircosecondsPerInvocation="209"/>
      <ClassProfile name="edu.umd.cs.findbugs.detect.FindSpinLoop" totalMilliseconds="12" invocations="197" avgMicrosecondsPerInvocation="63" maxMicrosecondsPerInvocation="430" standardDeviationMircosecondsPerInvocation="63"/>
      <ClassProfile name="com.mebigfatguy.fbcontrib.detect.UnnecessaryStoreBeforeReturn" totalMilliseconds="13" invocations="197" avgMicrosecondsPerInvocation="65" maxMicrosecondsPerInvocation="1546" standardDeviationMircosecondsPerInvocation="121"/>
      <ClassProfile name="edu.umd.cs.findbugs.detect.StaticCalendarDetector" totalMilliseconds="13" invocations="197" avgMicrosecondsPerInvocation="65" maxMicrosecondsPerInvocation="2073" standardDeviationMircosecondsPerInvocation="154"/>
      <ClassProfile name="edu.umd.cs.findbugs.detect.LazyInit" totalMilliseconds="13" invocations="197" avgMicrosecondsPerInvocation="66" maxMicrosecondsPerInvocation="7320" standardDeviationMircosecondsPerInvocation="524"/>
      <ClassProfile name="edu.umd.cs.findbugs.detect.FindEmptySynchronizedBlock" totalMilliseconds="13" invocations="197" avgMicrosecondsPerInvocation="66" maxMicrosecondsPerInvocation="335" standardDeviationMircosecondsPerInvocation="48"/>
      <ClassProfile name="edu.umd.cs.findbugs.classfile.engine.bcel.LockDataflowFactory" totalMilliseconds="13" invocations="9" avgMicrosecondsPerInvocation="1472" maxMicrosecondsPerInvocation="5096" standardDeviationMircosecondsPerInvocation="1466"/>
      <ClassProfile name="com.mebigfatguy.fbcontrib.detect.NeedlessAutoboxing" totalMilliseconds="13" invocations="197" avgMicrosecondsPerInvocation="67" maxMicrosecondsPerInvocation="1721" standardDeviationMircosecondsPerInvocation="134"/>
      <ClassProfile name="edu.umd.cs.findbugs.detect.DoInsideDoPrivileged" totalMilliseconds="13" invocations="197" avgMicrosecondsPerInvocation="69" maxMicrosecondsPerInvocation="408" standardDeviationMircosecondsPerInvocation="57"/>
      <ClassProfile name="com.mebigfatguy.fbcontrib.detect.NeedlessInstanceRetrieval" totalMilliseconds="13" invocations="197" avgMicrosecondsPerInvocation="70" maxMicrosecondsPerInvocation="1698" standardDeviationMircosecondsPerInvocation="131"/>
      <ClassProfile name="com.mebigfatguy.fbcontrib.detect.UnrelatedReturnValues" totalMilliseconds="14" invocations="197" avgMicrosecondsPerInvocation="71" maxMicrosecondsPerInvocation="2097" standardDeviationMircosecondsPerInvocation="159"/>
      <ClassProfile name="com.mebigfatguy.fbcontrib.detect.FloatingPointLoops" totalMilliseconds="14" invocations="197" avgMicrosecondsPerInvocation="72" maxMicrosecondsPerInvocation="2580" standardDeviationMircosecondsPerInvocation="188"/>
      <ClassProfile name="edu.umd.cs.findbugs.detect.WrongMapIterator" totalMilliseconds="15" invocations="197" avgMicrosecondsPerInvocation="78" maxMicrosecondsPerInvocation="406" standardDeviationMircosecondsPerInvocation="64"/>
      <ClassProfile name="edu.umd.cs.findbugs.detect.ReadReturnShouldBeChecked" totalMilliseconds="15" invocations="197" avgMicrosecondsPerInvocation="78" maxMicrosecondsPerInvocation="434" standardDeviationMircosecondsPerInvocation="74"/>
      <ClassProfile name="com.mebigfatguy.fbcontrib.detect.ArrayWrappedCallByReference" totalMilliseconds="16" invocations="197" avgMicrosecondsPerInvocation="81" maxMicrosecondsPerInvocation="1126" standardDeviationMircosecondsPerInvocation="111"/>
      <ClassProfile name="edu.umd.cs.findbugs.detect.FindUnsyncGet" totalMilliseconds="17" invocations="197" avgMicrosecondsPerInvocation="91" maxMicrosecondsPerInvocation="543" standardDeviationMircosecondsPerInvocation="70"/>
      <ClassProfile name="edu.umd.cs.findbugs.detect.FindNonSerializableStoreIntoSession" totalMilliseconds="18" invocations="197" avgMicrosecondsPerInvocation="91" maxMicrosecondsPerInvocation="890" standardDeviationMircosecondsPerInvocation="96"/>
      <ClassProfile name="edu.umd.cs.findbugs.detect.Methods" totalMilliseconds="18" invocations="556" avgMicrosecondsPerInvocation="33" maxMicrosecondsPerInvocation="1009" standardDeviationMircosecondsPerInvocation="70"/>
      <ClassProfile name="com.mebigfatguy.fbcontrib.detect.InheritanceTypeChecking" totalMilliseconds="18" invocations="197" avgMicrosecondsPerInvocation="94" maxMicrosecondsPerInvocation="2763" standardDeviationMircosecondsPerInvocation="205"/>
      <ClassProfile name="com.mebigfatguy.fbcontrib.detect.NeedlessMemberCollectionSynchronization" totalMilliseconds="18" invocations="197" avgMicrosecondsPerInvocation="94" maxMicrosecondsPerInvocation="2498" standardDeviationMircosecondsPerInvocation="216"/>
      <ClassProfile name="com.mebigfatguy.fbcontrib.detect.UseCharacterParameterizedMethod" totalMilliseconds="18" invocations="197" avgMicrosecondsPerInvocation="94" maxMicrosecondsPerInvocation="810" standardDeviationMircosecondsPerInvocation="114"/>
      <ClassProfile name="edu.umd.cs.findbugs.detect.FindBugsSummaryStats" totalMilliseconds="18" invocations="556" avgMicrosecondsPerInvocation="33" maxMicrosecondsPerInvocation="2527" standardDeviationMircosecondsPerInvocation="109"/>
      <ClassProfile name="edu.umd.cs.findbugs.detect.FindBadCast2" totalMilliseconds="21" invocations="197" avgMicrosecondsPerInvocation="108" maxMicrosecondsPerInvocation="1675" standardDeviationMircosecondsPerInvocation="221"/>
      <ClassProfile name="edu.umd.cs.findbugs.util.TopologicalSort" totalMilliseconds="22" invocations="198" avgMicrosecondsPerInvocation="115" maxMicrosecondsPerInvocation="8009" standardDeviationMircosecondsPerInvocation="565"/>
      <ClassProfile name="edu.umd.cs.findbugs.detect.DuplicateBranches" totalMilliseconds="23" invocations="197" avgMicrosecondsPerInvocation="117" maxMicrosecondsPerInvocation="1608" standardDeviationMircosecondsPerInvocation="203"/>
      <ClassProfile name="edu.umd.cs.findbugs.detect.FindSelfComparison2" totalMilliseconds="23" invocations="197" avgMicrosecondsPerInvocation="117" maxMicrosecondsPerInvocation="898" standardDeviationMircosecondsPerInvocation="109"/>
      <ClassProfile name="com.mebigfatguy.fbcontrib.detect.UnnecessaryNewNullCheck" totalMilliseconds="23" invocations="197" avgMicrosecondsPerInvocation="120" maxMicrosecondsPerInvocation="1354" standardDeviationMircosecondsPerInvocation="167"/>
      <ClassProfile name="edu.umd.cs.findbugs.detect.NoteCheckReturnValueAnnotations" totalMilliseconds="24" invocations="556" avgMicrosecondsPerInvocation="43" maxMicrosecondsPerInvocation="1083" standardDeviationMircosecondsPerInvocation="87"/>
      <ClassProfile name="gti.findbugs.ObjectUtilEqualsChecker" totalMilliseconds="24" invocations="197" avgMicrosecondsPerInvocation="125" maxMicrosecondsPerInvocation="979" standardDeviationMircosecondsPerInvocation="144"/>
      <ClassProfile name="edu.umd.cs.findbugs.detect.FindNullDerefsInvolvingNonShortCircuitEvaluation" totalMilliseconds="24" invocations="197" avgMicrosecondsPerInvocation="126" maxMicrosecondsPerInvocation="927" standardDeviationMircosecondsPerInvocation="150"/>
      <ClassProfile name="edu.umd.cs.findbugs.detect.SynchronizeOnClassLiteralNotGetClass" totalMilliseconds="25" invocations="197" avgMicrosecondsPerInvocation="127" maxMicrosecondsPerInvocation="1056" standardDeviationMircosecondsPerInvocation="152"/>
      <ClassProfile name="com.mebigfatguy.fbcontrib.detect.InconsistentKeyNameCasing" totalMilliseconds="25" invocations="197" avgMicrosecondsPerInvocation="129" maxMicrosecondsPerInvocation="955" standardDeviationMircosecondsPerInvocation="159"/>
      <ClassProfile name="edu.umd.cs.findbugs.detect.NoteAnnotationRetention" totalMilliseconds="26" invocations="556" avgMicrosecondsPerInvocation="46" maxMicrosecondsPerInvocation="1073" standardDeviationMircosecondsPerInvocation="79"/>
      <ClassProfile name="com.mebigfatguy.fbcontrib.detect.ImproperPropertiesUse" totalMilliseconds="26" invocations="197" avgMicrosecondsPerInvocation="132" maxMicrosecondsPerInvocation="1013" standardDeviationMircosecondsPerInvocation="157"/>
      <ClassProfile name="edu.umd.cs.findbugs.classfile.engine.asm.ClassReaderAnalysisEngine" totalMilliseconds="26" invocations="1705" avgMicrosecondsPerInvocation="15" maxMicrosecondsPerInvocation="8020" standardDeviationMircosecondsPerInvocation="194"/>
      <ClassProfile name="edu.umd.cs.findbugs.detect.Naming" totalMilliseconds="27" invocations="197" avgMicrosecondsPerInvocation="138" maxMicrosecondsPerInvocation="1293" standardDeviationMircosecondsPerInvocation="115"/>
      <ClassProfile name="edu.umd.cs.findbugs.classfile.engine.bcel.LoadedFieldSetFactory" totalMilliseconds="27" invocations="1009" avgMicrosecondsPerInvocation="27" maxMicrosecondsPerInvocation="1506" standardDeviationMircosecondsPerInvocation="59"/>
      <ClassProfile name="com.mebigfatguy.fbcontrib.detect.DubiousSetOfCollections" totalMilliseconds="27" invocations="197" avgMicrosecondsPerInvocation="141" maxMicrosecondsPerInvocation="1059" standardDeviationMircosecondsPerInvocation="167"/>
      <ClassProfile name="com.mebigfatguy.fbcontrib.detect.TailRecursion" totalMilliseconds="27" invocations="197" avgMicrosecondsPerInvocation="142" maxMicrosecondsPerInvocation="945" standardDeviationMircosecondsPerInvocation="161"/>
      <ClassProfile name="com.mebigfatguy.fbcontrib.detect.UseVarArgs" totalMilliseconds="28" invocations="197" avgMicrosecondsPerInvocation="144" maxMicrosecondsPerInvocation="24171" standardDeviationMircosecondsPerInvocation="1716"/>
      <ClassProfile name="edu.umd.cs.findbugs.detect.SynchronizationOnSharedBuiltinConstant" totalMilliseconds="28" invocations="197" avgMicrosecondsPerInvocation="145" maxMicrosecondsPerInvocation="2692" standardDeviationMircosecondsPerInvocation="234"/>
      <ClassProfile name="edu.umd.cs.findbugs.detect.NoteNonNullAnnotations" totalMilliseconds="29" invocations="556" avgMicrosecondsPerInvocation="52" maxMicrosecondsPerInvocation="1165" standardDeviationMircosecondsPerInvocation="84"/>
      <ClassProfile name="com.mebigfatguy.fbcontrib.detect.SuspiciousWaitOnConcurrentObject" totalMilliseconds="29" invocations="197" avgMicrosecondsPerInvocation="150" maxMicrosecondsPerInvocation="1092" standardDeviationMircosecondsPerInvocation="168"/>
      <ClassProfile name="com.mebigfatguy.fbcontrib.detect.CustomBuiltXML" totalMilliseconds="30" invocations="197" avgMicrosecondsPerInvocation="152" maxMicrosecondsPerInvocation="1180" standardDeviationMircosecondsPerInvocation="181"/>
      <ClassProfile name="edu.umd.cs.findbugs.detect.InfiniteRecursiveLoop" totalMilliseconds="30" invocations="197" avgMicrosecondsPerInvocation="153" maxMicrosecondsPerInvocation="1123" standardDeviationMircosecondsPerInvocation="183"/>
      <ClassProfile name="com.mebigfatguy.fbcontrib.detect.SpuriousThreadStates" totalMilliseconds="30" invocations="197" avgMicrosecondsPerInvocation="153" maxMicrosecondsPerInvocation="1110" standardDeviationMircosecondsPerInvocation="157"/>
      <ClassProfile name="edu.umd.cs.findbugs.detect.FormatStringChecker" totalMilliseconds="30" invocations="197" avgMicrosecondsPerInvocation="155" maxMicrosecondsPerInvocation="1053" standardDeviationMircosecondsPerInvocation="175"/>
      <ClassProfile name="com.mebigfatguy.fbcontrib.detect.ConstantListIndex" totalMilliseconds="31" invocations="197" avgMicrosecondsPerInvocation="158" maxMicrosecondsPerInvocation="1611" standardDeviationMircosecondsPerInvocation="201"/>
      <ClassProfile name="com.mebigfatguy.fbcontrib.detect.DubiousListCollection" totalMilliseconds="31" invocations="197" avgMicrosecondsPerInvocation="158" maxMicrosecondsPerInvocation="1829" standardDeviationMircosecondsPerInvocation="212"/>
      <ClassProfile name="com.mebigfatguy.fbcontrib.detect.MethodReturnsConstant" totalMilliseconds="31" invocations="197" avgMicrosecondsPerInvocation="158" maxMicrosecondsPerInvocation="24060" standardDeviationMircosecondsPerInvocation="1708"/>
      <ClassProfile name="edu.umd.cs.findbugs.detect.NoteJCIPAnnotation" totalMilliseconds="31" invocations="556" avgMicrosecondsPerInvocation="56" maxMicrosecondsPerInvocation="1089" standardDeviationMircosecondsPerInvocation="81"/>
      <ClassProfile name="com.mebigfatguy.fbcontrib.detect.InappropriateToStringUse" totalMilliseconds="31" invocations="197" avgMicrosecondsPerInvocation="160" maxMicrosecondsPerInvocation="1124" standardDeviationMircosecondsPerInvocation="186"/>
      <ClassProfile name="edu.umd.cs.findbugs.detect.CrossSiteScripting" totalMilliseconds="31" invocations="197" avgMicrosecondsPerInvocation="160" maxMicrosecondsPerInvocation="1095" standardDeviationMircosecondsPerInvocation="173"/>
      <ClassProfile name="edu.umd.cs.findbugs.detect.ReadOfInstanceFieldInMethodInvokedByConstructorInSuperclass" totalMilliseconds="32" invocations="197" avgMicrosecondsPerInvocation="164" maxMicrosecondsPerInvocation="1289" standardDeviationMircosecondsPerInvocation="178"/>
      <ClassProfile name="edu.umd.cs.findbugs.detect.ConfusionBetweenInheritedAndOuterMethod" totalMilliseconds="33" invocations="197" avgMicrosecondsPerInvocation="168" maxMicrosecondsPerInvocation="25497" standardDeviationMircosecondsPerInvocation="1809"/>
      <ClassProfile name="edu.umd.cs.findbugs.detect.BadSyntaxForRegularExpression" totalMilliseconds="33" invocations="197" avgMicrosecondsPerInvocation="171" maxMicrosecondsPerInvocation="1069" standardDeviationMircosecondsPerInvocation="179"/>
      <ClassProfile name="edu.umd.cs.findbugs.detect.FindNonShortCircuit" totalMilliseconds="34" invocations="197" avgMicrosecondsPerInvocation="174" maxMicrosecondsPerInvocation="1235" standardDeviationMircosecondsPerInvocation="195"/>
      <ClassProfile name="com.mebigfatguy.fbcontrib.detect.LoggerOddities" totalMilliseconds="35" invocations="197" avgMicrosecondsPerInvocation="178" maxMicrosecondsPerInvocation="1077" standardDeviationMircosecondsPerInvocation="158"/>
      <ClassProfile name="com.mebigfatguy.fbcontrib.detect.ListIndexedIterating" totalMilliseconds="35" invocations="197" avgMicrosecondsPerInvocation="179" maxMicrosecondsPerInvocation="16093" standardDeviationMircosecondsPerInvocation="1182"/>
      <ClassProfile name="edu.umd.cs.findbugs.detect.DumbMethodInvocations" totalMilliseconds="35" invocations="197" avgMicrosecondsPerInvocation="182" maxMicrosecondsPerInvocation="2107" standardDeviationMircosecondsPerInvocation="223"/>
      <ClassProfile name="com.mebigfatguy.fbcontrib.detect.UseToArray" totalMilliseconds="36" invocations="197" avgMicrosecondsPerInvocation="185" maxMicrosecondsPerInvocation="1279" standardDeviationMircosecondsPerInvocation="221"/>
      <ClassProfile name="com.mebigfatguy.fbcontrib.detect.PossibleConstantAllocationInLoop" totalMilliseconds="36" invocations="197" avgMicrosecondsPerInvocation="186" maxMicrosecondsPerInvocation="1249" standardDeviationMircosecondsPerInvocation="210"/>
      <ClassProfile name="edu.umd.cs.findbugs.detect.FindUnrelatedTypesInGenericContainer" totalMilliseconds="37" invocations="197" avgMicrosecondsPerInvocation="188" maxMicrosecondsPerInvocation="1142" standardDeviationMircosecondsPerInvocation="157"/>
      <ClassProfile name="edu.umd.cs.findbugs.detect.FindLocalSelfAssignment2" totalMilliseconds="38" invocations="197" avgMicrosecondsPerInvocation="194" maxMicrosecondsPerInvocation="24192" standardDeviationMircosecondsPerInvocation="1715"/>
      <ClassProfile name="edu.umd.cs.findbugs.detect.NoteUnconditionalParamDerefs" totalMilliseconds="38" invocations="197" avgMicrosecondsPerInvocation="194" maxMicrosecondsPerInvocation="3953" standardDeviationMircosecondsPerInvocation="344"/>
      <ClassProfile name="edu.umd.cs.findbugs.detect.FindMaskedFields" totalMilliseconds="38" invocations="197" avgMicrosecondsPerInvocation="196" maxMicrosecondsPerInvocation="24360" standardDeviationMircosecondsPerInvocation="1726"/>
      <ClassProfile name="edu.umd.cs.findbugs.detect.NoteSuppressedWarnings" totalMilliseconds="39" invocations="556" avgMicrosecondsPerInvocation="70" maxMicrosecondsPerInvocation="1451" standardDeviationMircosecondsPerInvocation="110"/>
      <ClassProfile name="edu.umd.cs.findbugs.detect.InfiniteLoop" totalMilliseconds="39" invocations="197" avgMicrosecondsPerInvocation="199" maxMicrosecondsPerInvocation="1537" standardDeviationMircosecondsPerInvocation="246"/>
      <ClassProfile name="edu.umd.cs.findbugs.detect.LostLoggerDueToWeakReference" totalMilliseconds="39" invocations="197" avgMicrosecondsPerInvocation="200" maxMicrosecondsPerInvocation="7413" standardDeviationMircosecondsPerInvocation="547"/>
      <ClassProfile name="gti.findbugs.TranslationFormatStringChecker" totalMilliseconds="39" invocations="197" avgMicrosecondsPerInvocation="200" maxMicrosecondsPerInvocation="4963" standardDeviationMircosecondsPerInvocation="402"/>
      <ClassProfile name="edu.umd.cs.findbugs.detect.StringConcatenation" totalMilliseconds="40" invocations="197" avgMicrosecondsPerInvocation="204" maxMicrosecondsPerInvocation="28269" standardDeviationMircosecondsPerInvocation="2005"/>
      <ClassProfile name="edu.umd.cs.findbugs.detect.MethodReturnCheck" totalMilliseconds="40" invocations="197" avgMicrosecondsPerInvocation="207" maxMicrosecondsPerInvocation="1306" standardDeviationMircosecondsPerInvocation="216"/>
      <ClassProfile name="edu.umd.cs.findbugs.detect.RepeatedConditionals" totalMilliseconds="41" invocations="197" avgMicrosecondsPerInvocation="210" maxMicrosecondsPerInvocation="2307" standardDeviationMircosecondsPerInvocation="263"/>
      <ClassProfile name="com.mebigfatguy.fbcontrib.detect.LiteralStringComparison" totalMilliseconds="41" invocations="197" avgMicrosecondsPerInvocation="211" maxMicrosecondsPerInvocation="24161" standardDeviationMircosecondsPerInvocation="1714"/>
      <ClassProfile name="edu.umd.cs.findbugs.detect.FindSqlInjection" totalMilliseconds="41" invocations="197" avgMicrosecondsPerInvocation="212" maxMicrosecondsPerInvocation="1825" standardDeviationMircosecondsPerInvocation="244"/>
      <ClassProfile name="edu.umd.cs.findbugs.classfile.engine.bcel.ClassContextClassAnalysisEngine" totalMilliseconds="42" invocations="1228" avgMicrosecondsPerInvocation="34" maxMicrosecondsPerInvocation="26406" standardDeviationMircosecondsPerInvocation="752"/>
      <ClassProfile name="com.mebigfatguy.fbcontrib.detect.WriteOnlyCollection" totalMilliseconds="43" invocations="197" avgMicrosecondsPerInvocation="220" maxMicrosecondsPerInvocation="1507" standardDeviationMircosecondsPerInvocation="251"/>
      <ClassProfile name="edu.umd.cs.findbugs.detect.CloneIdiom" totalMilliseconds="43" invocations="197" avgMicrosecondsPerInvocation="222" maxMicrosecondsPerInvocation="35743" standardDeviationMircosecondsPerInvocation="2537"/>
      <ClassProfile name="edu.umd.cs.findbugs.detect.FindUncalledPrivateMethods" totalMilliseconds="44" invocations="197" avgMicrosecondsPerInvocation="224" maxMicrosecondsPerInvocation="20383" standardDeviationMircosecondsPerInvocation="1442"/>
      <ClassProfile name="com.mebigfatguy.fbcontrib.detect.UseEnumCollections" totalMilliseconds="46" invocations="197" avgMicrosecondsPerInvocation="236" maxMicrosecondsPerInvocation="13862" standardDeviationMircosecondsPerInvocation="991"/>
      <ClassProfile name="edu.umd.cs.findbugs.detect.IDivResultCastToDouble" totalMilliseconds="46" invocations="197" avgMicrosecondsPerInvocation="237" maxMicrosecondsPerInvocation="36087" standardDeviationMircosecondsPerInvocation="2561"/>
      <ClassProfile name="edu.umd.cs.findbugs.detect.FindUnsatisfiedObligation" totalMilliseconds="47" invocations="197" avgMicrosecondsPerInvocation="239" maxMicrosecondsPerInvocation="38268" standardDeviationMircosecondsPerInvocation="2716"/>
      <ClassProfile name="gti.findbugs.SwitchOnEnum" totalMilliseconds="47" invocations="197" avgMicrosecondsPerInvocation="242" maxMicrosecondsPerInvocation="2367" standardDeviationMircosecondsPerInvocation="270"/>
      <ClassProfile name="com.mebigfatguy.fbcontrib.detect.LocalSynchronizedCollection" totalMilliseconds="48" invocations="197" avgMicrosecondsPerInvocation="246" maxMicrosecondsPerInvocation="1722" standardDeviationMircosecondsPerInvocation="270"/>
      <ClassProfile name="com.mebigfatguy.fbcontrib.detect.Section508Compliance" totalMilliseconds="49" invocations="197" avgMicrosecondsPerInvocation="249" maxMicrosecondsPerInvocation="1756" standardDeviationMircosecondsPerInvocation="259"/>
      <ClassProfile name="edu.umd.cs.findbugs.detect.FindPuzzlers" totalMilliseconds="49" invocations="197" avgMicrosecondsPerInvocation="250" maxMicrosecondsPerInvocation="1700" standardDeviationMircosecondsPerInvocation="280"/>
      <ClassProfile name="edu.umd.cs.findbugs.classfile.engine.bcel.ReverseDepthFirstSearchFactory" totalMilliseconds="50" invocations="984" avgMicrosecondsPerInvocation="51" maxMicrosecondsPerInvocation="24066" standardDeviationMircosecondsPerInvocation="766"/>
      <ClassProfile name="edu.umd.cs.findbugs.detect.FindFloatEquality" totalMilliseconds="56" invocations="197" avgMicrosecondsPerInvocation="285" maxMicrosecondsPerInvocation="28861" standardDeviationMircosecondsPerInvocation="2046"/>
      <ClassProfile name="com.mebigfatguy.fbcontrib.detect.StaticMethodInstanceInvocation" totalMilliseconds="56" invocations="197" avgMicrosecondsPerInvocation="287" maxMicrosecondsPerInvocation="32929" standardDeviationMircosecondsPerInvocation="2337"/>
      <ClassProfile name="edu.umd.cs.findbugs.detect.NoteCheckReturnValue" totalMilliseconds="57" invocations="556" avgMicrosecondsPerInvocation="103" maxMicrosecondsPerInvocation="32400" standardDeviationMircosecondsPerInvocation="1373"/>
      <ClassProfile name="edu.umd.cs.findbugs.detect.FindFieldSelfAssignment" totalMilliseconds="57" invocations="197" avgMicrosecondsPerInvocation="293" maxMicrosecondsPerInvocation="29957" standardDeviationMircosecondsPerInvocation="2124"/>
      <ClassProfile name="edu.umd.cs.findbugs.detect.FindReturnRef" totalMilliseconds="58" invocations="197" avgMicrosecondsPerInvocation="295" maxMicrosecondsPerInvocation="40362" standardDeviationMircosecondsPerInvocation="2865"/>
      <ClassProfile name="com.mebigfatguy.fbcontrib.detect.SuspiciousClusteredSessionSupport" totalMilliseconds="58" invocations="197" avgMicrosecondsPerInvocation="298" maxMicrosecondsPerInvocation="12136" standardDeviationMircosecondsPerInvocation="879"/>
      <ClassProfile name="edu.umd.cs.findbugs.detect.SynchronizingOnContentsOfFieldToProtectField" totalMilliseconds="59" invocations="197" avgMicrosecondsPerInvocation="299" maxMicrosecondsPerInvocation="29586" standardDeviationMircosecondsPerInvocation="2097"/>
      <ClassProfile name="edu.umd.cs.findbugs.detect.WaitInLoop" totalMilliseconds="59" invocations="197" avgMicrosecondsPerInvocation="300" maxMicrosecondsPerInvocation="47399" standardDeviationMircosecondsPerInvocation="3364"/>
      <ClassProfile name="edu.umd.cs.findbugs.detect.AppendingToAnObjectOutputStream" totalMilliseconds="60" invocations="197" avgMicrosecondsPerInvocation="306" maxMicrosecondsPerInvocation="32749" standardDeviationMircosecondsPerInvocation="2322"/>
      <ClassProfile name="edu.umd.cs.findbugs.classfile.engine.bcel.DepthFirstSearchFactory" totalMilliseconds="61" invocations="1237" avgMicrosecondsPerInvocation="50" maxMicrosecondsPerInvocation="29737" standardDeviationMircosecondsPerInvocation="845"/>
      <ClassProfile name="com.mebigfatguy.fbcontrib.detect.JDBCVendorReliance" totalMilliseconds="62" invocations="197" avgMicrosecondsPerInvocation="316" maxMicrosecondsPerInvocation="19130" standardDeviationMircosecondsPerInvocation="1365"/>
      <ClassProfile name="com.mebigfatguy.fbcontrib.detect.UnrelatedCollectionContents" totalMilliseconds="63" invocations="197" avgMicrosecondsPerInvocation="323" maxMicrosecondsPerInvocation="24389" standardDeviationMircosecondsPerInvocation="1734"/>
      <ClassProfile name="com.mebigfatguy.fbcontrib.detect.ConfusingAutoboxedOverloading" totalMilliseconds="67" invocations="197" avgMicrosecondsPerInvocation="341" maxMicrosecondsPerInvocation="44286" standardDeviationMircosecondsPerInvocation="3139"/>
      <ClassProfile name="com.mebigfatguy.fbcontrib.detect.PartiallyConstructedObjectAccess" totalMilliseconds="67" invocations="197" avgMicrosecondsPerInvocation="343" maxMicrosecondsPerInvocation="24443" standardDeviationMircosecondsPerInvocation="1738"/>
      <ClassProfile name="edu.umd.cs.findbugs.detect.FindDeadLocalStores" totalMilliseconds="68" invocations="197" avgMicrosecondsPerInvocation="347" maxMicrosecondsPerInvocation="5289" standardDeviationMircosecondsPerInvocation="547"/>
      <ClassProfile name="edu.umd.cs.findbugs.detect.FindNonSerializableValuePassedToWriteObject" totalMilliseconds="68" invocations="197" avgMicrosecondsPerInvocation="348" maxMicrosecondsPerInvocation="53706" standardDeviationMircosecondsPerInvocation="3812"/>
      <ClassProfile name="com.mebigfatguy.fbcontrib.detect.SloppyClassReflection" totalMilliseconds="69" invocations="197" avgMicrosecondsPerInvocation="354" maxMicrosecondsPerInvocation="37328" standardDeviationMircosecondsPerInvocation="2647"/>
      <ClassProfile name="com.mebigfatguy.fbcontrib.detect.OrphanedDOMNode" totalMilliseconds="73" invocations="197" avgMicrosecondsPerInvocation="371" maxMicrosecondsPerInvocation="24244" standardDeviationMircosecondsPerInvocation="1728"/>
      <ClassProfile name="edu.umd.cs.findbugs.detect.FindSelfComparison" totalMilliseconds="73" invocations="197" avgMicrosecondsPerInvocation="373" maxMicrosecondsPerInvocation="27965" standardDeviationMircosecondsPerInvocation="1987"/>
      <ClassProfile name="edu.umd.cs.findbugs.detect.DumbMethods" totalMilliseconds="75" invocations="197" avgMicrosecondsPerInvocation="381" maxMicrosecondsPerInvocation="2551" standardDeviationMircosecondsPerInvocation="410"/>
      <ClassProfile name="com.mebigfatguy.fbcontrib.detect.SyncCollectionIterators" totalMilliseconds="77" invocations="197" avgMicrosecondsPerInvocation="391" maxMicrosecondsPerInvocation="29435" standardDeviationMircosecondsPerInvocation="2257"/>
      <ClassProfile name="edu.umd.cs.findbugs.classfile.engine.bcel.MethodFactory" totalMilliseconds="78" invocations="668" avgMicrosecondsPerInvocation="116" maxMicrosecondsPerInvocation="32836" standardDeviationMircosecondsPerInvocation="1490"/>
      <ClassProfile name="com.mebigfatguy.fbcontrib.detect.OverlyConcreteParameter" totalMilliseconds="80" invocations="197" avgMicrosecondsPerInvocation="410" maxMicrosecondsPerInvocation="29399" standardDeviationMircosecondsPerInvocation="2097"/>
      <ClassProfile name="com.mebigfatguy.fbcontrib.detect.SillynessPotPourri" totalMilliseconds="82" invocations="197" avgMicrosecondsPerInvocation="419" maxMicrosecondsPerInvocation="25532" standardDeviationMircosecondsPerInvocation="1824"/>
      <ClassProfile name="com.mebigfatguy.fbcontrib.detect.UseAddAll" totalMilliseconds="83" invocations="197" avgMicrosecondsPerInvocation="425" maxMicrosecondsPerInvocation="30205" standardDeviationMircosecondsPerInvocation="2211"/>
      <ClassProfile name="edu.umd.cs.findbugs.detect.FindBadForLoop" totalMilliseconds="83" invocations="197" avgMicrosecondsPerInvocation="425" maxMicrosecondsPerInvocation="28306" standardDeviationMircosecondsPerInvocation="2633"/>
      <ClassProfile name="com.mebigfatguy.fbcontrib.detect.ReflectionOnObjectMethods" totalMilliseconds="85" invocations="197" avgMicrosecondsPerInvocation="435" maxMicrosecondsPerInvocation="45617" standardDeviationMircosecondsPerInvocation="3233"/>
      <ClassProfile name="com.mebigfatguy.fbcontrib.detect.BloatedAssignmentScope" totalMilliseconds="86" invocations="197" avgMicrosecondsPerInvocation="438" maxMicrosecondsPerInvocation="21706" standardDeviationMircosecondsPerInvocation="1570"/>
      <ClassProfile name="com.mebigfatguy.fbcontrib.detect.ArrayBasedCollections" totalMilliseconds="86" invocations="197" avgMicrosecondsPerInvocation="441" maxMicrosecondsPerInvocation="27651" standardDeviationMircosecondsPerInvocation="2523"/>
      <ClassProfile name="edu.umd.cs.findbugs.detect.BadResultSetAccess" totalMilliseconds="97" invocations="197" avgMicrosecondsPerInvocation="493" maxMicrosecondsPerInvocation="40423" standardDeviationMircosecondsPerInvocation="3330"/>
      <ClassProfile name="edu.umd.cs.findbugs.detect.NumberConstructor" totalMilliseconds="101" invocations="197" avgMicrosecondsPerInvocation="514" maxMicrosecondsPerInvocation="32277" standardDeviationMircosecondsPerInvocation="3124"/>
      <ClassProfile name="edu.umd.cs.findbugs.detect.FindDoubleCheck" totalMilliseconds="105" invocations="197" avgMicrosecondsPerInvocation="534" maxMicrosecondsPerInvocation="88385" standardDeviationMircosecondsPerInvocation="6275"/>
      <ClassProfile name="com.mebigfatguy.fbcontrib.detect.DeletingWhileIterating" totalMilliseconds="110" invocations="197" avgMicrosecondsPerInvocation="558" maxMicrosecondsPerInvocation="49706" standardDeviationMircosecondsPerInvocation="3530"/>
      <ClassProfile name="com.mebigfatguy.fbcontrib.detect.PossiblyRedundantMethodCalls" totalMilliseconds="113" invocations="197" avgMicrosecondsPerInvocation="574" maxMicrosecondsPerInvocation="56689" standardDeviationMircosecondsPerInvocation="4022"/>
      <ClassProfile name="edu.umd.cs.findbugs.classfile.engine.bcel.ConstantPoolGenFactory" totalMilliseconds="116" invocations="197" avgMicrosecondsPerInvocation="591" maxMicrosecondsPerInvocation="62134" standardDeviationMircosecondsPerInvocation="5236"/>
      <ClassProfile name="edu.umd.cs.findbugs.detect.FindHEmismatch" totalMilliseconds="117" invocations="197" avgMicrosecondsPerInvocation="598" maxMicrosecondsPerInvocation="32132" standardDeviationMircosecondsPerInvocation="3171"/>
      <ClassProfile name="edu.umd.cs.findbugs.detect.FindRefComparison" totalMilliseconds="118" invocations="197" avgMicrosecondsPerInvocation="602" maxMicrosecondsPerInvocation="31492" standardDeviationMircosecondsPerInvocation="2258"/>
      <ClassProfile name="edu.umd.cs.findbugs.detect.FindNullDeref$CheckCallSitesAndReturnInstructions" totalMilliseconds="119" invocations="957" avgMicrosecondsPerInvocation="124" maxMicrosecondsPerInvocation="12420" standardDeviationMircosecondsPerInvocation="428"/>
      <ClassProfile name="edu.umd.cs.findbugs.detect.SerializableIdiom" totalMilliseconds="123" invocations="197" avgMicrosecondsPerInvocation="627" maxMicrosecondsPerInvocation="56207" standardDeviationMircosecondsPerInvocation="4280"/>
      <ClassProfile name="edu.umd.cs.findbugs.detect.FindNullDeref" totalMilliseconds="131" invocations="197" avgMicrosecondsPerInvocation="666" maxMicrosecondsPerInvocation="32555" standardDeviationMircosecondsPerInvocation="2896"/>
      <ClassProfile name="edu.umd.cs.findbugs.NonReportingDetectorToDetector2Adapter" totalMilliseconds="133" invocations="8178" avgMicrosecondsPerInvocation="16" maxMicrosecondsPerInvocation="36063" standardDeviationMircosecondsPerInvocation="456"/>
      <ClassProfile name="edu.umd.cs.findbugs.classfile.impl.ZipCodeBaseFactory" totalMilliseconds="133" invocations="169" avgMicrosecondsPerInvocation="789" maxMicrosecondsPerInvocation="96211" standardDeviationMircosecondsPerInvocation="7362"/>
      <ClassProfile name="edu.umd.cs.findbugs.detect.SwitchFallthrough" totalMilliseconds="147" invocations="197" avgMicrosecondsPerInvocation="748" maxMicrosecondsPerInvocation="45085" standardDeviationMircosecondsPerInvocation="4003"/>
      <ClassProfile name="com.mebigfatguy.fbcontrib.detect.MoreDumbMethods" totalMilliseconds="150" invocations="197" avgMicrosecondsPerInvocation="763" maxMicrosecondsPerInvocation="36306" standardDeviationMircosecondsPerInvocation="2613"/>
      <ClassProfile name="com.mebigfatguy.fbcontrib.detect.InefficientStringBuffering" totalMilliseconds="156" invocations="197" avgMicrosecondsPerInvocation="795" maxMicrosecondsPerInvocation="84427" standardDeviationMircosecondsPerInvocation="6215"/>
      <ClassProfile name="edu.umd.cs.findbugs.detect.NoteNonnullReturnValues" totalMilliseconds="158" invocations="197" avgMicrosecondsPerInvocation="804" maxMicrosecondsPerInvocation="46630" standardDeviationMircosecondsPerInvocation="3888"/>
      <ClassProfile name="edu.umd.cs.findbugs.detect.FindInconsistentSync2" totalMilliseconds="162" invocations="197" avgMicrosecondsPerInvocation="825" maxMicrosecondsPerInvocation="24943" standardDeviationMircosecondsPerInvocation="2544"/>
      <ClassProfile name="edu.umd.cs.findbugs.classfile.engine.bcel.LiveLocalStoreDataflowFactory" totalMilliseconds="163" invocations="891" avgMicrosecondsPerInvocation="183" maxMicrosecondsPerInvocation="22525" standardDeviationMircosecondsPerInvocation="797"/>
      <ClassProfile name="edu.umd.cs.findbugs.DetectorToDetector2Adapter" totalMilliseconds="176" invocations="40153" avgMicrosecondsPerInvocation="4" maxMicrosecondsPerInvocation="22184" standardDeviationMircosecondsPerInvocation="110"/>
      <ClassProfile name="edu.umd.cs.findbugs.detect.UnreadFields" totalMilliseconds="177" invocations="197" avgMicrosecondsPerInvocation="901" maxMicrosecondsPerInvocation="44507" standardDeviationMircosecondsPerInvocation="4006"/>
      <ClassProfile name="edu.umd.cs.findbugs.detect.URLProblems" totalMilliseconds="180" invocations="197" avgMicrosecondsPerInvocation="914" maxMicrosecondsPerInvocation="42272" standardDeviationMircosecondsPerInvocation="4141"/>
      <ClassProfile name="com.mebigfatguy.fbcontrib.detect.FieldCouldBeLocal" totalMilliseconds="214" invocations="197" avgMicrosecondsPerInvocation="1086" maxMicrosecondsPerInvocation="111256" standardDeviationMircosecondsPerInvocation="8456"/>
      <ClassProfile name="com.mebigfatguy.fbcontrib.detect.CopiedOverriddenMethod" totalMilliseconds="225" invocations="197" avgMicrosecondsPerInvocation="1145" maxMicrosecondsPerInvocation="72728" standardDeviationMircosecondsPerInvocation="6705"/>
      <ClassProfile name="edu.umd.cs.findbugs.ba.npe.TypeQualifierNullnessAnnotationDatabase" totalMilliseconds="240" invocations="11654" avgMicrosecondsPerInvocation="20" maxMicrosecondsPerInvocation="40088" standardDeviationMircosecondsPerInvocation="460"/>
      <ClassProfile name="edu.umd.cs.findbugs.detect.ReflectiveClasses" totalMilliseconds="240" invocations="556" avgMicrosecondsPerInvocation="433" maxMicrosecondsPerInvocation="31114" standardDeviationMircosecondsPerInvocation="1624"/>
      <ClassProfile name="edu.umd.cs.findbugs.detect.LoadOfKnownNullValue" totalMilliseconds="260" invocations="197" avgMicrosecondsPerInvocation="1324" maxMicrosecondsPerInvocation="56781" standardDeviationMircosecondsPerInvocation="5702"/>
      <ClassProfile name="edu.umd.cs.findbugs.classfile.engine.bcel.ConstantDataflowFactory" totalMilliseconds="291" invocations="1009" avgMicrosecondsPerInvocation="289" maxMicrosecondsPerInvocation="45706" standardDeviationMircosecondsPerInvocation="1575"/>
      <ClassProfile name="edu.umd.cs.findbugs.detect.CalledMethods" totalMilliseconds="365" invocations="556" avgMicrosecondsPerInvocation="656" maxMicrosecondsPerInvocation="55378" standardDeviationMircosecondsPerInvocation="2789"/>
      <ClassProfile name="edu.umd.cs.findbugs.detect.EqualsOperandShouldHaveClassCompatibleWithThis" totalMilliseconds="365" invocations="556" avgMicrosecondsPerInvocation="657" maxMicrosecondsPerInvocation="52383" standardDeviationMircosecondsPerInvocation="3516"/>
      <ClassProfile name="com.mebigfatguy.fbcontrib.detect.UseSplit" totalMilliseconds="384" invocations="197" avgMicrosecondsPerInvocation="1952" maxMicrosecondsPerInvocation="346017" standardDeviationMircosecondsPerInvocation="24577"/>
      <ClassProfile name="edu.umd.cs.findbugs.detect.BuildObligationPolicyDatabase" totalMilliseconds="433" invocations="556" avgMicrosecondsPerInvocation="780" maxMicrosecondsPerInvocation="50569" standardDeviationMircosecondsPerInvocation="4218"/>
      <ClassProfile name="edu.umd.cs.findbugs.classfile.engine.bcel.JavaClassAnalysisEngine" totalMilliseconds="476" invocations="670" avgMicrosecondsPerInvocation="710" maxMicrosecondsPerInvocation="44845" standardDeviationMircosecondsPerInvocation="3289"/>
      <ClassProfile name="com.mebigfatguy.fbcontrib.collect.CollectStatistics" totalMilliseconds="483" invocations="556" avgMicrosecondsPerInvocation="869" maxMicrosecondsPerInvocation="100416" standardDeviationMircosecondsPerInvocation="5534"/>
      <ClassProfile name="edu.umd.cs.findbugs.detect.RuntimeExceptionCapture" totalMilliseconds="532" invocations="197" avgMicrosecondsPerInvocation="2703" maxMicrosecondsPerInvocation="452152" standardDeviationMircosecondsPerInvocation="32167"/>
      <ClassProfile name="edu.umd.cs.findbugs.classfile.engine.bcel.MethodGenFactory" totalMilliseconds="552" invocations="1009" avgMicrosecondsPerInvocation="547" maxMicrosecondsPerInvocation="87262" standardDeviationMircosecondsPerInvocation="3825"/>
      <ClassProfile name="edu.umd.cs.findbugs.detect.OverridingEqualsNotSymmetrical" totalMilliseconds="565" invocations="556" avgMicrosecondsPerInvocation="1017" maxMicrosecondsPerInvocation="62712" standardDeviationMircosecondsPerInvocation="4373"/>
      <ClassProfile name="com.mebigfatguy.fbcontrib.detect.FinalParameters" totalMilliseconds="691" invocations="197" avgMicrosecondsPerInvocation="3511" maxMicrosecondsPerInvocation="35555" standardDeviationMircosecondsPerInvocation="8033"/>
      <ClassProfile name="edu.umd.cs.findbugs.classfile.engine.bcel.CFGFactory" totalMilliseconds="734" invocations="1009" avgMicrosecondsPerInvocation="728" maxMicrosecondsPerInvocation="56588" standardDeviationMircosecondsPerInvocation="3608"/>
      <ClassProfile name="edu.umd.cs.findbugs.detect.FindRefComparison$SpecialTypeAnalysis" totalMilliseconds="832" invocations="743" avgMicrosecondsPerInvocation="1120" maxMicrosecondsPerInvocation="117478" standardDeviationMircosecondsPerInvocation="5837"/>
      <ClassProfile name="edu.umd.cs.findbugs.detect.NoteDirectlyRelevantTypeQualifiers" totalMilliseconds="884" invocations="556" avgMicrosecondsPerInvocation="1590" maxMicrosecondsPerInvocation="59939" standardDeviationMircosecondsPerInvocation="5764"/>
      <ClassProfile name="edu.umd.cs.findbugs.classfile.engine.ClassDataAnalysisEngine" totalMilliseconds="992" invocations="1882" avgMicrosecondsPerInvocation="527" maxMicrosecondsPerInvocation="44567" standardDeviationMircosecondsPerInvocation="1912"/>
      <ClassProfile name="edu.umd.cs.findbugs.ba.npe.NullDerefAndRedundantComparisonFinder" totalMilliseconds="1035" invocations="957" avgMicrosecondsPerInvocation="1082" maxMicrosecondsPerInvocation="55204" standardDeviationMircosecondsPerInvocation="3470"/>
      <ClassProfile name="edu.umd.cs.findbugs.classfile.engine.bcel.TypeDataflowFactory" totalMilliseconds="1165" invocations="1021" avgMicrosecondsPerInvocation="1141" maxMicrosecondsPerInvocation="59087" standardDeviationMircosecondsPerInvocation="4313"/>
      <ClassProfile name="edu.umd.cs.findbugs.classfile.engine.ClassInfoAnalysisEngine" totalMilliseconds="1317" invocations="1877" avgMicrosecondsPerInvocation="701" maxMicrosecondsPerInvocation="63283" standardDeviationMircosecondsPerInvocation="3275"/>
      <ClassProfile name="edu.umd.cs.findbugs.detect.FieldItemSummary" totalMilliseconds="1391" invocations="556" avgMicrosecondsPerInvocation="2503" maxMicrosecondsPerInvocation="168803" standardDeviationMircosecondsPerInvocation="10086"/>
      <ClassProfile name="edu.umd.cs.findbugs.classfile.engine.bcel.ValueNumberDataflowFactory" totalMilliseconds="1473" invocations="1245" avgMicrosecondsPerInvocation="1183" maxMicrosecondsPerInvocation="86091" standardDeviationMircosecondsPerInvocation="5126"/>
      <ClassProfile name="edu.umd.cs.findbugs.OpcodeStack$JumpInfoFactory" totalMilliseconds="1584" invocations="7485" avgMicrosecondsPerInvocation="211" maxMicrosecondsPerInvocation="56211" standardDeviationMircosecondsPerInvocation="1733"/>
      <ClassProfile name="edu.umd.cs.findbugs.classfile.engine.bcel.UnconditionalValueDerefDataflowFactory" totalMilliseconds="1960" invocations="984" avgMicrosecondsPerInvocation="1992" maxMicrosecondsPerInvocation="355293" standardDeviationMircosecondsPerInvocation="12870"/>
      <ClassProfile name="edu.umd.cs.findbugs.classfile.engine.bcel.IsNullValueDataflowFactory" totalMilliseconds="1970" invocations="1009" avgMicrosecondsPerInvocation="1953" maxMicrosecondsPerInvocation="89255" standardDeviationMircosecondsPerInvocation="6889"/>
    </FindBugsProfile>
  </FindBugsSummary>
  <ClassFeatures></ClassFeatures>
  <History></History>
</BugCollection>
