<?xml version='1.1' encoding='UTF-8'?>
<Tag plugin="workflow-support@2.18">
  <node class="cps.n.StepEndNode" plugin="workflow-cps@2.49-SNAPSHOT">
    <parentIds>
      <string>23</string>
    </parentIds>
    <id>32</id>
    <startId>14</startId>
  </node>
  <actions>
    <wf.a.BodyInvocationAction plugin="workflow-api@2.27"/>
    <wf.a.TimingAction plugin="workflow-api@2.27">
      <startTime>1524152916442</startTime>
    </wf.a.TimingAction>
    <wf.a.ErrorAction plugin="workflow-api@2.27">
      <error class="org.jenkinsci.plugins.workflow.steps.FlowInterruptedException" plugin="workflow-step-api@2.14">
        <stackTrace>
          <trace>org.jenkinsci.plugins.workflow.cps.CpsFlowExecution.interrupt(CpsFlowExecution.java:1102)</trace>
          <trace>org.jenkinsci.plugins.workflow.job.WorkflowRun$2$1.run(WorkflowRun.java:363)</trace>
          <trace>jenkins.security.ImpersonatingScheduledExecutorService$1.run(ImpersonatingScheduledExecutorService.java:58)</trace>
          <trace>java.util.concurrent.Executors$RunnableAdapter.call(Executors.java:511)</trace>
          <trace>java.util.concurrent.FutureTask.run(FutureTask.java:266)</trace>
          <trace>java.util.concurrent.ScheduledThreadPoolExecutor$ScheduledFutureTask.access$201(ScheduledThreadPoolExecutor.java:180)</trace>
          <trace>java.util.concurrent.ScheduledThreadPoolExecutor$ScheduledFutureTask.run(ScheduledThreadPoolExecutor.java:293)</trace>
          <trace>java.util.concurrent.ThreadPoolExecutor.runWorker(ThreadPoolExecutor.java:1142)</trace>
          <trace>java.util.concurrent.ThreadPoolExecutor$Worker.run(ThreadPoolExecutor.java:617)</trace>
          <trace>java.lang.Thread.run(Thread.java:748)</trace>
        </stackTrace>
        <suppressedExceptions class="java.util.Collections$UnmodifiableRandomAccessList" resolves-to="java.util.Collections$UnmodifiableList">
          <c class="list"/>
          <list reference="../c"/>
        </suppressedExceptions>
        <result>
          <name>ABORTED</name>
          <ordinal>4</ordinal>
          <color>ABORTED</color>
          <completeBuild>false</completeBuild>
        </result>
        <causes class="java.util.Arrays$ArrayList">
          <a class="jenkins.model.CauseOfInterruption-array">
            <jenkins.model.CauseOfInterruption_-UserInterruption>
              <user>admin</user>
            </jenkins.model.CauseOfInterruption_-UserInterruption>
          </a>
        </causes>
      </error>
    </wf.a.ErrorAction>
    <s.a.LogActionImpl>
      <charset>UTF-8</charset>
    </s.a.LogActionImpl>
  </actions>
</Tag>