<?xml version='1.0' encoding='UTF-8'?>
<annotation-array>
  <warning>
    <message>^^^^^^^^^^^^^^^^^^^^^^^^^^^^^^^^^^^^^^^^^^^^^^^^^^^^^^^^^^^^^^^^^^^^^^^^^^^^^^^^^^^^^^^^^^^^^^^^^^^^^^^^^^^^^^^^^^^^^^^^^^^^^^^^^^^^^^^^^^^^^^^^^^^^^^^^^</message>
    <priority>NORMAL</priority>
    <key>124</key>
    <lineRanges>
      <range>
        <start>60</start>
        <end>60</end>
      </range>
    </lineRanges>
    <primaryLineNumber>60</primaryLineNumber>
    <fileName>/ige/hudson/work/jobs/esvclient__development/workspace/target/rcp-build/plugins/ch.ipi.esv.client.patent/src/main/java/ch/ipi/esv/client/patent/search/EpPatQuickSearch.java</fileName>
    <packageName>ch.ipi.esv.client.patent.search</packageName>
    <category></category>
    <type>Eclipse Java Compiler</type>
    <contextHashCode>-172091547</contextHashCode>
    <origin>warnings</origin>
  </warning>
  <warning>
    <message>BoQuickSearchControl.Builder is a raw type. References to generic type BoQuickSearchControl&lt;S&gt;.Builder&lt;T&gt; should be parameterized</message>
    <priority>NORMAL</priority>
    <key>99</key>
    <lineRanges>
      <range>
        <start>271</start>
        <end>271</end>
      </range>
    </lineRanges>
    <primaryLineNumber>271</primaryLineNumber>
    <fileName>/ige/hudson/work/jobs/esvclient__development/workspace/target/rcp-build/plugins/ch.ipi.esv.client.util/src/main/java/ch/ipi/esv/client/util/search/BoQuickSearchControl.java</fileName>
    <packageName>ch.ipi.esv.client.util.search</packageName>
    <category></category>
    <type>Eclipse Java Compiler</type>
    <contextHashCode>990107678</contextHashCode>
    <origin>warnings</origin>
  </warning>
  <warning>
    <message>^^^^^^^^^^^^^^^^^^^^^^^^^^^^^^^^^^^^^^^^^^^^^^^^^^^^^^^^^^^^^^^^^^^^^^^^^^^^^^^^^^^^^^^^^^^^^^^^^^^^^^^^^^^^</message>
    <priority>NORMAL</priority>
    <key>118</key>
    <lineRanges>
      <range>
        <start>55</start>
        <end>55</end>
      </range>
    </lineRanges>
    <primaryLineNumber>55</primaryLineNumber>
    <fileName>/ige/hudson/work/jobs/esvclient__development/workspace/target/rcp-build/plugins/ch.ipi.esv.client.patent/src/main/java/ch/ipi/esv/client/patent/search/ChPatQuickSearch.java</fileName>
    <packageName>ch.ipi.esv.client.patent.search</packageName>
    <category></category>
    <type>Eclipse Java Compiler</type>
    <contextHashCode>-873025633</contextHashCode>
    <origin>warnings</origin>
  </warning>
  <warning>
    <message>BoHandler is a raw type. References to generic type BoHandler&lt;S,C&gt; should be parameterized</message>
    <priority>NORMAL</priority>
    <key>113</key>
    <lineRanges>
      <range>
        <start>29</start>
        <end>29</end>
      </range>
    </lineRanges>
    <primaryLineNumber>29</primaryLineNumber>
    <fileName>/ige/hudson/work/jobs/esvclient__development/workspace/target/rcp-build/plugins/ch.ipi.esv.client.patent/src/main/java/ch/ipi/esv/client/patent/history/ChPatentHistoryCommand.java</fileName>
    <packageName>ch.ipi.esv.client.patent.history</packageName>
    <category></category>
    <type>Eclipse Java Compiler</type>
    <contextHashCode>-2144425181</contextHashCode>
    <origin>warnings</origin>
  </warning>
  <warning>
    <message>Type safety: Unchecked cast from BoHandler&lt;S,capture#3-of ?&gt; to BoHandler&lt;CustomerBO,CustomerControl&gt;</message>
    <priority>NORMAL</priority>
    <key>98</key>
    <lineRanges>
      <range>
        <start>217</start>
        <end>217</end>
      </range>
    </lineRanges>
    <primaryLineNumber>217</primaryLineNumber>
    <fileName>/ige/hudson/work/jobs/esvclient__development/workspace/target/rcp-build/plugins/ch.ipi.esv.client.util/src/main/java/ch/ipi/esv/client/util/search/BoQuickSearchControl.java</fileName>
    <packageName>ch.ipi.esv.client.util.search</packageName>
    <category></category>
    <type>Eclipse Java Compiler</type>
    <contextHashCode>-893056971</contextHashCode>
    <origin>warnings</origin>
  </warning>
  <warning>
    <message>BoHandler is a raw type. References to generic type BoHandler&lt;S,C&gt; should be parameterized</message>
    <priority>NORMAL</priority>
    <key>116</key>
    <lineRanges>
      <range>
        <start>27</start>
        <end>27</end>
      </range>
    </lineRanges>
    <primaryLineNumber>27</primaryLineNumber>
    <fileName>/ige/hudson/work/jobs/esvclient__development/workspace/target/rcp-build/plugins/ch.ipi.esv.client.patent/src/main/java/ch/ipi/esv/client/patent/listener/OpenPatentListener.java</fileName>
    <packageName>ch.ipi.esv.client.patent.listener</packageName>
    <category></category>
    <type>Eclipse Java Compiler</type>
    <contextHashCode>-1188605269</contextHashCode>
    <origin>warnings</origin>
  </warning>
  <warning>
    <message>BoHandler is a raw type. References to generic type BoHandler&lt;S,C&gt; should be parameterized</message>
    <priority>NORMAL</priority>
    <key>129</key>
    <lineRanges>
      <range>
        <start>37</start>
        <end>37</end>
      </range>
    </lineRanges>
    <primaryLineNumber>37</primaryLineNumber>
    <fileName>/ige/hudson/work/jobs/esvclient__development/workspace/target/rcp-build/plugins/ch.ipi.esv.client.trademark/src/main/java/ch/ipi/esv/client/trademark/history/TrademarkHistoryCommand.java</fileName>
    <packageName>ch.ipi.esv.client.trademark.history</packageName>
    <category></category>
    <type>Eclipse Java Compiler</type>
    <contextHashCode>1496322937</contextHashCode>
    <origin>warnings</origin>
  </warning>
  <warning>
    <message>Unnecessary @SuppressWarnings(&quot;unused&quot;)</message>
    <priority>NORMAL</priority>
    <key>128</key>
    <lineRanges>
      <range>
        <start>111</start>
        <end>111</end>
      </range>
    </lineRanges>
    <primaryLineNumber>111</primaryLineNumber>
    <fileName>/ige/hudson/work/jobs/esvclient__development/workspace/target/rcp-build/plugins/ch.ipi.esv.client.trademark/src/main/java/ch/ipi/esv/client/trademark/databinding/TmWidgetBinder.java</fileName>
    <packageName>ch.ipi.esv.client.trademark.databinding</packageName>
    <category></category>
    <type>Eclipse Java Compiler</type>
    <contextHashCode>-1978459010</contextHashCode>
    <origin>warnings</origin>
  </warning>
  <warning>
    <message>.build(quickSearchComposite);</message>
    <priority>NORMAL</priority>
    <key>123</key>
    <lineRanges>
      <range>
        <start>56</start>
        <end>56</end>
      </range>
    </lineRanges>
    <primaryLineNumber>56</primaryLineNumber>
    <fileName>/ige/hudson/work/jobs/esvclient__development/workspace/target/rcp-build/plugins/ch.ipi.esv.client.patent/src/main/java/ch/ipi/esv/client/patent/search/EpPatQuickSearch.java</fileName>
    <packageName>ch.ipi.esv.client.patent.search</packageName>
    <category></category>
    <type>Eclipse Java Compiler</type>
    <contextHashCode>-1729726814</contextHashCode>
    <origin>warnings</origin>
  </warning>
  <warning>
    <message>^^^^^^^^^^^^^^^^^^^^^^^^^^^^^^^^^^^^^^^^^^^^^^^^^^^^^^^^^^^^^^^^^^^^^^^^^^^^^^^^^^^^^^^^^^^^^^^^^^^^^^^^^^^^^^^^^^^^^^^^^^^^^^^^^^^^^^^^^^^^^^^^^^^^^^^^^^^^^^</message>
    <priority>NORMAL</priority>
    <key>122</key>
    <lineRanges>
      <range>
        <start>56</start>
        <end>56</end>
      </range>
    </lineRanges>
    <primaryLineNumber>56</primaryLineNumber>
    <fileName>/ige/hudson/work/jobs/esvclient__development/workspace/target/rcp-build/plugins/ch.ipi.esv.client.patent/src/main/java/ch/ipi/esv/client/patent/search/EpPatQuickSearch.java</fileName>
    <packageName>ch.ipi.esv.client.patent.search</packageName>
    <category></category>
    <type>Eclipse Java Compiler</type>
    <contextHashCode>-1729726814</contextHashCode>
    <origin>warnings</origin>
  </warning>
  <warning>
    <message>The field ReasonSorter.myCollator is never read locally</message>
    <priority>NORMAL</priority>
    <key>136</key>
    <lineRanges>
      <range>
        <start>21</start>
        <end>21</end>
      </range>
    </lineRanges>
    <primaryLineNumber>21</primaryLineNumber>
    <fileName>/ige/hudson/work/jobs/esvclient__development/workspace/target/rcp-build/plugins/ch.ipi.esv.client.admin/src/main/java/ch/ipi/esv/client/admin/sorter/ReasonSorter.java</fileName>
    <packageName>ch.ipi.esv.client.admin.sorter</packageName>
    <category></category>
    <type>Eclipse Java Compiler</type>
    <contextHashCode>186506859</contextHashCode>
    <origin>warnings</origin>
  </warning>
  <warning>
    <message>Type safety: The method setBoHandler(BoHandler) belongs to the raw type BoQuickSearchControl.Builder. References to generic type BoQuickSearchControl&lt;S&gt;.Builder&lt;T&gt; should be parameterized</message>
    <priority>NORMAL</priority>
    <key>103</key>
    <lineRanges>
      <range>
        <start>90</start>
        <end>90</end>
      </range>
    </lineRanges>
    <primaryLineNumber>90</primaryLineNumber>
    <fileName>/ige/hudson/work/jobs/esvclient__development/workspace/target/rcp-build/plugins/ch.ipi.esv.client.customer/src/main/java/ch/ipi/esv/client/customer/search/CustomerQuickSearch.java</fileName>
    <packageName>ch.ipi.esv.client.customer.search</packageName>
    <category></category>
    <type>Eclipse Java Compiler</type>
    <contextHashCode>-2116885482</contextHashCode>
    <origin>warnings</origin>
  </warning>
  <warning>
    <message>BoHandler is a raw type. References to generic type BoHandler&lt;S,C&gt; should be parameterized</message>
    <priority>NORMAL</priority>
    <key>115</key>
    <lineRanges>
      <range>
        <start>29</start>
        <end>29</end>
      </range>
    </lineRanges>
    <primaryLineNumber>29</primaryLineNumber>
    <fileName>/ige/hudson/work/jobs/esvclient__development/workspace/target/rcp-build/plugins/ch.ipi.esv.client.patent/src/main/java/ch/ipi/esv/client/patent/history/SpcPatentHistoryCommand.java</fileName>
    <packageName>ch.ipi.esv.client.patent.history</packageName>
    <category></category>
    <type>Eclipse Java Compiler</type>
    <contextHashCode>-1096936632</contextHashCode>
    <origin>warnings</origin>
  </warning>
  <warning>
    <message>Unnecessary @SuppressWarnings(&quot;null&quot;)</message>
    <priority>NORMAL</priority>
    <key>93</key>
    <lineRanges>
      <range>
        <start>18</start>
        <end>18</end>
      </range>
    </lineRanges>
    <primaryLineNumber>18</primaryLineNumber>
    <fileName>/ige/hudson/work/jobs/esvclient__development/workspace/target/rcp-build/plugins/ch.ipi.ui/src/main/java/ch/ipi/ui/rcp/api/databinding/converter/UtilDateToSqlDateConverter.java</fileName>
    <packageName>ch.ipi.ui.rcp.api.databinding.converter</packageName>
    <category></category>
    <type>Eclipse Java Compiler</type>
    <contextHashCode>642731504</contextHashCode>
    <origin>warnings</origin>
  </warning>
  <warning>
    <message>The field ChangeGroupFieldsView.LOG is never read locally</message>
    <priority>NORMAL</priority>
    <key>137</key>
    <lineRanges>
      <range>
        <start>58</start>
        <end>58</end>
      </range>
    </lineRanges>
    <primaryLineNumber>58</primaryLineNumber>
    <fileName>/ige/hudson/work/jobs/esvclient__development/workspace/target/rcp-build/plugins/ch.ipi.esv.client.admin/src/main/java/ch/ipi/esv/client/admin/view/ChangeGroupFieldsView.java</fileName>
    <packageName>ch.ipi.esv.client.admin.view</packageName>
    <category></category>
    <type>Eclipse Java Compiler</type>
    <contextHashCode>2071993571</contextHashCode>
    <origin>warnings</origin>
  </warning>
  <warning>
    <message>^^^^^^^^^^^^^^^^^^^^^^^^^^^^^^^^^^^^^^^^^^^^^^^^^^^^^^^^^^^^^^^^^^^^^^^^^^^^^^^^^^^^^^^^^^^^^^^^^^^^^^^^^^^^^</message>
    <priority>NORMAL</priority>
    <key>120</key>
    <lineRanges>
      <range>
        <start>58</start>
        <end>58</end>
      </range>
    </lineRanges>
    <primaryLineNumber>58</primaryLineNumber>
    <fileName>/ige/hudson/work/jobs/esvclient__development/workspace/target/rcp-build/plugins/ch.ipi.esv.client.patent/src/main/java/ch/ipi/esv/client/patent/search/ChPatQuickSearch.java</fileName>
    <packageName>ch.ipi.esv.client.patent.search</packageName>
    <category></category>
    <type>Eclipse Java Compiler</type>
    <contextHashCode>-268317024</contextHashCode>
    <origin>warnings</origin>
  </warning>
  <warning>
    <message>^^^^^^^^^^^^^^^^^^^^^^^^^^^^^^^^^^^^^^^^^^^^^^^^^^^^^^^^^^^^^^^^^^^^^^^^^^^^^^^^^^^^^^^^^^^^^^^^^^^^^^^^^^^^^^^^^^^^^^^^^^^^^^^^^^^^^^^^</message>
    <priority>NORMAL</priority>
    <key>119</key>
    <lineRanges>
      <range>
        <start>55</start>
        <end>55</end>
      </range>
    </lineRanges>
    <primaryLineNumber>55</primaryLineNumber>
    <fileName>/ige/hudson/work/jobs/esvclient__development/workspace/target/rcp-build/plugins/ch.ipi.esv.client.patent/src/main/java/ch/ipi/esv/client/patent/search/ChPatQuickSearch.java</fileName>
    <packageName>ch.ipi.esv.client.patent.search</packageName>
    <category></category>
    <type>Eclipse Java Compiler</type>
    <contextHashCode>-873025633</contextHashCode>
    <origin>warnings</origin>
  </warning>
  <warning>
    <message>^^^^^^^^^^^^^^^^^^^^^^^^^^^^^^^^^^^^^^^^^^^^^^^^^^^^^^^^^^^^^^^^^^^^^^^^^^^^^^^^^^^^^^^^^^^^^^^^^^^^^^^</message>
    <priority>NORMAL</priority>
    <key>130</key>
    <lineRanges>
      <range>
        <start>109</start>
        <end>109</end>
      </range>
    </lineRanges>
    <primaryLineNumber>109</primaryLineNumber>
    <fileName>/ige/hudson/work/jobs/esvclient__development/workspace/target/rcp-build/plugins/ch.ipi.esv.client.trademark/src/main/java/ch/ipi/esv/client/trademark/search/TrademarkQuickSearch.java</fileName>
    <packageName>ch.ipi.esv.client.trademark.search</packageName>
    <category></category>
    <type>Eclipse Java Compiler</type>
    <contextHashCode>-1817758077</contextHashCode>
    <origin>warnings</origin>
  </warning>
  <warning>
    <message>^^^^^^^^^^^^^^^^^^^^^^^^^^^^^^^^^^^^^^^^^^^^^^^^^^^^^^^^^^^^^^^^^^^^^^^^^^^^^^^^^^^^^^^^^^^^^^^^^^^^^^^^^^^^^^^^^^^^^^^</message>
    <priority>NORMAL</priority>
    <key>126</key>
    <lineRanges>
      <range>
        <start>89</start>
        <end>89</end>
      </range>
    </lineRanges>
    <primaryLineNumber>89</primaryLineNumber>
    <fileName>/ige/hudson/work/jobs/esvclient__development/workspace/target/rcp-build/plugins/ch.ipi.esv.client.patent/src/main/java/ch/ipi/esv/client/patent/search/SpcPatQuickSearch.java</fileName>
    <packageName>ch.ipi.esv.client.patent.search</packageName>
    <category></category>
    <type>Eclipse Java Compiler</type>
    <contextHashCode>-2076081625</contextHashCode>
    <origin>warnings</origin>
  </warning>
  <warning>
    <message>^^^^^^^^^^^^^^^^^^^^^^^^^^^^^^^^^^^^^^^^^^^^^^^^^^^^^^^^^^^^^^^^^^^^^^^^^^^^^^^^^^^^^^^^^^^^^^^^^^^^^^^^^^^^^^^^^^^^^^^</message>
    <priority>NORMAL</priority>
    <key>104</key>
    <lineRanges>
      <range>
        <start>90</start>
        <end>90</end>
      </range>
    </lineRanges>
    <primaryLineNumber>90</primaryLineNumber>
    <fileName>/ige/hudson/work/jobs/esvclient__development/workspace/target/rcp-build/plugins/ch.ipi.esv.client.customer/src/main/java/ch/ipi/esv/client/customer/search/CustomerQuickSearch.java</fileName>
    <packageName>ch.ipi.esv.client.customer.search</packageName>
    <category></category>
    <type>Eclipse Java Compiler</type>
    <contextHashCode>-2116885482</contextHashCode>
    <origin>warnings</origin>
  </warning>
  <warning>
    <message>The local variable qsControl is never read</message>
    <priority>NORMAL</priority>
    <key>135</key>
    <lineRanges>
      <range>
        <start>68</start>
        <end>68</end>
      </range>
    </lineRanges>
    <primaryLineNumber>68</primaryLineNumber>
    <fileName>/ige/hudson/work/jobs/esvclient__development/workspace/target/rcp-build/plugins/ch.ipi.esv.client.admin/src/main/java/ch/ipi/esv/client/admin/search/ChangeGroupQuickSearchContribution.java</fileName>
    <packageName>ch.ipi.esv.client.admin.search</packageName>
    <category></category>
    <type>Eclipse Java Compiler</type>
    <contextHashCode>157660753</contextHashCode>
    <origin>warnings</origin>
  </warning>
  <warning>
    <message>^^^^^^^^^^^^^^^^^^^^^^^^^^^^^^^^^^^^^^^^^^^^^^^^^^^^^^^^^^^^^^^^^^^^^^^^^^^^^^^^^^^^^^^^^^^^^^^^^^^^^^^^^^^^^^^^^^^^^^^^^^^^^^^^^^^^</message>
    <priority>NORMAL</priority>
    <key>133</key>
    <lineRanges>
      <range>
        <start>112</start>
        <end>112</end>
      </range>
    </lineRanges>
    <primaryLineNumber>112</primaryLineNumber>
    <fileName>/ige/hudson/work/jobs/esvclient__development/workspace/target/rcp-build/plugins/ch.ipi.esv.client.trademark/src/main/java/ch/ipi/esv/client/trademark/search/TrademarkQuickSearch.java</fileName>
    <packageName>ch.ipi.esv.client.trademark.search</packageName>
    <category></category>
    <type>Eclipse Java Compiler</type>
    <contextHashCode>730834172</contextHashCode>
    <origin>warnings</origin>
  </warning>
  <warning>
    <message>The field EpBasicDataEditor.xpiIpc is never read locally</message>
    <priority>NORMAL</priority>
    <key>109</key>
    <lineRanges>
      <range>
        <start>108</start>
        <end>108</end>
      </range>
    </lineRanges>
    <primaryLineNumber>108</primaryLineNumber>
    <fileName>/ige/hudson/work/jobs/esvclient__development/workspace/target/rcp-build/plugins/ch.ipi.esv.client.patent/src/main/java/ch/ipi/esv/client/patent/editor/EpBasicDataEditor.java</fileName>
    <packageName>ch.ipi.esv.client.patent.editor</packageName>
    <category></category>
    <type>Eclipse Java Compiler</type>
    <contextHashCode>1094776208</contextHashCode>
    <origin>warnings</origin>
  </warning>
  <warning>
    <message>BoHandler is a raw type. References to generic type BoHandler&lt;S,C&gt; should be parameterized</message>
    <priority>NORMAL</priority>
    <key>117</key>
    <lineRanges>
      <range>
        <start>34</start>
        <end>34</end>
      </range>
    </lineRanges>
    <primaryLineNumber>34</primaryLineNumber>
    <fileName>/ige/hudson/work/jobs/esvclient__development/workspace/target/rcp-build/plugins/ch.ipi.esv.client.patent/src/main/java/ch/ipi/esv/client/patent/listener/OpenPatentListener.java</fileName>
    <packageName>ch.ipi.esv.client.patent.listener</packageName>
    <category></category>
    <type>Eclipse Java Compiler</type>
    <contextHashCode>-506914135</contextHashCode>
    <origin>warnings</origin>
  </warning>
  <warning>
    <message>Unnecessary @SuppressWarnings(&quot;unused&quot;)</message>
    <priority>NORMAL</priority>
    <key>102</key>
    <lineRanges>
      <range>
        <start>41</start>
        <end>41</end>
      </range>
    </lineRanges>
    <primaryLineNumber>41</primaryLineNumber>
    <fileName>/ige/hudson/work/jobs/esvclient__development/workspace/target/rcp-build/plugins/ch.ipi.esv.client.util/src/main/java/ch/ipi/esv/client/util/service/ServiceLocator.java</fileName>
    <packageName>ch.ipi.esv.client.util.service</packageName>
    <category></category>
    <type>Eclipse Java Compiler</type>
    <contextHashCode>1627582955</contextHashCode>
    <origin>warnings</origin>
  </warning>
  <warning>
    <message>BoHandler is a raw type. References to generic type BoHandler&lt;S,C&gt; should be parameterized</message>
    <priority>NORMAL</priority>
    <key>114</key>
    <lineRanges>
      <range>
        <start>29</start>
        <end>29</end>
      </range>
    </lineRanges>
    <primaryLineNumber>29</primaryLineNumber>
    <fileName>/ige/hudson/work/jobs/esvclient__development/workspace/target/rcp-build/plugins/ch.ipi.esv.client.patent/src/main/java/ch/ipi/esv/client/patent/history/EpPatentHistoryCommand.java</fileName>
    <packageName>ch.ipi.esv.client.patent.history</packageName>
    <category></category>
    <type>Eclipse Java Compiler</type>
    <contextHashCode>1396749616</contextHashCode>
    <origin>warnings</origin>
  </warning>
  <warning>
    <message>BoQuickSearchControl.Builder is a raw type. References to generic type BoQuickSearchControl&lt;S&gt;.Builder&lt;T&gt; should be parameterized</message>
    <priority>NORMAL</priority>
    <key>100</key>
    <lineRanges>
      <range>
        <start>272</start>
        <end>272</end>
      </range>
    </lineRanges>
    <primaryLineNumber>272</primaryLineNumber>
    <fileName>/ige/hudson/work/jobs/esvclient__development/workspace/target/rcp-build/plugins/ch.ipi.esv.client.util/src/main/java/ch/ipi/esv/client/util/search/BoQuickSearchControl.java</fileName>
    <packageName>ch.ipi.esv.client.util.search</packageName>
    <category></category>
    <type>Eclipse Java Compiler</type>
    <contextHashCode>1006742141</contextHashCode>
    <origin>warnings</origin>
  </warning>
  <warning>
    <message>The field ChBasicDataEditor.xpiPriority is never read locally</message>
    <priority>NORMAL</priority>
    <key>106</key>
    <lineRanges>
      <range>
        <start>118</start>
        <end>118</end>
      </range>
    </lineRanges>
    <primaryLineNumber>118</primaryLineNumber>
    <fileName>/ige/hudson/work/jobs/esvclient__development/workspace/target/rcp-build/plugins/ch.ipi.esv.client.patent/src/main/java/ch/ipi/esv/client/patent/editor/ChBasicDataEditor.java</fileName>
    <packageName>ch.ipi.esv.client.patent.editor</packageName>
    <category></category>
    <type>Eclipse Java Compiler</type>
    <contextHashCode>1815943591</contextHashCode>
    <origin>warnings</origin>
  </warning>
  <warning>
    <message>The field ChBasicDataEditor.xpiIpc is never read locally</message>
    <priority>NORMAL</priority>
    <key>107</key>
    <lineRanges>
      <range>
        <start>118</start>
        <end>118</end>
      </range>
    </lineRanges>
    <primaryLineNumber>118</primaryLineNumber>
    <fileName>/ige/hudson/work/jobs/esvclient__development/workspace/target/rcp-build/plugins/ch.ipi.esv.client.patent/src/main/java/ch/ipi/esv/client/patent/editor/ChBasicDataEditor.java</fileName>
    <packageName>ch.ipi.esv.client.patent.editor</packageName>
    <category></category>
    <type>Eclipse Java Compiler</type>
    <contextHashCode>1815943591</contextHashCode>
    <origin>warnings</origin>
  </warning>
  <warning>
    <message>The field EpBasicDataEditor.xpiPriority is never read locally</message>
    <priority>NORMAL</priority>
    <key>108</key>
    <lineRanges>
      <range>
        <start>108</start>
        <end>108</end>
      </range>
    </lineRanges>
    <primaryLineNumber>108</primaryLineNumber>
    <fileName>/ige/hudson/work/jobs/esvclient__development/workspace/target/rcp-build/plugins/ch.ipi.esv.client.patent/src/main/java/ch/ipi/esv/client/patent/editor/EpBasicDataEditor.java</fileName>
    <packageName>ch.ipi.esv.client.patent.editor</packageName>
    <category></category>
    <type>Eclipse Java Compiler</type>
    <contextHashCode>1094776208</contextHashCode>
    <origin>warnings</origin>
  </warning>
  <warning>
    <message>Unnecessary @SuppressWarnings(&quot;unused&quot;)</message>
    <priority>NORMAL</priority>
    <key>101</key>
    <lineRanges>
      <range>
        <start>59</start>
        <end>59</end>
      </range>
    </lineRanges>
    <primaryLineNumber>59</primaryLineNumber>
    <fileName>/ige/hudson/work/jobs/esvclient__development/workspace/target/rcp-build/plugins/ch.ipi.esv.client.util/src/main/java/ch/ipi/esv/client/util/search/QuickSearchControl.java</fileName>
    <packageName>ch.ipi.esv.client.util.search</packageName>
    <category></category>
    <type>Eclipse Java Compiler</type>
    <contextHashCode>553705403</contextHashCode>
    <origin>warnings</origin>
  </warning>
  <warning>
    <message>BoHandler is a raw type. References to generic type BoHandler&lt;S,C&gt; should be parameterized</message>
    <priority>NORMAL</priority>
    <key>96</key>
    <lineRanges>
      <range>
        <start>66</start>
        <end>66</end>
      </range>
    </lineRanges>
    <primaryLineNumber>66</primaryLineNumber>
    <fileName>/ige/hudson/work/jobs/esvclient__development/workspace/target/rcp-build/plugins/ch.ipi.esv.client.util/src/main/java/ch/ipi/esv/client/util/history/BaseHistoryCommand.java</fileName>
    <packageName>ch.ipi.esv.client.util.history</packageName>
    <category></category>
    <type>Eclipse Java Compiler</type>
    <contextHashCode>-713637070</contextHashCode>
    <origin>warnings</origin>
  </warning>
  <warning>
    <message>^^^^^^^^^^^^^^^^^^^^^^^^^^^^^^^^^^^^^^^^^^^^^^^^^^^^^^^^^^^^^^^^^^^^^^^^^^^^^^^^^^^^^^^^^^^^^^^^^^^^^^^^</message>
    <priority>NORMAL</priority>
    <key>132</key>
    <lineRanges>
      <range>
        <start>112</start>
        <end>112</end>
      </range>
    </lineRanges>
    <primaryLineNumber>112</primaryLineNumber>
    <fileName>/ige/hudson/work/jobs/esvclient__development/workspace/target/rcp-build/plugins/ch.ipi.esv.client.trademark/src/main/java/ch/ipi/esv/client/trademark/search/TrademarkQuickSearch.java</fileName>
    <packageName>ch.ipi.esv.client.trademark.search</packageName>
    <category></category>
    <type>Eclipse Java Compiler</type>
    <contextHashCode>730834172</contextHashCode>
    <origin>warnings</origin>
  </warning>
  <warning>
    <message>^^^^^^^^^^^^^^^^^^^^^^^^^^^^^^^^^^^^^^^^^^^^^^^^^^^^^^^^^^^^^^^^^^^^^^^^^^^^^^^^^^^^^^^^^^^^^^^^^^^^^^^^^^^^^^^^^^^^^^^^^^^^^^^^^^^^^^^^^^^^^^^^^^^</message>
    <priority>NORMAL</priority>
    <key>127</key>
    <lineRanges>
      <range>
        <start>89</start>
        <end>89</end>
      </range>
    </lineRanges>
    <primaryLineNumber>89</primaryLineNumber>
    <fileName>/ige/hudson/work/jobs/esvclient__development/workspace/target/rcp-build/plugins/ch.ipi.esv.client.patent/src/main/java/ch/ipi/esv/client/patent/search/SpcPatQuickSearch.java</fileName>
    <packageName>ch.ipi.esv.client.patent.search</packageName>
    <category></category>
    <type>Eclipse Java Compiler</type>
    <contextHashCode>-2076081625</contextHashCode>
    <origin>warnings</origin>
  </warning>
  <warning>
    <message>BoHandler is a raw type. References to generic type BoHandler&lt;S,C&gt; should be parameterized</message>
    <priority>NORMAL</priority>
    <key>105</key>
    <lineRanges>
      <range>
        <start>149</start>
        <end>149</end>
      </range>
    </lineRanges>
    <primaryLineNumber>149</primaryLineNumber>
    <fileName>/ige/hudson/work/jobs/esvclient__development/workspace/target/rcp-build/plugins/ch.ipi.esv.client.patent/src/main/java/ch/ipi/esv/client/patent/PatentUtil.java</fileName>
    <packageName>ch.ipi.esv.client.patent</packageName>
    <category></category>
    <type>Eclipse Java Compiler</type>
    <contextHashCode>12308395</contextHashCode>
    <origin>warnings</origin>
  </warning>
  <warning>
    <message>Unnecessary @SuppressWarnings(&quot;null&quot;)</message>
    <priority>NORMAL</priority>
    <key>94</key>
    <lineRanges>
      <range>
        <start>18</start>
        <end>18</end>
      </range>
    </lineRanges>
    <primaryLineNumber>18</primaryLineNumber>
    <fileName>/ige/hudson/work/jobs/esvclient__development/workspace/target/rcp-build/plugins/ch.ipi.ui/src/main/java/ch/ipi/ui/rcp/api/databinding/converter/UtilDateToSqlTimestampConverter.java</fileName>
    <packageName>ch.ipi.ui.rcp.api.databinding.converter</packageName>
    <category></category>
    <type>Eclipse Java Compiler</type>
    <contextHashCode>642731504</contextHashCode>
    <origin>warnings</origin>
  </warning>
  <warning>
    <message>BoHandler is a raw type. References to generic type BoHandler&lt;S,C&gt; should be parameterized</message>
    <priority>NORMAL</priority>
    <key>111</key>
    <lineRanges>
      <range>
        <start>296</start>
        <end>296</end>
      </range>
    </lineRanges>
    <primaryLineNumber>296</primaryLineNumber>
    <fileName>/ige/hudson/work/jobs/esvclient__development/workspace/target/rcp-build/plugins/ch.ipi.esv.client.patent/src/main/java/ch/ipi/esv/client/patent/header/extension/HeaderExtensionImpl.java</fileName>
    <packageName>ch.ipi.esv.client.patent.header.extension</packageName>
    <category></category>
    <type>Eclipse Java Compiler</type>
    <contextHashCode>175452506</contextHashCode>
    <origin>warnings</origin>
  </warning>
  <warning>
    <message>The field ChangeGroupMultiPageEditorInput.LOG is never read locally</message>
    <priority>NORMAL</priority>
    <key>134</key>
    <lineRanges>
      <range>
        <start>31</start>
        <end>31</end>
      </range>
    </lineRanges>
    <primaryLineNumber>31</primaryLineNumber>
    <fileName>/ige/hudson/work/jobs/esvclient__development/workspace/target/rcp-build/plugins/ch.ipi.esv.client.admin/src/main/java/ch/ipi/esv/client/admin/editor/ChangeGroupMultiPageEditorInput.java</fileName>
    <packageName>ch.ipi.esv.client.admin.editor</packageName>
    <category></category>
    <type>Eclipse Java Compiler</type>
    <contextHashCode>1293184584</contextHashCode>
    <origin>warnings</origin>
  </warning>
  <warning>
    <message>The field TableBinder.LOG is never read locally</message>
    <priority>NORMAL</priority>
    <key>95</key>
    <lineRanges>
      <range>
        <start>48</start>
        <end>48</end>
      </range>
    </lineRanges>
    <primaryLineNumber>48</primaryLineNumber>
    <fileName>/ige/hudson/work/jobs/esvclient__development/workspace/target/rcp-build/plugins/ch.ipi.esv.client.util/src/main/java/ch/ipi/esv/client/util/databinding/widget/TableBinder.java</fileName>
    <packageName>ch.ipi.esv.client.util.databinding.widget</packageName>
    <category></category>
    <type>Eclipse Java Compiler</type>
    <contextHashCode>97759621</contextHashCode>
    <origin>warnings</origin>
  </warning>
  <warning>
    <message>quickSearchComposite);</message>
    <priority>NORMAL</priority>
    <key>125</key>
    <lineRanges>
      <range>
        <start>60</start>
        <end>60</end>
      </range>
    </lineRanges>
    <primaryLineNumber>60</primaryLineNumber>
    <fileName>/ige/hudson/work/jobs/esvclient__development/workspace/target/rcp-build/plugins/ch.ipi.esv.client.patent/src/main/java/ch/ipi/esv/client/patent/search/EpPatQuickSearch.java</fileName>
    <packageName>ch.ipi.esv.client.patent.search</packageName>
    <category></category>
    <type>Eclipse Java Compiler</type>
    <contextHashCode>-172091547</contextHashCode>
    <origin>warnings</origin>
  </warning>
  <warning>
    <message>^^^^^^^^^^^^^^^^^^^^^^^^^^^^^^^^^^^^^^^^^^^^^^^^^^^^^^^^^^^^^^^^^^^^^^^^^^^^^^^^^^^^^^^^^^^^^^^^^^^^^^^^^^^^^^^^^^^^^^^^^^^^^^^^^^^^^^^^^</message>
    <priority>NORMAL</priority>
    <key>121</key>
    <lineRanges>
      <range>
        <start>58</start>
        <end>58</end>
      </range>
    </lineRanges>
    <primaryLineNumber>58</primaryLineNumber>
    <fileName>/ige/hudson/work/jobs/esvclient__development/workspace/target/rcp-build/plugins/ch.ipi.esv.client.patent/src/main/java/ch/ipi/esv/client/patent/search/ChPatQuickSearch.java</fileName>
    <packageName>ch.ipi.esv.client.patent.search</packageName>
    <category></category>
    <type>Eclipse Java Compiler</type>
    <contextHashCode>-268317024</contextHashCode>
    <origin>warnings</origin>
  </warning>
  <warning>
    <message>Type safety: Unchecked cast from BaseServerCall&lt;T,S&gt; to Callable&lt;S&gt;</message>
    <priority>NORMAL</priority>
    <key>97</key>
    <lineRanges>
      <range>
        <start>100</start>
        <end>100</end>
      </range>
    </lineRanges>
    <primaryLineNumber>100</primaryLineNumber>
    <fileName>/ige/hudson/work/jobs/esvclient__development/workspace/target/rcp-build/plugins/ch.ipi.esv.client.util/src/main/java/ch/ipi/esv/client/util/search/BaseHandler.java</fileName>
    <packageName>ch.ipi.esv.client.util.search</packageName>
    <category></category>
    <type>Eclipse Java Compiler</type>
    <contextHashCode>-1343624223</contextHashCode>
    <origin>warnings</origin>
  </warning>
  <warning>
    <message>^^^^^^^^^^^^^^^^^^^^^^^^^^^^^^^^^^^^^^^^^^^^^^^^^^^^^^^^^^^^^^^^^^^^^^^^^^^^^^^^^^^^^^^^^^^^^^^^^^^^^^^^^^^^^^^^^^^^^^^^^^^^^^^^^^^</message>
    <priority>NORMAL</priority>
    <key>131</key>
    <lineRanges>
      <range>
        <start>109</start>
        <end>109</end>
      </range>
    </lineRanges>
    <primaryLineNumber>109</primaryLineNumber>
    <fileName>/ige/hudson/work/jobs/esvclient__development/workspace/target/rcp-build/plugins/ch.ipi.esv.client.trademark/src/main/java/ch/ipi/esv/client/trademark/search/TrademarkQuickSearch.java</fileName>
    <packageName>ch.ipi.esv.client.trademark.search</packageName>
    <category></category>
    <type>Eclipse Java Compiler</type>
    <contextHashCode>-1817758077</contextHashCode>
    <origin>warnings</origin>
  </warning>
  <warning>
    <message>Unnecessary @SuppressWarnings(&quot;unused&quot;)</message>
    <priority>NORMAL</priority>
    <key>110</key>
    <lineRanges>
      <range>
        <start>155</start>
        <end>155</end>
      </range>
    </lineRanges>
    <primaryLineNumber>155</primaryLineNumber>
    <fileName>/ige/hudson/work/jobs/esvclient__development/workspace/target/rcp-build/plugins/ch.ipi.esv.client.patent/src/main/java/ch/ipi/esv/client/patent/editor/viewer/inline/IpcTableColumnObservable.java</fileName>
    <packageName>ch.ipi.esv.client.patent.editor.viewer.inline</packageName>
    <category></category>
    <type>Eclipse Java Compiler</type>
    <contextHashCode>-1758397724</contextHashCode>
    <origin>warnings</origin>
  </warning>
  <warning>
    <message>BoHandler is a raw type. References to generic type BoHandler&lt;S,C&gt; should be parameterized</message>
    <priority>NORMAL</priority>
    <key>112</key>
    <lineRanges>
      <range>
        <start>347</start>
        <end>347</end>
      </range>
    </lineRanges>
    <primaryLineNumber>347</primaryLineNumber>
    <fileName>/ige/hudson/work/jobs/esvclient__development/workspace/target/rcp-build/plugins/ch.ipi.esv.client.patent/src/main/java/ch/ipi/esv/client/patent/header/extension/HeaderExtensionImpl.java</fileName>
    <packageName>ch.ipi.esv.client.patent.header.extension</packageName>
    <category></category>
    <type>Eclipse Java Compiler</type>
    <contextHashCode>1723055529</contextHashCode>
    <origin>warnings</origin>
  </warning>
</annotation-array>