{
  "version" : "3.0.0",
  "gauges" : {
    "jenkins.executor.count.value" : {
      "value" : 8
    },
    "jenkins.executor.free.value" : {
      "value" : 8
    },
    "jenkins.executor.in-use.value" : {
      "value" : 0
    },
    "jenkins.health-check.count" : {
      "value" : 4
    },
    "jenkins.health-check.inverse-score" : {
      "value" : 0.0
    },
    "jenkins.health-check.score" : {
      "value" : 1.0
    },
    "jenkins.job.averageDepth" : {
      "value" : 3.0
    },
    "jenkins.job.count.value" : {
      "value" : 15
    },
    "jenkins.node.count.value" : {
      "value" : 2
    },
    "jenkins.node.offline.value" : {
      "value" : 0
    },
    "jenkins.node.online.value" : {
      "value" : 2
    },
    "jenkins.plugins.active" : {
      "value" : 111
    },
    "jenkins.plugins.failed" : {
      "value" : 0
    },
    "jenkins.plugins.inactive" : {
      "value" : 0
    },
    "jenkins.plugins.withUpdate" : {
      "value" : 0
    },
    "jenkins.project.count.value" : {
      "value" : 0
    },
    "jenkins.project.disabled.count.value" : {
      "value" : 0
    },
    "jenkins.project.enabled.count.value" : {
      "value" : 0
    },
    "jenkins.queue.blocked.value" : {
      "value" : 0
    },
    "jenkins.queue.buildable.value" : {
      "value" : 0
    },
    "jenkins.queue.pending.value" : {
      "value" : 0
    },
    "jenkins.queue.size.value" : {
      "value" : 0
    },
    "jenkins.queue.stuck.value" : {
      "value" : 0
    },
    "jenkins.versions.core" : {
      "value" : "2.73.2"
    },
    "jenkins.versions.plugin.ace-editor" : {
      "value" : "1.1"
    },
    "jenkins.versions.plugin.ant" : {
      "value" : "1.7"
    },
    "jenkins.versions.plugin.antisamy-markup-formatter" : {
      "value" : "1.5"
    },
    "jenkins.versions.plugin.apache-httpcomponents-client-4-api" : {
      "value" : "4.5.3-2.0"
    },
    "jenkins.versions.plugin.authentication-tokens" : {
      "value" : "1.3"
    },
    "jenkins.versions.plugin.blueocean" : {
      "value" : "1.3.0"
    },
    "jenkins.versions.plugin.blueocean-autofavorite" : {
      "value" : "1.0.0"
    },
    "jenkins.versions.plugin.blueocean-bitbucket-pipeline" : {
      "value" : "1.3.0"
    },
    "jenkins.versions.plugin.blueocean-commons" : {
      "value" : "1.3.0"
    },
    "jenkins.versions.plugin.blueocean-config" : {
      "value" : "1.3.0"
    },
    "jenkins.versions.plugin.blueocean-dashboard" : {
      "value" : "1.3.0"
    },
    "jenkins.versions.plugin.blueocean-display-url" : {
      "value" : "2.1.0"
    },
    "jenkins.versions.plugin.blueocean-events" : {
      "value" : "1.3.0"
    },
    "jenkins.versions.plugin.blueocean-git-pipeline" : {
      "value" : "1.3.0"
    },
    "jenkins.versions.plugin.blueocean-github-pipeline" : {
      "value" : "1.3.0"
    },
    "jenkins.versions.plugin.blueocean-i18n" : {
      "value" : "1.3.0"
    },
    "jenkins.versions.plugin.blueocean-jira" : {
      "value" : "1.3.0"
    },
    "jenkins.versions.plugin.blueocean-jwt" : {
      "value" : "1.3.0"
    },
    "jenkins.versions.plugin.blueocean-personalization" : {
      "value" : "1.3.0"
    },
    "jenkins.versions.plugin.blueocean-pipeline-api-impl" : {
      "value" : "1.3.0"
    },
    "jenkins.versions.plugin.blueocean-pipeline-editor" : {
      "value" : "1.3.0"
    },
    "jenkins.versions.plugin.blueocean-pipeline-scm-api" : {
      "value" : "1.3.0"
    },
    "jenkins.versions.plugin.blueocean-rest" : {
      "value" : "1.3.0"
    },
    "jenkins.versions.plugin.blueocean-rest-impl" : {
      "value" : "1.3.0"
    },
    "jenkins.versions.plugin.blueocean-web" : {
      "value" : "1.3.0"
    },
    "jenkins.versions.plugin.bouncycastle-api" : {
      "value" : "2.16.2"
    },
    "jenkins.versions.plugin.branch-api" : {
      "value" : "2.0.14"
    },
    "jenkins.versions.plugin.build-timeout" : {
      "value" : "1.19"
    },
    "jenkins.versions.plugin.cloudbees-bitbucket-branch-source" : {
      "value" : "2.2.3"
    },
    "jenkins.versions.plugin.cloudbees-folder" : {
      "value" : "6.2.0"
    },
    "jenkins.versions.plugin.conditional-buildstep" : {
      "value" : "1.3.6"
    },
    "jenkins.versions.plugin.credentials" : {
      "value" : "2.1.16"
    },
    "jenkins.versions.plugin.credentials-binding" : {
      "value" : "1.13"
    },
    "jenkins.versions.plugin.display-url-api" : {
      "value" : "2.1.0"
    },
    "jenkins.versions.plugin.docker-commons" : {
      "value" : "1.9"
    },
    "jenkins.versions.plugin.docker-workflow" : {
      "value" : "1.13"
    },
    "jenkins.versions.plugin.durable-task" : {
      "value" : "1.14"
    },
    "jenkins.versions.plugin.email-ext" : {
      "value" : "2.60"
    },
    "jenkins.versions.plugin.external-monitor-job" : {
      "value" : "1.7"
    },
    "jenkins.versions.plugin.favorite" : {
      "value" : "2.3.0"
    },
    "jenkins.versions.plugin.git" : {
      "value" : "3.6.0"
    },
    "jenkins.versions.plugin.git-client" : {
      "value" : "2.5.0"
    },
    "jenkins.versions.plugin.git-server" : {
      "value" : "1.7"
    },
    "jenkins.versions.plugin.github" : {
      "value" : "1.28.0"
    },
    "jenkins.versions.plugin.github-api" : {
      "value" : "1.89"
    },
    "jenkins.versions.plugin.github-branch-source" : {
      "value" : "2.2.3"
    },
    "jenkins.versions.plugin.github-organization-folder" : {
      "value" : "1.6"
    },
    "jenkins.versions.plugin.gradle" : {
      "value" : "1.28"
    },
    "jenkins.versions.plugin.handlebars" : {
      "value" : "1.1.1"
    },
    "jenkins.versions.plugin.htmlpublisher" : {
      "value" : "1.14"
    },
    "jenkins.versions.plugin.icon-shim" : {
      "value" : "2.0.3"
    },
    "jenkins.versions.plugin.jackson2-api" : {
      "value" : "2.8.7.0"
    },
    "jenkins.versions.plugin.javadoc" : {
      "value" : "1.4"
    },
    "jenkins.versions.plugin.jira" : {
      "value" : "2.4.2"
    },
    "jenkins.versions.plugin.jquery-detached" : {
      "value" : "1.2.1"
    },
    "jenkins.versions.plugin.jsch" : {
      "value" : "0.1.54.1"
    },
    "jenkins.versions.plugin.junit" : {
      "value" : "1.21"
    },
    "jenkins.versions.plugin.ldap" : {
      "value" : "1.17"
    },
    "jenkins.versions.plugin.mailer" : {
      "value" : "1.20"
    },
    "jenkins.versions.plugin.mapdb-api" : {
      "value" : "1.0.9.0"
    },
    "jenkins.versions.plugin.matrix-auth" : {
      "value" : "2.1"
    },
    "jenkins.versions.plugin.matrix-project" : {
      "value" : "1.12"
    },
    "jenkins.versions.plugin.maven-plugin" : {
      "value" : "3.0"
    },
    "jenkins.versions.plugin.mercurial" : {
      "value" : "2.2"
    },
    "jenkins.versions.plugin.metrics" : {
      "value" : "3.1.2.10"
    },
    "jenkins.versions.plugin.momentjs" : {
      "value" : "1.1.1"
    },
    "jenkins.versions.plugin.pam-auth" : {
      "value" : "1.3"
    },
    "jenkins.versions.plugin.pipeline-build-step" : {
      "value" : "2.5.1"
    },
    "jenkins.versions.plugin.pipeline-github-lib" : {
      "value" : "1.0"
    },
    "jenkins.versions.plugin.pipeline-graph-analysis" : {
      "value" : "1.5"
    },
    "jenkins.versions.plugin.pipeline-input-step" : {
      "value" : "2.8"
    },
    "jenkins.versions.plugin.pipeline-milestone-step" : {
      "value" : "1.3.1"
    },
    "jenkins.versions.plugin.pipeline-model-api" : {
      "value" : "1.2.2"
    },
    "jenkins.versions.plugin.pipeline-model-declarative-agent" : {
      "value" : "1.1.1"
    },
    "jenkins.versions.plugin.pipeline-model-definition" : {
      "value" : "1.2.2"
    },
    "jenkins.versions.plugin.pipeline-model-extensions" : {
      "value" : "1.2.2"
    },
    "jenkins.versions.plugin.pipeline-rest-api" : {
      "value" : "2.9"
    },
    "jenkins.versions.plugin.pipeline-stage-step" : {
      "value" : "2.2"
    },
    "jenkins.versions.plugin.pipeline-stage-tags-metadata" : {
      "value" : "1.2.2"
    },
    "jenkins.versions.plugin.pipeline-stage-view" : {
      "value" : "2.9"
    },
    "jenkins.versions.plugin.plain-credentials" : {
      "value" : "1.4"
    },
    "jenkins.versions.plugin.pubsub-light" : {
      "value" : "1.12"
    },
    "jenkins.versions.plugin.resource-disposer" : {
      "value" : "0.8"
    },
    "jenkins.versions.plugin.run-condition" : {
      "value" : "1.0"
    },
    "jenkins.versions.plugin.scm-api" : {
      "value" : "2.2.3"
    },
    "jenkins.versions.plugin.script-security" : {
      "value" : "1.34"
    },
    "jenkins.versions.plugin.slack" : {
      "value" : "2.3"
    },
    "jenkins.versions.plugin.sse-gateway" : {
      "value" : "1.15"
    },
    "jenkins.versions.plugin.ssh" : {
      "value" : "2.5"
    },
    "jenkins.versions.plugin.ssh-credentials" : {
      "value" : "1.13"
    },
    "jenkins.versions.plugin.ssh-slaves" : {
      "value" : "1.21"
    },
    "jenkins.versions.plugin.structs" : {
      "value" : "1.10"
    },
    "jenkins.versions.plugin.subversion" : {
      "value" : "2.9"
    },
    "jenkins.versions.plugin.support-core" : {
      "value" : "2.41"
    },
    "jenkins.versions.plugin.testng-plugin" : {
      "value" : "1.14"
    },
    "jenkins.versions.plugin.timestamper" : {
      "value" : "1.8.8"
    },
    "jenkins.versions.plugin.token-macro" : {
      "value" : "2.3"
    },
    "jenkins.versions.plugin.variant" : {
      "value" : "1.1"
    },
    "jenkins.versions.plugin.windows-slaves" : {
      "value" : "1.3.1"
    },
    "jenkins.versions.plugin.workflow-aggregator" : {
      "value" : "2.5"
    },
    "jenkins.versions.plugin.workflow-api" : {
      "value" : "2.22"
    },
    "jenkins.versions.plugin.workflow-basic-steps" : {
      "value" : "2.6"
    },
    "jenkins.versions.plugin.workflow-cps" : {
      "value" : "2.41"
    },
    "jenkins.versions.plugin.workflow-cps-global-lib" : {
      "value" : "2.9"
    },
    "jenkins.versions.plugin.workflow-durable-task-step" : {
      "value" : "2.15"
    },
    "jenkins.versions.plugin.workflow-job" : {
      "value" : "2.14.1"
    },
    "jenkins.versions.plugin.workflow-multibranch" : {
      "value" : "2.16"
    },
    "jenkins.versions.plugin.workflow-scm-step" : {
      "value" : "2.6"
    },
    "jenkins.versions.plugin.workflow-step-api" : {
      "value" : "2.13"
    },
    "jenkins.versions.plugin.workflow-support" : {
      "value" : "2.15"
    },
    "jenkins.versions.plugin.ws-cleanup" : {
      "value" : "0.34"
    },
    "system.cpu.load" : {
      "value" : 0.21
    },
    "vm.blocked.count" : {
      "value" : 0
    },
    "vm.class.loaded" : {
      "value" : 15908
    },
    "vm.class.unloaded" : {
      "value" : 3
    },
    "vm.count" : {
      "value" : 47
    },
    "vm.cpu.load" : {
      "value" : 0.453774385072095
    },
    "vm.daemon.count" : {
      "value" : 38
    },
    "vm.deadlock.count" : {
      "value" : 0
    },
    "vm.deadlocks" : {
      "value" : [ ]
    },
    "vm.file.descriptor.ratio" : {
      "value" : 5.941390991210938E-4
    },
    "vm.gc.PS-MarkSweep.count" : {
      "value" : 4
    },
    "vm.gc.PS-MarkSweep.time" : {
      "value" : 630
    },
    "vm.gc.PS-Scavenge.count" : {
      "value" : 44
    },
    "vm.gc.PS-Scavenge.time" : {
      "value" : 480
    },
    "vm.memory.heap.committed" : {
      "value" : 460324864
    },
    "vm.memory.heap.init" : {
      "value" : 65011712
    },
    "vm.memory.heap.max" : {
      "value" : 921174016
    },
    "vm.memory.heap.usage" : {
      "value" : 0.27979555167999876
    },
    "vm.memory.heap.used" : {
      "value" : 257740392
    },
    "vm.memory.non-heap.committed" : {
      "value" : 150495232
    },
    "vm.memory.non-heap.init" : {
      "value" : 2555904
    },
    "vm.memory.non-heap.max" : {
      "value" : -1
    },
    "vm.memory.non-heap.usage" : {
      "value" : -1.38540632E8
    },
    "vm.memory.non-heap.used" : {
      "value" : 138540632
    },
    "vm.memory.pools.Code-Cache.committed" : {
      "value" : 33619968
    },
    "vm.memory.pools.Code-Cache.init" : {
      "value" : 2555904
    },
    "vm.memory.pools.Code-Cache.max" : {
      "value" : 251658240
    },
    "vm.memory.pools.Code-Cache.usage" : {
      "value" : 0.13279444376627605
    },
    "vm.memory.pools.Code-Cache.used" : {
      "value" : 33419520
    },
    "vm.memory.pools.Compressed-Class-Space.committed" : {
      "value" : 13369344
    },
    "vm.memory.pools.Compressed-Class-Space.init" : {
      "value" : 0
    },
    "vm.memory.pools.Compressed-Class-Space.max" : {
      "value" : 1073741824
    },
    "vm.memory.pools.Compressed-Class-Space.usage" : {
      "value" : 0.010111108422279358
    },
    "vm.memory.pools.Compressed-Class-Space.used" : {
      "value" : 10856720
    },
    "vm.memory.pools.Metaspace.committed" : {
      "value" : 103505920
    },
    "vm.memory.pools.Metaspace.init" : {
      "value" : 0
    },
    "vm.memory.pools.Metaspace.max" : {
      "value" : -1
    },
    "vm.memory.pools.Metaspace.usage" : {
      "value" : 0.9108639969578551
    },
    "vm.memory.pools.Metaspace.used" : {
      "value" : 94279816
    },
    "vm.memory.pools.PS-Eden-Space.committed" : {
      "value" : 309329920
    },
    "vm.memory.pools.PS-Eden-Space.init" : {
      "value" : 16252928
    },
    "vm.memory.pools.PS-Eden-Space.max" : {
      "value" : 311427072
    },
    "vm.memory.pools.PS-Eden-Space.usage" : {
      "value" : 0.6119896731392703
    },
    "vm.memory.pools.PS-Eden-Space.used" : {
      "value" : 190590152
    },
    "vm.memory.pools.PS-Old-Gen.committed" : {
      "value" : 135266304
    },
    "vm.memory.pools.PS-Old-Gen.init" : {
      "value" : 43515904
    },
    "vm.memory.pools.PS-Old-Gen.max" : {
      "value" : 691011584
    },
    "vm.memory.pools.PS-Old-Gen.usage" : {
      "value" : 0.09838294114617911
    },
    "vm.memory.pools.PS-Old-Gen.used" : {
      "value" : 67983752
    },
    "vm.memory.pools.PS-Survivor-Space.committed" : {
      "value" : 15728640
    },
    "vm.memory.pools.PS-Survivor-Space.init" : {
      "value" : 2621440
    },
    "vm.memory.pools.PS-Survivor-Space.max" : {
      "value" : 15728640
    },
    "vm.memory.pools.PS-Survivor-Space.usage" : {
      "value" : 0.0
    },
    "vm.memory.pools.PS-Survivor-Space.used" : {
      "value" : 0
    },
    "vm.memory.total.committed" : {
      "value" : 610820096
    },
    "vm.memory.total.init" : {
      "value" : 67567616
    },
    "vm.memory.total.max" : {
      "value" : 921174015
    },
    "vm.memory.total.used" : {
      "value" : 397149200
    },
    "vm.new.count" : {
      "value" : 0
    },
    "vm.runnable.count" : {
      "value" : 10
    },
    "vm.terminated.count" : {
      "value" : 0
    },
    "vm.timed_waiting.count" : {
      "value" : 22
    },
    "vm.uptime.milliseconds" : {
      "value" : 352807
    },
    "vm.waiting.count" : {
      "value" : 15
    }
  },
  "counters" : {
    "http.activeRequests" : {
      "count" : 1
    }
  },
  "histograms" : {
    "jenkins.executor.count.history" : {
      "count" : 23,
      "max" : 8,
      "mean" : 7.987068870744086,
      "min" : 4,
      "p50" : 8.0,
      "p75" : 8.0,
      "p95" : 8.0,
      "p98" : 8.0,
      "p99" : 8.0,
      "p999" : 8.0,
      "values" : [ 4, 4, 8, 8, 8, 8, 8, 8, 8, 8, 8, 8, 8, 8, 8, 8, 8, 8, 8, 8, 8, 8, 8 ],
      "stddev" : 0.22706233267502668
    },
    "jenkins.executor.free.history" : {
      "count" : 23,
      "max" : 8,
      "mean" : 7.987068870744085,
      "min" : 4,
      "p50" : 8.0,
      "p75" : 8.0,
      "p95" : 8.0,
      "p98" : 8.0,
      "p99" : 8.0,
      "p999" : 8.0,
      "values" : [ 4, 4, 8, 8, 8, 8, 8, 8, 8, 8, 8, 8, 8, 8, 8, 8, 8, 8, 8, 8, 8, 8, 8 ],
      "stddev" : 0.22706233267502665
    },
    "jenkins.executor.in-use.history" : {
      "count" : 23,
      "max" : 0,
      "mean" : 0.0,
      "min" : 0,
      "p50" : 0.0,
      "p75" : 0.0,
      "p95" : 0.0,
      "p98" : 0.0,
      "p99" : 0.0,
      "p999" : 0.0,
      "values" : [ 0, 0, 0, 0, 0, 0, 0, 0, 0, 0, 0, 0, 0, 0, 0, 0, 0, 0, 0, 0, 0, 0, 0 ],
      "stddev" : 0.0
    },
    "jenkins.job.count.history" : {
      "count" : 23,
      "max" : 15,
      "mean" : 15.0,
      "min" : 15,
      "p50" : 15.0,
      "p75" : 15.0,
      "p95" : 15.0,
      "p98" : 15.0,
      "p99" : 15.0,
      "p999" : 15.0,
      "values" : [ 15, 15, 15, 15, 15, 15, 15, 15, 15, 15, 15, 15, 15, 15, 15, 15, 15, 15, 15, 15, 15, 15, 15 ],
      "stddev" : 0.0
    },
    "jenkins.node.count.history" : {
      "count" : 23,
      "max" : 2,
      "mean" : 2.0000000000000004,
      "min" : 2,
      "p50" : 2.0,
      "p75" : 2.0,
      "p95" : 2.0,
      "p98" : 2.0,
      "p99" : 2.0,
      "p999" : 2.0,
      "values" : [ 2, 2, 2, 2, 2, 2, 2, 2, 2, 2, 2, 2, 2, 2, 2, 2, 2, 2, 2, 2, 2, 2, 2 ],
      "stddev" : 4.440892098500626E-16
    },
    "jenkins.node.offline.history" : {
      "count" : 23,
      "max" : 1,
      "mean" : 0.0032327823139786036,
      "min" : 0,
      "p50" : 0.0,
      "p75" : 0.0,
      "p95" : 0.0,
      "p98" : 0.0,
      "p99" : 0.0,
      "p999" : 1.0,
      "values" : [ 0, 0, 0, 0, 0, 0, 0, 0, 0, 0, 0, 0, 0, 0, 0, 0, 0, 0, 0, 0, 0, 1, 1 ],
      "stddev" : 0.05676558316875667
    },
    "jenkins.node.online.history" : {
      "count" : 23,
      "max" : 2,
      "mean" : 1.9967672176860212,
      "min" : 1,
      "p50" : 2.0,
      "p75" : 2.0,
      "p95" : 2.0,
      "p98" : 2.0,
      "p99" : 2.0,
      "p999" : 2.0,
      "values" : [ 1, 1, 2, 2, 2, 2, 2, 2, 2, 2, 2, 2, 2, 2, 2, 2, 2, 2, 2, 2, 2, 2, 2 ],
      "stddev" : 0.05676558316875667
    },
    "jenkins.project.count.history" : {
      "count" : 23,
      "max" : 0,
      "mean" : 0.0,
      "min" : 0,
      "p50" : 0.0,
      "p75" : 0.0,
      "p95" : 0.0,
      "p98" : 0.0,
      "p99" : 0.0,
      "p999" : 0.0,
      "values" : [ 0, 0, 0, 0, 0, 0, 0, 0, 0, 0, 0, 0, 0, 0, 0, 0, 0, 0, 0, 0, 0, 0, 0 ],
      "stddev" : 0.0
    },
    "jenkins.project.disabled.count.history" : {
      "count" : 23,
      "max" : 0,
      "mean" : 0.0,
      "min" : 0,
      "p50" : 0.0,
      "p75" : 0.0,
      "p95" : 0.0,
      "p98" : 0.0,
      "p99" : 0.0,
      "p999" : 0.0,
      "values" : [ 0, 0, 0, 0, 0, 0, 0, 0, 0, 0, 0, 0, 0, 0, 0, 0, 0, 0, 0, 0, 0, 0, 0 ],
      "stddev" : 0.0
    },
    "jenkins.project.enabled.count.history" : {
      "count" : 23,
      "max" : 0,
      "mean" : 0.0,
      "min" : 0,
      "p50" : 0.0,
      "p75" : 0.0,
      "p95" : 0.0,
      "p98" : 0.0,
      "p99" : 0.0,
      "p999" : 0.0,
      "values" : [ 0, 0, 0, 0, 0, 0, 0, 0, 0, 0, 0, 0, 0, 0, 0, 0, 0, 0, 0, 0, 0, 0, 0 ],
      "stddev" : 0.0
    },
    "jenkins.queue.blocked.history" : {
      "count" : 23,
      "max" : 0,
      "mean" : 0.0,
      "min" : 0,
      "p50" : 0.0,
      "p75" : 0.0,
      "p95" : 0.0,
      "p98" : 0.0,
      "p99" : 0.0,
      "p999" : 0.0,
      "values" : [ 0, 0, 0, 0, 0, 0, 0, 0, 0, 0, 0, 0, 0, 0, 0, 0, 0, 0, 0, 0, 0, 0, 0 ],
      "stddev" : 0.0
    },
    "jenkins.queue.buildable.history" : {
      "count" : 23,
      "max" : 0,
      "mean" : 0.0,
      "min" : 0,
      "p50" : 0.0,
      "p75" : 0.0,
      "p95" : 0.0,
      "p98" : 0.0,
      "p99" : 0.0,
      "p999" : 0.0,
      "values" : [ 0, 0, 0, 0, 0, 0, 0, 0, 0, 0, 0, 0, 0, 0, 0, 0, 0, 0, 0, 0, 0, 0, 0 ],
      "stddev" : 0.0
    },
    "jenkins.queue.pending.history" : {
      "count" : 23,
      "max" : 0,
      "mean" : 0.0,
      "min" : 0,
      "p50" : 0.0,
      "p75" : 0.0,
      "p95" : 0.0,
      "p98" : 0.0,
      "p99" : 0.0,
      "p999" : 0.0,
      "values" : [ 0, 0, 0, 0, 0, 0, 0, 0, 0, 0, 0, 0, 0, 0, 0, 0, 0, 0, 0, 0, 0, 0, 0 ],
      "stddev" : 0.0
    },
    "jenkins.queue.size.history" : {
      "count" : 23,
      "max" : 0,
      "mean" : 0.0,
      "min" : 0,
      "p50" : 0.0,
      "p75" : 0.0,
      "p95" : 0.0,
      "p98" : 0.0,
      "p99" : 0.0,
      "p999" : 0.0,
      "values" : [ 0, 0, 0, 0, 0, 0, 0, 0, 0, 0, 0, 0, 0, 0, 0, 0, 0, 0, 0, 0, 0, 0, 0 ],
      "stddev" : 0.0
    },
    "jenkins.queue.stuck.history" : {
      "count" : 23,
      "max" : 0,
      "mean" : 0.0,
      "min" : 0,
      "p50" : 0.0,
      "p75" : 0.0,
      "p95" : 0.0,
      "p98" : 0.0,
      "p99" : 0.0,
      "p999" : 0.0,
      "values" : [ 0, 0, 0, 0, 0, 0, 0, 0, 0, 0, 0, 0, 0, 0, 0, 0, 0, 0, 0, 0, 0, 0, 0 ],
      "stddev" : 0.0
    },
    "system.cpu.load.x100.history" : {
      "count" : 23,
      "max" : 76,
      "mean" : 9.314803912847307,
      "min" : 2,
      "p50" : 7.0,
      "p75" : 12.0,
      "p95" : 16.0,
      "p98" : 31.0,
      "p99" : 52.0,
      "p999" : 76.0,
      "values" : [ 2, 3, 4, 6, 6, 7, 7, 9, 10, 12, 12, 16, 16, 20, 24, 26, 31, 40, 46, 52, 52, 66, 76 ],
      "stddev" : 7.632296745244083
    },
    "system.cpu.load.x100.window.15m" : {
      "count" : 23,
      "max" : 76,
      "mean" : 23.608695652173914,
      "min" : 2,
      "p50" : 16.0,
      "p75" : 40.0,
      "p95" : 73.99999999999997,
      "p98" : 76.0,
      "p99" : 76.0,
      "p999" : 76.0,
      "values" : [ 2, 3, 4, 6, 6, 7, 7, 9, 10, 12, 12, 16, 16, 20, 24, 26, 31, 40, 46, 52, 52, 66, 76 ],
      "stddev" : 21.56330875781776
    },
    "system.cpu.load.x100.window.1h" : {
      "count" : 23,
      "max" : 76,
      "mean" : 23.608695652173914,
      "min" : 2,
      "p50" : 16.0,
      "p75" : 40.0,
      "p95" : 73.99999999999997,
      "p98" : 76.0,
      "p99" : 76.0,
      "p999" : 76.0,
      "values" : [ 2, 3, 4, 6, 6, 7, 7, 9, 10, 12, 12, 16, 16, 20, 24, 26, 31, 40, 46, 52, 52, 66, 76 ],
      "stddev" : 21.56330875781776
    },
    "system.cpu.load.x100.window.5m" : {
      "count" : 23,
      "max" : 66,
      "mean" : 18.45,
      "min" : 2,
      "p50" : 12.0,
      "p75" : 25.5,
      "p95" : 65.29999999999998,
      "p98" : 66.0,
      "p99" : 66.0,
      "p999" : 66.0,
      "values" : [ 2, 3, 4, 6, 6, 7, 7, 9, 10, 12, 12, 16, 16, 20, 24, 26, 31, 40, 52, 66 ],
      "stddev" : 17.23666532653423
    },
    "vm.cpu.load.x100.history" : {
      "count" : 23,
      "max" : 490,
      "mean" : 2.6625826340905303,
      "min" : 1,
      "p50" : 1.0,
      "p75" : 1.0,
      "p95" : 4.0,
      "p98" : 4.0,
      "p99" : 8.0,
      "p999" : 490.0,
      "values" : [ 1, 1, 1, 1, 1, 1, 1, 1, 1, 1, 1, 1, 1, 1, 1, 1, 2, 4, 8, 16, 41, 86, 490 ],
      "stddev" : 18.971752563615322
    },
    "vm.cpu.load.x100.window.15m" : {
      "count" : 23,
      "max" : 490,
      "mean" : 28.82608695652174,
      "min" : 1,
      "p50" : 1.0,
      "p75" : 4.0,
      "p95" : 409.19999999999885,
      "p98" : 490.0,
      "p99" : 490.0,
      "p999" : 490.0,
      "values" : [ 1, 1, 1, 1, 1, 1, 1, 1, 1, 1, 1, 1, 1, 1, 1, 1, 2, 4, 8, 16, 41, 86, 490 ],
      "stddev" : 102.34107509780182
    },
    "vm.cpu.load.x100.window.1h" : {
      "count" : 23,
      "max" : 490,
      "mean" : 28.82608695652174,
      "min" : 1,
      "p50" : 1.0,
      "p75" : 4.0,
      "p95" : 409.19999999999885,
      "p98" : 490.0,
      "p99" : 490.0,
      "p999" : 490.0,
      "values" : [ 1, 1, 1, 1, 1, 1, 1, 1, 1, 1, 1, 1, 1, 1, 1, 1, 2, 4, 8, 16, 41, 86, 490 ],
      "stddev" : 102.34107509780182
    },
    "vm.cpu.load.x100.window.5m" : {
      "count" : 23,
      "max" : 16,
      "mean" : 2.3,
      "min" : 1,
      "p50" : 1.0,
      "p75" : 1.0,
      "p95" : 15.599999999999994,
      "p98" : 16.0,
      "p99" : 16.0,
      "p999" : 16.0,
      "values" : [ 1, 1, 1, 1, 1, 1, 1, 1, 1, 1, 1, 1, 1, 1, 1, 1, 2, 4, 8, 16 ],
      "stddev" : 3.628831912975796
    },
    "vm.file.descriptor.ratio.x100.history" : {
      "count" : 23,
      "max" : 0,
      "mean" : 0.0,
      "min" : 0,
      "p50" : 0.0,
      "p75" : 0.0,
      "p95" : 0.0,
      "p98" : 0.0,
      "p99" : 0.0,
      "p999" : 0.0,
      "values" : [ 0, 0, 0, 0, 0, 0, 0, 0, 0, 0, 0, 0, 0, 0, 0, 0, 0, 0, 0, 0, 0, 0, 0 ],
      "stddev" : 0.0
    },
    "vm.file.descriptor.ratio.x100.window.15m" : {
      "count" : 23,
      "max" : 0,
      "mean" : 0.0,
      "min" : 0,
      "p50" : 0.0,
      "p75" : 0.0,
      "p95" : 0.0,
      "p98" : 0.0,
      "p99" : 0.0,
      "p999" : 0.0,
      "values" : [ 0, 0, 0, 0, 0, 0, 0, 0, 0, 0, 0, 0, 0, 0, 0, 0, 0, 0, 0, 0, 0, 0, 0 ],
      "stddev" : 0.0
    },
    "vm.file.descriptor.ratio.x100.window.1h" : {
      "count" : 23,
      "max" : 0,
      "mean" : 0.0,
      "min" : 0,
      "p50" : 0.0,
      "p75" : 0.0,
      "p95" : 0.0,
      "p98" : 0.0,
      "p99" : 0.0,
      "p999" : 0.0,
      "values" : [ 0, 0, 0, 0, 0, 0, 0, 0, 0, 0, 0, 0, 0, 0, 0, 0, 0, 0, 0, 0, 0, 0, 0 ],
      "stddev" : 0.0
    },
    "vm.file.descriptor.ratio.x100.window.5m" : {
      "count" : 23,
      "max" : 0,
      "mean" : 0.0,
      "min" : 0,
      "p50" : 0.0,
      "p75" : 0.0,
      "p95" : 0.0,
      "p98" : 0.0,
      "p99" : 0.0,
      "p999" : 0.0,
      "values" : [ 0, 0, 0, 0, 0, 0, 0, 0, 0, 0, 0, 0, 0, 0, 0, 0, 0, 0, 0, 0 ],
      "stddev" : 0.0
    },
    "vm.memory.heap.committed.history" : {
      "count" : 23,
      "max" : 460324864,
      "mean" : 4.6006903597624063E8,
      "min" : 411566080,
      "p50" : 4.60324864E8,
      "p75" : 4.60324864E8,
      "p95" : 4.60324864E8,
      "p98" : 4.60324864E8,
      "p99" : 4.60324864E8,
      "p999" : 4.60324864E8,
      "values" : [ 411566080, 414187520, 414711808, 460324864, 460324864, 460324864, 460324864, 460324864, 460324864, 460324864, 460324864, 460324864, 460324864, 460324864, 460324864, 460324864, 460324864, 460324864, 460324864, 460324864, 460324864, 460324864, 460324864 ],
      "stddev" : 3446483.856514088
    },
    "vm.memory.heap.committed.window.15m" : {
      "count" : 23,
      "max" : 460324864,
      "mean" : 4.5421576904347825E8,
      "min" : 411566080,
      "p50" : 4.60324864E8,
      "p75" : 4.60324864E8,
      "p95" : 4.60324864E8,
      "p98" : 4.60324864E8,
      "p99" : 4.60324864E8,
      "p999" : 4.60324864E8,
      "values" : [ 411566080, 414187520, 414711808, 460324864, 460324864, 460324864, 460324864, 460324864, 460324864, 460324864, 460324864, 460324864, 460324864, 460324864, 460324864, 460324864, 460324864, 460324864, 460324864, 460324864, 460324864, 460324864, 460324864 ],
      "stddev" : 1.6136126124705303E7
    },
    "vm.memory.heap.committed.window.1h" : {
      "count" : 23,
      "max" : 460324864,
      "mean" : 4.5421576904347825E8,
      "min" : 411566080,
      "p50" : 4.60324864E8,
      "p75" : 4.60324864E8,
      "p95" : 4.60324864E8,
      "p98" : 4.60324864E8,
      "p99" : 4.60324864E8,
      "p999" : 4.60324864E8,
      "values" : [ 411566080, 414187520, 414711808, 460324864, 460324864, 460324864, 460324864, 460324864, 460324864, 460324864, 460324864, 460324864, 460324864, 460324864, 460324864, 460324864, 460324864, 460324864, 460324864, 460324864, 460324864, 460324864, 460324864 ],
      "stddev" : 1.6136126124705303E7
    },
    "vm.memory.heap.committed.window.5m" : {
      "count" : 23,
      "max" : 460324864,
      "mean" : 4.60324864E8,
      "min" : 460324864,
      "p50" : 4.60324864E8,
      "p75" : 4.60324864E8,
      "p95" : 4.60324864E8,
      "p98" : 4.60324864E8,
      "p99" : 4.60324864E8,
      "p999" : 4.60324864E8,
      "values" : [ 460324864, 460324864, 460324864, 460324864, 460324864, 460324864, 460324864, 460324864, 460324864, 460324864, 460324864, 460324864, 460324864, 460324864, 460324864, 460324864, 460324864, 460324864, 460324864, 460324864 ],
      "stddev" : 0.0
    },
    "vm.memory.heap.usage.x100.history" : {
      "count" : 23,
      "max" : 41,
      "mean" : 23.246847918422986,
      "min" : 13,
      "p50" : 23.0,
      "p75" : 23.0,
      "p95" : 25.0,
      "p98" : 25.0,
      "p99" : 25.0,
      "p999" : 41.0,
      "values" : [ 13, 13, 13, 13, 14, 22, 23, 23, 23, 23, 23, 23, 23, 23, 23, 23, 23, 23, 23, 25, 25, 41, 41 ],
      "stddev" : 2.0659231969766796
    },
    "vm.memory.heap.usage.x100.window.15m" : {
      "count" : 23,
      "max" : 41,
      "mean" : 22.565217391304348,
      "min" : 13,
      "p50" : 23.0,
      "p75" : 23.0,
      "p95" : 41.0,
      "p98" : 41.0,
      "p99" : 41.0,
      "p999" : 41.0,
      "values" : [ 13, 13, 13, 13, 14, 22, 23, 23, 23, 23, 23, 23, 23, 23, 23, 23, 23, 23, 23, 25, 25, 41, 41 ],
      "stddev" : 7.178415164141366
    },
    "vm.memory.heap.usage.x100.window.1h" : {
      "count" : 23,
      "max" : 41,
      "mean" : 22.565217391304348,
      "min" : 13,
      "p50" : 23.0,
      "p75" : 23.0,
      "p95" : 41.0,
      "p98" : 41.0,
      "p99" : 41.0,
      "p999" : 41.0,
      "values" : [ 13, 13, 13, 13, 14, 22, 23, 23, 23, 23, 23, 23, 23, 23, 23, 23, 23, 23, 23, 25, 25, 41, 41 ],
      "stddev" : 7.178415164141366
    },
    "vm.memory.heap.usage.x100.window.5m" : {
      "count" : 23,
      "max" : 25,
      "mean" : 20.6,
      "min" : 13,
      "p50" : 23.0,
      "p75" : 23.0,
      "p95" : 24.9,
      "p98" : 25.0,
      "p99" : 25.0,
      "p999" : 25.0,
      "values" : [ 13, 13, 13, 13, 14, 22, 23, 23, 23, 23, 23, 23, 23, 23, 23, 23, 23, 23, 23, 25 ],
      "stddev" : 4.417667877249738
    },
    "vm.memory.heap.used.history" : {
      "count" : 23,
      "max" : 380571256,
      "mean" : 2.133830686848738E8,
      "min" : 118811312,
      "p50" : 2.12176816E8,
      "p75" : 2.14460176E8,
      "p95" : 2.2701976E8,
      "p98" : 2.2701976E8,
      "p99" : 2.2701976E8,
      "p999" : 3.80571256E8,
      "values" : [ 118811312, 120017432, 123456320, 124198112, 127807144, 206051728, 207289200, 207711576, 207713664, 207898136, 209135608, 209135608, 209135608, 209135608, 211847456, 211847456, 212176816, 212389216, 214460176, 227019760, 232489120, 379535440, 380571256 ],
      "stddev" : 1.8526986737827532E7
    },
    "vm.memory.heap.used.window.15m" : {
      "count" : 23,
      "max" : 380571256,
      "mean" : 2.0738407617391303E8,
      "min" : 118811312,
      "p50" : 2.09135608E8,
      "p75" : 2.12389216E8,
      "p95" : 3.803640928E8,
      "p98" : 3.80571256E8,
      "p99" : 3.80571256E8,
      "p999" : 3.80571256E8,
      "values" : [ 118811312, 120017432, 123456320, 124198112, 127807144, 206051728, 207289200, 207711576, 207713664, 207898136, 209135608, 209135608, 209135608, 209135608, 211847456, 211847456, 212176816, 212389216, 214460176, 227019760, 232489120, 379535440, 380571256 ],
      "stddev" : 6.62545068652858E7
    },
    "vm.memory.heap.used.window.1h" : {
      "count" : 23,
      "max" : 380571256,
      "mean" : 2.0738407617391303E8,
      "min" : 118811312,
      "p50" : 2.09135608E8,
      "p75" : 2.12389216E8,
      "p95" : 3.803640928E8,
      "p98" : 3.80571256E8,
      "p99" : 3.80571256E8,
      "p999" : 3.80571256E8,
      "values" : [ 118811312, 120017432, 123456320, 124198112, 127807144, 206051728, 207289200, 207711576, 207713664, 207898136, 209135608, 209135608, 209135608, 209135608, 211847456, 211847456, 212176816, 212389216, 214460176, 227019760, 232489120, 379535440, 380571256 ],
      "stddev" : 6.62545068652858E7
    },
    "vm.memory.heap.used.window.5m" : {
      "count" : 23,
      "max" : 227019760,
      "mean" : 1.888618968E8,
      "min" : 118811312,
      "p50" : 2.08516872E8,
      "p75" : 2.11847456E8,
      "p95" : 2.2639178079999998E8,
      "p98" : 2.2701976E8,
      "p99" : 2.2701976E8,
      "p999" : 2.2701976E8,
      "values" : [ 118811312, 120017432, 123456320, 124198112, 127807144, 206051728, 207289200, 207711576, 207713664, 207898136, 209135608, 209135608, 209135608, 209135608, 211847456, 211847456, 212176816, 212389216, 214460176, 227019760 ],
      "stddev" : 3.93706648976483E7
    },
    "vm.memory.non-heap.committed.history" : {
      "count" : 23,
      "max" : 149446656,
      "mean" : 1.4918935542789018E8,
      "min" : 120020992,
      "p50" : 1.49446656E8,
      "p75" : 1.49446656E8,
      "p95" : 1.49446656E8,
      "p98" : 1.49446656E8,
      "p99" : 1.49446656E8,
      "p999" : 1.49446656E8,
      "values" : [ 120020992, 130768896, 142958592, 144990208, 145317888, 145383424, 145448960, 145711104, 148987904, 148987904, 148987904, 148987904, 149053440, 149118976, 149184512, 149184512, 149184512, 149446656, 149446656, 149446656, 149446656, 149446656, 149446656 ],
      "stddev" : 1516028.1064774373
    },
    "vm.memory.non-heap.committed.window.15m" : {
      "count" : 23,
      "max" : 149446656,
      "mean" : 1.4604163339130434E8,
      "min" : 120020992,
      "p50" : 1.48987904E8,
      "p75" : 1.49446656E8,
      "p95" : 1.49446656E8,
      "p98" : 1.49446656E8,
      "p99" : 1.49446656E8,
      "p999" : 1.49446656E8,
      "values" : [ 120020992, 130768896, 142958592, 144990208, 145317888, 145383424, 145448960, 145711104, 148987904, 148987904, 148987904, 148987904, 149053440, 149118976, 149184512, 149184512, 149184512, 149446656, 149446656, 149446656, 149446656, 149446656, 149446656 ],
      "stddev" : 6989666.6393833505
    },
    "vm.memory.non-heap.committed.window.1h" : {
      "count" : 23,
      "max" : 149446656,
      "mean" : 1.4604163339130434E8,
      "min" : 120020992,
      "p50" : 1.48987904E8,
      "p75" : 1.49446656E8,
      "p95" : 1.49446656E8,
      "p98" : 1.49446656E8,
      "p99" : 1.49446656E8,
      "p999" : 1.49446656E8,
      "values" : [ 120020992, 130768896, 142958592, 144990208, 145317888, 145383424, 145448960, 145711104, 148987904, 148987904, 148987904, 148987904, 149053440, 149118976, 149184512, 149184512, 149184512, 149446656, 149446656, 149446656, 149446656, 149446656, 149446656 ],
      "stddev" : 6989666.6393833505
    },
    "vm.memory.non-heap.committed.window.5m" : {
      "count" : 23,
      "max" : 149446656,
      "mean" : 1.482604544E8,
      "min" : 144990208,
      "p50" : 1.49086208E8,
      "p75" : 1.49446656E8,
      "p95" : 1.49446656E8,
      "p98" : 1.49446656E8,
      "p99" : 1.49446656E8,
      "p999" : 1.49446656E8,
      "values" : [ 144990208, 145317888, 145383424, 145448960, 145711104, 148987904, 148987904, 148987904, 148987904, 149053440, 149118976, 149184512, 149184512, 149184512, 149446656, 149446656, 149446656, 149446656, 149446656, 149446656 ],
      "stddev" : 1724756.4377539589
    },
    "vm.memory.non-heap.usage.x100.history" : {
      "count" : 23,
      "max" : -10954014400,
      "mean" : -1.3706392075560759E10,
      "min" : -13750632000,
      "p50" : -1.37189576E10,
      "p75" : -1.37144312E10,
      "p95" : -1.37002912E10,
      "p98" : -1.33814336E10,
      "p99" : -1.33519896E10,
      "p999" : -1.09540144E10,
      "values" : [ -13750632000, -13731190400, -13723597600, -13723581600, -13723115200, -13721155200, -13718957600, -13718816000, -13717409600, -13717236000, -13716962400, -13714431200, -13710396000, -13709248000, -13700291200, -13416376800, -13381433600, -13367936000, -13351989600, -13345429600, -13139916800, -11996819200, -10954014400 ],
      "stddev" : 1.4089821314164966E8
    },
    "vm.memory.non-heap.usage.x100.window.15m" : {
      "count" : 23,
      "max" : -10954014400,
      "mean" : -1.3423955652173914E10,
      "min" : -13750632000,
      "p50" : -1.37144312E10,
      "p75" : -1.3367936E10,
      "p95" : -1.1162575360000004E10,
      "p98" : -1.09540144E10,
      "p99" : -1.09540144E10,
      "p999" : -1.09540144E10,
      "values" : [ -13750632000, -13731190400, -13723597600, -13723581600, -13723115200, -13721155200, -13718957600, -13718816000, -13717409600, -13717236000, -13716962400, -13714431200, -13710396000, -13709248000, -13700291200, -13416376800, -13381433600, -13367936000, -13351989600, -13345429600, -13139960800, -11996819200, -10954014400 ],
      "stddev" : 6.588196629079263E8
    },
    "vm.memory.non-heap.usage.x100.window.1h" : {
      "count" : 23,
      "max" : -10954014400,
      "mean" : -1.3423955652173914E10,
      "min" : -13750632000,
      "p50" : -1.37144312E10,
      "p75" : -1.3367936E10,
      "p95" : -1.1162575360000004E10,
      "p98" : -1.09540144E10,
      "p99" : -1.09540144E10,
      "p999" : -1.09540144E10,
      "values" : [ -13750632000, -13731190400, -13723597600, -13723581600, -13723115200, -13721155200, -13718957600, -13718816000, -13717409600, -13717236000, -13716962400, -13714431200, -13710396000, -13709248000, -13700291200, -13416376800, -13381433600, -13367936000, -13351989600, -13345429600, -13139960800, -11996819200, -10954014400 ],
      "stddev" : 6.588196629079263E8
    },
    "vm.memory.non-heap.usage.x100.window.5m" : {
      "count" : 23,
      "max" : -13345429600,
      "mean" : -1.363300928E10,
      "min" : -13750632000,
      "p50" : -1.37170992E10,
      "p75" : -1.34873554E10,
      "p95" : -1.33457576E10,
      "p98" : -1.33454296E10,
      "p99" : -1.33454296E10,
      "p999" : -1.33454296E10,
      "values" : [ -13750632000, -13731190400, -13723597600, -13723581600, -13723115200, -13721155200, -13718957600, -13718816000, -13717409600, -13717236000, -13716962400, -13714431200, -13710396000, -13709248000, -13700291200, -13416376800, -13381433600, -13367936000, -13351989600, -13345429600 ],
      "stddev" : 1.5507281084945598E8
    },
    "vm.memory.non-heap.used.history" : {
      "count" : 23,
      "max" : 137506320,
      "mean" : 1.3706392183791393E8,
      "min" : 109540208,
      "p50" : 1.37189576E8,
      "p75" : 1.37235976E8,
      "p95" : 1.3750632E8,
      "p98" : 1.3750632E8,
      "p99" : 1.3750632E8,
      "p999" : 1.3750632E8,
      "values" : [ 109540208, 119968192, 131399608, 133454296, 133519896, 133679360, 133814336, 134163768, 137002912, 137092480, 137103960, 137144312, 137169624, 137172360, 137174096, 137188160, 137189576, 137211552, 137231152, 137235816, 137235976, 137311904, 137506320 ],
      "stddev" : 1408976.3550751882
    },
    "vm.memory.non-heap.used.window.15m" : {
      "count" : 23,
      "max" : 137506320,
      "mean" : 1.342395593043478E8,
      "min" : 109540208,
      "p50" : 1.37144312E8,
      "p75" : 1.37211552E8,
      "p95" : 1.374674368E8,
      "p98" : 1.3750632E8,
      "p99" : 1.3750632E8,
      "p999" : 1.3750632E8,
      "values" : [ 109540208, 119968192, 131399608, 133454296, 133519896, 133679360, 133814336, 134163768, 137002912, 137092480, 137103960, 137144312, 137169624, 137172360, 137174096, 137188160, 137189576, 137211552, 137231152, 137235816, 137235976, 137311904, 137506320 ],
      "stddev" : 6588185.722785643
    },
    "vm.memory.non-heap.used.window.1h" : {
      "count" : 23,
      "max" : 137506320,
      "mean" : 1.3423957426086956E8,
      "min" : 109540552,
      "p50" : 1.37144312E8,
      "p75" : 1.37211552E8,
      "p95" : 1.374674368E8,
      "p98" : 1.3750632E8,
      "p99" : 1.3750632E8,
      "p999" : 1.3750632E8,
      "values" : [ 109540552, 119968192, 131399608, 133454296, 133519896, 133679360, 133814336, 134163768, 137002912, 137092480, 137103960, 137144312, 137169624, 137172360, 137174096, 137188160, 137189576, 137211552, 137231152, 137235816, 137235976, 137311904, 137506320 ],
      "stddev" : 6588127.101611237
    },
    "vm.memory.non-heap.used.window.5m" : {
      "count" : 23,
      "max" : 137506320,
      "mean" : 1.363300928E8,
      "min" : 133454296,
      "p50" : 1.37170992E8,
      "p75" : 1.37226252E8,
      "p95" : 1.374965992E8,
      "p98" : 1.3750632E8,
      "p99" : 1.3750632E8,
      "p999" : 1.3750632E8,
      "values" : [ 133454296, 133519896, 133679360, 133814336, 134163768, 137002912, 137092480, 137103960, 137144312, 137169624, 137172360, 137174096, 137188160, 137189576, 137211552, 137231152, 137235816, 137235976, 137311904, 137506320 ],
      "stddev" : 1550728.10849456
    },
    "vm.memory.pools.Code-Cache.committed.history" : {
      "count" : 23,
      "max" : 32833536,
      "mean" : 3.2742289512017395E7,
      "min" : 18874368,
      "p50" : 3.2833536E7,
      "p75" : 3.2833536E7,
      "p95" : 3.2833536E7,
      "p98" : 3.2833536E7,
      "p99" : 3.2833536E7,
      "p999" : 3.2833536E7,
      "values" : [ 18874368, 22282240, 30015488, 31260672, 31326208, 31391744, 31457280, 31719424, 32636928, 32636928, 32636928, 32636928, 32702464, 32768000, 32833536, 32833536, 32833536, 32833536, 32833536, 32833536, 32833536, 32833536, 32833536 ],
      "stddev" : 731468.7260771779
    },
    "vm.memory.pools.Code-Cache.committed.window.15m" : {
      "count" : 23,
      "max" : 32833536,
      "mean" : 3.1297714086956523E7,
      "min" : 18874368,
      "p50" : 3.2636928E7,
      "p75" : 3.2833536E7,
      "p95" : 3.2833536E7,
      "p98" : 3.2833536E7,
      "p99" : 3.2833536E7,
      "p999" : 3.2833536E7,
      "values" : [ 18874368, 22282240, 30015488, 31260672, 31326208, 31391744, 31457280, 31719424, 32636928, 32636928, 32636928, 32636928, 32702464, 32768000, 32833536, 32833536, 32833536, 32833536, 32833536, 32833536, 32833536, 32833536, 32833536 ],
      "stddev" : 3503339.3813699046
    },
    "vm.memory.pools.Code-Cache.committed.window.1h" : {
      "count" : 23,
      "max" : 32833536,
      "mean" : 3.1297714086956523E7,
      "min" : 18874368,
      "p50" : 3.2636928E7,
      "p75" : 3.2833536E7,
      "p95" : 3.2833536E7,
      "p98" : 3.2833536E7,
      "p99" : 3.2833536E7,
      "p999" : 3.2833536E7,
      "values" : [ 18874368, 22282240, 30015488, 31260672, 31326208, 31391744, 31457280, 31719424, 32636928, 32636928, 32636928, 32636928, 32702464, 32768000, 32833536, 32833536, 32833536, 32833536, 32833536, 32833536, 32833536, 32833536, 32833536 ],
      "stddev" : 3503339.3813699046
    },
    "vm.memory.pools.Code-Cache.committed.window.5m" : {
      "count" : 23,
      "max" : 32833536,
      "mean" : 3.24337664E7,
      "min" : 31260672,
      "p50" : 3.2735232E7,
      "p75" : 3.2833536E7,
      "p95" : 3.2833536E7,
      "p98" : 3.2833536E7,
      "p99" : 3.2833536E7,
      "p999" : 3.2833536E7,
      "values" : [ 31260672, 31326208, 31391744, 31457280, 31719424, 32636928, 32636928, 32636928, 32636928, 32702464, 32768000, 32833536, 32833536, 32833536, 32833536, 32833536, 32833536, 32833536, 32833536, 32833536 ],
      "stddev" : 604361.6970724175
    },
    "vm.memory.pools.Code-Cache.usage.x100.history" : {
      "count" : 23,
      "max" : 13,
      "mean" : 12.965640273381677,
      "min" : 7,
      "p50" : 13.0,
      "p75" : 13.0,
      "p95" : 13.0,
      "p98" : 13.0,
      "p99" : 13.0,
      "p999" : 13.0,
      "values" : [ 7, 9, 12, 12, 12, 12, 12, 13, 13, 13, 13, 13, 13, 13, 13, 13, 13, 13, 13, 13, 13, 13, 13 ],
      "stddev" : 0.31274288406639916
    },
    "vm.memory.pools.Code-Cache.usage.x100.window.15m" : {
      "count" : 23,
      "max" : 13,
      "mean" : 12.347826086956522,
      "min" : 7,
      "p50" : 13.0,
      "p75" : 13.0,
      "p95" : 13.0,
      "p98" : 13.0,
      "p99" : 13.0,
      "p999" : 13.0,
      "values" : [ 7, 9, 12, 12, 12, 12, 12, 13, 13, 13, 13, 13, 13, 13, 13, 13, 13, 13, 13, 13, 13, 13, 13 ],
      "stddev" : 1.4650068461575654
    },
    "vm.memory.pools.Code-Cache.usage.x100.window.1h" : {
      "count" : 23,
      "max" : 13,
      "mean" : 12.347826086956522,
      "min" : 7,
      "p50" : 13.0,
      "p75" : 13.0,
      "p95" : 13.0,
      "p98" : 13.0,
      "p99" : 13.0,
      "p999" : 13.0,
      "values" : [ 7, 9, 12, 12, 12, 12, 12, 13, 13, 13, 13, 13, 13, 13, 13, 13, 13, 13, 13, 13, 13, 13, 13 ],
      "stddev" : 1.4650068461575654
    },
    "vm.memory.pools.Code-Cache.usage.x100.window.5m" : {
      "count" : 23,
      "max" : 13,
      "mean" : 12.8,
      "min" : 12,
      "p50" : 13.0,
      "p75" : 13.0,
      "p95" : 13.0,
      "p98" : 13.0,
      "p99" : 13.0,
      "p999" : 13.0,
      "values" : [ 12, 12, 12, 12, 13, 13, 13, 13, 13, 13, 13, 13, 13, 13, 13, 13, 13, 13, 13, 13 ],
      "stddev" : 0.4103913408340615
    },
    "vm.memory.pools.Code-Cache.used.history" : {
      "count" : 23,
      "max" : 32581120,
      "mean" : 3.2310269430623997E7,
      "min" : 18755648,
      "p50" : 3.2359424E7,
      "p75" : 3.241024E7,
      "p95" : 3.258112E7,
      "p98" : 3.258112E7,
      "p99" : 3.258112E7,
      "p999" : 3.258112E7,
      "values" : [ 18755648, 22075392, 29797952, 31051200, 31081600, 31154816, 31264384, 31543936, 32164864, 32281920, 32319552, 32334912, 32336832, 32358528, 32359424, 32395328, 32400384, 32401856, 32403328, 32410240, 32448000, 32521536, 32581120 ],
      "stddev" : 716935.4966265085
    },
    "vm.memory.pools.Code-Cache.used.window.15m" : {
      "count" : 23,
      "max" : 32581120,
      "mean" : 3.0975810782608695E7,
      "min" : 18755648,
      "p50" : 3.2334912E7,
      "p75" : 3.2401856E7,
      "p95" : 3.25692032E7,
      "p98" : 3.258112E7,
      "p99" : 3.258112E7,
      "p999" : 3.258112E7,
      "values" : [ 18755648, 22075392, 29797952, 31051200, 31082496, 31154816, 31264384, 31543936, 32164864, 32281920, 32319552, 32334912, 32336832, 32358528, 32359424, 32395328, 32400384, 32401856, 32403328, 32410240, 32448000, 32521536, 32581120 ],
      "stddev" : 3438753.9400103395
    },
    "vm.memory.pools.Code-Cache.used.window.1h" : {
      "count" : 23,
      "max" : 32581120,
      "mean" : 3.0975810782608695E7,
      "min" : 18755648,
      "p50" : 3.2334912E7,
      "p75" : 3.2401856E7,
      "p95" : 3.25692032E7,
      "p98" : 3.258112E7,
      "p99" : 3.258112E7,
      "p999" : 3.258112E7,
      "values" : [ 18755648, 22075392, 29797952, 31051200, 31082496, 31154816, 31264384, 31543936, 32164864, 32281920, 32319552, 32334912, 32336832, 32358528, 32359424, 32395328, 32400384, 32401856, 32403328, 32410240, 32448000, 32521536, 32581120 ],
      "stddev" : 3438753.9400103395
    },
    "vm.memory.pools.Code-Cache.used.window.5m" : {
      "count" : 23,
      "max" : 32581120,
      "mean" : 3.20907328E7,
      "min" : 31051200,
      "p50" : 3.234768E7,
      "p75" : 3.240296E7,
      "p95" : 3.25781408E7,
      "p98" : 3.258112E7,
      "p99" : 3.258112E7,
      "p999" : 3.258112E7,
      "values" : [ 31051200, 31082496, 31154816, 31264384, 31543936, 32164864, 32281920, 32319552, 32334912, 32336832, 32358528, 32359424, 32395328, 32400384, 32401856, 32403328, 32410240, 32448000, 32521536, 32581120 ],
      "stddev" : 530760.3369492526
    },
    "vm.memory.pools.Compressed-Class-Space.committed.history" : {
      "count" : 23,
      "max" : 13369344,
      "mean" : 1.335522543403655E7,
      "min" : 11665408,
      "p50" : 1.3369344E7,
      "p75" : 1.3369344E7,
      "p95" : 1.3369344E7,
      "p98" : 1.3369344E7,
      "p99" : 1.3369344E7,
      "p999" : 1.3369344E7,
      "values" : [ 11665408, 12451840, 12976128, 12976128, 12976128, 12976128, 12976128, 12976128, 13369344, 13369344, 13369344, 13369344, 13369344, 13369344, 13369344, 13369344, 13369344, 13369344, 13369344, 13369344, 13369344, 13369344, 13369344 ],
      "stddev" : 97069.86837908886
    },
    "vm.memory.pools.Compressed-Class-Space.committed.window.15m" : {
      "count" : 23,
      "max" : 13369344,
      "mean" : 1.3152790260869564E7,
      "min" : 11665408,
      "p50" : 1.3369344E7,
      "p75" : 1.3369344E7,
      "p95" : 1.3369344E7,
      "p98" : 1.3369344E7,
      "p99" : 1.3369344E7,
      "p999" : 1.3369344E7,
      "values" : [ 11665408, 12451840, 12976128, 12976128, 12976128, 12976128, 12976128, 12976128, 13369344, 13369344, 13369344, 13369344, 13369344, 13369344, 13369344, 13369344, 13369344, 13369344, 13369344, 13369344, 13369344, 13369344, 13369344 ],
      "stddev" : 404201.0870856255
    },
    "vm.memory.pools.Compressed-Class-Space.committed.window.1h" : {
      "count" : 23,
      "max" : 13369344,
      "mean" : 1.3152790260869564E7,
      "min" : 11665408,
      "p50" : 1.3369344E7,
      "p75" : 1.3369344E7,
      "p95" : 1.3369344E7,
      "p98" : 1.3369344E7,
      "p99" : 1.3369344E7,
      "p999" : 1.3369344E7,
      "values" : [ 11665408, 12451840, 12976128, 12976128, 12976128, 12976128, 12976128, 12976128, 13369344, 13369344, 13369344, 13369344, 13369344, 13369344, 13369344, 13369344, 13369344, 13369344, 13369344, 13369344, 13369344, 13369344, 13369344 ],
      "stddev" : 404201.0870856255
    },
    "vm.memory.pools.Compressed-Class-Space.committed.window.5m" : {
      "count" : 23,
      "max" : 13369344,
      "mean" : 1.327104E7,
      "min" : 12976128,
      "p50" : 1.3369344E7,
      "p75" : 1.3369344E7,
      "p95" : 1.3369344E7,
      "p98" : 1.3369344E7,
      "p99" : 1.3369344E7,
      "p999" : 1.3369344E7,
      "values" : [ 12976128, 12976128, 12976128, 12976128, 12976128, 13369344, 13369344, 13369344, 13369344, 13369344, 13369344, 13369344, 13369344, 13369344, 13369344, 13369344, 13369344, 13369344, 13369344, 13369344 ],
      "stddev" : 174690.79223768946
    },
    "vm.memory.pools.Compressed-Class-Space.usage.x100.history" : {
      "count" : 23,
      "max" : 1,
      "mean" : 0.9999999999999999,
      "min" : 1,
      "p50" : 1.0,
      "p75" : 1.0,
      "p95" : 1.0,
      "p98" : 1.0,
      "p99" : 1.0,
      "p999" : 1.0,
      "values" : [ 1, 1, 1, 1, 1, 1, 1, 1, 1, 1, 1, 1, 1, 1, 1, 1, 1, 1, 1, 1, 1, 1, 1 ],
      "stddev" : 1.1102230246251564E-16
    },
    "vm.memory.pools.Compressed-Class-Space.usage.x100.window.15m" : {
      "count" : 23,
      "max" : 1,
      "mean" : 1.0,
      "min" : 1,
      "p50" : 1.0,
      "p75" : 1.0,
      "p95" : 1.0,
      "p98" : 1.0,
      "p99" : 1.0,
      "p999" : 1.0,
      "values" : [ 1, 1, 1, 1, 1, 1, 1, 1, 1, 1, 1, 1, 1, 1, 1, 1, 1, 1, 1, 1, 1, 1, 1 ],
      "stddev" : 0.0
    },
    "vm.memory.pools.Compressed-Class-Space.usage.x100.window.1h" : {
      "count" : 23,
      "max" : 1,
      "mean" : 1.0,
      "min" : 1,
      "p50" : 1.0,
      "p75" : 1.0,
      "p95" : 1.0,
      "p98" : 1.0,
      "p99" : 1.0,
      "p999" : 1.0,
      "values" : [ 1, 1, 1, 1, 1, 1, 1, 1, 1, 1, 1, 1, 1, 1, 1, 1, 1, 1, 1, 1, 1, 1, 1 ],
      "stddev" : 0.0
    },
    "vm.memory.pools.Compressed-Class-Space.usage.x100.window.5m" : {
      "count" : 23,
      "max" : 1,
      "mean" : 1.0,
      "min" : 1,
      "p50" : 1.0,
      "p75" : 1.0,
      "p95" : 1.0,
      "p98" : 1.0,
      "p99" : 1.0,
      "p999" : 1.0,
      "values" : [ 1, 1, 1, 1, 1, 1, 1, 1, 1, 1, 1, 1, 1, 1, 1, 1, 1, 1, 1, 1 ],
      "stddev" : 0.0
    },
    "vm.memory.pools.Compressed-Class-Space.used.history" : {
      "count" : 23,
      "max" : 10840376,
      "mean" : 1.0824480918319196E7,
      "min" : 9467976,
      "p50" : 1.0832096E7,
      "p75" : 1.0832096E7,
      "p95" : 1.0840376E7,
      "p98" : 1.0840376E7,
      "p99" : 1.0840376E7,
      "p999" : 1.0840376E7,
      "values" : [ 9467976, 10210168, 10507080, 10586648, 10593736, 10598080, 10599184, 10603016, 10831544, 10831544, 10831544, 10831544, 10831544, 10832096, 10832096, 10832096, 10832096, 10832096, 10832096, 10832096, 10832096, 10832096, 10840376 ],
      "stddev" : 69545.30934657152
    },
    "vm.memory.pools.Compressed-Class-Space.used.window.15m" : {
      "count" : 23,
      "max" : 10840376,
      "mean" : 1.0680558608695652E7,
      "min" : 9467976,
      "p50" : 1.0831544E7,
      "p75" : 1.0832096E7,
      "p95" : 1.083872E7,
      "p98" : 1.0840376E7,
      "p99" : 1.0840376E7,
      "p999" : 1.0840376E7,
      "values" : [ 9467976, 10210168, 10507080, 10586648, 10593736, 10598080, 10599184, 10603016, 10831544, 10831544, 10831544, 10831544, 10831544, 10832096, 10832096, 10832096, 10832096, 10832096, 10832096, 10832096, 10832096, 10832096, 10840376 ],
      "stddev" : 309230.00238918053
    },
    "vm.memory.pools.Compressed-Class-Space.used.window.1h" : {
      "count" : 23,
      "max" : 10840376,
      "mean" : 1.0680558608695652E7,
      "min" : 9467976,
      "p50" : 1.0831544E7,
      "p75" : 1.0832096E7,
      "p95" : 1.083872E7,
      "p98" : 1.0840376E7,
      "p99" : 1.0840376E7,
      "p999" : 1.0840376E7,
      "values" : [ 9467976, 10210168, 10507080, 10586648, 10593736, 10598080, 10599184, 10603016, 10831544, 10831544, 10831544, 10831544, 10831544, 10832096, 10832096, 10832096, 10832096, 10832096, 10832096, 10832096, 10832096, 10832096, 10840376 ],
      "stddev" : 309230.00238918053
    },
    "vm.memory.pools.Compressed-Class-Space.used.window.5m" : {
      "count" : 23,
      "max" : 10840376,
      "mean" : 1.07733812E7,
      "min" : 10586648,
      "p50" : 1.083182E7,
      "p75" : 1.0832096E7,
      "p95" : 1.0839962E7,
      "p98" : 1.0840376E7,
      "p99" : 1.0840376E7,
      "p999" : 1.0840376E7,
      "values" : [ 10586648, 10593736, 10598080, 10599184, 10603016, 10831544, 10831544, 10831544, 10831544, 10831544, 10832096, 10832096, 10832096, 10832096, 10832096, 10832096, 10832096, 10832096, 10832096, 10840376 ],
      "stddev" : 105049.07921718758
    },
    "vm.memory.pools.Metaspace.committed.history" : {
      "count" : 23,
      "max" : 103243776,
      "mean" : 1.0309184048183623E8,
      "min" : 89481216,
      "p50" : 1.03243776E8,
      "p75" : 1.03243776E8,
      "p95" : 1.03243776E8,
      "p98" : 1.03243776E8,
      "p99" : 1.03243776E8,
      "p999" : 1.03243776E8,
      "values" : [ 89481216, 96034816, 99966976, 100753408, 101015552, 101015552, 101015552, 101015552, 102981632, 102981632, 102981632, 102981632, 102981632, 102981632, 102981632, 102981632, 102981632, 103243776, 103243776, 103243776, 103243776, 103243776, 103243776 ],
      "stddev" : 707661.9404632102
    },
    "vm.memory.pools.Metaspace.committed.window.15m" : {
      "count" : 23,
      "max" : 103243776,
      "mean" : 1.0159112904347827E8,
      "min" : 89481216,
      "p50" : 1.02981632E8,
      "p75" : 1.03243776E8,
      "p95" : 1.03243776E8,
      "p98" : 1.03243776E8,
      "p99" : 1.03243776E8,
      "p999" : 1.03243776E8,
      "values" : [ 89481216, 96034816, 99966976, 100753408, 101015552, 101015552, 101015552, 101015552, 102981632, 102981632, 102981632, 102981632, 102981632, 102981632, 102981632, 102981632, 102981632, 103243776, 103243776, 103243776, 103243776, 103243776, 103243776 ],
      "stddev" : 3133226.2777819918
    },
    "vm.memory.pools.Metaspace.committed.window.1h" : {
      "count" : 23,
      "max" : 103243776,
      "mean" : 1.0159112904347827E8,
      "min" : 89481216,
      "p50" : 1.02981632E8,
      "p75" : 1.03243776E8,
      "p95" : 1.03243776E8,
      "p98" : 1.03243776E8,
      "p99" : 1.03243776E8,
      "p999" : 1.03243776E8,
      "values" : [ 89481216, 96034816, 99966976, 100753408, 101015552, 101015552, 101015552, 101015552, 102981632, 102981632, 102981632, 102981632, 102981632, 102981632, 102981632, 102981632, 102981632, 103243776, 103243776, 103243776, 103243776, 103243776, 103243776 ],
      "stddev" : 3133226.2777819918
    },
    "vm.memory.pools.Metaspace.committed.window.5m" : {
      "count" : 23,
      "max" : 103243776,
      "mean" : 1.02555648E8,
      "min" : 100753408,
      "p50" : 1.02981632E8,
      "p75" : 1.03243776E8,
      "p95" : 1.03243776E8,
      "p98" : 1.03243776E8,
      "p99" : 1.03243776E8,
      "p999" : 1.03243776E8,
      "values" : [ 100753408, 101015552, 101015552, 101015552, 101015552, 102981632, 102981632, 102981632, 102981632, 102981632, 102981632, 102981632, 102981632, 102981632, 103243776, 103243776, 103243776, 103243776, 103243776, 103243776 ],
      "stddev" : 951727.9010491226
    },
    "vm.memory.pools.Metaspace.usage.x100.history" : {
      "count" : 23,
      "max" : 91,
      "mean" : 91.0,
      "min" : 91,
      "p50" : 91.0,
      "p75" : 91.0,
      "p95" : 91.0,
      "p98" : 91.0,
      "p99" : 91.0,
      "p999" : 91.0,
      "values" : [ 91, 91, 91, 91, 91, 91, 91, 91, 91, 91, 91, 91, 91, 91, 91, 91, 91, 91, 91, 91, 91, 91, 91 ],
      "stddev" : 0.0
    },
    "vm.memory.pools.Metaspace.usage.x100.window.15m" : {
      "count" : 23,
      "max" : 91,
      "mean" : 91.0,
      "min" : 91,
      "p50" : 91.0,
      "p75" : 91.0,
      "p95" : 91.0,
      "p98" : 91.0,
      "p99" : 91.0,
      "p999" : 91.0,
      "values" : [ 91, 91, 91, 91, 91, 91, 91, 91, 91, 91, 91, 91, 91, 91, 91, 91, 91, 91, 91, 91, 91, 91, 91 ],
      "stddev" : 0.0
    },
    "vm.memory.pools.Metaspace.usage.x100.window.1h" : {
      "count" : 23,
      "max" : 91,
      "mean" : 91.0,
      "min" : 91,
      "p50" : 91.0,
      "p75" : 91.0,
      "p95" : 91.0,
      "p98" : 91.0,
      "p99" : 91.0,
      "p999" : 91.0,
      "values" : [ 91, 91, 91, 91, 91, 91, 91, 91, 91, 91, 91, 91, 91, 91, 91, 91, 91, 91, 91, 91, 91, 91, 91 ],
      "stddev" : 0.0
    },
    "vm.memory.pools.Metaspace.usage.x100.window.5m" : {
      "count" : 23,
      "max" : 91,
      "mean" : 91.0,
      "min" : 91,
      "p50" : 91.0,
      "p75" : 91.0,
      "p95" : 91.0,
      "p98" : 91.0,
      "p99" : 91.0,
      "p999" : 91.0,
      "values" : [ 91, 91, 91, 91, 91, 91, 91, 91, 91, 91, 91, 91, 91, 91, 91, 91, 91, 91, 91, 91 ],
      "stddev" : 0.0
    },
    "vm.memory.pools.Metaspace.used.history" : {
      "count" : 23,
      "max" : 94084824,
      "mean" : 9.39290409702845E7,
      "min" : 81318048,
      "p50" : 9.4003336E7,
      "p75" : 9.4005952E7,
      "p95" : 9.4084824E7,
      "p98" : 9.4084824E7,
      "p99" : 9.4084824E7,
      "p999" : 9.4084824E7,
      "values" : [ 81318048, 87682632, 91094952, 91786640, 91874960, 91926872, 91950768, 92016816, 93926024, 93942752, 93946376, 93951608, 93958824, 93971008, 93983472, 93989944, 93992664, 93998056, 94002024, 94003336, 94003432, 94005952, 94084824 ],
      "stddev" : 646156.8903440752
    },
    "vm.memory.pools.Metaspace.used.window.15m" : {
      "count" : 23,
      "max" : 94084824,
      "mean" : 9.258312973913044E7,
      "min" : 81318048,
      "p50" : 9.3951608E7,
      "p75" : 9.3998056E7,
      "p95" : 9.40690496E7,
      "p98" : 9.4084824E7,
      "p99" : 9.4084824E7,
      "p999" : 9.4084824E7,
      "values" : [ 81318048, 87682632, 91094952, 91786640, 91874960, 91926872, 91950768, 92016816, 93926024, 93942752, 93946376, 93951608, 93958824, 93971008, 93983472, 93989944, 93992664, 93998056, 94002024, 94003336, 94003432, 94005952, 94084824 ],
      "stddev" : 2898875.4749796153
    },
    "vm.memory.pools.Metaspace.used.window.1h" : {
      "count" : 23,
      "max" : 94084824,
      "mean" : 9.258312973913044E7,
      "min" : 81318048,
      "p50" : 9.3951608E7,
      "p75" : 9.3998056E7,
      "p95" : 9.40690496E7,
      "p98" : 9.4084824E7,
      "p99" : 9.4084824E7,
      "p999" : 9.4084824E7,
      "values" : [ 81318048, 87682632, 91094952, 91786640, 91874960, 91926872, 91950768, 92016816, 93926024, 93942752, 93946376, 93951608, 93958824, 93971008, 93983472, 93989944, 93992664, 93998056, 94002024, 94003336, 94003432, 94005952, 94084824 ],
      "stddev" : 2898875.4749796153
    },
    "vm.memory.pools.Metaspace.used.window.5m" : {
      "count" : 23,
      "max" : 94084824,
      "mean" : 9.34658468E7,
      "min" : 91787224,
      "p50" : 9.3964916E7,
      "p75" : 9.4001032E7,
      "p95" : 9.40808804E7,
      "p98" : 9.4084824E7,
      "p99" : 9.4084824E7,
      "p999" : 9.4084824E7,
      "values" : [ 91787224, 91874960, 91926872, 91950768, 92016816, 93926024, 93942752, 93946376, 93951608, 93958824, 93971008, 93983472, 93989944, 93992664, 93998056, 94002024, 94003336, 94003432, 94005952, 94084824 ],
      "stddev" : 922245.6178698647
    },
    "vm.memory.pools.PS-Eden-Space.committed.history" : {
      "count" : 23,
      "max" : 317194240,
      "mean" : 3.093610060791059E8,
      "min" : 308805632,
      "p50" : 3.0932992E8,
      "p75" : 3.0932992E8,
      "p95" : 3.0932992E8,
      "p98" : 3.0932992E8,
      "p99" : 3.0932992E8,
      "p999" : 3.1719424E8,
      "values" : [ 308805632, 309329920, 309329920, 309329920, 309329920, 309329920, 309329920, 309329920, 309329920, 309329920, 309329920, 309329920, 309329920, 309329920, 309329920, 309329920, 309329920, 309329920, 309329920, 309329920, 309329920, 317194240, 317194240 ],
      "stddev" : 499817.0579354104
    },
    "vm.memory.pools.PS-Eden-Space.committed.window.15m" : {
      "count" : 23,
      "max" : 317194240,
      "mean" : 3.099909787826087E8,
      "min" : 308805632,
      "p50" : 3.0932992E8,
      "p75" : 3.0932992E8,
      "p95" : 3.1719424E8,
      "p98" : 3.1719424E8,
      "p99" : 3.1719424E8,
      "p999" : 3.1719424E8,
      "values" : [ 308805632, 309329920, 309329920, 309329920, 309329920, 309329920, 309329920, 309329920, 309329920, 309329920, 309329920, 309329920, 309329920, 309329920, 309329920, 309329920, 309329920, 309329920, 309329920, 309329920, 309329920, 317194240, 317194240 ],
      "stddev" : 2275551.537622452
    },
    "vm.memory.pools.PS-Eden-Space.committed.window.1h" : {
      "count" : 23,
      "max" : 317194240,
      "mean" : 3.099909787826087E8,
      "min" : 308805632,
      "p50" : 3.0932992E8,
      "p75" : 3.0932992E8,
      "p95" : 3.1719424E8,
      "p98" : 3.1719424E8,
      "p99" : 3.1719424E8,
      "p999" : 3.1719424E8,
      "values" : [ 308805632, 309329920, 309329920, 309329920, 309329920, 309329920, 309329920, 309329920, 309329920, 309329920, 309329920, 309329920, 309329920, 309329920, 309329920, 309329920, 309329920, 309329920, 309329920, 309329920, 309329920, 317194240, 317194240 ],
      "stddev" : 2275551.537622452
    },
    "vm.memory.pools.PS-Eden-Space.committed.window.5m" : {
      "count" : 23,
      "max" : 309329920,
      "mean" : 3.0932992E8,
      "min" : 309329920,
      "p50" : 3.0932992E8,
      "p75" : 3.0932992E8,
      "p95" : 3.0932992E8,
      "p98" : 3.0932992E8,
      "p99" : 3.0932992E8,
      "p999" : 3.0932992E8,
      "values" : [ 309329920, 309329920, 309329920, 309329920, 309329920, 309329920, 309329920, 309329920, 309329920, 309329920, 309329920, 309329920, 309329920, 309329920, 309329920, 309329920, 309329920, 309329920, 309329920, 309329920 ],
      "stddev" : 0.0
    },
    "vm.memory.pools.PS-Eden-Space.usage.x100.history" : {
      "count" : 23,
      "max" : 97,
      "mean" : 46.500873478542175,
      "min" : 16,
      "p50" : 46.0,
      "p75" : 47.0,
      "p95" : 51.0,
      "p98" : 51.0,
      "p99" : 51.0,
      "p999" : 97.0,
      "values" : [ 16, 17, 18, 18, 19, 44, 45, 45, 45, 45, 45, 45, 45, 45, 46, 46, 46, 46, 47, 51, 59, 92, 97 ],
      "stddev" : 5.768661901360398
    },
    "vm.memory.pools.PS-Eden-Space.usage.x100.window.15m" : {
      "count" : 23,
      "max" : 97,
      "mean" : 44.43478260869565,
      "min" : 16,
      "p50" : 45.0,
      "p75" : 46.0,
      "p95" : 95.99999999999999,
      "p98" : 97.0,
      "p99" : 97.0,
      "p999" : 97.0,
      "values" : [ 16, 17, 18, 18, 19, 44, 45, 45, 45, 45, 45, 45, 45, 45, 46, 46, 46, 46, 47, 51, 59, 92, 97 ],
      "stddev" : 20.119701079824768
    },
    "vm.memory.pools.PS-Eden-Space.usage.x100.window.1h" : {
      "count" : 23,
      "max" : 97,
      "mean" : 44.43478260869565,
      "min" : 16,
      "p50" : 45.0,
      "p75" : 46.0,
      "p95" : 95.99999999999999,
      "p98" : 97.0,
      "p99" : 97.0,
      "p999" : 97.0,
      "values" : [ 16, 17, 18, 18, 19, 44, 45, 45, 45, 45, 45, 45, 45, 45, 46, 46, 46, 46, 47, 51, 59, 92, 97 ],
      "stddev" : 20.119701079824768
    },
    "vm.memory.pools.PS-Eden-Space.usage.x100.window.5m" : {
      "count" : 23,
      "max" : 51,
      "mean" : 38.7,
      "min" : 16,
      "p50" : 45.0,
      "p75" : 46.0,
      "p95" : 50.8,
      "p98" : 51.0,
      "p99" : 51.0,
      "p999" : 51.0,
      "values" : [ 16, 17, 18, 18, 19, 44, 45, 45, 45, 45, 45, 45, 45, 45, 46, 46, 46, 46, 47, 51 ],
      "stddev" : 12.586960671558819
    },
    "vm.memory.pools.PS-Eden-Space.used.history" : {
      "count" : 23,
      "max" : 309185432,
      "mean" : 1.453761823386793E8,
      "min" : 50827560,
      "p50" : 1.44193064E8,
      "p75" : 1.46476424E8,
      "p95" : 1.59036008E8,
      "p98" : 1.59036008E8,
      "p99" : 1.59036008E8,
      "p999" : 3.09185432E8,
      "values" : [ 50827560, 52033680, 55472568, 56214360, 59823392, 138067976, 139305448, 139727824, 139729912, 139914384, 141151856, 141151856, 141151856, 141151856, 143863704, 143863704, 144193064, 144405464, 146476424, 159036008, 181621616, 293077200, 309185432 ],
      "stddev" : 1.8153042632573918E7
    },
    "vm.memory.pools.PS-Eden-Space.used.window.15m" : {
      "count" : 23,
      "max" : 309185432,
      "mean" : 1.3919335408695653E8,
      "min" : 50827560,
      "p50" : 1.41151856E8,
      "p75" : 1.44405464E8,
      "p95" : 3.0596378559999996E8,
      "p98" : 3.09185432E8,
      "p99" : 3.09185432E8,
      "p999" : 3.09185432E8,
      "values" : [ 50827560, 52033680, 55472568, 56214360, 59823392, 138067976, 139305448, 139727824, 139729912, 139914384, 141151856, 141151856, 141151856, 141151856, 143863704, 143863704, 144193064, 144405464, 146476424, 159036008, 181621616, 293077200, 309185432 ],
      "stddev" : 6.415094970416584E7
    },
    "vm.memory.pools.PS-Eden-Space.used.window.1h" : {
      "count" : 23,
      "max" : 309185432,
      "mean" : 1.3919335408695653E8,
      "min" : 50827560,
      "p50" : 1.41151856E8,
      "p75" : 1.44405464E8,
      "p95" : 3.0596378559999996E8,
      "p98" : 3.09185432E8,
      "p99" : 3.09185432E8,
      "p999" : 3.09185432E8,
      "values" : [ 50827560, 52033680, 55472568, 56214360, 59823392, 138067976, 139305448, 139727824, 139729912, 139914384, 141151856, 141151856, 141151856, 141151856, 143863704, 143863704, 144193064, 144405464, 146476424, 159036008, 181621616, 293077200, 309185432 ],
      "stddev" : 6.415094970416584E7
    },
    "vm.memory.pools.PS-Eden-Space.used.window.5m" : {
      "count" : 23,
      "max" : 159036008,
      "mean" : 1.208781448E8,
      "min" : 50827560,
      "p50" : 1.4053312E8,
      "p75" : 1.43863704E8,
      "p95" : 1.5840802879999998E8,
      "p98" : 1.59036008E8,
      "p99" : 1.59036008E8,
      "p999" : 1.59036008E8,
      "values" : [ 50827560, 52033680, 55472568, 56214360, 59823392, 138067976, 139305448, 139727824, 139729912, 139914384, 141151856, 141151856, 141151856, 141151856, 143863704, 143863704, 144193064, 144405464, 146476424, 159036008 ],
      "stddev" : 3.93706648976483E7
    },
    "vm.memory.pools.PS-Old-Gen.committed.history" : {
      "count" : 23,
      "max" : 135266304,
      "mean" : 1.3499029545110604E8,
      "min" : 84934656,
      "p50" : 1.35266304E8,
      "p75" : 1.35266304E8,
      "p95" : 1.35266304E8,
      "p98" : 1.35266304E8,
      "p99" : 1.35266304E8,
      "p999" : 1.35266304E8,
      "values" : [ 84934656, 84934656, 84934656, 135266304, 135266304, 135266304, 135266304, 135266304, 135266304, 135266304, 135266304, 135266304, 135266304, 135266304, 135266304, 135266304, 135266304, 135266304, 135266304, 135266304, 135266304, 135266304, 135266304 ],
      "stddev" : 3716959.0270620864
    },
    "vm.memory.pools.PS-Old-Gen.committed.window.15m" : {
      "count" : 23,
      "max" : 135266304,
      "mean" : 1.2870130643478261E8,
      "min" : 84934656,
      "p50" : 1.35266304E8,
      "p75" : 1.35266304E8,
      "p95" : 1.35266304E8,
      "p98" : 1.35266304E8,
      "p99" : 1.35266304E8,
      "p999" : 1.35266304E8,
      "values" : [ 84934656, 84934656, 84934656, 135266304, 135266304, 135266304, 135266304, 135266304, 135266304, 135266304, 135266304, 135266304, 135266304, 135266304, 135266304, 135266304, 135266304, 135266304, 135266304, 135266304, 135266304, 135266304, 135266304 ],
      "stddev" : 1.7331714141039476E7
    },
    "vm.memory.pools.PS-Old-Gen.committed.window.1h" : {
      "count" : 23,
      "max" : 135266304,
      "mean" : 1.2870130643478261E8,
      "min" : 84934656,
      "p50" : 1.35266304E8,
      "p75" : 1.35266304E8,
      "p95" : 1.35266304E8,
      "p98" : 1.35266304E8,
      "p99" : 1.35266304E8,
      "p999" : 1.35266304E8,
      "values" : [ 84934656, 84934656, 84934656, 135266304, 135266304, 135266304, 135266304, 135266304, 135266304, 135266304, 135266304, 135266304, 135266304, 135266304, 135266304, 135266304, 135266304, 135266304, 135266304, 135266304, 135266304, 135266304, 135266304 ],
      "stddev" : 1.7331714141039476E7
    },
    "vm.memory.pools.PS-Old-Gen.committed.window.5m" : {
      "count" : 23,
      "max" : 135266304,
      "mean" : 1.35266304E8,
      "min" : 135266304,
      "p50" : 1.35266304E8,
      "p75" : 1.35266304E8,
      "p95" : 1.35266304E8,
      "p98" : 1.35266304E8,
      "p99" : 1.35266304E8,
      "p999" : 1.35266304E8,
      "values" : [ 135266304, 135266304, 135266304, 135266304, 135266304, 135266304, 135266304, 135266304, 135266304, 135266304, 135266304, 135266304, 135266304, 135266304, 135266304, 135266304, 135266304, 135266304, 135266304, 135266304 ],
      "stddev" : 0.0
    },
    "vm.memory.pools.PS-Old-Gen.usage.x100.history" : {
      "count" : 23,
      "max" : 11,
      "mean" : 9.995074462645123,
      "min" : 5,
      "p50" : 10.0,
      "p75" : 10.0,
      "p95" : 10.0,
      "p98" : 10.0,
      "p99" : 10.0,
      "p999" : 11.0,
      "values" : [ 5, 10, 10, 10, 10, 10, 10, 10, 10, 10, 10, 10, 10, 10, 10, 10, 10, 10, 10, 10, 10, 10, 11 ],
      "stddev" : 0.19521658483815701
    },
    "vm.memory.pools.PS-Old-Gen.usage.x100.window.15m" : {
      "count" : 23,
      "max" : 11,
      "mean" : 9.826086956521738,
      "min" : 5,
      "p50" : 10.0,
      "p75" : 10.0,
      "p95" : 10.799999999999997,
      "p98" : 11.0,
      "p99" : 11.0,
      "p999" : 11.0,
      "values" : [ 5, 10, 10, 10, 10, 10, 10, 10, 10, 10, 10, 10, 10, 10, 10, 10, 10, 10, 10, 10, 10, 10, 11 ],
      "stddev" : 1.0724726702618104
    },
    "vm.memory.pools.PS-Old-Gen.usage.x100.window.1h" : {
      "count" : 23,
      "max" : 11,
      "mean" : 9.826086956521738,
      "min" : 5,
      "p50" : 10.0,
      "p75" : 10.0,
      "p95" : 10.799999999999997,
      "p98" : 11.0,
      "p99" : 11.0,
      "p999" : 11.0,
      "values" : [ 5, 10, 10, 10, 10, 10, 10, 10, 10, 10, 10, 10, 10, 10, 10, 10, 10, 10, 10, 10, 10, 10, 11 ],
      "stddev" : 1.0724726702618104
    },
    "vm.memory.pools.PS-Old-Gen.usage.x100.window.5m" : {
      "count" : 23,
      "max" : 10,
      "mean" : 10.0,
      "min" : 10,
      "p50" : 10.0,
      "p75" : 10.0,
      "p95" : 10.0,
      "p98" : 10.0,
      "p99" : 10.0,
      "p999" : 10.0,
      "values" : [ 10, 10, 10, 10, 10, 10, 10, 10, 10, 10, 10, 10, 10, 10, 10, 10, 10, 10, 10, 10 ],
      "stddev" : 0.0
    },
    "vm.memory.pools.PS-Old-Gen.used.history" : {
      "count" : 23,
      "max" : 74427912,
      "mean" : 6.795154187341844E7,
      "min" : 33063240,
      "p50" : 6.7983752E7,
      "p75" : 6.7983752E7,
      "p95" : 6.7983752E7,
      "p98" : 6.7983752E7,
      "p99" : 6.7983752E7,
      "p999" : 7.4427912E7,
      "values" : [ 33063240, 67983752, 67983752, 67983752, 67983752, 67983752, 67983752, 67983752, 67983752, 67983752, 67983752, 67983752, 67983752, 67983752, 67983752, 67983752, 67983752, 67983752, 67983752, 67983752, 67983752, 69878496, 74427912 ],
      "stddev" : 1359842.613632373
    },
    "vm.memory.pools.PS-Old-Gen.used.window.15m" : {
      "count" : 23,
      "max" : 74427912,
      "mean" : 6.682802991304348E7,
      "min" : 33063240,
      "p50" : 6.7983752E7,
      "p75" : 6.7983752E7,
      "p95" : 7.351802879999998E7,
      "p98" : 7.4427912E7,
      "p99" : 7.4427912E7,
      "p999" : 7.4427912E7,
      "values" : [ 33063240, 67983752, 67983752, 67983752, 67983752, 67983752, 67983752, 67983752, 67983752, 67983752, 67983752, 67983752, 67983752, 67983752, 67983752, 67983752, 67983752, 67983752, 67983752, 67983752, 67983752, 69878496, 74427912 ],
      "stddev" : 7488896.204019965
    },
    "vm.memory.pools.PS-Old-Gen.used.window.1h" : {
      "count" : 23,
      "max" : 74427912,
      "mean" : 6.682802991304348E7,
      "min" : 33063240,
      "p50" : 6.7983752E7,
      "p75" : 6.7983752E7,
      "p95" : 7.351802879999998E7,
      "p98" : 7.4427912E7,
      "p99" : 7.4427912E7,
      "p999" : 7.4427912E7,
      "values" : [ 33063240, 67983752, 67983752, 67983752, 67983752, 67983752, 67983752, 67983752, 67983752, 67983752, 67983752, 67983752, 67983752, 67983752, 67983752, 67983752, 67983752, 67983752, 67983752, 67983752, 67983752, 69878496, 74427912 ],
      "stddev" : 7488896.204019965
    },
    "vm.memory.pools.PS-Old-Gen.used.window.5m" : {
      "count" : 23,
      "max" : 67983752,
      "mean" : 6.7983752E7,
      "min" : 67983752,
      "p50" : 6.7983752E7,
      "p75" : 6.7983752E7,
      "p95" : 6.7983752E7,
      "p98" : 6.7983752E7,
      "p99" : 6.7983752E7,
      "p999" : 6.7983752E7,
      "values" : [ 67983752, 67983752, 67983752, 67983752, 67983752, 67983752, 67983752, 67983752, 67983752, 67983752, 67983752, 67983752, 67983752, 67983752, 67983752, 67983752, 67983752, 67983752, 67983752, 67983752 ],
      "stddev" : 0.0
    },
    "vm.memory.pools.PS-Survivor-Space.committed.history" : {
      "count" : 23,
      "max" : 17825792,
      "mean" : 1.5717734446028702E7,
      "min" : 12058624,
      "p50" : 1.572864E7,
      "p75" : 1.572864E7,
      "p95" : 1.572864E7,
      "p98" : 1.572864E7,
      "p99" : 1.572864E7,
      "p999" : 1.7825792E7,
      "values" : [ 12058624, 12582912, 15728640, 15728640, 15728640, 15728640, 15728640, 15728640, 15728640, 15728640, 15728640, 15728640, 15728640, 15728640, 15728640, 15728640, 15728640, 15728640, 15728640, 15728640, 15728640, 15728640, 17825792 ],
      "stddev" : 233022.87516330605
    },
    "vm.memory.pools.PS-Survivor-Space.committed.window.15m" : {
      "count" : 23,
      "max" : 17825792,
      "mean" : 1.5523483826086957E7,
      "min" : 12058624,
      "p50" : 1.572864E7,
      "p75" : 1.572864E7,
      "p95" : 1.7406361599999994E7,
      "p98" : 1.7825792E7,
      "p99" : 1.7825792E7,
      "p999" : 1.7825792E7,
      "values" : [ 12058624, 12582912, 15728640, 15728640, 15728640, 15728640, 15728640, 15728640, 15728640, 15728640, 15728640, 15728640, 15728640, 15728640, 15728640, 15728640, 15728640, 15728640, 15728640, 15728640, 15728640, 15728640, 17825792 ],
      "stddev" : 1103601.9605317058
    },
    "vm.memory.pools.PS-Survivor-Space.committed.window.1h" : {
      "count" : 23,
      "max" : 17825792,
      "mean" : 1.5523483826086957E7,
      "min" : 12058624,
      "p50" : 1.572864E7,
      "p75" : 1.572864E7,
      "p95" : 1.7406361599999994E7,
      "p98" : 1.7825792E7,
      "p99" : 1.7825792E7,
      "p999" : 1.7825792E7,
      "values" : [ 12058624, 12582912, 15728640, 15728640, 15728640, 15728640, 15728640, 15728640, 15728640, 15728640, 15728640, 15728640, 15728640, 15728640, 15728640, 15728640, 15728640, 15728640, 15728640, 15728640, 15728640, 15728640, 17825792 ],
      "stddev" : 1103601.9605317058
    },
    "vm.memory.pools.PS-Survivor-Space.committed.window.5m" : {
      "count" : 23,
      "max" : 15728640,
      "mean" : 1.572864E7,
      "min" : 15728640,
      "p50" : 1.572864E7,
      "p75" : 1.572864E7,
      "p95" : 1.572864E7,
      "p98" : 1.572864E7,
      "p99" : 1.572864E7,
      "p999" : 1.572864E7,
      "values" : [ 15728640, 15728640, 15728640, 15728640, 15728640, 15728640, 15728640, 15728640, 15728640, 15728640, 15728640, 15728640, 15728640, 15728640, 15728640, 15728640, 15728640, 15728640, 15728640, 15728640 ],
      "stddev" : 0.0
    },
    "vm.memory.pools.PS-Survivor-Space.usage.x100.history" : {
      "count" : 23,
      "max" : 100,
      "mean" : 0.39020219235206344,
      "min" : 0,
      "p50" : 0.0,
      "p75" : 0.0,
      "p95" : 0.0,
      "p98" : 0.0,
      "p99" : 0.0,
      "p999" : 100.0,
      "values" : [ 0, 0, 0, 0, 0, 0, 0, 0, 0, 0, 0, 0, 0, 0, 0, 0, 0, 0, 0, 0, 12, 100, 100 ],
      "stddev" : 6.080282163501697
    },
    "vm.memory.pools.PS-Survivor-Space.usage.x100.window.15m" : {
      "count" : 23,
      "max" : 100,
      "mean" : 9.217391304347826,
      "min" : 0,
      "p50" : 0.0,
      "p75" : 0.0,
      "p95" : 100.0,
      "p98" : 100.0,
      "p99" : 100.0,
      "p999" : 100.0,
      "values" : [ 0, 0, 0, 0, 0, 0, 0, 0, 0, 0, 0, 0, 0, 0, 0, 0, 0, 0, 0, 0, 12, 100, 100 ],
      "stddev" : 28.754377566711682
    },
    "vm.memory.pools.PS-Survivor-Space.usage.x100.window.1h" : {
      "count" : 23,
      "max" : 100,
      "mean" : 9.217391304347826,
      "min" : 0,
      "p50" : 0.0,
      "p75" : 0.0,
      "p95" : 100.0,
      "p98" : 100.0,
      "p99" : 100.0,
      "p999" : 100.0,
      "values" : [ 0, 0, 0, 0, 0, 0, 0, 0, 0, 0, 0, 0, 0, 0, 0, 0, 0, 0, 0, 0, 12, 100, 100 ],
      "stddev" : 28.754377566711682
    },
    "vm.memory.pools.PS-Survivor-Space.usage.x100.window.5m" : {
      "count" : 23,
      "max" : 0,
      "mean" : 0.0,
      "min" : 0,
      "p50" : 0.0,
      "p75" : 0.0,
      "p95" : 0.0,
      "p98" : 0.0,
      "p99" : 0.0,
      "p999" : 0.0,
      "values" : [ 0, 0, 0, 0, 0, 0, 0, 0, 0, 0, 0, 0, 0, 0, 0, 0, 0, 0, 0, 0 ],
      "stddev" : 0.0
    },
    "vm.memory.pools.PS-Survivor-Space.used.history" : {
      "count" : 23,
      "max" : 17804264,
      "mean" : 55344.47277605878,
      "min" : 0,
      "p50" : 0.0,
      "p75" : 0.0,
      "p95" : 0.0,
      "p98" : 0.0,
      "p99" : 0.0,
      "p999" : 1.7804264E7,
      "values" : [ 0, 0, 0, 0, 0, 0, 0, 0, 0, 0, 0, 0, 0, 0, 0, 0, 0, 0, 0, 0, 1507328, 12030328, 17804264 ],
      "stddev" : 884188.4630253888
    },
    "vm.memory.pools.PS-Survivor-Space.used.window.15m" : {
      "count" : 23,
      "max" : 17804264,
      "mean" : 1362692.1739130435,
      "min" : 0,
      "p50" : 0.0,
      "p75" : 0.0,
      "p95" : 1.6649476799999984E7,
      "p98" : 1.7804264E7,
      "p99" : 1.7804264E7,
      "p999" : 1.7804264E7,
      "values" : [ 0, 0, 0, 0, 0, 0, 0, 0, 0, 0, 0, 0, 0, 0, 0, 0, 0, 0, 0, 0, 1507328, 12030328, 17804264 ],
      "stddev" : 4375984.341054829
    },
    "vm.memory.pools.PS-Survivor-Space.used.window.1h" : {
      "count" : 23,
      "max" : 17804264,
      "mean" : 1362692.1739130435,
      "min" : 0,
      "p50" : 0.0,
      "p75" : 0.0,
      "p95" : 1.6649476799999984E7,
      "p98" : 1.7804264E7,
      "p99" : 1.7804264E7,
      "p999" : 1.7804264E7,
      "values" : [ 0, 0, 0, 0, 0, 0, 0, 0, 0, 0, 0, 0, 0, 0, 0, 0, 0, 0, 0, 0, 1507328, 12030328, 17804264 ],
      "stddev" : 4375984.341054829
    },
    "vm.memory.pools.PS-Survivor-Space.used.window.5m" : {
      "count" : 23,
      "max" : 0,
      "mean" : 0.0,
      "min" : 0,
      "p50" : 0.0,
      "p75" : 0.0,
      "p95" : 0.0,
      "p98" : 0.0,
      "p99" : 0.0,
      "p999" : 0.0,
      "values" : [ 0, 0, 0, 0, 0, 0, 0, 0, 0, 0, 0, 0, 0, 0, 0, 0, 0, 0, 0, 0 ],
      "stddev" : 0.0
    },
    "vm.memory.total.committed.history" : {
      "count" : 23,
      "max" : 609771520,
      "mean" : 6.092583914041308E8,
      "min" : 531587072,
      "p50" : 6.0977152E8,
      "p75" : 6.0977152E8,
      "p95" : 6.0977152E8,
      "p98" : 6.0977152E8,
      "p99" : 6.0977152E8,
      "p999" : 6.0977152E8,
      "values" : [ 531587072, 545480704, 557146112, 605315072, 605642752, 605708288, 605773824, 606035968, 609312768, 609312768, 609312768, 609312768, 609378304, 609443840, 609509376, 609509376, 609509376, 609771520, 609771520, 609771520, 609771520, 609771520, 609771520 ],
      "stddev" : 4751205.290056788
    },
    "vm.memory.total.committed.window.15m" : {
      "count" : 23,
      "max" : 609771520,
      "mean" : 6.002574024347826E8,
      "min" : 531587072,
      "p50" : 6.09312768E8,
      "p75" : 6.0977152E8,
      "p95" : 6.0977152E8,
      "p98" : 6.0977152E8,
      "p99" : 6.0977152E8,
      "p999" : 6.0977152E8,
      "values" : [ 531587072, 545480704, 557146112, 605315072, 605642752, 605708288, 605773824, 606035968, 609312768, 609312768, 609312768, 609312768, 609378304, 609443840, 609509376, 609509376, 609509376, 609771520, 609771520, 609771520, 609771520, 609771520, 609771520 ],
      "stddev" : 2.237926082690063E7
    },
    "vm.memory.total.committed.window.1h" : {
      "count" : 23,
      "max" : 609771520,
      "mean" : 6.002574024347826E8,
      "min" : 531587072,
      "p50" : 6.09312768E8,
      "p75" : 6.0977152E8,
      "p95" : 6.0977152E8,
      "p98" : 6.0977152E8,
      "p99" : 6.0977152E8,
      "p999" : 6.0977152E8,
      "values" : [ 531587072, 545480704, 557146112, 605315072, 605642752, 605708288, 605773824, 606035968, 609312768, 609312768, 609312768, 609312768, 609378304, 609443840, 609509376, 609509376, 609509376, 609771520, 609771520, 609771520, 609771520, 609771520, 609771520 ],
      "stddev" : 2.237926082690063E7
    },
    "vm.memory.total.committed.window.5m" : {
      "count" : 23,
      "max" : 609771520,
      "mean" : 6.085853184E8,
      "min" : 605315072,
      "p50" : 6.09411072E8,
      "p75" : 6.0977152E8,
      "p95" : 6.0977152E8,
      "p98" : 6.0977152E8,
      "p99" : 6.0977152E8,
      "p999" : 6.0977152E8,
      "values" : [ 605315072, 605642752, 605708288, 605773824, 606035968, 609312768, 609312768, 609312768, 609312768, 609378304, 609443840, 609509376, 609509376, 609509376, 609771520, 609771520, 609771520, 609771520, 609771520, 609771520 ],
      "stddev" : 1724756.4377539593
    },
    "vm.memory.total.used.history" : {
      "count" : 23,
      "max" : 510937512,
      "mean" : 3.5044693526514465E8,
      "min" : 252269344,
      "p50" : 3.49412632E8,
      "p75" : 3.51463088E8,
      "p95" : 3.6452608E8,
      "p98" : 3.6452608E8,
      "p99" : 3.6452608E8,
      "p999" : 5.10937512E8,
      "values" : [ 252269344, 253539336, 257137272, 258012448, 261970912, 342032272, 343144208, 344458824, 344900400, 344944816, 345211320, 346239568, 346279920, 346309704, 346342040, 349037032, 349083432, 349412632, 349561576, 351463088, 364526080, 500545496, 510937512 ],
      "stddev" : 1.8570363011484895E7
    },
    "vm.memory.total.used.window.15m" : {
      "count" : 23,
      "max" : 510937512,
      "mean" : 3.416243144347826E8,
      "min" : 252269344,
      "p50" : 3.46239568E8,
      "p75" : 3.49412632E8,
      "p95" : 5.0885910879999995E8,
      "p98" : 5.10937512E8,
      "p99" : 5.10937512E8,
      "p999" : 5.10937512E8,
      "values" : [ 252269344, 253539336, 257137272, 258012448, 261970912, 342032272, 343144208, 344458824, 344900400, 344944816, 345211320, 346239568, 346279920, 346309704, 346342040, 349037032, 349083432, 349412632, 349561576, 351463088, 364526080, 500545496, 510937512 ],
      "stddev" : 6.435967903443314E7
    },
    "vm.memory.total.used.window.1h" : {
      "count" : 23,
      "max" : 510937512,
      "mean" : 3.4162435895652175E8,
      "min" : 252269344,
      "p50" : 3.46239568E8,
      "p75" : 3.49412632E8,
      "p95" : 5.0885931359999996E8,
      "p98" : 5.10937512E8,
      "p99" : 5.10937512E8,
      "p999" : 5.10937512E8,
      "values" : [ 252269344, 253539336, 257137272, 258012448, 261970912, 342032272, 343144208, 344458824, 344900400, 344944816, 345211320, 346239568, 346279920, 346309704, 346342040, 349037032, 349083432, 349412632, 349561576, 351463088, 364526080, 500546520, 510937512 ],
      "stddev" : 6.435979396780343E7
    },
    "vm.memory.total.used.window.5m" : {
      "count" : 23,
      "max" : 364526080,
      "mean" : 3.251921976E8,
      "min" : 252269344,
      "p50" : 3.45725444E8,
      "p75" : 3.49071832E8,
      "p95" : 3.638729304E8,
      "p98" : 3.6452608E8,
      "p99" : 3.6452608E8,
      "p999" : 3.6452608E8,
      "values" : [ 252269344, 253539336, 257137272, 258012448, 261970912, 343144208, 344458824, 344900400, 344944816, 345211320, 346239568, 346279920, 346309704, 346342040, 349037032, 349083432, 349412632, 349561576, 351463088, 364526080 ],
      "stddev" : 4.091348108571915E7
    }
  },
  "meters" : {
    "http.responseCodes.badRequest" : {
      "count" : 0,
      "m15_rate" : 0.0,
      "m1_rate" : 0.0,
      "m5_rate" : 0.0,
      "mean_rate" : 0.0,
      "units" : "events/minute"
    },
    "http.responseCodes.created" : {
      "count" : 0,
      "m15_rate" : 0.0,
      "m1_rate" : 0.0,
      "m5_rate" : 0.0,
      "mean_rate" : 0.0,
      "units" : "events/minute"
    },
    "http.responseCodes.forbidden" : {
      "count" : 0,
      "m15_rate" : 0.0,
      "m1_rate" : 0.0,
      "m5_rate" : 0.0,
      "mean_rate" : 0.0,
      "units" : "events/minute"
    },
    "http.responseCodes.noContent" : {
      "count" : 0,
      "m15_rate" : 0.0,
      "m1_rate" : 0.0,
      "m5_rate" : 0.0,
      "mean_rate" : 0.0,
      "units" : "events/minute"
    },
    "http.responseCodes.notFound" : {
      "count" : 0,
      "m15_rate" : 0.0,
      "m1_rate" : 0.0,
      "m5_rate" : 0.0,
      "mean_rate" : 0.0,
      "units" : "events/minute"
    },
    "http.responseCodes.notModified" : {
      "count" : 0,
      "m15_rate" : 0.0,
      "m1_rate" : 0.0,
      "m5_rate" : 0.0,
      "mean_rate" : 0.0,
      "units" : "events/minute"
    },
    "http.responseCodes.ok" : {
      "count" : 178,
      "m15_rate" : 8.840120687300095,
      "m1_rate" : 13.258178248811936,
      "m5_rate" : 15.289187669464146,
      "mean_rate" : 30.471166948849188,
      "units" : "events/minute"
    },
    "http.responseCodes.other" : {
      "count" : 0,
      "m15_rate" : 0.0,
      "m1_rate" : 0.0,
      "m5_rate" : 0.0,
      "mean_rate" : 0.0,
      "units" : "events/minute"
    },
    "http.responseCodes.serverError" : {
      "count" : 0,
      "m15_rate" : 0.0,
      "m1_rate" : 0.0,
      "m5_rate" : 0.0,
      "mean_rate" : 0.0,
      "units" : "events/minute"
    },
    "http.responseCodes.serviceUnavailable" : {
      "count" : 4,
      "m15_rate" : 0.18226199218270883,
      "m1_rate" : 0.013276633917844475,
      "m5_rate" : 0.2554321036138891,
      "mean_rate" : 0.6847452367105936,
      "units" : "events/minute"
    },
    "jenkins.job.scheduled" : {
      "count" : 0,
      "m15_rate" : 0.0,
      "m1_rate" : 0.0,
      "m5_rate" : 0.0,
      "mean_rate" : 0.0,
      "units" : "events/minute"
    },
    "jenkins.runs.aborted" : {
      "count" : 0,
      "m15_rate" : 0.0,
      "m1_rate" : 0.0,
      "m5_rate" : 0.0,
      "mean_rate" : 0.0,
      "units" : "events/minute"
    },
    "jenkins.runs.failure" : {
      "count" : 0,
      "m15_rate" : 0.0,
      "m1_rate" : 0.0,
      "m5_rate" : 0.0,
      "mean_rate" : 0.0,
      "units" : "events/minute"
    },
    "jenkins.runs.not_built" : {
      "count" : 0,
      "m15_rate" : 0.0,
      "m1_rate" : 0.0,
      "m5_rate" : 0.0,
      "mean_rate" : 0.0,
      "units" : "events/minute"
    },
    "jenkins.runs.success" : {
      "count" : 0,
      "m15_rate" : 0.0,
      "m1_rate" : 0.0,
      "m5_rate" : 0.0,
      "mean_rate" : 0.0,
      "units" : "events/minute"
    },
    "jenkins.runs.total" : {
      "count" : 0,
      "m15_rate" : 0.0,
      "m1_rate" : 0.0,
      "m5_rate" : 0.0,
      "mean_rate" : 0.0,
      "units" : "events/minute"
    },
    "jenkins.runs.unstable" : {
      "count" : 0,
      "m15_rate" : 0.0,
      "m1_rate" : 0.0,
      "m5_rate" : 0.0,
      "mean_rate" : 0.0,
      "units" : "events/minute"
    }
  },
  "timers" : {
    "http.requests" : {
      "count" : 182,
      "max" : 4.022225752000001,
      "mean" : 0.01786991543797938,
      "min" : 0.0021773490000000003,
      "p50" : 0.005172245000000001,
      "p75" : 0.009058387000000001,
      "p95" : 0.037501923,
      "p98" : 0.037501923,
      "p99" : 0.23990079700000003,
      "p999" : 2.7452116220000002,
      "values" : [ 0.0021773490000000003, 0.003558985, 0.003562298, 0.003568504, 0.0036051610000000004, 0.00361296, 0.003634304, 0.00363552, 0.0036449150000000003, 0.0036491730000000003, 0.003658114, 0.003687876, 0.0036980510000000004, 0.0036996200000000003, 0.003705864, 0.0037098760000000004, 0.0037101440000000003, 0.003713567, 0.0037145790000000004, 0.003731541, 0.0037457740000000003, 0.003750868, 0.0037667140000000004, 0.003774433, 0.0038056060000000004, 0.003815038, 0.0038341140000000004, 0.00383933, 0.0038477700000000004, 0.0038918530000000002, 0.003926968, 0.0039327400000000005, 0.003933118, 0.003938304, 0.003947558, 0.003952321, 0.003955772000000001, 0.003956161000000001, 0.003987761, 0.004000597, 0.004017224000000001, 0.004030533, 0.004037347, 0.004037828, 0.004048666, 0.004054547, 0.0040970600000000005, 0.004130021, 0.004135742, 0.00420751, 0.004309029000000001, 0.004311639, 0.004355362000000001, 0.00435894, 0.004359705, 0.004369614, 0.004391302000000001, 0.004399173, 0.004427088, 0.004428199, 0.004432339, 0.00446383, 0.004505921, 0.004510013, 0.004530894000000001, 0.004543266000000001, 0.004588186, 0.0046028530000000005, 0.004645079, 0.004754835000000001, 0.004794965, 0.004822504, 0.004838865, 0.004892671, 0.0049143550000000005, 0.004948157, 0.004954455, 0.005000360000000001, 0.0050402220000000005, 0.005109789, 0.005172245000000001, 0.005332014, 0.005451694, 0.005579809000000001, 0.0055826090000000005, 0.0056354560000000005, 0.005705632, 0.005749589, 0.005752322000000001, 0.005905504000000001, 0.006033826, 0.006215031, 0.00622794, 0.006258313000000001, 0.00633163, 0.006364589, 0.006427342000000001, 0.006508751, 0.0065642420000000005, 0.0066691630000000005, 0.006675296000000001, 0.006805898, 0.006846345, 0.006860128, 0.006907583, 0.006933880000000001, 0.006977626000000001, 0.007136504, 0.007162582000000001, 0.007365975, 0.0073784720000000005, 0.007478564, 0.007483500000000001, 0.007594102, 0.007615046, 0.007838622, 0.007883173, 0.007988926, 0.008152919, 0.008163278000000001, 0.008237166, 0.008237620000000001, 0.008572971, 0.008656099, 0.008828392000000001, 0.009058387000000001, 0.009421696, 0.009570417000000001, 0.009963724, 0.010020746, 0.010409181, 0.010602453000000001, 0.010965188, 0.011018034000000001, 0.012013732000000001, 0.013248468000000001, 0.013522165000000001, 0.013689668, 0.014395907000000001, 0.015290695000000002, 0.015988311, 0.016039925, 0.016357119, 0.017896669, 0.017996042, 0.019006938, 0.019253888, 0.023119470000000003, 0.023638765000000003, 0.025580193, 0.027988528000000002, 0.028036109, 0.028180323, 0.029295534, 0.034045341, 0.035690190000000004, 0.036038657, 0.037501923, 0.045482111000000006, 0.051952118000000005, 0.053764881, 0.055365869000000005, 0.071923442, 0.07560354700000001, 0.08044754600000001, 0.16683482900000002, 0.20310892800000002, 0.20976788500000002, 0.22138411900000002, 0.23990079700000003, 0.24880164100000002, 0.298040062, 0.313064339, 0.36784747700000003, 0.39933055500000003, 0.495904051, 0.508356797, 0.711346186, 0.7331792060000001, 2.7452116220000002, 4.0073648550000005, 4.022225752000001 ],
      "stddev" : 0.13072398885268924,
      "m15_rate" : 9.022382679482812,
      "m1_rate" : 13.271454882729781,
      "m5_rate" : 15.544619773078049,
      "mean_rate" : 31.156041898291516,
      "duration_units" : "seconds",
      "rate_units" : "calls/minute"
    },
    "jenkins.health-check.duration" : {
      "count" : 6,
      "max" : 0.001976153,
      "mean" : 6.556042768455469E-4,
      "min" : 5.49758E-4,
      "p50" : 6.919550000000001E-4,
      "p75" : 6.919550000000001E-4,
      "p95" : 6.919550000000001E-4,
      "p98" : 7.65825E-4,
      "p99" : 7.65825E-4,
      "p999" : 0.001976153,
      "values" : [ 5.49758E-4, 5.746950000000001E-4, 6.90955E-4, 6.919550000000001E-4, 7.65825E-4, 0.001976153 ],
      "stddev" : 1.262710241865334E-4,
      "m15_rate" : 0.3287049951689873,
      "m1_rate" : 0.9183432794179289,
      "m5_rate" : 0.6918609460230225,
      "mean_rate" : 1.050091263967298,
      "duration_units" : "seconds",
      "rate_units" : "calls/minute"
    },
    "jenkins.job.blocked.duration" : {
      "count" : 0,
      "max" : 0.0,
      "mean" : 0.0,
      "min" : 0.0,
      "p50" : 0.0,
      "p75" : 0.0,
      "p95" : 0.0,
      "p98" : 0.0,
      "p99" : 0.0,
      "p999" : 0.0,
      "values" : [ ],
      "stddev" : 0.0,
      "m15_rate" : 0.0,
      "m1_rate" : 0.0,
      "m5_rate" : 0.0,
      "mean_rate" : 0.0,
      "duration_units" : "seconds",
      "rate_units" : "calls/minute"
    },
    "jenkins.job.buildable.duration" : {
      "count" : 0,
      "max" : 0.0,
      "mean" : 0.0,
      "min" : 0.0,
      "p50" : 0.0,
      "p75" : 0.0,
      "p95" : 0.0,
      "p98" : 0.0,
      "p99" : 0.0,
      "p999" : 0.0,
      "values" : [ ],
      "stddev" : 0.0,
      "m15_rate" : 0.0,
      "m1_rate" : 0.0,
      "m5_rate" : 0.0,
      "mean_rate" : 0.0,
      "duration_units" : "seconds",
      "rate_units" : "calls/minute"
    },
    "jenkins.job.building.duration" : {
      "count" : 0,
      "max" : 0.0,
      "mean" : 0.0,
      "min" : 0.0,
      "p50" : 0.0,
      "p75" : 0.0,
      "p95" : 0.0,
      "p98" : 0.0,
      "p99" : 0.0,
      "p999" : 0.0,
      "values" : [ ],
      "stddev" : 0.0,
      "m15_rate" : 0.0,
      "m1_rate" : 0.0,
      "m5_rate" : 0.0,
      "mean_rate" : 0.0,
      "duration_units" : "seconds",
      "rate_units" : "calls/minute"
    },
    "jenkins.job.queuing.duration" : {
      "count" : 0,
      "max" : 0.0,
      "mean" : 0.0,
      "min" : 0.0,
      "p50" : 0.0,
      "p75" : 0.0,
      "p95" : 0.0,
      "p98" : 0.0,
      "p99" : 0.0,
      "p999" : 0.0,
      "values" : [ ],
      "stddev" : 0.0,
      "m15_rate" : 0.0,
      "m1_rate" : 0.0,
      "m5_rate" : 0.0,
      "mean_rate" : 0.0,
      "duration_units" : "seconds",
      "rate_units" : "calls/minute"
    },
    "jenkins.job.total.duration" : {
      "count" : 0,
      "max" : 0.0,
      "mean" : 0.0,
      "min" : 0.0,
      "p50" : 0.0,
      "p75" : 0.0,
      "p95" : 0.0,
      "p98" : 0.0,
      "p99" : 0.0,
      "p999" : 0.0,
      "values" : [ ],
      "stddev" : 0.0,
      "m15_rate" : 0.0,
      "m1_rate" : 0.0,
      "m5_rate" : 0.0,
      "mean_rate" : 0.0,
      "duration_units" : "seconds",
      "rate_units" : "calls/minute"
    },
    "jenkins.job.waiting.duration" : {
      "count" : 0,
      "max" : 0.0,
      "mean" : 0.0,
      "min" : 0.0,
      "p50" : 0.0,
      "p75" : 0.0,
      "p95" : 0.0,
      "p98" : 0.0,
      "p99" : 0.0,
      "p999" : 0.0,
      "values" : [ ],
      "stddev" : 0.0,
      "m15_rate" : 0.0,
      "m1_rate" : 0.0,
      "m5_rate" : 0.0,
      "mean_rate" : 0.0,
      "duration_units" : "seconds",
      "rate_units" : "calls/minute"
    },
    "jenkins.node.windows-slave-1.builds" : {
      "count" : 0,
      "max" : 0.0,
      "mean" : 0.0,
      "min" : 0.0,
      "p50" : 0.0,
      "p75" : 0.0,
      "p95" : 0.0,
      "p98" : 0.0,
      "p99" : 0.0,
      "p999" : 0.0,
      "values" : [ ],
      "stddev" : 0.0,
      "m15_rate" : 0.0,
      "m1_rate" : 0.0,
      "m5_rate" : 0.0,
      "mean_rate" : 0.0,
      "duration_units" : "seconds",
      "rate_units" : "calls/minute"
    }
  }
}