{
  "version" : "3.0.0",
  "gauges" : {
    "jenkins.executor.count.value" : {
      "value" : 2
    },
    "jenkins.executor.free.value" : {
      "value" : 2
    },
    "jenkins.executor.in-use.value" : {
      "value" : 0
    },
    "jenkins.health-check.count" : {
      "value" : 4
    },
    "jenkins.health-check.inverse-score" : {
      "value" : 0.0
    },
    "jenkins.health-check.score" : {
      "value" : 1.0
    },
    "jenkins.job.count.value" : {
      "value" : 12
    },
    "jenkins.node.count.value" : {
      "value" : 1
    },
    "jenkins.node.offline.value" : {
      "value" : 0
    },
    "jenkins.node.online.value" : {
      "value" : 1
    },
    "jenkins.plugins.active" : {
      "value" : 67
    },
    "jenkins.plugins.failed" : {
      "value" : 0
    },
    "jenkins.plugins.inactive" : {
      "value" : 0
    },
    "jenkins.plugins.withUpdate" : {
      "value" : 1
    },
    "jenkins.project.count.value" : {
      "value" : 0
    },
    "jenkins.project.disabled.count.value" : {
      "value" : 0
    },
    "jenkins.project.enabled.count.value" : {
      "value" : 0
    },
    "jenkins.queue.blocked.value" : {
      "value" : 0
    },
    "jenkins.queue.buildable.value" : {
      "value" : 0
    },
    "jenkins.queue.pending.value" : {
      "value" : 0
    },
    "jenkins.queue.size.value" : {
      "value" : 0
    },
    "jenkins.queue.stuck.value" : {
      "value" : 0
    },
    "jenkins.versions.core" : {
      "value" : "2.5"
    },
    "jenkins.versions.plugin.ace-editor" : {
      "value" : "1.1"
    },
    "jenkins.versions.plugin.analysis-core" : {
      "value" : "1.76"
    },
    "jenkins.versions.plugin.ant" : {
      "value" : "1.3"
    },
    "jenkins.versions.plugin.antisamy-markup-formatter" : {
      "value" : "1.3"
    },
    "jenkins.versions.plugin.branch-api" : {
      "value" : "1.8"
    },
    "jenkins.versions.plugin.build-timeout" : {
      "value" : "1.16"
    },
    "jenkins.versions.plugin.cloudbees-folder" : {
      "value" : "5.10"
    },
    "jenkins.versions.plugin.credentials" : {
      "value" : "2.0"
    },
    "jenkins.versions.plugin.credentials-binding" : {
      "value" : "1.7"
    },
    "jenkins.versions.plugin.durable-task" : {
      "value" : "1.10"
    },
    "jenkins.versions.plugin.email-ext" : {
      "value" : "2.42"
    },
    "jenkins.versions.plugin.external-monitor-job" : {
      "value" : "1.4"
    },
    "jenkins.versions.plugin.git" : {
      "value" : "2.4.4"
    },
    "jenkins.versions.plugin.git-client" : {
      "value" : "1.19.6"
    },
    "jenkins.versions.plugin.git-server" : {
      "value" : "1.6"
    },
    "jenkins.versions.plugin.github" : {
      "value" : "1.19.1"
    },
    "jenkins.versions.plugin.github-api" : {
      "value" : "1.75"
    },
    "jenkins.versions.plugin.github-branch-source" : {
      "value" : "1.7"
    },
    "jenkins.versions.plugin.github-organization-folder" : {
      "value" : "1.3"
    },
    "jenkins.versions.plugin.gradle" : {
      "value" : "1.24"
    },
    "jenkins.versions.plugin.handlebars" : {
      "value" : "1.1.1"
    },
    "jenkins.versions.plugin.icon-shim" : {
      "value" : "2.0.3"
    },
    "jenkins.versions.plugin.jackson2-api" : {
      "value" : "2.7.3"
    },
    "jenkins.versions.plugin.javadoc" : {
      "value" : "1.3"
    },
    "jenkins.versions.plugin.jquery-detached" : {
      "value" : "1.2.1"
    },
    "jenkins.versions.plugin.junit" : {
      "value" : "1.13"
    },
    "jenkins.versions.plugin.ldap" : {
      "value" : "1.12"
    },
    "jenkins.versions.plugin.mailer" : {
      "value" : "1.17"
    },
    "jenkins.versions.plugin.mapdb-api" : {
      "value" : "1.0.6.0"
    },
    "jenkins.versions.plugin.matrix-auth" : {
      "value" : "1.3.2"
    },
    "jenkins.versions.plugin.matrix-project" : {
      "value" : "1.6"
    },
    "jenkins.versions.plugin.maven-plugin" : {
      "value" : "2.13"
    },
    "jenkins.versions.plugin.metrics" : {
      "value" : "3.1.2.7"
    },
    "jenkins.versions.plugin.momentjs" : {
      "value" : "1.1.1"
    },
    "jenkins.versions.plugin.pam-auth" : {
      "value" : "1.2"
    },
    "jenkins.versions.plugin.pipeline-build-step" : {
      "value" : "2.0"
    },
    "jenkins.versions.plugin.pipeline-input-step" : {
      "value" : "2.0"
    },
    "jenkins.versions.plugin.pipeline-rest-api" : {
      "value" : "1.4"
    },
    "jenkins.versions.plugin.pipeline-stage-step" : {
      "value" : "2.0"
    },
    "jenkins.versions.plugin.pipeline-stage-view" : {
      "value" : "1.4"
    },
    "jenkins.versions.plugin.plain-credentials" : {
      "value" : "1.2"
    },
    "jenkins.versions.plugin.publish-over-ssh" : {
      "value" : "1.14"
    },
    "jenkins.versions.plugin.rebuild" : {
      "value" : "1.25"
    },
    "jenkins.versions.plugin.scm-api" : {
      "value" : "1.2"
    },
    "jenkins.versions.plugin.script-security" : {
      "value" : "1.19"
    },
    "jenkins.versions.plugin.ssh-agent" : {
      "value" : "1.10"
    },
    "jenkins.versions.plugin.ssh-credentials" : {
      "value" : "1.12"
    },
    "jenkins.versions.plugin.ssh-slaves" : {
      "value" : "1.11"
    },
    "jenkins.versions.plugin.structs" : {
      "value" : "1.1"
    },
    "jenkins.versions.plugin.subversion" : {
      "value" : "2.5.7"
    },
    "jenkins.versions.plugin.support-core" : {
      "value" : "2.32"
    },
    "jenkins.versions.plugin.timestamper" : {
      "value" : "1.8.2"
    },
    "jenkins.versions.plugin.token-macro" : {
      "value" : "1.12.1"
    },
    "jenkins.versions.plugin.warnings" : {
      "value" : "4.53"
    },
    "jenkins.versions.plugin.windows-slaves" : {
      "value" : "1.1"
    },
    "jenkins.versions.plugin.workflow-aggregator" : {
      "value" : "2.1"
    },
    "jenkins.versions.plugin.workflow-api" : {
      "value" : "2.0"
    },
    "jenkins.versions.plugin.workflow-basic-steps" : {
      "value" : "2.0"
    },
    "jenkins.versions.plugin.workflow-cps" : {
      "value" : "2.2"
    },
    "jenkins.versions.plugin.workflow-cps-global-lib" : {
      "value" : "2.0"
    },
    "jenkins.versions.plugin.workflow-durable-task-step" : {
      "value" : "2.0"
    },
    "jenkins.versions.plugin.workflow-job" : {
      "value" : "2.2"
    },
    "jenkins.versions.plugin.workflow-multibranch" : {
      "value" : "2.3"
    },
    "jenkins.versions.plugin.workflow-scm-step" : {
      "value" : "2.0"
    },
    "jenkins.versions.plugin.workflow-step-api" : {
      "value" : "2.0"
    },
    "jenkins.versions.plugin.workflow-support" : {
      "value" : "2.0"
    },
    "jenkins.versions.plugin.ws-cleanup" : {
      "value" : "0.29"
    },
    "system.cpu.load" : {
      "value" : 0.2
    },
    "vm.blocked.count" : {
      "value" : 0
    },
    "vm.count" : {
      "value" : 36
    },
    "vm.cpu.load" : {
      "value" : 0.1411472273362522
    },
    "vm.daemon.count" : {
      "value" : 28
    },
    "vm.deadlock.count" : {
      "value" : 0
    },
    "vm.deadlocks" : {
      "value" : [ ]
    },
    "vm.file.descriptor.ratio" : {
      "value" : 0.0070953369140625
    },
    "vm.gc.PS-MarkSweep.count" : {
      "value" : 3
    },
    "vm.gc.PS-MarkSweep.time" : {
      "value" : 511
    },
    "vm.gc.PS-Scavenge.count" : {
      "value" : 19
    },
    "vm.gc.PS-Scavenge.time" : {
      "value" : 420
    },
    "vm.memory.heap.committed" : {
      "value" : 1221591040
    },
    "vm.memory.heap.init" : {
      "value" : 262144000
    },
    "vm.memory.heap.max" : {
      "value" : 3715629056
    },
    "vm.memory.heap.usage" : {
      "value" : 0.23465118688101894
    },
    "vm.memory.heap.used" : {
      "value" : 871876768
    },
    "vm.memory.non-heap.committed" : {
      "value" : 126222336
    },
    "vm.memory.non-heap.init" : {
      "value" : 2555904
    },
    "vm.memory.non-heap.max" : {
      "value" : -1
    },
    "vm.memory.non-heap.usage" : {
      "value" : -1.167418E8
    },
    "vm.memory.non-heap.used" : {
      "value" : 116741800
    },
    "vm.memory.pools.Code-Cache.committed" : {
      "value" : 29491200
    },
    "vm.memory.pools.Code-Cache.init" : {
      "value" : 2555904
    },
    "vm.memory.pools.Code-Cache.max" : {
      "value" : 251658240
    },
    "vm.memory.pools.Code-Cache.usage" : {
      "value" : 0.11635487874348958
    },
    "vm.memory.pools.Code-Cache.used" : {
      "value" : 29281664
    },
    "vm.memory.pools.Compressed-Class-Space.committed" : {
      "value" : 10878976
    },
    "vm.memory.pools.Compressed-Class-Space.init" : {
      "value" : 0
    },
    "vm.memory.pools.Compressed-Class-Space.max" : {
      "value" : 1073741824
    },
    "vm.memory.pools.Compressed-Class-Space.usage" : {
      "value" : 0.008398137986660004
    },
    "vm.memory.pools.Compressed-Class-Space.used" : {
      "value" : 9017432
    },
    "vm.memory.pools.Metaspace.committed" : {
      "value" : 85852160
    },
    "vm.memory.pools.Metaspace.init" : {
      "value" : 0
    },
    "vm.memory.pools.Metaspace.max" : {
      "value" : -1
    },
    "vm.memory.pools.Metaspace.usage" : {
      "value" : 0.913699550483063
    },
    "vm.memory.pools.Metaspace.used" : {
      "value" : 78443080
    },
    "vm.memory.pools.PS-Eden-Space.committed" : {
      "value" : 930611200
    },
    "vm.memory.pools.PS-Eden-Space.init" : {
      "value" : 66060288
    },
    "vm.memory.pools.PS-Eden-Space.max" : {
      "value" : 1340080128
    },
    "vm.memory.pools.PS-Eden-Space.usage" : {
      "value" : 0.5879969828192244
    },
    "vm.memory.pools.PS-Eden-Space.used" : {
      "value" : 787963072
    },
    "vm.memory.pools.PS-Old-Gen.committed" : {
      "value" : 265289728
    },
    "vm.memory.pools.PS-Old-Gen.init" : {
      "value" : 175112192
    },
    "vm.memory.pools.PS-Old-Gen.max" : {
      "value" : 2786590720
    },
    "vm.memory.pools.PS-Old-Gen.usage" : {
      "value" : 0.024096432790819026
    },
    "vm.memory.pools.PS-Old-Gen.used" : {
      "value" : 67146896
    },
    "vm.memory.pools.PS-Survivor-Space.committed" : {
      "value" : 25690112
    },
    "vm.memory.pools.PS-Survivor-Space.init" : {
      "value" : 10485760
    },
    "vm.memory.pools.PS-Survivor-Space.max" : {
      "value" : 25690112
    },
    "vm.memory.pools.PS-Survivor-Space.usage" : {
      "value" : 0.6526557766661352
    },
    "vm.memory.pools.PS-Survivor-Space.used" : {
      "value" : 16766800
    },
    "vm.memory.total.committed" : {
      "value" : 1347813376
    },
    "vm.memory.total.init" : {
      "value" : 264699904
    },
    "vm.memory.total.max" : {
      "value" : 3715629055
    },
    "vm.memory.total.used" : {
      "value" : 988618944
    },
    "vm.new.count" : {
      "value" : 0
    },
    "vm.runnable.count" : {
      "value" : 9
    },
    "vm.terminated.count" : {
      "value" : 0
    },
    "vm.timed_waiting.count" : {
      "value" : 12
    },
    "vm.uptime.milliseconds" : {
      "value" : 221848
    },
    "vm.waiting.count" : {
      "value" : 15
    }
  },
  "counters" : {
    "http.activeRequests" : {
      "count" : 1
    }
  },
  "histograms" : {
    "jenkins.executor.count.history" : {
      "count" : 14,
      "max" : 2,
      "mean" : 2.0000000000000004,
      "min" : 2,
      "p50" : 2.0,
      "p75" : 2.0,
      "p95" : 2.0,
      "p98" : 2.0,
      "p99" : 2.0,
      "p999" : 2.0,
      "values" : [ 2, 2, 2, 2, 2, 2, 2, 2, 2, 2, 2, 2, 2, 2 ],
      "stddev" : 4.440892098500626E-16
    },
    "jenkins.executor.free.history" : {
      "count" : 14,
      "max" : 2,
      "mean" : 2.0,
      "min" : 2,
      "p50" : 2.0,
      "p75" : 2.0,
      "p95" : 2.0,
      "p98" : 2.0,
      "p99" : 2.0,
      "p999" : 2.0,
      "values" : [ 2, 2, 2, 2, 2, 2, 2, 2, 2, 2, 2, 2, 2, 2 ],
      "stddev" : 0.0
    },
    "jenkins.executor.in-use.history" : {
      "count" : 14,
      "max" : 0,
      "mean" : 0.0,
      "min" : 0,
      "p50" : 0.0,
      "p75" : 0.0,
      "p95" : 0.0,
      "p98" : 0.0,
      "p99" : 0.0,
      "p999" : 0.0,
      "values" : [ 0, 0, 0, 0, 0, 0, 0, 0, 0, 0, 0, 0, 0, 0 ],
      "stddev" : 0.0
    },
    "jenkins.job.count.history" : {
      "count" : 14,
      "max" : 12,
      "mean" : 12.0,
      "min" : 12,
      "p50" : 12.0,
      "p75" : 12.0,
      "p95" : 12.0,
      "p98" : 12.0,
      "p99" : 12.0,
      "p999" : 12.0,
      "values" : [ 12, 12, 12, 12, 12, 12, 12, 12, 12, 12, 12, 12, 12, 12 ],
      "stddev" : 0.0
    },
    "jenkins.node.count.history" : {
      "count" : 14,
      "max" : 1,
      "mean" : 0.9999999999999999,
      "min" : 1,
      "p50" : 1.0,
      "p75" : 1.0,
      "p95" : 1.0,
      "p98" : 1.0,
      "p99" : 1.0,
      "p999" : 1.0,
      "values" : [ 1, 1, 1, 1, 1, 1, 1, 1, 1, 1, 1, 1, 1, 1 ],
      "stddev" : 1.1102230246251564E-16
    },
    "jenkins.node.offline.history" : {
      "count" : 14,
      "max" : 0,
      "mean" : 0.0,
      "min" : 0,
      "p50" : 0.0,
      "p75" : 0.0,
      "p95" : 0.0,
      "p98" : 0.0,
      "p99" : 0.0,
      "p999" : 0.0,
      "values" : [ 0, 0, 0, 0, 0, 0, 0, 0, 0, 0, 0, 0, 0, 0 ],
      "stddev" : 0.0
    },
    "jenkins.node.online.history" : {
      "count" : 14,
      "max" : 1,
      "mean" : 0.9999999999999999,
      "min" : 1,
      "p50" : 1.0,
      "p75" : 1.0,
      "p95" : 1.0,
      "p98" : 1.0,
      "p99" : 1.0,
      "p999" : 1.0,
      "values" : [ 1, 1, 1, 1, 1, 1, 1, 1, 1, 1, 1, 1, 1, 1 ],
      "stddev" : 1.1102230246251564E-16
    },
    "jenkins.project.count.history" : {
      "count" : 14,
      "max" : 0,
      "mean" : 0.0,
      "min" : 0,
      "p50" : 0.0,
      "p75" : 0.0,
      "p95" : 0.0,
      "p98" : 0.0,
      "p99" : 0.0,
      "p999" : 0.0,
      "values" : [ 0, 0, 0, 0, 0, 0, 0, 0, 0, 0, 0, 0, 0, 0 ],
      "stddev" : 0.0
    },
    "jenkins.project.disabled.count.history" : {
      "count" : 14,
      "max" : 0,
      "mean" : 0.0,
      "min" : 0,
      "p50" : 0.0,
      "p75" : 0.0,
      "p95" : 0.0,
      "p98" : 0.0,
      "p99" : 0.0,
      "p999" : 0.0,
      "values" : [ 0, 0, 0, 0, 0, 0, 0, 0, 0, 0, 0, 0, 0, 0 ],
      "stddev" : 0.0
    },
    "jenkins.project.enabled.count.history" : {
      "count" : 14,
      "max" : 0,
      "mean" : 0.0,
      "min" : 0,
      "p50" : 0.0,
      "p75" : 0.0,
      "p95" : 0.0,
      "p98" : 0.0,
      "p99" : 0.0,
      "p999" : 0.0,
      "values" : [ 0, 0, 0, 0, 0, 0, 0, 0, 0, 0, 0, 0, 0, 0 ],
      "stddev" : 0.0
    },
    "jenkins.queue.blocked.history" : {
      "count" : 14,
      "max" : 0,
      "mean" : 0.0,
      "min" : 0,
      "p50" : 0.0,
      "p75" : 0.0,
      "p95" : 0.0,
      "p98" : 0.0,
      "p99" : 0.0,
      "p999" : 0.0,
      "values" : [ 0, 0, 0, 0, 0, 0, 0, 0, 0, 0, 0, 0, 0, 0 ],
      "stddev" : 0.0
    },
    "jenkins.queue.buildable.history" : {
      "count" : 14,
      "max" : 0,
      "mean" : 0.0,
      "min" : 0,
      "p50" : 0.0,
      "p75" : 0.0,
      "p95" : 0.0,
      "p98" : 0.0,
      "p99" : 0.0,
      "p999" : 0.0,
      "values" : [ 0, 0, 0, 0, 0, 0, 0, 0, 0, 0, 0, 0, 0, 0 ],
      "stddev" : 0.0
    },
    "jenkins.queue.pending.history" : {
      "count" : 14,
      "max" : 0,
      "mean" : 0.0,
      "min" : 0,
      "p50" : 0.0,
      "p75" : 0.0,
      "p95" : 0.0,
      "p98" : 0.0,
      "p99" : 0.0,
      "p999" : 0.0,
      "values" : [ 0, 0, 0, 0, 0, 0, 0, 0, 0, 0, 0, 0, 0, 0 ],
      "stddev" : 0.0
    },
    "jenkins.queue.size.history" : {
      "count" : 14,
      "max" : 0,
      "mean" : 0.0,
      "min" : 0,
      "p50" : 0.0,
      "p75" : 0.0,
      "p95" : 0.0,
      "p98" : 0.0,
      "p99" : 0.0,
      "p999" : 0.0,
      "values" : [ 0, 0, 0, 0, 0, 0, 0, 0, 0, 0, 0, 0, 0, 0 ],
      "stddev" : 0.0
    },
    "jenkins.queue.stuck.history" : {
      "count" : 14,
      "max" : 0,
      "mean" : 0.0,
      "min" : 0,
      "p50" : 0.0,
      "p75" : 0.0,
      "p95" : 0.0,
      "p98" : 0.0,
      "p99" : 0.0,
      "p999" : 0.0,
      "values" : [ 0, 0, 0, 0, 0, 0, 0, 0, 0, 0, 0, 0, 0, 0 ],
      "stddev" : 0.0
    }
  },
  "meters" : {
    "http.responseCodes.badRequest" : {
      "count" : 0,
      "m15_rate" : 0.0,
      "m1_rate" : 0.0,
      "m5_rate" : 0.0,
      "mean_rate" : 0.0,
      "units" : "events/minute"
    },
    "http.responseCodes.created" : {
      "count" : 0,
      "m15_rate" : 0.0,
      "m1_rate" : 0.0,
      "m5_rate" : 0.0,
      "mean_rate" : 0.0,
      "units" : "events/minute"
    },
    "http.responseCodes.forbidden" : {
      "count" : 0,
      "m15_rate" : 0.0,
      "m1_rate" : 0.0,
      "m5_rate" : 0.0,
      "mean_rate" : 0.0,
      "units" : "events/minute"
    },
    "http.responseCodes.noContent" : {
      "count" : 0,
      "m15_rate" : 0.0,
      "m1_rate" : 0.0,
      "m5_rate" : 0.0,
      "mean_rate" : 0.0,
      "units" : "events/minute"
    },
    "http.responseCodes.notFound" : {
      "count" : 0,
      "m15_rate" : 0.0,
      "m1_rate" : 0.0,
      "m5_rate" : 0.0,
      "mean_rate" : 0.0,
      "units" : "events/minute"
    },
    "http.responseCodes.notModified" : {
      "count" : 60,
      "m15_rate" : 3.3427715296962526,
      "m1_rate" : 4.765098628061275,
      "m5_rate" : 7.023162919162745,
      "mean_rate" : 16.491283846418632,
      "units" : "events/minute"
    },
    "http.responseCodes.ok" : {
      "count" : 233,
      "m15_rate" : 13.266856514900448,
      "m1_rate" : 41.874371771354916,
      "m5_rate" : 29.974491269938426,
      "mean_rate" : 64.0411977738436,
      "units" : "events/minute"
    },
    "http.responseCodes.other" : {
      "count" : 2,
      "m15_rate" : 0.10855987313526619,
      "m1_rate" : 0.09171869830305063,
      "m5_rate" : 0.2159062263841502,
      "mean_rate" : 0.5497098262944927,
      "units" : "events/minute"
    },
    "http.responseCodes.serverError" : {
      "count" : 0,
      "m15_rate" : 0.0,
      "m1_rate" : 0.0,
      "m5_rate" : 0.0,
      "mean_rate" : 0.0,
      "units" : "events/minute"
    },
    "http.responseCodes.serviceUnavailable" : {
      "count" : 0,
      "m15_rate" : 0.0,
      "m1_rate" : 0.0,
      "m5_rate" : 0.0,
      "mean_rate" : 0.0,
      "units" : "events/minute"
    },
    "jenkins.job.scheduled" : {
      "count" : 1,
      "m15_rate" : 0.054129159353857585,
      "m1_rate" : 0.043949647960140975,
      "m5_rate" : 0.10705352473918474,
      "mean_rate" : 0.28535486426646284,
      "units" : "events/minute"
    },
    "jenkins.runs.aborted" : {
      "count" : 0,
      "m15_rate" : 0.0,
      "m1_rate" : 0.0,
      "m5_rate" : 0.0,
      "mean_rate" : 0.0,
      "units" : "events/minute"
    },
    "jenkins.runs.failure" : {
      "count" : 1,
      "m15_rate" : 0.05443071378140855,
      "m1_rate" : 0.04776905034290964,
      "m5_rate" : 0.10885270164496524,
      "mean_rate" : 0.2853630346541407,
      "units" : "events/minute"
    },
    "jenkins.runs.not_built" : {
      "count" : 0,
      "m15_rate" : 0.0,
      "m1_rate" : 0.0,
      "m5_rate" : 0.0,
      "mean_rate" : 0.0,
      "units" : "events/minute"
    },
    "jenkins.runs.success" : {
      "count" : 0,
      "m15_rate" : 0.0,
      "m1_rate" : 0.0,
      "m5_rate" : 0.0,
      "mean_rate" : 0.0,
      "units" : "events/minute"
    },
    "jenkins.runs.total" : {
      "count" : 1,
      "m15_rate" : 0.05443071378140855,
      "m1_rate" : 0.04776905034290964,
      "m5_rate" : 0.10885270164496524,
      "mean_rate" : 0.2853629039340266,
      "units" : "events/minute"
    },
    "jenkins.runs.unstable" : {
      "count" : 0,
      "m15_rate" : 0.0,
      "m1_rate" : 0.0,
      "m5_rate" : 0.0,
      "mean_rate" : 0.0,
      "units" : "events/minute"
    }
  },
  "timers" : {
    "http.requests" : {
      "count" : 295,
      "max" : 4.241674529,
      "mean" : 0.06157383484696332,
      "min" : 0.003734494,
      "p50" : 0.013539177000000001,
      "p75" : 0.027161715000000003,
      "p95" : 0.167104036,
      "p98" : 0.37693851500000003,
      "p99" : 1.473840607,
      "p999" : 4.241674529,
      "values" : [ 0.003734494, 0.003880291, 0.0038812750000000004, 0.003907296, 0.003914664, 0.0040033280000000004, 0.004110313, 0.004141396, 0.004161532, 0.004237307, 0.0042580380000000004, 0.004263439, 0.004280497, 0.004297109, 0.0043122510000000005, 0.0043605910000000005, 0.004385084, 0.004386112, 0.004419216, 0.004503602000000001, 0.004523119, 0.004556677, 0.004577936, 0.004615132, 0.004714972, 0.004732289000000001, 0.004734312, 0.004790792, 0.0047968260000000006, 0.004881901, 0.004938311, 0.004945573, 0.0049574960000000005, 0.005136973, 0.005224479000000001, 0.005228499, 0.005270456000000001, 0.0052807850000000005, 0.00534178, 0.005357814000000001, 0.005573439, 0.005637259, 0.005702121, 0.0057138480000000005, 0.0057178590000000005, 0.005895607000000001, 0.005957469, 0.006003339000000001, 0.006060926, 0.006069931000000001, 0.006106017, 0.006155154, 0.00640115, 0.0064827010000000004, 0.006781471000000001, 0.006921845, 0.006947514, 0.007198084, 0.007408278000000001, 0.007900894, 0.007959992, 0.008042741, 0.008135329, 0.008328637, 0.008456269, 0.008498552000000001, 0.008586042, 0.008762242, 0.008800454000000001, 0.008924900000000001, 0.009007154, 0.009069005, 0.009078756, 0.009177987, 0.009246301, 0.009296298, 0.009303349, 0.009359699, 0.009445384000000001, 0.009464459000000001, 0.009487095000000001, 0.009622175, 0.009838419000000001, 0.009944283, 0.009957829000000001, 0.010124035, 0.010213658, 0.010245588, 0.010295743000000001, 0.010514466, 0.010593434, 0.010614268000000001, 0.010618841, 0.010661018000000001, 0.010678930000000001, 0.010775309, 0.010910344, 0.010988889, 0.011397793000000002, 0.011401376000000001, 0.011497294, 0.011544164, 0.011624325000000001, 0.011641717000000001, 0.011762362, 0.011873023, 0.012177696, 0.012337404000000001, 0.012345392, 0.012545026, 0.012648929000000001, 0.01269875, 0.012808677000000001, 0.012877401, 0.012895435, 0.013050452, 0.013085826, 0.013086003, 0.013419936, 0.013539177000000001, 0.013667225000000002, 0.013944772000000001, 0.014433821000000001, 0.014497303000000001, 0.014758104000000001, 0.014969436000000001, 0.015014266, 0.01511085, 0.015594472000000002, 0.015613957000000001, 0.01575881, 0.015874254, 0.015891836, 0.015925329000000002, 0.015967733, 0.016183137, 0.016335827, 0.016444315, 0.016548274, 0.016679282, 0.016737168, 0.016774237, 0.016895459, 0.016996756000000002, 0.017421563, 0.017478664, 0.017525647000000002, 0.017647837, 0.01770739, 0.018009977, 0.018255239, 0.018296759000000003, 0.018362149, 0.019086589, 0.019277399, 0.019452022000000003, 0.019664549, 0.01977444, 0.020094345, 0.02015229, 0.020422134, 0.020502535000000002, 0.020540654000000002, 0.020602310000000002, 0.020841863000000002, 0.020964433, 0.021312073, 0.021371192, 0.021579916, 0.02159072, 0.021767004000000003, 0.021823431, 0.022508123, 0.022658453000000002, 0.023912471, 0.023933143, 0.024086788, 0.024100349, 0.02442499, 0.024549131000000002, 0.024750573, 0.024806875000000003, 0.025371909, 0.02537988, 0.026694092000000003, 0.027020095, 0.027161715000000003, 0.027743268, 0.027770706000000003, 0.028691701000000003, 0.029035387000000003, 0.029295199, 0.029493455000000002, 0.029520977, 0.029796228, 0.032469545, 0.032658311, 0.034349037, 0.034359156, 0.034598185000000004, 0.034983232, 0.035003535, 0.035271665, 0.037767053, 0.038208087, 0.038436546, 0.039144068000000004, 0.039224664, 0.039501969000000005, 0.039649496, 0.040604775, 0.0415989, 0.042903335, 0.045225996000000004, 0.045400121, 0.045991436000000004, 0.047540076, 0.0482821, 0.049743915, 0.050154922000000005, 0.050837216000000005, 0.052408149, 0.052447490000000006, 0.053561517, 0.053801644, 0.054182753, 0.054313892, 0.05596711, 0.061047341000000005, 0.064696288, 0.06516666900000001, 0.06605909800000001, 0.06681736, 0.069202383, 0.069442871, 0.07069702700000001, 0.071726968, 0.07196018600000001, 0.07282494, 0.07724268000000001, 0.07734270800000001, 0.077457195, 0.083731305, 0.083872865, 0.085901855, 0.086493729, 0.09178058500000001, 0.094983936, 0.09530121200000001, 0.095646058, 0.09594190100000001, 0.09686352200000001, 0.09727691100000001, 0.099917739, 0.100356075, 0.104533806, 0.109482466, 0.10950999900000001, 0.11264015000000001, 0.112650338, 0.112855957, 0.11288579700000001, 0.113632825, 0.11497773200000001, 0.115972604, 0.116131461, 0.121788636, 0.12380353300000001, 0.130395643, 0.134154049, 0.135280079, 0.147985042, 0.167104036, 0.170362606, 0.180463634, 0.181812584, 0.186346446, 0.190501477, 0.19583857300000002, 0.19723600000000002, 0.204645705, 0.206320778, 0.22455550700000002, 0.24270866600000002, 0.26715339400000004, 0.287128272, 0.37693851500000003, 0.600726744, 0.826898416, 1.416113242, 1.473840607, 1.541837716, 1.690154603, 1.726393577, 4.241674529 ],
      "stddev" : 0.24561683859292288,
      "m15_rate" : 16.71818791773196,
      "m1_rate" : 46.731189097719245,
      "m5_rate" : 37.213560415485304,
      "mean_rate" : 81.08402264116295,
      "duration_units" : "seconds",
      "rate_units" : "calls/minute"
    },
    "jenkins.health-check.duration" : {
      "count" : 4,
      "max" : 0.040651792,
      "mean" : 0.004963138587312311,
      "min" : 0.001744672,
      "p50" : 0.004366469,
      "p75" : 0.004366469,
      "p95" : 0.004366469,
      "p98" : 0.040651792,
      "p99" : 0.040651792,
      "p999" : 0.040651792,
      "values" : [ 0.001744672, 0.001979006, 0.004366469, 0.040651792 ],
      "stddev" : 0.007477183008892075,
      "m15_rate" : 0.2399530843744318,
      "m1_rate" : 1.3709158685476082,
      "m5_rate" : 0.5925783273771985,
      "mean_rate" : 1.1438339590945696,
      "duration_units" : "seconds",
      "rate_units" : "calls/minute"
    },
    "jenkins.job.blocked.duration" : {
      "count" : 0,
      "max" : 0.0,
      "mean" : 0.0,
      "min" : 0.0,
      "p50" : 0.0,
      "p75" : 0.0,
      "p95" : 0.0,
      "p98" : 0.0,
      "p99" : 0.0,
      "p999" : 0.0,
      "values" : [ ],
      "stddev" : 0.0,
      "m15_rate" : 0.0,
      "m1_rate" : 0.0,
      "m5_rate" : 0.0,
      "mean_rate" : 0.0,
      "duration_units" : "seconds",
      "rate_units" : "calls/minute"
    },
    "jenkins.job.buildable.duration" : {
      "count" : 0,
      "max" : 0.0,
      "mean" : 0.0,
      "min" : 0.0,
      "p50" : 0.0,
      "p75" : 0.0,
      "p95" : 0.0,
      "p98" : 0.0,
      "p99" : 0.0,
      "p999" : 0.0,
      "values" : [ ],
      "stddev" : 0.0,
      "m15_rate" : 0.0,
      "m1_rate" : 0.0,
      "m5_rate" : 0.0,
      "mean_rate" : 0.0,
      "duration_units" : "seconds",
      "rate_units" : "calls/minute"
    },
    "jenkins.job.building.duration" : {
      "count" : 2,
      "max" : 1.664068957,
      "mean" : 0.8320344785,
      "min" : 0.0,
      "p50" : 1.664068957,
      "p75" : 1.664068957,
      "p95" : 1.664068957,
      "p98" : 1.664068957,
      "p99" : 1.664068957,
      "p999" : 1.664068957,
      "values" : [ 0.0, 1.664068957 ],
      "stddev" : 0.8320344785,
      "m15_rate" : 0.1088614275628171,
      "m1_rate" : 0.09553810068581928,
      "m5_rate" : 0.2177054032899305,
      "mean_rate" : 0.570708290441835,
      "duration_units" : "seconds",
      "rate_units" : "calls/minute"
    },
    "jenkins.job.queuing.duration" : {
      "count" : 1,
      "max" : 0.077,
      "mean" : 0.077,
      "min" : 0.077,
      "p50" : 0.077,
      "p75" : 0.077,
      "p95" : 0.077,
      "p98" : 0.077,
      "p99" : 0.077,
      "p999" : 0.077,
      "values" : [ 0.077 ],
      "stddev" : 0.0,
      "m15_rate" : 0.054129159353857585,
      "m1_rate" : 0.043949647960140975,
      "m5_rate" : 0.10705352473918474,
      "mean_rate" : 0.2853537358486788,
      "duration_units" : "seconds",
      "rate_units" : "calls/minute"
    },
    "jenkins.job.total.duration" : {
      "count" : 1,
      "max" : 0.077,
      "mean" : 0.077,
      "min" : 0.077,
      "p50" : 0.077,
      "p75" : 0.077,
      "p95" : 0.077,
      "p98" : 0.077,
      "p99" : 0.077,
      "p999" : 0.077,
      "values" : [ 0.077 ],
      "stddev" : 0.0,
      "m15_rate" : 0.05443071378140855,
      "m1_rate" : 0.04776905034290964,
      "m5_rate" : 0.10885270164496524,
      "mean_rate" : 0.2853536496014864,
      "duration_units" : "seconds",
      "rate_units" : "calls/minute"
    },
    "jenkins.job.waiting.duration" : {
      "count" : 1,
      "max" : 0.007942744,
      "mean" : 0.007942744,
      "min" : 0.007942744,
      "p50" : 0.007942744,
      "p75" : 0.007942744,
      "p95" : 0.007942744,
      "p98" : 0.007942744,
      "p99" : 0.007942744,
      "p999" : 0.007942744,
      "values" : [ 0.007942744 ],
      "stddev" : 0.0,
      "m15_rate" : 0.054129159353857585,
      "m1_rate" : 0.043949647960140975,
      "m5_rate" : 0.10705352473918474,
      "mean_rate" : 0.2853533678382219,
      "duration_units" : "seconds",
      "rate_units" : "calls/minute"
    },
    "jenkins.node.builder-linux-01.builds" : {
      "count" : 0,
      "max" : 0.0,
      "mean" : 0.0,
      "min" : 0.0,
      "p50" : 0.0,
      "p75" : 0.0,
      "p95" : 0.0,
      "p98" : 0.0,
      "p99" : 0.0,
      "p999" : 0.0,
      "values" : [ ],
      "stddev" : 0.0,
      "m15_rate" : 0.0,
      "m1_rate" : 0.0,
      "m5_rate" : 0.0,
      "mean_rate" : 0.0,
      "duration_units" : "seconds",
      "rate_units" : "calls/minute"
    }
  }
}