<CorrelationOptions>
  <Correlation.RuleHeuristicLevel>Strict</Correlation.RuleHeuristicLevel>
  <Correlation.MaxCorrelationLength>10000</Correlation.MaxCorrelationLength>
  <Correlation.WarnOnLargeDifferences>False</Correlation.WarnOnLargeDifferences>
  <Correlation.IsIgnoreCases>False</Correlation.IsIgnoreCases>
  <Correlation.UseRegExpCorrelation>False</Correlation.UseRegExpCorrelation>
  <Correlation.ExcludedStrings>
    <item type="PlainText">635328563960000000</item>
  </Correlation.ExcludedStrings>
</CorrelationOptions>