<?xml version="1.0" encoding="UTF-8"?><InteractionHistory Id="http://issues.hudson-ci.org-136549" Version="1"><InteractionEvent Delta="null" EndDate="2010-09-17 22:28:13.598 CEST" Interest="109.33999" Kind="propagation" Navigation="org.eclipse.mylyn.core.model.edges.containment" OriginId="org.eclipse.mylyn.core.model.interest.propagation" StartDate="2010-09-17 19:43:21.679 CEST" StructureHandle="" StructureKind="java" NumEvents="89" CreationCount="1"/><InteractionEvent Delta="null" EndDate="2010-09-17 22:27:15.514 CEST" Interest="44.0" Kind="propagation" Navigation="org.eclipse.mylyn.core.model.edges.containment" OriginId="org.eclipse.mylyn.core.model.interest.propagation" StartDate="2010-09-17 19:43:46.776 CEST" StructureHandle="/tfs/src/test/resources/hudson/plugins" StructureKind="resource" NumEvents="44" CreationCount="7"/><InteractionEvent Delta="null" EndDate="2010-09-17 22:27:10.528 CEST" Interest="6.0" Kind="selection" Navigation="null" OriginId="org.eclipse.ui.DefaultTextEditor" StartDate="2010-09-17 20:04:43.423 CEST" StructureHandle="/tfs/src/test/resources/hudson/plugins/tfs/commands/issue-4943.txt" StructureKind="resource" NumEvents="6" CreationCount="93"/><InteractionEvent Delta="null" EndDate="2010-09-17 22:27:10.534 CEST" Interest="11.0" Kind="edit" Navigation="null" OriginId="org.eclipse.ui.DefaultTextEditor" StartDate="2010-09-17 20:04:43.429 CEST" StructureHandle="/tfs/src/test/resources/hudson/plugins/tfs/commands/issue-4943.txt" StructureKind="resource" NumEvents="11" CreationCount="93"/><InteractionEvent Delta="null" EndDate="2010-09-17 22:27:15.507 CEST" Interest="2.0" Kind="selection" Navigation="null" OriginId="org.eclipse.ui.DefaultTextEditor" StartDate="2010-09-17 20:04:43.346 CEST" StructureHandle="/tfs/src/test/resources/hudson/plugins/tfs/commands/issue-4184.txt" StructureKind="resource" NumEvents="2" CreationCount="76"/><InteractionEvent Delta="null" EndDate="2010-09-17 22:27:15.513 CEST" Interest="2.0" Kind="edit" Navigation="null" OriginId="org.eclipse.ui.DefaultTextEditor" StartDate="2010-09-17 20:04:43.353 CEST" StructureHandle="/tfs/src/test/resources/hudson/plugins/tfs/commands/issue-4184.txt" StructureKind="resource" NumEvents="2" CreationCount="76"/><InteractionEvent Delta="null" EndDate="2010-09-17 19:58:57.836 CEST" Interest="2.479" Kind="propagation" Navigation="org.eclipse.mylyn.core.model.edges.containment" OriginId="org.eclipse.mylyn.core.model.interest.propagation" StartDate="2010-09-17 19:43:25.663 CEST" StructureHandle="/tfs/src/main" StructureKind="resource" NumEvents="2" CreationCount="0"/><InteractionEvent Delta="null" EndDate="2010-09-17 22:28:13.598 CEST" Interest="110.0" Kind="propagation" Navigation="null" OriginId="org.eclipse.jdt.ui.CompilationUnitEditor" StartDate="2010-09-17 19:45:15.812 CEST" StructureHandle="/tfs/src/test/java" StructureKind="resource" NumEvents="110" CreationCount="21"/><InteractionEvent Delta="null" EndDate="2010-09-17 19:58:57.835 CEST" Interest="1.0" Kind="selection" Navigation="null" OriginId="org.eclipse.jdt.ui.CompilationUnitEditor" StartDate="2010-09-17 19:58:57.835 CEST" StructureHandle="=tfs/src\/main\/java&amp;lt;hudson.plugins.tfs.commands{DetailedHistoryCommand.java" StructureKind="java"/><InteractionEvent Delta="null" EndDate="2010-09-17 22:28:13.597 CEST" Interest="109.0" Kind="propagation" Navigation="org.eclipse.mylyn.core.model.edges.containment" OriginId="org.eclipse.mylyn.core.model.interest.propagation" StartDate="2010-09-17 19:45:15.812 CEST" StructureHandle="/tfs/src/test/java/hudson" StructureKind="resource" NumEvents="109" CreationCount="21"/><InteractionEvent Delta="null" EndDate="2010-09-17 22:27:17.822 CEST" Interest="5.0" Kind="selection" Navigation="null" OriginId="org.eclipse.jdt.ui.CompilationUnitEditor" StartDate="2010-09-17 19:45:15.812 CEST" StructureHandle="=tfs/src\/test\/java&amp;lt;hudson.plugins.tfs.commands{DetailedHistoryCommandTest.java" StructureKind="java" NumEvents="5" CreationCount="21"/><InteractionEvent Delta="null" EndDate="2010-09-17 22:28:11.282 CEST" Interest="48.142998" Kind="propagation" Navigation="org.eclipse.mylyn.core.model.edges.containment" OriginId="org.eclipse.mylyn.core.model.interest.propagation" StartDate="2010-09-17 19:45:16.662 CEST" StructureHandle="=tfs/src\/test\/java&amp;lt;hudson.plugins.tfs.commands{DetailedHistoryCommandTest.java" StructureKind="java" NumEvents="70" CreationCount="21"/><InteractionEvent Delta="null" EndDate="2010-09-17 22:27:29.158 CEST" Interest="1.0" Kind="selection" Navigation="null" OriginId="org.eclipse.jdt.ui.CompilationUnitEditor" StartDate="2010-09-17 22:27:29.158 CEST" StructureHandle="=tfs/src\/test\/java&amp;lt;hudson.plugins.tfs.commands{DetailedHistoryCommandTest.java[DetailedHistoryCommandTest~assertThatMultiChangesetWithoutSeparatorIsParsedProperly" StructureKind="java"/><InteractionEvent Delta="null" EndDate="2010-09-17 22:27:15.514 CEST" Interest="44.0" Kind="propagation" Navigation="org.eclipse.mylyn.core.model.edges.containment" OriginId="org.eclipse.mylyn.core.model.interest.propagation" StartDate="2010-09-17 19:43:46.776 CEST" StructureHandle="/tfs/src/test/resources/hudson" StructureKind="resource" NumEvents="44" CreationCount="7"/><InteractionEvent Delta="null" EndDate="2010-09-17 22:27:15.514 CEST" Interest="44.0" Kind="propagation" Navigation="org.eclipse.mylyn.core.model.edges.containment" OriginId="org.eclipse.mylyn.core.model.interest.propagation" StartDate="2010-09-17 19:43:46.776 CEST" StructureHandle="/tfs/src/test/resources" StructureKind="resource" NumEvents="44" CreationCount="7"/><InteractionEvent Delta="null" EndDate="2010-09-17 22:27:15.513 CEST" Interest="44.0" Kind="propagation" Navigation="null" OriginId="org.eclipse.ui.DefaultTextEditor" StartDate="2010-09-17 19:43:46.776 CEST" StructureHandle="/tfs/src/test/resources/hudson/plugins/tfs/commands" StructureKind="resource" NumEvents="44" CreationCount="7"/><InteractionEvent Delta="null" EndDate="2010-09-17 22:28:11.282 CEST" Interest="53.142998" Kind="propagation" Navigation="org.eclipse.mylyn.core.model.edges.containment" OriginId="org.eclipse.mylyn.core.model.interest.propagation" StartDate="2010-09-17 19:45:15.813 CEST" StructureHandle="=tfs/src\/test\/java&amp;lt;hudson.plugins.tfs.commands" StructureKind="java" NumEvents="78" CreationCount="21"/><InteractionEvent Delta="null" EndDate="2010-09-17 22:28:13.597 CEST" Interest="109.0" Kind="propagation" Navigation="org.eclipse.mylyn.core.model.edges.containment" OriginId="org.eclipse.mylyn.core.model.interest.propagation" StartDate="2010-09-17 19:45:15.812 CEST" StructureHandle="/tfs/src/test/java/hudson/plugins" StructureKind="resource" NumEvents="109" CreationCount="21"/><InteractionEvent Delta="null" EndDate="2010-09-17 22:28:13.596 CEST" Interest="103.0" Kind="propagation" Navigation="null" OriginId="org.eclipse.jdt.ui.CompilationUnitEditor" StartDate="2010-09-17 19:45:15.812 CEST" StructureHandle="/tfs/src/test/java/hudson/plugins/tfs/commands/DetailedHistoryCommandTest.java" StructureKind="resource" NumEvents="103" CreationCount="21"/><InteractionEvent Delta="null" EndDate="2010-09-17 19:45:39.811 CEST" Interest="1.0" Kind="selection" Navigation="null" OriginId="org.eclipse.jdt.ui.CompilationUnitEditor" StartDate="2010-09-17 19:45:39.811 CEST" StructureHandle="=tfs/src\/test\/java&amp;lt;hudson.plugins.tfs.commands{DetailedHistoryCommandTest.java[DetailedHistoryCommandTest~assertCheckinOnBehalfOfOtherUserWorks" StructureKind="java"/><InteractionEvent Delta="null" EndDate="2010-09-17 22:27:10.528 CEST" Interest="16.164001" Kind="propagation" Navigation="org.eclipse.mylyn.core.model.edges.containment" OriginId="org.eclipse.mylyn.core.model.interest.propagation" StartDate="2010-09-17 19:43:46.777 CEST" StructureHandle="=tfs/src\/test\/resources" StructureKind="java" NumEvents="18" CreationCount="7"/><InteractionEvent Delta="null" EndDate="2010-09-17 19:43:52.248 CEST" Interest="4.0" Kind="selection" Navigation="null" OriginId="org.eclipse.jdt.ui.PackageExplorer" StartDate="2010-09-17 19:43:46.775 CEST" StructureHandle="/tfs/src/test/resources/hudson/plugins/tfs/commands/issue-3683.txt" StructureKind="resource" NumEvents="4" CreationCount="7"/><InteractionEvent Delta="null" EndDate="2010-09-17 19:43:47.122 CEST" Interest="1.0" Kind="edit" Navigation="null" OriginId="org.eclipse.ui.DefaultTextEditor" StartDate="2010-09-17 19:43:47.122 CEST" StructureHandle="/tfs/src/test/resources/hudson/plugins/tfs/commands/issue-3683.txt" StructureKind="resource"/><InteractionEvent Delta="null" EndDate="2010-09-17 19:58:57.836 CEST" Interest="2.3600001" Kind="propagation" Navigation="org.eclipse.mylyn.core.model.edges.containment" OriginId="org.eclipse.mylyn.core.model.interest.propagation" StartDate="2010-09-17 19:43:25.663 CEST" StructureHandle="/tfs/src/main/java" StructureKind="resource" NumEvents="2" CreationCount="7"/><InteractionEvent Delta="null" EndDate="2010-09-17 22:28:13.597 CEST" Interest="109.0" Kind="propagation" Navigation="null" OriginId="org.eclipse.jdt.ui.CompilationUnitEditor" StartDate="2010-09-17 19:45:15.812 CEST" StructureHandle="/tfs/src/test/java/hudson/plugins/tfs/commands" StructureKind="resource" NumEvents="109" CreationCount="21"/><InteractionEvent Delta="null" EndDate="2010-09-17 19:43:52.372 CEST" Interest="1.0" Kind="selection" Navigation="null" OriginId="org.eclipse.jdt.ui.PackageExplorer" StartDate="2010-09-17 19:43:52.372 CEST" StructureHandle="=tfs/src\/test\/resources&amp;lt;hudson.plugins.tfs.commands" StructureKind="java"/><InteractionEvent Delta="null" EndDate="2010-09-17 20:06:22.688 CEST" Interest="13.77" Kind="propagation" Navigation="org.eclipse.mylyn.core.model.edges.containment" OriginId="org.eclipse.mylyn.core.model.interest.propagation" StartDate="2010-09-17 19:43:46.776 CEST" StructureHandle="=tfs/src\/test\/resources&amp;lt;hudson.plugins.tfs.commands" StructureKind="java" NumEvents="16" CreationCount="7"/><InteractionEvent Delta="null" EndDate="2010-09-17 19:43:25.663 CEST" Interest="1.0" Kind="selection" Navigation="null" OriginId="org.eclipse.jdt.ui.PackageExplorer" StartDate="2010-09-17 19:43:25.663 CEST" StructureHandle="=tfs/src\/main\/java" StructureKind="java"/><InteractionEvent Delta="null" EndDate="2010-09-17 19:58:57.838 CEST" Interest="1.3260001" Kind="propagation" Navigation="org.eclipse.mylyn.core.model.edges.containment" OriginId="org.eclipse.mylyn.core.model.interest.propagation" StartDate="2010-09-17 19:58:57.838 CEST" StructureHandle="=tfs/src\/main\/java" StructureKind="java"/><InteractionEvent Delta="null" EndDate="2010-09-17 20:09:05.132 CEST" Interest="1.0" Kind="selection" Navigation="null" OriginId="org.eclipse.ui.DefaultTextEditor" StartDate="2010-09-17 20:09:05.132 CEST" StructureHandle="/tfs/src/test/java/hudson/plugins/tfs/commands/issue-6870.txt" StructureKind="resource"/><InteractionEvent Delta="null" EndDate="2010-09-17 22:26:59.940 CEST" Interest="5.0" Kind="edit" Navigation="null" OriginId="org.eclipse.ui.DefaultTextEditor" StartDate="2010-09-17 20:09:05.137 CEST" StructureHandle="/tfs/src/test/java/hudson/plugins/tfs/commands/issue-6870.txt" StructureKind="resource" NumEvents="5" CreationCount="119"/><InteractionEvent Delta="null" EndDate="2010-09-17 20:09:04.985 CEST" Interest="1.0" Kind="propagation" Navigation="null" OriginId="org.eclipse.mylyn.resources.ui.interest.updater" StartDate="2010-09-17 20:09:04.985 CEST" StructureHandle="/tfs/src/test/java/hudson/plugins/tfs/commands/issue-6870.txt" StructureKind="resource"/><InteractionEvent Delta="null" EndDate="2010-09-17 22:28:13.598 CEST" Interest="114.328995" Kind="propagation" Navigation="null" OriginId="org.eclipse.jdt.ui.CompilationUnitEditor" StartDate="2010-09-17 19:43:21.678 CEST" StructureHandle="/" StructureKind="resource" NumEvents="114" CreationCount="1"/><InteractionEvent Delta="null" EndDate="2010-09-17 19:43:31.637 CEST" Interest="2.0" Kind="selection" Navigation="null" OriginId="org.eclipse.jdt.ui.PackageExplorer" StartDate="2010-09-17 19:43:31.370 CEST" StructureHandle="/tfs/src/test" StructureKind="resource" NumEvents="2" CreationCount="4"/><InteractionEvent Delta="null" EndDate="2010-09-17 22:28:13.597 CEST" Interest="107.288994" Kind="propagation" Navigation="org.eclipse.mylyn.core.model.edges.containment" OriginId="org.eclipse.mylyn.core.model.interest.propagation" StartDate="2010-09-17 19:43:46.884 CEST" StructureHandle="/tfs/src/test" StructureKind="resource" NumEvents="110" CreationCount="4"/><InteractionEvent Delta="null" EndDate="2010-09-17 22:27:17.891 CEST" Interest="2.0" Kind="selection" Navigation="null" OriginId="org.eclipse.jdt.ui.CompilationUnitEditor" StartDate="2010-09-17 20:05:58.95 CEST" StructureHandle="=tfs/src\/test\/java&amp;lt;hudson.plugins.tfs.commands{DetailedHistoryCommandTest.java[DetailedHistoryCommandTest~assertParsingOfDatesReportedInIssue4184Works" StructureKind="java" NumEvents="2" CreationCount="99"/><InteractionEvent Delta="null" EndDate="2010-09-17 22:27:18.272 CEST" Interest="4.0" Kind="edit" Navigation="null" OriginId="org.eclipse.jdt.ui.CompilationUnitEditor" StartDate="2010-09-17 20:05:59.388 CEST" StructureHandle="=tfs/src\/test\/java&amp;lt;hudson.plugins.tfs.commands{DetailedHistoryCommandTest.java[DetailedHistoryCommandTest~assertParsingOfDatesReportedInIssue4184Works" StructureKind="java" NumEvents="4" CreationCount="99"/><InteractionEvent Delta="null" EndDate="2010-09-17 22:28:13.597 CEST" Interest="109.0" Kind="propagation" Navigation="org.eclipse.mylyn.core.model.edges.containment" OriginId="org.eclipse.mylyn.core.model.interest.propagation" StartDate="2010-09-17 19:45:15.812 CEST" StructureHandle="/tfs/src/test/java/hudson/plugins/tfs" StructureKind="resource" NumEvents="109" CreationCount="21"/><InteractionEvent Delta="null" EndDate="2010-09-17 19:58:57.836 CEST" Interest="1.0" Kind="propagation" Navigation="org.eclipse.mylyn.core.model.edges.containment" OriginId="org.eclipse.mylyn.core.model.interest.propagation" StartDate="2010-09-17 19:58:57.836 CEST" StructureHandle="/tfs/src/main/java/hudson/plugins/tfs" StructureKind="resource"/><InteractionEvent Delta="null" EndDate="2010-09-17 22:27:56.402 CEST" Interest="4.0" Kind="selection" Navigation="null" OriginId="org.eclipse.jdt.ui.CompilationUnitEditor" StartDate="2010-09-17 19:45:16.660 CEST" StructureHandle="=tfs/src\/test\/java&amp;lt;hudson.plugins.tfs.commands{DetailedHistoryCommandTest.java[DetailedHistoryCommandTest" StructureKind="java" NumEvents="4" CreationCount="97"/><InteractionEvent Delta="null" EndDate="2010-09-17 22:28:11.282 CEST" Interest="9.0" Kind="edit" Navigation="null" OriginId="org.eclipse.jdt.ui.CompilationUnitEditor" StartDate="2010-09-17 19:45:36.385 CEST" StructureHandle="=tfs/src\/test\/java&amp;lt;hudson.plugins.tfs.commands{DetailedHistoryCommandTest.java[DetailedHistoryCommandTest" StructureKind="java" NumEvents="9" CreationCount="97"/><InteractionEvent Delta="null" EndDate="2010-09-17 20:05:48.377 CEST" Interest="41.551" Kind="propagation" Navigation="org.eclipse.mylyn.core.model.edges.containment" OriginId="org.eclipse.mylyn.core.model.interest.propagation" StartDate="2010-09-17 19:45:45.174 CEST" StructureHandle="=tfs/src\/test\/java&amp;lt;hudson.plugins.tfs.commands{DetailedHistoryCommandTest.java[DetailedHistoryCommandTest" StructureKind="java" NumEvents="59" CreationCount="22"/><InteractionEvent Delta="null" EndDate="2010-09-17 19:58:57.836 CEST" Interest="1.0" Kind="propagation" Navigation="null" OriginId="org.eclipse.jdt.ui.CompilationUnitEditor" StartDate="2010-09-17 19:58:57.836 CEST" StructureHandle="/tfs/src/main/java/hudson/plugins/tfs/commands/DetailedHistoryCommand.java" StructureKind="resource"/><InteractionEvent Delta="null" EndDate="2010-09-17 19:47:58.409 CEST" Interest="3.0" Kind="selection" Navigation="null" OriginId="org.eclipse.jdt.ui.PackageExplorer" StartDate="2010-09-17 19:43:21.678 CEST" StructureHandle="=tfs" StructureKind="java" NumEvents="3" CreationCount="1"/><InteractionEvent Delta="null" EndDate="2010-09-17 22:28:13.597 CEST" Interest="106.33999" Kind="propagation" Navigation="org.eclipse.mylyn.core.model.edges.containment" OriginId="org.eclipse.mylyn.core.model.interest.propagation" StartDate="2010-09-17 19:43:25.663 CEST" StructureHandle="=tfs" StructureKind="resource" NumEvents="117" CreationCount="1"/><InteractionEvent Delta="null" EndDate="2010-09-17 22:28:13.598 CEST" Interest="109.0" Kind="propagation" Navigation="null" OriginId="org.eclipse.jdt.ui.CompilationUnitEditor" StartDate="2010-09-17 19:43:21.678 CEST" StructureHandle="/tfs" StructureKind="resource" NumEvents="109" CreationCount="1"/><InteractionEvent Delta="null" EndDate="2010-09-17 19:58:57.836 CEST" Interest="1.0" Kind="propagation" Navigation="org.eclipse.mylyn.core.model.edges.containment" OriginId="org.eclipse.mylyn.core.model.interest.propagation" StartDate="2010-09-17 19:58:57.836 CEST" StructureHandle="/tfs/src/main/java/hudson/plugins/tfs/commands" StructureKind="resource"/><InteractionEvent Delta="null" EndDate="2010-09-17 19:47:56.982 CEST" Interest="1.0" Kind="selection" Navigation="null" OriginId="org.eclipse.jdt.ui.PackageExplorer" StartDate="2010-09-17 19:47:56.982 CEST" StructureHandle="=tfs/src\/test\/java" StructureKind="java"/><InteractionEvent Delta="null" EndDate="2010-09-17 22:28:13.597 CEST" Interest="50.494" Kind="propagation" Navigation="org.eclipse.mylyn.core.model.edges.containment" OriginId="org.eclipse.mylyn.core.model.interest.propagation" StartDate="2010-09-17 19:45:15.813 CEST" StructureHandle="=tfs/src\/test\/java" StructureKind="java" NumEvents="78" CreationCount="118"/><InteractionEvent Delta="null" EndDate="2010-09-17 20:06:22.682 CEST" Interest="8.0" Kind="selection" Navigation="null" OriginId="org.eclipse.ui.DefaultTextEditor" StartDate="2010-09-17 19:44:11.103 CEST" StructureHandle="/tfs/src/test/resources/hudson/plugins/tfs/commands/issue-6454.txt" StructureKind="resource" NumEvents="8" CreationCount="17"/><InteractionEvent Delta="null" EndDate="2010-09-17 20:06:22.688 CEST" Interest="8.0" Kind="edit" Navigation="null" OriginId="org.eclipse.ui.DefaultTextEditor" StartDate="2010-09-17 19:44:11.117 CEST" StructureHandle="/tfs/src/test/resources/hudson/plugins/tfs/commands/issue-6454.txt" StructureKind="resource" NumEvents="8" CreationCount="17"/><InteractionEvent Delta="null" EndDate="2010-09-17 19:44:10.961 CEST" Interest="1.0" Kind="propagation" Navigation="null" OriginId="org.eclipse.mylyn.resources.ui.interest.updater" StartDate="2010-09-17 19:44:10.961 CEST" StructureHandle="/tfs/src/test/resources/hudson/plugins/tfs/commands/issue-6454.txt" StructureKind="resource"/><InteractionEvent Delta="null" EndDate="2010-09-17 22:27:15.514 CEST" Interest="44.0" Kind="propagation" Navigation="org.eclipse.mylyn.core.model.edges.containment" OriginId="org.eclipse.mylyn.core.model.interest.propagation" StartDate="2010-09-17 19:43:46.776 CEST" StructureHandle="/tfs/src/test/resources/hudson/plugins/tfs" StructureKind="resource" NumEvents="44" CreationCount="7"/><InteractionEvent Delta="null" EndDate="2010-09-17 19:43:29.227 CEST" Interest="1.0" Kind="selection" Navigation="null" OriginId="org.eclipse.jdt.ui.PackageExplorer" StartDate="2010-09-17 19:43:29.227 CEST" StructureHandle="/tfs/src" StructureKind="resource"/><InteractionEvent Delta="null" EndDate="2010-09-17 22:28:13.597 CEST" Interest="106.33399" Kind="propagation" Navigation="org.eclipse.mylyn.core.model.edges.containment" OriginId="org.eclipse.mylyn.core.model.interest.propagation" StartDate="2010-09-17 19:43:25.663 CEST" StructureHandle="/tfs/src" StructureKind="resource" NumEvents="113" CreationCount="119"/><InteractionEvent Delta="null" EndDate="2010-09-17 19:58:57.836 CEST" Interest="1.0" Kind="propagation" Navigation="org.eclipse.mylyn.core.model.edges.containment" OriginId="org.eclipse.mylyn.core.model.interest.propagation" StartDate="2010-09-17 19:58:57.836 CEST" StructureHandle="/tfs/src/main/java/hudson/plugins" StructureKind="resource"/><InteractionEvent Delta="null" EndDate="2010-09-17 19:58:57.836 CEST" Interest="1.0" Kind="propagation" Navigation="org.eclipse.mylyn.core.model.edges.containment" OriginId="org.eclipse.mylyn.core.model.interest.propagation" StartDate="2010-09-17 19:58:57.836 CEST" StructureHandle="/tfs/src/main/java/hudson" StructureKind="resource"/><InteractionEvent Delta="null" EndDate="2010-09-17 19:58:57.837 CEST" Interest="1.0" Kind="propagation" Navigation="org.eclipse.mylyn.core.model.edges.containment" OriginId="org.eclipse.mylyn.core.model.interest.propagation" StartDate="2010-09-17 19:58:57.837 CEST" StructureHandle="=tfs/src\/main\/java&amp;lt;hudson.plugins.tfs.commands" StructureKind="java"/><InteractionEvent Delta="null" EndDate="2010-09-17 22:28:13.596 CEST" Interest="1.0" Kind="selection" Navigation="null" OriginId="org.eclipse.jdt.ui.CompilationUnitEditor" StartDate="2010-09-17 22:28:13.596 CEST" StructureHandle="=tfs/src\/test\/java&amp;lt;hudson.plugins.tfs.commands{DetailedHistoryCommandTest.java[DetailedHistoryCommandTest~assertThatMovedKeywordsAreProperlyRead" StructureKind="java"/></InteractionHistory>