<?xml version="1.0" encoding="UTF-8"?>
<prdf:report xmlns="http://www.w3.org/1999/xhtml" xmlns:svg="http://www.w3.org/2000/svg" xmlns:prdf="http://www.programmingresearch.com/todo">
<prdf:title>Compliance Report</prdf:title>
<prdf:project_name>C:\temp\TestProject\TestProject\Output\test</prdf:project_name>
<prdf:date>22 May 2014</prdf:date>
<prdf:front_page>
<prdf:section xmlns:v="urn:schemas-microsoft-com:vml" created_by="standard.prdf.generator" created_by_version="1.3">
<prdf:text bold="1">Compliance Summary</prdf:text>
<prdf:table class="center">
<prdf:col_width width="75%"/>
<prdf:col_width width="25%"/>
<prdf:row>
<prdf:cell align="left">Number of Files</prdf:cell>
<prdf:cell align="right">16</prdf:cell>
</prdf:row>
<prdf:row>
<prdf:cell align="left">Lines of Code</prdf:cell>
<prdf:cell align="right">65</prdf:cell>
</prdf:row>
<prdf:row>
<prdf:cell align="left">Total Number of Messages</prdf:cell>
<prdf:cell align="right">23</prdf:cell>
</prdf:row>
<prdf:row>
<prdf:cell align="left">Number of Violated Groups</prdf:cell>
<prdf:cell align="right">13</prdf:cell>
</prdf:row>
<prdf:row>
<prdf:cell align="left">Number of Compliant Groups</prdf:cell>
<prdf:cell align="right">128</prdf:cell>
</prdf:row>
<prdf:row>
<prdf:cell align="left">File Compliance Index</prdf:cell>
<prdf:cell align="right">99.24%</prdf:cell>
</prdf:row>
<prdf:row>
<prdf:cell align="left">Project Compliance Index</prdf:cell>
<prdf:cell align="right">90.78%</prdf:cell>
</prdf:row>
</prdf:table>
</prdf:section>
</prdf:front_page>
<prdf:main>
<prdf:section xmlns:v="urn:schemas-microsoft-com:vml" created_by="standard.prdf.generator" created_by_version="1.3">
<prdf:h2>Compliance Matrix:Messages per Level</prdf:h2>
<prdf:table>
<prdf:col_width width="20%"/>
<prdf:col_width width="11%"/>
<prdf:col_width width="11%"/>
<prdf:col_width width="11%"/>
<prdf:col_width width="11%"/>
<prdf:col_width width="11%"/>
<prdf:col_width width="11%"/>
<prdf:col_width width="11%"/>
<prdf:row>
<prdf:cell heading="1">
<prdf:nbsp/>
</prdf:cell>
<prdf:cell heading="1" align="center" colspan="6">Levels</prdf:cell>
</prdf:row>
<prdf:row>
<prdf:cell heading="1" align="left">Files</prdf:cell>
<prdf:cell heading="1" align="right">9</prdf:cell>
<prdf:cell heading="1" align="right">7</prdf:cell>
<prdf:cell heading="1" align="right">6</prdf:cell>
<prdf:cell heading="1" align="right">4</prdf:cell>
<prdf:cell heading="1" align="right">3</prdf:cell>
<prdf:cell heading="1" align="right">Total</prdf:cell>
</prdf:row>
<prdf:row>
<prdf:cell heading="1" align="left" colspan="7">C:\temp\TestProject\TestProject\a</prdf:cell>
</prdf:row>
<prdf:row>
<prdf:cell heading="1" align="left">a0.c</prdf:cell>
<prdf:cell heading="0" align="right">0</prdf:cell>
<prdf:cell heading="0" align="right">0</prdf:cell>
<prdf:cell heading="0" align="right">1</prdf:cell>
<prdf:cell heading="0" align="right">3</prdf:cell>
<prdf:cell heading="0" align="right">3</prdf:cell>
<prdf:cell heading="0" align="right">7</prdf:cell>
</prdf:row>
<prdf:row>
<prdf:cell heading="1" align="left">a1.c</prdf:cell>
<prdf:cell heading="0" align="right">0</prdf:cell>
<prdf:cell heading="0" align="right">0</prdf:cell>
<prdf:cell heading="0" align="right">0</prdf:cell>
<prdf:cell heading="0" align="right">3</prdf:cell>
<prdf:cell heading="0" align="right">0</prdf:cell>
<prdf:cell heading="0" align="right">3</prdf:cell>
</prdf:row>
<prdf:row>
<prdf:cell heading="1" align="left" colspan="7">C:\temp\TestProject\TestProject\c</prdf:cell>
</prdf:row>
<prdf:row>
<prdf:cell heading="1" align="left">c0.c</prdf:cell>
<prdf:cell heading="0" align="right">0</prdf:cell>
<prdf:cell heading="0" align="right">0</prdf:cell>
<prdf:cell heading="0" align="right">0</prdf:cell>
<prdf:cell heading="0" align="right">1</prdf:cell>
<prdf:cell heading="0" align="right">3</prdf:cell>
<prdf:cell heading="0" align="right">4</prdf:cell>
</prdf:row>
<prdf:row>
<prdf:cell heading="1" align="left" colspan="7">C:\temp\TestProject\TestProject\d</prdf:cell>
</prdf:row>
<prdf:row>
<prdf:cell heading="1" align="left">d0.c</prdf:cell>
<prdf:cell heading="0" align="right">1</prdf:cell>
<prdf:cell heading="0" align="right">0</prdf:cell>
<prdf:cell heading="0" align="right">0</prdf:cell>
<prdf:cell heading="0" align="right">5</prdf:cell>
<prdf:cell heading="0" align="right">0</prdf:cell>
<prdf:cell heading="0" align="right">6</prdf:cell>
</prdf:row>
<prdf:row>
<prdf:cell heading="1" align="left" colspan="7">C:\temp\TestProject\TestProject</prdf:cell>
</prdf:row>
<prdf:row>
<prdf:cell heading="1" align="left">main.c</prdf:cell>
<prdf:cell heading="0" align="right">0</prdf:cell>
<prdf:cell heading="0" align="right">0</prdf:cell>
<prdf:cell heading="0" align="right">0</prdf:cell>
<prdf:cell heading="0" align="right">2</prdf:cell>
<prdf:cell heading="0" align="right">0</prdf:cell>
<prdf:cell heading="0" align="right">2</prdf:cell>
</prdf:row>
<prdf:row>
<prdf:cell heading="1" align="left" colspan="7">C:\temp\TestProject\TestProject\Output</prdf:cell>
</prdf:row>
<prdf:row>
<prdf:cell heading="1" align="left">CMA Multi-Home</prdf:cell>
<prdf:cell heading="0" align="right">0</prdf:cell>
<prdf:cell heading="0" align="right">1</prdf:cell>
<prdf:cell heading="0" align="right">0</prdf:cell>
<prdf:cell heading="0" align="right">0</prdf:cell>
<prdf:cell heading="0" align="right">0</prdf:cell>
<prdf:cell heading="0" align="right">1</prdf:cell>
</prdf:row>
<prdf:row>
<prdf:cell heading="2" align="left">Total</prdf:cell>
<prdf:cell heading="2" align="right">1</prdf:cell>
<prdf:cell heading="2" align="right">1</prdf:cell>
<prdf:cell heading="2" align="right">1</prdf:cell>
<prdf:cell heading="2" align="right">14</prdf:cell>
<prdf:cell heading="2" align="right">6</prdf:cell>
<prdf:cell heading="2" align="right">23</prdf:cell>
</prdf:row>
</prdf:table>
<prdf:text bold="1">The following files have no messages:</prdf:text>
<prdf:file_list>
<prdf:filename>C:/temp/TestProject/TestProject/a/a0.h</prdf:filename>
<prdf:filename>C:/temp/TestProject/TestProject/a/a1.h</prdf:filename>
<prdf:filename>C:/temp/TestProject/TestProject/a/a2.c</prdf:filename>
<prdf:filename>C:/temp/TestProject/TestProject/b/b0.c</prdf:filename>
<prdf:filename>C:/temp/TestProject/TestProject/b/b1.c</prdf:filename>
<prdf:filename>C:/temp/TestProject/TestProject/b/b2.c</prdf:filename>
<prdf:filename>C:/temp/TestProject/TestProject/c/c0.h</prdf:filename>
<prdf:filename>C:/temp/TestProject/TestProject/c/c1.c</prdf:filename>
<prdf:filename>C:/temp/TestProject/TestProject/c/c2.c</prdf:filename>
<prdf:filename>C:/temp/TestProject/TestProject/d/d1.c</prdf:filename>
<prdf:filename>C:/temp/TestProject/TestProject/d/d2.c</prdf:filename>
</prdf:file_list>
<prdf:text bold="1">The following levels have no messages: 0, 1, 2, 5, 8</prdf:text>
<prdf:h3>Messages per Levels</prdf:h3>
<svg:svg width="1000" height="400">
<svg:path d="M200 200 L354.067 156.833 A160 160 0 0 1 360 200 z" style="fill:red; fill-opacity: 1; stroke:black; stroke-width: 1"/>
<svg:rect x="535" y="30" width="30" height="20" style="stroke-linejoin: miter; stroke-width: 1; stroke: black; fill: red"/>
<svg:text x="570" y="45" style="font-family arial, sans-serif; font-size: 14; fill black; stroke none">Level 9 (1)</svg:text>
<svg:path d="M200 200 L336.707 116.867 A160 160 0 0 1 354.067 156.833 z" style="fill:lime; fill-opacity: 1; stroke:black; stroke-width: 1"/>
<svg:rect x="535" y="60" width="30" height="20" style="stroke-linejoin: miter; stroke-width: 1; stroke: black; fill: lime"/>
<svg:text x="570" y="75" style="font-family arial, sans-serif; font-size: 14; fill black; stroke none">Level 7 (1)</svg:text>
<svg:path d="M200 200 L309.209 83.0662 A160 160 0 0 1 336.707 116.867 z" style="fill:navy; fill-opacity: 1; stroke:black; stroke-width: 1"/>
<svg:rect x="535" y="90" width="30" height="20" style="stroke-linejoin: miter; stroke-width: 1; stroke: black; fill: navy"/>
<svg:text x="570" y="105" style="font-family arial, sans-serif; font-size: 14; fill black; stroke none">Level 6 (1)</svg:text>
<svg:path d="M200 200 L189.081 359.627 A160 160 0 1 1 309.209 83.0662 z" style="fill:fuchsia; fill-opacity: 1; stroke:black; stroke-width: 1"/>
<svg:rect x="535" y="120" width="30" height="20" style="stroke-linejoin: miter; stroke-width: 1; stroke: black; fill: fuchsia"/>
<svg:text x="570" y="135" style="font-family arial, sans-serif; font-size: 14; fill black; stroke none">Level 4 (14)</svg:text>
<svg:path d="M200 200 L360 200 A160 160 0 0 1 189.081 359.627 z" style="fill:olive; fill-opacity: 1; stroke:black; stroke-width: 1"/>
<svg:rect x="535" y="150" width="30" height="20" style="stroke-linejoin: miter; stroke-width: 1; stroke: black; fill: olive"/>
<svg:text x="570" y="165" style="font-family arial, sans-serif; font-size: 14; fill black; stroke none">Level 3 (6)</svg:text>
</svg:svg>
<v:group style="position:relative; left:0; top:0; width:1000; height:400" coordorigin="0 0" coordsize="1000 400">
<v:shape style="position: relative; left:0; top:0; width:1000; height:400" coordorigin="0 0" coordsize="1000 400">
<v:fill color="red"/>
<v:path v="M 200 200 AE 200 200 160 160 0 1025780 X E"/>
</v:shape>
<v:rect style="top:30; left:535; width:30; height:25" fillcolor="red"/>
<v:rect style="top=30; left:570; width:570; height:25" strokecolor="white">
<v:textbox style="font: 14">Level 9 (1)</v:textbox>
</v:rect>
<v:shape style="position: relative; left:0; top:0; width:1000; height:400" coordorigin="0 0" coordsize="1000 400">
<v:fill color="lime"/>
<v:path v="M 200 200 AE 200 200 160 160 1025780 1025780 X E"/>
</v:shape>
<v:rect style="top:60; left:535; width:30; height:25" fillcolor="lime"/>
<v:rect style="top=60; left:570; width:570; height:25" strokecolor="white">
<v:textbox style="font: 14">Level 7 (1)</v:textbox>
</v:rect>
<v:shape style="position: relative; left:0; top:0; width:1000; height:400" coordorigin="0 0" coordsize="1000 400">
<v:fill color="navy"/>
<v:path v="M 200 200 AE 200 200 160 160 2051561 1025780 X E"/>
</v:shape>
<v:rect style="top:90; left:535; width:30; height:25" fillcolor="navy"/>
<v:rect style="top=90; left:570; width:570; height:25" strokecolor="white">
<v:textbox style="font: 14">Level 6 (1)</v:textbox>
</v:rect>
<v:shape style="position: relative; left:0; top:0; width:1000; height:400" coordorigin="0 0" coordsize="1000 400">
<v:fill color="fuchsia"/>
<v:path v="M 200 200 AE 200 200 160 160 3077342 14360932 X E"/>
</v:shape>
<v:rect style="top:120; left:535; width:30; height:25" fillcolor="fuchsia"/>
<v:rect style="top=120; left:570; width:570; height:25" strokecolor="white">
<v:textbox style="font: 14">Level 4 (14)</v:textbox>
</v:rect>
<v:shape style="position: relative; left:0; top:0; width:1000; height:400" coordorigin="0 0" coordsize="1000 400">
<v:fill color="olive"/>
<v:path v="M 200 200 AE 200 200 160 160 17438274 6154685 X E"/>
</v:shape>
<v:rect style="top:150; left:535; width:30; height:25" fillcolor="olive"/>
<v:rect style="top=150; left:570; width:570; height:25" strokecolor="white">
<v:textbox style="font: 14">Level 3 (6)</v:textbox>
</v:rect>
</v:group>
</prdf:section>
<prdf:section xmlns:v="urn:schemas-microsoft-com:vml" created_by="standard.prdf.generator" created_by_version="1.3">
<prdf:h2>Worst Groups</prdf:h2>
<prdf:table>
<prdf:col_width width="20%"/>
<prdf:col_width width="6%"/>
<prdf:col_width width="6%"/>
<prdf:col_width width="6%"/>
<prdf:col_width width="6%"/>
<prdf:col_width width="6%"/>
<prdf:col_width width="6%"/>
<prdf:col_width width="6%"/>
<prdf:col_width width="6%"/>
<prdf:col_width width="6%"/>
<prdf:col_width width="6%"/>
<prdf:col_width width="6%"/>
<prdf:col_width width="6%"/>
<prdf:row>
<prdf:cell heading="1">
<prdf:nbsp/>
</prdf:cell>
<prdf:cell heading="1" align="center" colspan="11">Groups</prdf:cell>
</prdf:row>
<prdf:row>
<prdf:cell heading="1" align="left">Files</prdf:cell>
<prdf:cell heading="1" align="right" angle="90deg">(3) Redundancy</prdf:cell>
<prdf:cell heading="1" align="right" angle="90deg">(4) MCM Rule 13</prdf:cell>
<prdf:cell heading="1" align="right" angle="90deg">(4) MCM Rule 86</prdf:cell>
<prdf:cell heading="1" align="right" angle="90deg">(4) MCM Rule 76</prdf:cell>
<prdf:cell heading="1" align="right" angle="90deg">(4) MCM Rule 52</prdf:cell>
<prdf:cell heading="1" align="right" angle="90deg">(9) QAC configuration</prdf:cell>
<prdf:cell heading="1" align="right" angle="90deg">(7) CMA undefined</prdf:cell>
<prdf:cell heading="1" align="right" angle="90deg">(6) Implementation defined</prdf:cell>
<prdf:cell heading="1" align="right" angle="90deg">(4) MCM Rule 53</prdf:cell>
<prdf:cell heading="1" align="right" angle="90deg">Others</prdf:cell>
<prdf:cell heading="1" align="right" angle="90deg">Total</prdf:cell>
</prdf:row>
<prdf:row>
<prdf:cell heading="1" align="left" colspan="12">C:\temp\TestProject\TestProject\a</prdf:cell>
</prdf:row>
<prdf:row>
<prdf:cell heading="1" align="left">a0.c</prdf:cell>
<prdf:cell heading="0" align="right">3</prdf:cell>
<prdf:cell heading="0" align="right">2</prdf:cell>
<prdf:cell heading="0" align="right">0</prdf:cell>
<prdf:cell heading="0" align="right">0</prdf:cell>
<prdf:cell heading="0" align="right">0</prdf:cell>
<prdf:cell heading="0" align="right">0</prdf:cell>
<prdf:cell heading="0" align="right">0</prdf:cell>
<prdf:cell heading="0" align="right">1</prdf:cell>
<prdf:cell heading="0" align="right">1</prdf:cell>
<prdf:cell heading="0" align="right">0</prdf:cell>
<prdf:cell heading="0" align="right">7</prdf:cell>
</prdf:row>
<prdf:row>
<prdf:cell heading="1" align="left">a1.c</prdf:cell>
<prdf:cell heading="0" align="right">0</prdf:cell>
<prdf:cell heading="0" align="right">1</prdf:cell>
<prdf:cell heading="0" align="right">0</prdf:cell>
<prdf:cell heading="0" align="right">0</prdf:cell>
<prdf:cell heading="0" align="right">1</prdf:cell>
<prdf:cell heading="0" align="right">0</prdf:cell>
<prdf:cell heading="0" align="right">0</prdf:cell>
<prdf:cell heading="0" align="right">0</prdf:cell>
<prdf:cell heading="0" align="right">0</prdf:cell>
<prdf:cell heading="0" align="right">1</prdf:cell>
<prdf:cell heading="0" align="right">3</prdf:cell>
</prdf:row>
<prdf:row>
<prdf:cell heading="1" align="left" colspan="12">C:\temp\TestProject\TestProject\c</prdf:cell>
</prdf:row>
<prdf:row>
<prdf:cell heading="1" align="left">c0.c</prdf:cell>
<prdf:cell heading="0" align="right">3</prdf:cell>
<prdf:cell heading="0" align="right">0</prdf:cell>
<prdf:cell heading="0" align="right">0</prdf:cell>
<prdf:cell heading="0" align="right">1</prdf:cell>
<prdf:cell heading="0" align="right">0</prdf:cell>
<prdf:cell heading="0" align="right">0</prdf:cell>
<prdf:cell heading="0" align="right">0</prdf:cell>
<prdf:cell heading="0" align="right">0</prdf:cell>
<prdf:cell heading="0" align="right">0</prdf:cell>
<prdf:cell heading="0" align="right">0</prdf:cell>
<prdf:cell heading="0" align="right">4</prdf:cell>
</prdf:row>
<prdf:row>
<prdf:cell heading="1" align="left" colspan="12">C:\temp\TestProject\TestProject\d</prdf:cell>
</prdf:row>
<prdf:row>
<prdf:cell heading="1" align="left">d0.c</prdf:cell>
<prdf:cell heading="0" align="right">0</prdf:cell>
<prdf:cell heading="0" align="right">0</prdf:cell>
<prdf:cell heading="0" align="right">1</prdf:cell>
<prdf:cell heading="0" align="right">1</prdf:cell>
<prdf:cell heading="0" align="right">1</prdf:cell>
<prdf:cell heading="0" align="right">1</prdf:cell>
<prdf:cell heading="0" align="right">0</prdf:cell>
<prdf:cell heading="0" align="right">0</prdf:cell>
<prdf:cell heading="0" align="right">0</prdf:cell>
<prdf:cell heading="0" align="right">2</prdf:cell>
<prdf:cell heading="0" align="right">6</prdf:cell>
</prdf:row>
<prdf:row>
<prdf:cell heading="1" align="left" colspan="12">C:\temp\TestProject\TestProject</prdf:cell>
</prdf:row>
<prdf:row>
<prdf:cell heading="1" align="left">main.c</prdf:cell>
<prdf:cell heading="0" align="right">0</prdf:cell>
<prdf:cell heading="0" align="right">0</prdf:cell>
<prdf:cell heading="0" align="right">1</prdf:cell>
<prdf:cell heading="0" align="right">0</prdf:cell>
<prdf:cell heading="0" align="right">0</prdf:cell>
<prdf:cell heading="0" align="right">0</prdf:cell>
<prdf:cell heading="0" align="right">0</prdf:cell>
<prdf:cell heading="0" align="right">0</prdf:cell>
<prdf:cell heading="0" align="right">0</prdf:cell>
<prdf:cell heading="0" align="right">1</prdf:cell>
<prdf:cell heading="0" align="right">2</prdf:cell>
</prdf:row>
<prdf:row>
<prdf:cell heading="1" align="left" colspan="12">C:\temp\TestProject\TestProject\Output</prdf:cell>
</prdf:row>
<prdf:row>
<prdf:cell heading="1" align="left">CMA Multi-Home</prdf:cell>
<prdf:cell heading="0" align="right">0</prdf:cell>
<prdf:cell heading="0" align="right">0</prdf:cell>
<prdf:cell heading="0" align="right">0</prdf:cell>
<prdf:cell heading="0" align="right">0</prdf:cell>
<prdf:cell heading="0" align="right">0</prdf:cell>
<prdf:cell heading="0" align="right">0</prdf:cell>
<prdf:cell heading="0" align="right">1</prdf:cell>
<prdf:cell heading="0" align="right">0</prdf:cell>
<prdf:cell heading="0" align="right">0</prdf:cell>
<prdf:cell heading="0" align="right">0</prdf:cell>
<prdf:cell heading="0" align="right">1</prdf:cell>
</prdf:row>
<prdf:row>
<prdf:cell heading="2" align="left">Total</prdf:cell>
<prdf:cell heading="2" align="right">6</prdf:cell>
<prdf:cell heading="2" align="right">3</prdf:cell>
<prdf:cell heading="2" align="right">2</prdf:cell>
<prdf:cell heading="2" align="right">2</prdf:cell>
<prdf:cell heading="2" align="right">2</prdf:cell>
<prdf:cell heading="2" align="right">1</prdf:cell>
<prdf:cell heading="2" align="right">1</prdf:cell>
<prdf:cell heading="2" align="right">1</prdf:cell>
<prdf:cell heading="2" align="right">1</prdf:cell>
<prdf:cell heading="2" align="right">4</prdf:cell>
<prdf:cell heading="2" align="right">23</prdf:cell>
</prdf:row>
</prdf:table>
<prdf:text bold="1">The following files have no messages:</prdf:text>
<prdf:file_list>
<prdf:filename>C:/temp/TestProject/TestProject/a/a0.h</prdf:filename>
<prdf:filename>C:/temp/TestProject/TestProject/a/a1.h</prdf:filename>
<prdf:filename>C:/temp/TestProject/TestProject/a/a2.c</prdf:filename>
<prdf:filename>C:/temp/TestProject/TestProject/b/b0.c</prdf:filename>
<prdf:filename>C:/temp/TestProject/TestProject/b/b1.c</prdf:filename>
<prdf:filename>C:/temp/TestProject/TestProject/b/b2.c</prdf:filename>
<prdf:filename>C:/temp/TestProject/TestProject/c/c0.h</prdf:filename>
<prdf:filename>C:/temp/TestProject/TestProject/c/c1.c</prdf:filename>
<prdf:filename>C:/temp/TestProject/TestProject/c/c2.c</prdf:filename>
<prdf:filename>C:/temp/TestProject/TestProject/d/d1.c</prdf:filename>
<prdf:filename>C:/temp/TestProject/TestProject/d/d2.c</prdf:filename>
</prdf:file_list>
<prdf:h3>Worst Groups by Number of Messages</prdf:h3>
<svg:svg width="1000" height="400">
<svg:path d="M200 200 L189.081 40.373 A160 160 0 0 1 360 200 z" style="fill:red; fill-opacity: 1; stroke:black; stroke-width: 1"/>
<svg:rect x="535" y="30" width="30" height="20" style="stroke-linejoin: miter; stroke-width: 1; stroke: black; fill: red"/>
<svg:text x="570" y="45" style="font-family arial, sans-serif; font-size: 14; fill black; stroke none">(3) Redundancy (6)</svg:text>
<svg:path d="M200 200 L75.8862 99.0259 A160 160 0 0 1 189.081 40.373 z" style="fill:lime; fill-opacity: 1; stroke:black; stroke-width: 1"/>
<svg:rect x="535" y="60" width="30" height="20" style="stroke-linejoin: miter; stroke-width: 1; stroke: black; fill: lime"/>
<svg:text x="570" y="75" style="font-family arial, sans-serif; font-size: 14; fill black; stroke none">(4) MCM Rule 13 (3)</svg:text>
<svg:path d="M200 200 L41.4902 178.213 A160 160 0 0 1 75.8862 99.0259 z" style="fill:navy; fill-opacity: 1; stroke:black; stroke-width: 1"/>
<svg:rect x="535" y="90" width="30" height="20" style="stroke-linejoin: miter; stroke-width: 1; stroke: black; fill: navy"/>
<svg:text x="570" y="105" style="font-family arial, sans-serif; font-size: 14; fill black; stroke none">(4) MCM Rule 86 (2)</svg:text>
<svg:path d="M200 200 L53.2462 263.744 A160 160 0 0 1 41.4902 178.213 z" style="fill:fuchsia; fill-opacity: 1; stroke:black; stroke-width: 1"/>
<svg:rect x="535" y="120" width="30" height="20" style="stroke-linejoin: miter; stroke-width: 1; stroke: black; fill: fuchsia"/>
<svg:text x="570" y="135" style="font-family arial, sans-serif; font-size: 14; fill black; stroke none">(4) MCM Rule 76 (2)</svg:text>
<svg:path d="M200 200 L107.731 330.715 A160 160 0 0 1 53.2462 263.744 z" style="fill:olive; fill-opacity: 1; stroke:black; stroke-width: 1"/>
<svg:rect x="535" y="150" width="30" height="20" style="stroke-linejoin: miter; stroke-width: 1; stroke: black; fill: olive"/>
<svg:text x="570" y="165" style="font-family arial, sans-serif; font-size: 14; fill black; stroke none">(4) MCM Rule 52 (2)</svg:text>
<svg:path d="M200 200 L146.419 350.762 A160 160 0 0 1 107.731 330.715 z" style="fill:aqua; fill-opacity: 1; stroke:black; stroke-width: 1"/>
<svg:rect x="535" y="180" width="30" height="20" style="stroke-linejoin: miter; stroke-width: 1; stroke: black; fill: aqua"/>
<svg:text x="570" y="195" style="font-family arial, sans-serif; font-size: 14; fill black; stroke none">(9) QAC configuration (1)</svg:text>
<svg:path d="M200 200 L189.081 359.627 A160 160 0 0 1 146.419 350.762 z" style="fill:maroon; fill-opacity: 1; stroke:black; stroke-width: 1"/>
<svg:rect x="535" y="210" width="30" height="20" style="stroke-linejoin: miter; stroke-width: 1; stroke: black; fill: maroon"/>
<svg:text x="570" y="225" style="font-family arial, sans-serif; font-size: 14; fill black; stroke none">(7) CMA undefined (1)</svg:text>
<svg:path d="M200 200 L232.553 356.653 A160 160 0 0 1 189.081 359.627 z" style="fill:yellow; fill-opacity: 1; stroke:black; stroke-width: 1"/>
<svg:rect x="535" y="240" width="30" height="20" style="stroke-linejoin: miter; stroke-width: 1; stroke: black; fill: yellow"/>
<svg:text x="570" y="255" style="font-family arial, sans-serif; font-size: 14; fill black; stroke none">(6) Implementation defined (1)</svg:text>
<svg:path d="M200 200 L273.61 342.062 A160 160 0 0 1 232.553 356.653 z" style="fill:blue; fill-opacity: 1; stroke:black; stroke-width: 1"/>
<svg:rect x="535" y="270" width="30" height="20" style="stroke-linejoin: miter; stroke-width: 1; stroke: black; fill: blue"/>
<svg:text x="570" y="285" style="font-family arial, sans-serif; font-size: 14; fill black; stroke none">(4) MCM Rule 53 (1)</svg:text>
<svg:path d="M200 200 L360 200 A160 160 0 0 1 273.61 342.062 z" style="fill:purple; fill-opacity: 1; stroke:black; stroke-width: 1"/>
<svg:rect x="535" y="300" width="30" height="20" style="stroke-linejoin: miter; stroke-width: 1; stroke: black; fill: purple"/>
<svg:text x="570" y="315" style="font-family arial, sans-serif; font-size: 14; fill black; stroke none">Others (4)</svg:text>
</svg:svg>
<v:group style="position:relative; left:0; top:0; width:1000; height:400" coordorigin="0 0" coordsize="1000 400">
<v:shape style="position: relative; left:0; top:0; width:1000; height:400" coordorigin="0 0" coordsize="1000 400">
<v:fill color="red"/>
<v:path v="M 200 200 AE 200 200 160 160 0 6154685 X E"/>
</v:shape>
<v:rect style="top:30; left:535; width:30; height:25" fillcolor="red"/>
<v:rect style="top=30; left:570; width:570; height:25" strokecolor="white">
<v:textbox style="font: 14">(3) Redundancy (6)</v:textbox>
</v:rect>
<v:shape style="position: relative; left:0; top:0; width:1000; height:400" coordorigin="0 0" coordsize="1000 400">
<v:fill color="lime"/>
<v:path v="M 200 200 AE 200 200 160 160 6154685 3077342 X E"/>
</v:shape>
<v:rect style="top:60; left:535; width:30; height:25" fillcolor="lime"/>
<v:rect style="top=60; left:570; width:570; height:25" strokecolor="white">
<v:textbox style="font: 14">(4) MCM Rule 13 (3)</v:textbox>
</v:rect>
<v:shape style="position: relative; left:0; top:0; width:1000; height:400" coordorigin="0 0" coordsize="1000 400">
<v:fill color="navy"/>
<v:path v="M 200 200 AE 200 200 160 160 9232027 2051561 X E"/>
</v:shape>
<v:rect style="top:90; left:535; width:30; height:25" fillcolor="navy"/>
<v:rect style="top=90; left:570; width:570; height:25" strokecolor="white">
<v:textbox style="font: 14">(4) MCM Rule 86 (2)</v:textbox>
</v:rect>
<v:shape style="position: relative; left:0; top:0; width:1000; height:400" coordorigin="0 0" coordsize="1000 400">
<v:fill color="fuchsia"/>
<v:path v="M 200 200 AE 200 200 160 160 11283589 2051561 X E"/>
</v:shape>
<v:rect style="top:120; left:535; width:30; height:25" fillcolor="fuchsia"/>
<v:rect style="top=120; left:570; width:570; height:25" strokecolor="white">
<v:textbox style="font: 14">(4) MCM Rule 76 (2)</v:textbox>
</v:rect>
<v:shape style="position: relative; left:0; top:0; width:1000; height:400" coordorigin="0 0" coordsize="1000 400">
<v:fill color="olive"/>
<v:path v="M 200 200 AE 200 200 160 160 13335151 2051561 X E"/>
</v:shape>
<v:rect style="top:150; left:535; width:30; height:25" fillcolor="olive"/>
<v:rect style="top=150; left:570; width:570; height:25" strokecolor="white">
<v:textbox style="font: 14">(4) MCM Rule 52 (2)</v:textbox>
</v:rect>
<v:shape style="position: relative; left:0; top:0; width:1000; height:400" coordorigin="0 0" coordsize="1000 400">
<v:fill color="aqua"/>
<v:path v="M 200 200 AE 200 200 160 160 15386713 1025780 X E"/>
</v:shape>
<v:rect style="top:180; left:535; width:30; height:25" fillcolor="aqua"/>
<v:rect style="top=180; left:570; width:570; height:25" strokecolor="white">
<v:textbox style="font: 14">(9) QAC configuration (1)</v:textbox>
</v:rect>
<v:shape style="position: relative; left:0; top:0; width:1000; height:400" coordorigin="0 0" coordsize="1000 400">
<v:fill color="maroon"/>
<v:path v="M 200 200 AE 200 200 160 160 16412493 1025780 X E"/>
</v:shape>
<v:rect style="top:210; left:535; width:30; height:25" fillcolor="maroon"/>
<v:rect style="top=210; left:570; width:570; height:25" strokecolor="white">
<v:textbox style="font: 14">(7) CMA undefined (1)</v:textbox>
</v:rect>
<v:shape style="position: relative; left:0; top:0; width:1000; height:400" coordorigin="0 0" coordsize="1000 400">
<v:fill color="yellow"/>
<v:path v="M 200 200 AE 200 200 160 160 17438274 1025780 X E"/>
</v:shape>
<v:rect style="top:240; left:535; width:30; height:25" fillcolor="yellow"/>
<v:rect style="top=240; left:570; width:570; height:25" strokecolor="white">
<v:textbox style="font: 14">(6) Implementation defined (1)</v:textbox>
</v:rect>
<v:shape style="position: relative; left:0; top:0; width:1000; height:400" coordorigin="0 0" coordsize="1000 400">
<v:fill color="blue"/>
<v:path v="M 200 200 AE 200 200 160 160 18464055 1025780 X E"/>
</v:shape>
<v:rect style="top:270; left:535; width:30; height:25" fillcolor="blue"/>
<v:rect style="top=270; left:570; width:570; height:25" strokecolor="white">
<v:textbox style="font: 14">(4) MCM Rule 53 (1)</v:textbox>
</v:rect>
<v:shape style="position: relative; left:0; top:0; width:1000; height:400" coordorigin="0 0" coordsize="1000 400">
<v:fill color="purple"/>
<v:path v="M 200 200 AE 200 200 160 160 19489836 4103123 X E"/>
</v:shape>
<v:rect style="top:300; left:535; width:30; height:25" fillcolor="purple"/>
<v:rect style="top=300; left:570; width:570; height:25" strokecolor="white">
<v:textbox style="font: 14">Others (4)</v:textbox>
</v:rect>
</v:group>
</prdf:section>
<prdf:section xmlns:v="urn:schemas-microsoft-com:vml" created_by="standard.prdf.generator" created_by_version="1.3">
<prdf:h2>Worst Files</prdf:h2>
<prdf:table>
<prdf:col_width width="20%"/>
<prdf:col_width width="10%"/>
<prdf:col_width width="10%"/>
<prdf:col_width width="10%"/>
<prdf:col_width width="10%"/>
<prdf:col_width width="10%"/>
<prdf:col_width width="10%"/>
<prdf:col_width width="10%"/>
<prdf:col_width width="10%"/>
<prdf:row>
<prdf:cell heading="1">
<prdf:nbsp/>
</prdf:cell>
<prdf:cell heading="1" align="center" colspan="7">Files</prdf:cell>
</prdf:row>
<prdf:row>
<prdf:cell heading="1" align="left">Groups</prdf:cell>
<prdf:cell heading="1" align="right" angle="90deg">a0.c</prdf:cell>
<prdf:cell heading="1" align="right" angle="90deg">d0.c</prdf:cell>
<prdf:cell heading="1" align="right" angle="90deg">c0.c</prdf:cell>
<prdf:cell heading="1" align="right" angle="90deg">a1.c</prdf:cell>
<prdf:cell heading="1" align="right" angle="90deg">main.c</prdf:cell>
<prdf:cell heading="1" align="right" angle="90deg">CMA Multi-Home</prdf:cell>
<prdf:cell heading="1" align="right" angle="90deg">Total</prdf:cell>
</prdf:row>
<prdf:row>
<prdf:cell heading="1" align="left">(3) Redundancy</prdf:cell>
<prdf:cell heading="0" align="right">3</prdf:cell>
<prdf:cell heading="0" align="right">0</prdf:cell>
<prdf:cell heading="0" align="right">3</prdf:cell>
<prdf:cell heading="0" align="right">0</prdf:cell>
<prdf:cell heading="0" align="right">0</prdf:cell>
<prdf:cell heading="0" align="right">0</prdf:cell>
<prdf:cell heading="0" align="right">6</prdf:cell>
</prdf:row>
<prdf:row>
<prdf:cell heading="1" align="left">(4) MCM Rule 13</prdf:cell>
<prdf:cell heading="0" align="right">2</prdf:cell>
<prdf:cell heading="0" align="right">0</prdf:cell>
<prdf:cell heading="0" align="right">0</prdf:cell>
<prdf:cell heading="0" align="right">1</prdf:cell>
<prdf:cell heading="0" align="right">0</prdf:cell>
<prdf:cell heading="0" align="right">0</prdf:cell>
<prdf:cell heading="0" align="right">3</prdf:cell>
</prdf:row>
<prdf:row>
<prdf:cell heading="1" align="left">(4) MCM Rule 86</prdf:cell>
<prdf:cell heading="0" align="right">0</prdf:cell>
<prdf:cell heading="0" align="right">1</prdf:cell>
<prdf:cell heading="0" align="right">0</prdf:cell>
<prdf:cell heading="0" align="right">0</prdf:cell>
<prdf:cell heading="0" align="right">1</prdf:cell>
<prdf:cell heading="0" align="right">0</prdf:cell>
<prdf:cell heading="0" align="right">2</prdf:cell>
</prdf:row>
<prdf:row>
<prdf:cell heading="1" align="left">(4) MCM Rule 76</prdf:cell>
<prdf:cell heading="0" align="right">0</prdf:cell>
<prdf:cell heading="0" align="right">1</prdf:cell>
<prdf:cell heading="0" align="right">1</prdf:cell>
<prdf:cell heading="0" align="right">0</prdf:cell>
<prdf:cell heading="0" align="right">0</prdf:cell>
<prdf:cell heading="0" align="right">0</prdf:cell>
<prdf:cell heading="0" align="right">2</prdf:cell>
</prdf:row>
<prdf:row>
<prdf:cell heading="1" align="left">(4) MCM Rule 52</prdf:cell>
<prdf:cell heading="0" align="right">0</prdf:cell>
<prdf:cell heading="0" align="right">1</prdf:cell>
<prdf:cell heading="0" align="right">0</prdf:cell>
<prdf:cell heading="0" align="right">1</prdf:cell>
<prdf:cell heading="0" align="right">0</prdf:cell>
<prdf:cell heading="0" align="right">0</prdf:cell>
<prdf:cell heading="0" align="right">2</prdf:cell>
</prdf:row>
<prdf:row>
<prdf:cell heading="1" align="left">(9) QAC configuration</prdf:cell>
<prdf:cell heading="0" align="right">0</prdf:cell>
<prdf:cell heading="0" align="right">1</prdf:cell>
<prdf:cell heading="0" align="right">0</prdf:cell>
<prdf:cell heading="0" align="right">0</prdf:cell>
<prdf:cell heading="0" align="right">0</prdf:cell>
<prdf:cell heading="0" align="right">0</prdf:cell>
<prdf:cell heading="0" align="right">1</prdf:cell>
</prdf:row>
<prdf:row>
<prdf:cell heading="1" align="left">(7) CMA undefined</prdf:cell>
<prdf:cell heading="0" align="right">0</prdf:cell>
<prdf:cell heading="0" align="right">0</prdf:cell>
<prdf:cell heading="0" align="right">0</prdf:cell>
<prdf:cell heading="0" align="right">0</prdf:cell>
<prdf:cell heading="0" align="right">0</prdf:cell>
<prdf:cell heading="0" align="right">1</prdf:cell>
<prdf:cell heading="0" align="right">1</prdf:cell>
</prdf:row>
<prdf:row>
<prdf:cell heading="1" align="left">(6) Implementation defined</prdf:cell>
<prdf:cell heading="0" align="right">1</prdf:cell>
<prdf:cell heading="0" align="right">0</prdf:cell>
<prdf:cell heading="0" align="right">0</prdf:cell>
<prdf:cell heading="0" align="right">0</prdf:cell>
<prdf:cell heading="0" align="right">0</prdf:cell>
<prdf:cell heading="0" align="right">0</prdf:cell>
<prdf:cell heading="0" align="right">1</prdf:cell>
</prdf:row>
<prdf:row>
<prdf:cell heading="1" align="left">(4) MCM Rule 53</prdf:cell>
<prdf:cell heading="0" align="right">1</prdf:cell>
<prdf:cell heading="0" align="right">0</prdf:cell>
<prdf:cell heading="0" align="right">0</prdf:cell>
<prdf:cell heading="0" align="right">0</prdf:cell>
<prdf:cell heading="0" align="right">0</prdf:cell>
<prdf:cell heading="0" align="right">0</prdf:cell>
<prdf:cell heading="0" align="right">1</prdf:cell>
</prdf:row>
<prdf:row>
<prdf:cell heading="1" align="left">(4) MCM Rule 43</prdf:cell>
<prdf:cell heading="0" align="right">0</prdf:cell>
<prdf:cell heading="0" align="right">0</prdf:cell>
<prdf:cell heading="0" align="right">0</prdf:cell>
<prdf:cell heading="0" align="right">1</prdf:cell>
<prdf:cell heading="0" align="right">0</prdf:cell>
<prdf:cell heading="0" align="right">0</prdf:cell>
<prdf:cell heading="0" align="right">1</prdf:cell>
</prdf:row>
<prdf:row>
<prdf:cell heading="1" align="left">(4) MCM Rule 27</prdf:cell>
<prdf:cell heading="0" align="right">0</prdf:cell>
<prdf:cell heading="0" align="right">1</prdf:cell>
<prdf:cell heading="0" align="right">0</prdf:cell>
<prdf:cell heading="0" align="right">0</prdf:cell>
<prdf:cell heading="0" align="right">0</prdf:cell>
<prdf:cell heading="0" align="right">0</prdf:cell>
<prdf:cell heading="0" align="right">1</prdf:cell>
</prdf:row>
<prdf:row>
<prdf:cell heading="1" align="left">(4) MCM Rule 20</prdf:cell>
<prdf:cell heading="0" align="right">0</prdf:cell>
<prdf:cell heading="0" align="right">1</prdf:cell>
<prdf:cell heading="0" align="right">0</prdf:cell>
<prdf:cell heading="0" align="right">0</prdf:cell>
<prdf:cell heading="0" align="right">0</prdf:cell>
<prdf:cell heading="0" align="right">0</prdf:cell>
<prdf:cell heading="0" align="right">1</prdf:cell>
</prdf:row>
<prdf:row>
<prdf:cell heading="1" align="left">(4) MCM Rule 124</prdf:cell>
<prdf:cell heading="0" align="right">0</prdf:cell>
<prdf:cell heading="0" align="right">0</prdf:cell>
<prdf:cell heading="0" align="right">0</prdf:cell>
<prdf:cell heading="0" align="right">0</prdf:cell>
<prdf:cell heading="0" align="right">1</prdf:cell>
<prdf:cell heading="0" align="right">0</prdf:cell>
<prdf:cell heading="0" align="right">1</prdf:cell>
</prdf:row>
<prdf:row>
<prdf:cell heading="2" align="left">Total</prdf:cell>
<prdf:cell heading="2" align="right">7</prdf:cell>
<prdf:cell heading="2" align="right">6</prdf:cell>
<prdf:cell heading="2" align="right">4</prdf:cell>
<prdf:cell heading="2" align="right">3</prdf:cell>
<prdf:cell heading="2" align="right">2</prdf:cell>
<prdf:cell heading="2" align="right">1</prdf:cell>
<prdf:cell heading="2" align="right">23</prdf:cell>
</prdf:row>
</prdf:table>
<prdf:text bold="1">The following groups have no messages:</prdf:text>
<prdf:table border="0">
<prdf:col_width width="45%"/>
<prdf:col_width width="45%"/>
<prdf:row>
<prdf:cell align="left">(0) Annotations</prdf:cell>
<prdf:cell align="left">(0) CMA information</prdf:cell>
</prdf:row>
<prdf:row>
<prdf:cell align="left">(0) Recovery</prdf:cell>
<prdf:cell align="left">(0) Sub-Messages</prdf:cell>
</prdf:row>
<prdf:row>
<prdf:cell align="left">(2) Arrays, structures, unions &amp; bit-fields</prdf:cell>
<prdf:cell align="left">(2) Bracing and Indentation</prdf:cell>
</prdf:row>
<prdf:row>
<prdf:cell align="left">(2) C++ compatibility</prdf:cell>
<prdf:cell align="left">(2) CMA declaration checks</prdf:cell>
</prdf:row>
<prdf:row>
<prdf:cell align="left">(2) CMA maintenance checks</prdf:cell>
<prdf:cell align="left">(2) Constants</prdf:cell>
</prdf:row>
<prdf:row>
<prdf:cell align="left">(2) Control flow</prdf:cell>
<prdf:cell align="left">(2) Declarations and Definitions</prdf:cell>
</prdf:row>
<prdf:row>
<prdf:cell align="left">(2) Enumerations</prdf:cell>
<prdf:cell align="left">(2) Functions</prdf:cell>
</prdf:row>
<prdf:row>
<prdf:cell align="left">(2) Identifiers</prdf:cell>
<prdf:cell align="left">(2) Integral promotion</prdf:cell>
</prdf:row>
<prdf:row>
<prdf:cell align="left">(2) K&amp;R compatibility</prdf:cell>
<prdf:cell align="left">(2) Metric thresholds</prdf:cell>
</prdf:row>
<prdf:row>
<prdf:cell align="left">(2) Obsolete</prdf:cell>
<prdf:cell align="left">(2) Operations</prdf:cell>
</prdf:row>
<prdf:row>
<prdf:cell align="left">(2) Preprocessor</prdf:cell>
<prdf:cell align="left">(2) Statements</prdf:cell>
</prdf:row>
<prdf:row>
<prdf:cell align="left">(2) Switch statements</prdf:cell>
<prdf:cell align="left">(3) Declarations and definitions</prdf:cell>
</prdf:row>
<prdf:row>
<prdf:cell align="left">(3) Enumerations</prdf:cell>
<prdf:cell align="left">(3) Functions</prdf:cell>
</prdf:row>
<prdf:row>
<prdf:cell align="left">(3) Operations</prdf:cell>
<prdf:cell align="left">(3) Preprocessor</prdf:cell>
</prdf:row>
<prdf:row>
<prdf:cell align="left">(3) Statements</prdf:cell>
<prdf:cell align="left">(4) Local Standards</prdf:cell>
</prdf:row>
<prdf:row>
<prdf:cell align="left">(4) MCM Rule 1</prdf:cell>
<prdf:cell align="left">(4) MCM Rule 101</prdf:cell>
</prdf:row>
<prdf:row>
<prdf:cell align="left">(4) MCM Rule 102</prdf:cell>
<prdf:cell align="left">(4) MCM Rule 105</prdf:cell>
</prdf:row>
<prdf:row>
<prdf:cell align="left">(4) MCM Rule 106</prdf:cell>
<prdf:cell align="left">(4) MCM Rule 108</prdf:cell>
</prdf:row>
<prdf:row>
<prdf:cell align="left">(4) MCM Rule 110</prdf:cell>
<prdf:cell align="left">(4) MCM Rule 112</prdf:cell>
</prdf:row>
<prdf:row>
<prdf:cell align="left">(4) MCM Rule 113</prdf:cell>
<prdf:cell align="left">(4) MCM Rule 114</prdf:cell>
</prdf:row>
<prdf:row>
<prdf:cell align="left">(4) MCM Rule 115</prdf:cell>
<prdf:cell align="left">(4) MCM Rule 118</prdf:cell>
</prdf:row>
<prdf:row>
<prdf:cell align="left">(4) MCM Rule 119</prdf:cell>
<prdf:cell align="left">(4) MCM Rule 12</prdf:cell>
</prdf:row>
<prdf:row>
<prdf:cell align="left">(4) MCM Rule 120</prdf:cell>
<prdf:cell align="left">(4) MCM Rule 121</prdf:cell>
</prdf:row>
<prdf:row>
<prdf:cell align="left">(4) MCM Rule 122</prdf:cell>
<prdf:cell align="left">(4) MCM Rule 123</prdf:cell>
</prdf:row>
<prdf:row>
<prdf:cell align="left">(4) MCM Rule 125</prdf:cell>
<prdf:cell align="left">(4) MCM Rule 126</prdf:cell>
</prdf:row>
<prdf:row>
<prdf:cell align="left">(4) MCM Rule 127</prdf:cell>
<prdf:cell align="left">(4) MCM Rule 14</prdf:cell>
</prdf:row>
<prdf:row>
<prdf:cell align="left">(4) MCM Rule 16</prdf:cell>
<prdf:cell align="left">(4) MCM Rule 17</prdf:cell>
</prdf:row>
<prdf:row>
<prdf:cell align="left">(4) MCM Rule 18</prdf:cell>
<prdf:cell align="left">(4) MCM Rule 19</prdf:cell>
</prdf:row>
<prdf:row>
<prdf:cell align="left">(4) MCM Rule 21</prdf:cell>
<prdf:cell align="left">(4) MCM Rule 22</prdf:cell>
</prdf:row>
<prdf:row>
<prdf:cell align="left">(4) MCM Rule 23</prdf:cell>
<prdf:cell align="left">(4) MCM Rule 28</prdf:cell>
</prdf:row>
<prdf:row>
<prdf:cell align="left">(4) MCM Rule 3</prdf:cell>
<prdf:cell align="left">(4) MCM Rule 30</prdf:cell>
</prdf:row>
<prdf:row>
<prdf:cell align="left">(4) MCM Rule 31</prdf:cell>
<prdf:cell align="left">(4) MCM Rule 32</prdf:cell>
</prdf:row>
<prdf:row>
<prdf:cell align="left">(4) MCM Rule 33</prdf:cell>
<prdf:cell align="left">(4) MCM Rule 34</prdf:cell>
</prdf:row>
<prdf:row>
<prdf:cell align="left">(4) MCM Rule 35</prdf:cell>
<prdf:cell align="left">(4) MCM Rule 36</prdf:cell>
</prdf:row>
<prdf:row>
<prdf:cell align="left">(4) MCM Rule 37</prdf:cell>
<prdf:cell align="left">(4) MCM Rule 38</prdf:cell>
</prdf:row>
<prdf:row>
<prdf:cell align="left">(4) MCM Rule 39</prdf:cell>
<prdf:cell align="left">(4) MCM Rule 4</prdf:cell>
</prdf:row>
<prdf:row>
<prdf:cell align="left">(4) MCM Rule 40</prdf:cell>
<prdf:cell align="left">(4) MCM Rule 42</prdf:cell>
</prdf:row>
<prdf:row>
<prdf:cell align="left">(4) MCM Rule 44</prdf:cell>
<prdf:cell align="left">(4) MCM Rule 45</prdf:cell>
</prdf:row>
<prdf:row>
<prdf:cell align="left">(4) MCM Rule 47</prdf:cell>
<prdf:cell align="left">(4) MCM Rule 48</prdf:cell>
</prdf:row>
<prdf:row>
<prdf:cell align="left">(4) MCM Rule 49</prdf:cell>
<prdf:cell align="left">(4) MCM Rule 50</prdf:cell>
</prdf:row>
<prdf:row>
<prdf:cell align="left">(4) MCM Rule 51</prdf:cell>
<prdf:cell align="left">(4) MCM Rule 54</prdf:cell>
</prdf:row>
<prdf:row>
<prdf:cell align="left">(4) MCM Rule 55</prdf:cell>
<prdf:cell align="left">(4) MCM Rule 56</prdf:cell>
</prdf:row>
<prdf:row>
<prdf:cell align="left">(4) MCM Rule 57</prdf:cell>
<prdf:cell align="left">(4) MCM Rule 58</prdf:cell>
</prdf:row>
<prdf:row>
<prdf:cell align="left">(4) MCM Rule 59</prdf:cell>
<prdf:cell align="left">(4) MCM Rule 60</prdf:cell>
</prdf:row>
<prdf:row>
<prdf:cell align="left">(4) MCM Rule 61</prdf:cell>
<prdf:cell align="left">(4) MCM Rule 62</prdf:cell>
</prdf:row>
<prdf:row>
<prdf:cell align="left">(4) MCM Rule 63</prdf:cell>
<prdf:cell align="left">(4) MCM Rule 64</prdf:cell>
</prdf:row>
<prdf:row>
<prdf:cell align="left">(4) MCM Rule 65</prdf:cell>
<prdf:cell align="left">(4) MCM Rule 66</prdf:cell>
</prdf:row>
<prdf:row>
<prdf:cell align="left">(4) MCM Rule 67</prdf:cell>
<prdf:cell align="left">(4) MCM Rule 68</prdf:cell>
</prdf:row>
<prdf:row>
<prdf:cell align="left">(4) MCM Rule 69</prdf:cell>
<prdf:cell align="left">(4) MCM Rule 7</prdf:cell>
</prdf:row>
<prdf:row>
<prdf:cell align="left">(4) MCM Rule 70</prdf:cell>
<prdf:cell align="left">(4) MCM Rule 71</prdf:cell>
</prdf:row>
<prdf:row>
<prdf:cell align="left">(4) MCM Rule 72</prdf:cell>
<prdf:cell align="left">(4) MCM Rule 73</prdf:cell>
</prdf:row>
<prdf:row>
<prdf:cell align="left">(4) MCM Rule 74</prdf:cell>
<prdf:cell align="left">(4) MCM Rule 75</prdf:cell>
</prdf:row>
<prdf:row>
<prdf:cell align="left">(4) MCM Rule 77</prdf:cell>
<prdf:cell align="left">(4) MCM Rule 8</prdf:cell>
</prdf:row>
<prdf:row>
<prdf:cell align="left">(4) MCM Rule 81</prdf:cell>
<prdf:cell align="left">(4) MCM Rule 82</prdf:cell>
</prdf:row>
<prdf:row>
<prdf:cell align="left">(4) MCM Rule 83</prdf:cell>
<prdf:cell align="left">(4) MCM Rule 85</prdf:cell>
</prdf:row>
<prdf:row>
<prdf:cell align="left">(4) MCM Rule 87</prdf:cell>
<prdf:cell align="left">(4) MCM Rule 9</prdf:cell>
</prdf:row>
<prdf:row>
<prdf:cell align="left">(4) MCM Rule 90</prdf:cell>
<prdf:cell align="left">(4) MCM Rule 91</prdf:cell>
</prdf:row>
<prdf:row>
<prdf:cell align="left">(4) MCM Rule 92</prdf:cell>
<prdf:cell align="left">(4) MCM Rule 93</prdf:cell>
</prdf:row>
<prdf:row>
<prdf:cell align="left">(4) MCM Rule 96</prdf:cell>
<prdf:cell align="left">(4) MCM Rule 97</prdf:cell>
</prdf:row>
<prdf:row>
<prdf:cell align="left">(4) MCM Rule 98</prdf:cell>
<prdf:cell align="left">(4) MCM Rule 99</prdf:cell>
</prdf:row>
<prdf:row>
<prdf:cell align="left">(6) ISO C90 Conformance limits</prdf:cell>
<prdf:cell align="left">(6) ISO C99 Conformance limits</prdf:cell>
</prdf:row>
<prdf:row>
<prdf:cell align="left">(6) ISO C99 Language features</prdf:cell>
<prdf:cell align="left">(6) Language extensions</prdf:cell>
</prdf:row>
<prdf:row>
<prdf:cell align="left">(7) Explicitly undefined</prdf:cell>
<prdf:cell align="left">(7) Implicitly undefined</prdf:cell>
</prdf:row>
<prdf:row>
<prdf:cell align="left">(8) Constraint violations</prdf:cell>
<prdf:cell align="left">(9) Syntax errors</prdf:cell>
</prdf:row>
</prdf:table>
<prdf:h3>Worst Files by Number of Messages</prdf:h3>
<svg:svg width="1000" height="400">
<svg:path d="M200 200 L146.419 49.2383 A160 160 0 0 1 360 200 z" style="fill:red; fill-opacity: 1; stroke:black; stroke-width: 1"/>
<svg:rect x="535" y="30" width="30" height="20" style="stroke-linejoin: miter; stroke-width: 1; stroke: black; fill: red"/>
<svg:text x="570" y="45" style="font-family arial, sans-serif; font-size: 14; fill black; stroke none">a0.c (7)</svg:text>
<svg:path d="M200 200 L53.2462 263.744 A160 160 0 0 1 146.419 49.2383 z" style="fill:lime; fill-opacity: 1; stroke:black; stroke-width: 1"/>
<svg:rect x="535" y="60" width="30" height="20" style="stroke-linejoin: miter; stroke-width: 1; stroke: black; fill: lime"/>
<svg:text x="570" y="75" style="font-family arial, sans-serif; font-size: 14; fill black; stroke none">d0.c (6)</svg:text>
<svg:path d="M200 200 L189.081 359.627 A160 160 0 0 1 53.2462 263.744 z" style="fill:navy; fill-opacity: 1; stroke:black; stroke-width: 1"/>
<svg:rect x="535" y="90" width="30" height="20" style="stroke-linejoin: miter; stroke-width: 1; stroke: black; fill: navy"/>
<svg:text x="570" y="105" style="font-family arial, sans-serif; font-size: 14; fill black; stroke none">c0.c (4)</svg:text>
<svg:path d="M200 200 L309.209 316.934 A160 160 0 0 1 189.081 359.627 z" style="fill:fuchsia; fill-opacity: 1; stroke:black; stroke-width: 1"/>
<svg:rect x="535" y="120" width="30" height="20" style="stroke-linejoin: miter; stroke-width: 1; stroke: black; fill: fuchsia"/>
<svg:text x="570" y="135" style="font-family arial, sans-serif; font-size: 14; fill black; stroke none">a1.c (3)</svg:text>
<svg:path d="M200 200 L354.067 243.167 A160 160 0 0 1 309.209 316.934 z" style="fill:olive; fill-opacity: 1; stroke:black; stroke-width: 1"/>
<svg:rect x="535" y="150" width="30" height="20" style="stroke-linejoin: miter; stroke-width: 1; stroke: black; fill: olive"/>
<svg:text x="570" y="165" style="font-family arial, sans-serif; font-size: 14; fill black; stroke none">main.c (2)</svg:text>
<svg:path d="M200 200 L360 200 A160 160 0 0 1 354.067 243.167 z" style="fill:aqua; fill-opacity: 1; stroke:black; stroke-width: 1"/>
<svg:rect x="535" y="180" width="30" height="20" style="stroke-linejoin: miter; stroke-width: 1; stroke: black; fill: aqua"/>
<svg:text x="570" y="195" style="font-family arial, sans-serif; font-size: 14; fill black; stroke none">CMA Multi-Home (1)</svg:text>
</svg:svg>
<v:group style="position:relative; left:0; top:0; width:1000; height:400" coordorigin="0 0" coordsize="1000 400">
<v:shape style="position: relative; left:0; top:0; width:1000; height:400" coordorigin="0 0" coordsize="1000 400">
<v:fill color="red"/>
<v:path v="M 200 200 AE 200 200 160 160 0 7180466 X E"/>
</v:shape>
<v:rect style="top:30; left:535; width:30; height:25" fillcolor="red"/>
<v:rect style="top=30; left:570; width:570; height:25" strokecolor="white">
<v:textbox style="font: 14">a0.c (7)</v:textbox>
</v:rect>
<v:shape style="position: relative; left:0; top:0; width:1000; height:400" coordorigin="0 0" coordsize="1000 400">
<v:fill color="lime"/>
<v:path v="M 200 200 AE 200 200 160 160 7180466 6154685 X E"/>
</v:shape>
<v:rect style="top:60; left:535; width:30; height:25" fillcolor="lime"/>
<v:rect style="top=60; left:570; width:570; height:25" strokecolor="white">
<v:textbox style="font: 14">d0.c (6)</v:textbox>
</v:rect>
<v:shape style="position: relative; left:0; top:0; width:1000; height:400" coordorigin="0 0" coordsize="1000 400">
<v:fill color="navy"/>
<v:path v="M 200 200 AE 200 200 160 160 13335151 4103123 X E"/>
</v:shape>
<v:rect style="top:90; left:535; width:30; height:25" fillcolor="navy"/>
<v:rect style="top=90; left:570; width:570; height:25" strokecolor="white">
<v:textbox style="font: 14">c0.c (4)</v:textbox>
</v:rect>
<v:shape style="position: relative; left:0; top:0; width:1000; height:400" coordorigin="0 0" coordsize="1000 400">
<v:fill color="fuchsia"/>
<v:path v="M 200 200 AE 200 200 160 160 17438274 3077342 X E"/>
</v:shape>
<v:rect style="top:120; left:535; width:30; height:25" fillcolor="fuchsia"/>
<v:rect style="top=120; left:570; width:570; height:25" strokecolor="white">
<v:textbox style="font: 14">a1.c (3)</v:textbox>
</v:rect>
<v:shape style="position: relative; left:0; top:0; width:1000; height:400" coordorigin="0 0" coordsize="1000 400">
<v:fill color="olive"/>
<v:path v="M 200 200 AE 200 200 160 160 20515617 2051561 X E"/>
</v:shape>
<v:rect style="top:150; left:535; width:30; height:25" fillcolor="olive"/>
<v:rect style="top=150; left:570; width:570; height:25" strokecolor="white">
<v:textbox style="font: 14">main.c (2)</v:textbox>
</v:rect>
<v:shape style="position: relative; left:0; top:0; width:1000; height:400" coordorigin="0 0" coordsize="1000 400">
<v:fill color="aqua"/>
<v:path v="M 200 200 AE 200 200 160 160 22567179 1025780 X E"/>
</v:shape>
<v:rect style="top:180; left:535; width:30; height:25" fillcolor="aqua"/>
<v:rect style="top=180; left:570; width:570; height:25" strokecolor="white">
<v:textbox style="font: 14">CMA Multi-Home (1)</v:textbox>
</v:rect>
</v:group>
</prdf:section>
<prdf:section xmlns:v="urn:schemas-microsoft-com:vml" created_by="standard.prdf.generator" created_by_version="1.3">
<prdf:h2>Compliance Index Per File</prdf:h2>
<prdf:table>
<prdf:col_width width="20%"/>
<prdf:col_width width="26%"/>
<prdf:col_width width="26%"/>
<prdf:col_width width="26%"/>
<prdf:row>
<prdf:cell heading="1">
<prdf:nbsp/>
</prdf:cell>
<prdf:cell heading="1" align="center" colspan="2">From 141 groups</prdf:cell>
</prdf:row>
<prdf:row>
<prdf:cell heading="1" align="left">Filename</prdf:cell>
<prdf:cell heading="1" align="right">Violations</prdf:cell>
<prdf:cell heading="1" align="right">% Compliance</prdf:cell>
</prdf:row>
<prdf:row>
<prdf:cell heading="1" align="left" colspan="3">C:\temp\TestProject\TestProject\a</prdf:cell>
</prdf:row>
<prdf:row>
<prdf:cell heading="1" align="left">a1.c</prdf:cell>
<prdf:cell heading="0" align="right">3</prdf:cell>
<prdf:cell heading="0" align="right">97.87</prdf:cell>
</prdf:row>
<prdf:row>
<prdf:cell heading="1" align="left">a0.c</prdf:cell>
<prdf:cell heading="0" align="right">4</prdf:cell>
<prdf:cell heading="0" align="right">97.16</prdf:cell>
</prdf:row>
<prdf:row>
<prdf:cell heading="1" align="left" colspan="3">C:\temp\TestProject\TestProject\c</prdf:cell>
</prdf:row>
<prdf:row>
<prdf:cell heading="1" align="left">c0.c</prdf:cell>
<prdf:cell heading="0" align="right">2</prdf:cell>
<prdf:cell heading="0" align="right">98.58</prdf:cell>
</prdf:row>
<prdf:row>
<prdf:cell heading="1" align="left" colspan="3">C:\temp\TestProject\TestProject\d</prdf:cell>
</prdf:row>
<prdf:row>
<prdf:cell heading="1" align="left">d0.c</prdf:cell>
<prdf:cell heading="0" align="right">6</prdf:cell>
<prdf:cell heading="0" align="right">95.74</prdf:cell>
</prdf:row>
<prdf:row>
<prdf:cell heading="1" align="left" colspan="3">C:\temp\TestProject\TestProject</prdf:cell>
</prdf:row>
<prdf:row>
<prdf:cell heading="1" align="left">main.c</prdf:cell>
<prdf:cell heading="0" align="right">2</prdf:cell>
<prdf:cell heading="0" align="right">98.58</prdf:cell>
</prdf:row>
<prdf:row>
<prdf:cell heading="1" align="left" colspan="3">C:\temp\TestProject\TestProject\Output</prdf:cell>
</prdf:row>
<prdf:row>
<prdf:cell heading="1" align="left">CMA Multi-Home</prdf:cell>
<prdf:cell heading="0" align="right">1</prdf:cell>
<prdf:cell heading="0" align="right">99.29</prdf:cell>
</prdf:row>
<prdf:row>
<prdf:cell heading="2" align="left">File Compliance Index</prdf:cell>
<prdf:cell heading="2" align="right"> </prdf:cell>
<prdf:cell heading="2" align="right">99.25</prdf:cell>
</prdf:row>
</prdf:table>
<prdf:text bold="1">The following files are 100% compliant:</prdf:text>
<prdf:file_list>
<prdf:filename>C:/temp/TestProject/TestProject/a/a0.h</prdf:filename>
<prdf:filename>C:/temp/TestProject/TestProject/a/a1.h</prdf:filename>
<prdf:filename>C:/temp/TestProject/TestProject/a/a2.c</prdf:filename>
<prdf:filename>C:/temp/TestProject/TestProject/b/b0.c</prdf:filename>
<prdf:filename>C:/temp/TestProject/TestProject/b/b1.c</prdf:filename>
<prdf:filename>C:/temp/TestProject/TestProject/b/b2.c</prdf:filename>
<prdf:filename>C:/temp/TestProject/TestProject/c/c0.h</prdf:filename>
<prdf:filename>C:/temp/TestProject/TestProject/c/c1.c</prdf:filename>
<prdf:filename>C:/temp/TestProject/TestProject/c/c2.c</prdf:filename>
<prdf:filename>C:/temp/TestProject/TestProject/d/d1.c</prdf:filename>
<prdf:filename>C:/temp/TestProject/TestProject/d/d2.c</prdf:filename>
</prdf:file_list>
</prdf:section>
</prdf:main>
<prdf:appendices>
<prdf:section xmlns:v="urn:schemas-microsoft-com:vml" created_by="standard.prdf.generator" created_by_version="1.3">
<prdf:h2>Report Statistics</prdf:h2>
<prdf:text>Note that headers in suppressed directories are ignored in the following statistics.</prdf:text>
<prdf:eoln/>
<prdf:text>The number of files is the number of source files in the project, plus the number of header files included by the source.</prdf:text>
<prdf:eoln/>
<prdf:text>The Lines of Code is the sum of the metric STTPP (number of unpreprocessed lines) for each source file plus the number of (unpreprocessed) lines in all the included header files.</prdf:text>
<prdf:eoln/>
<prdf:text>The total number of messages is the sum of all messages appearing in all files. Messages in header files are only counted once, even if they are included in more than one source file.</prdf:text>
<prdf:eoln/>
<prdf:text>The number of violated groups is the number of message groups that have at least one message appearing in the files. The number of Compliant groups is the difference between the total number of groups and the number of violated groups.</prdf:text>
<prdf:eoln/>
<prdf:h3>Calculation of Compliance Index</prdf:h3>
<prdf:text>The Compliance Index is the percentage of groups which have no messages in them.</prdf:text>
<prdf:eoln/>
<prdf:text>For each file it is calculated as follows:</prdf:text>
<prdf:eoln/>
<prdf:eoln/>
<prdf:text>( <prdf:italic>N<prdf:subscript>total</prdf:subscript> - N<prdf:subscript>error</prdf:subscript>
</prdf:italic> ) / <prdf:italic>N<prdf:subscript>total</prdf:subscript>
</prdf:italic> x 100</prdf:text>
<prdf:eoln/>
<prdf:eoln/>
<prdf:text>
<prdf:italic>N<prdf:subscript>total</prdf:subscript>
</prdf:italic> is the total number of message groups.</prdf:text>
<prdf:eoln/>
<prdf:text>
<prdf:italic>N<prdf:subscript>error</prdf:subscript>
</prdf:italic> is the number of groups for which messages appear in that file.</prdf:text>
<prdf:eoln/>
<prdf:text>The File Compliance Index is the mean of all the individual file compliances.</prdf:text>
<prdf:eoln/>
<prdf:text>The Project Compliance Index is calculated in a similar way but with <prdf:italic>N<prdf:subscript>error</prdf:subscript>
</prdf:italic> as the number of groups for which messages appear in all analysed files.</prdf:text>
<prdf:eoln/>
<prdf:text>A high File Compliance Index and low Project Compliance Index indicates that each file violates only a small number of rules but each file violates a different rule.</prdf:text>
<prdf:eoln/>
<prdf:text>If the Compliance Indices are close then each file is violating more or less the same rules.</prdf:text>
</prdf:section>
<prdf:section xmlns:v="urn:schemas-microsoft-com:vml" created_by="standard.prdf.generator" created_by_version="1.3">
<prdf:h2>Analysis Summary</prdf:h2>
<prdf:h3>List of Analysed Files</prdf:h3>
<prdf:file_list>
<prdf:filename>C:\temp\TestProject\TestProject\a\a0.c</prdf:filename>
<prdf:filename>C:\temp\TestProject\TestProject\a\a0.h</prdf:filename>
<prdf:filename>C:\temp\TestProject\TestProject\a\a1.c</prdf:filename>
<prdf:filename>C:\temp\TestProject\TestProject\a\a1.h</prdf:filename>
<prdf:filename>C:\temp\TestProject\TestProject\a\a2.c</prdf:filename>
<prdf:filename>C:\temp\TestProject\TestProject\b\b0.c</prdf:filename>
<prdf:filename>C:\temp\TestProject\TestProject\b\b1.c</prdf:filename>
<prdf:filename>C:\temp\TestProject\TestProject\b\b2.c</prdf:filename>
<prdf:filename>C:\temp\TestProject\TestProject\c\c0.c</prdf:filename>
<prdf:filename>C:\temp\TestProject\TestProject\c\c0.h</prdf:filename>
<prdf:filename>C:\temp\TestProject\TestProject\c\c1.c</prdf:filename>
<prdf:filename>C:\temp\TestProject\TestProject\c\c2.c</prdf:filename>
<prdf:filename>C:\temp\TestProject\TestProject\d\d0.c</prdf:filename>
<prdf:filename>C:\temp\TestProject\TestProject\d\d1.c</prdf:filename>
<prdf:filename>C:\temp\TestProject\TestProject\d\d2.c</prdf:filename>
<prdf:filename>C:\temp\TestProject\TestProject\main.c</prdf:filename>
<prdf:filename>C:\temp\TestProject\TestProject\Output\test (CMA file)</prdf:filename>
</prdf:file_list>
</prdf:section>
<prdf:section xmlns:v="urn:schemas-microsoft-com:vml" created_by="standard.prdf.generator" created_by_version="1.3">
<prdf:h3>Analysis Options</prdf:h3>
<prdf:h4>Message Groups</prdf:h4>
<prdf:text>Note: Messages that are mapped to more than one group will appear in the highest or lowest group only, according to the -standard option.</prdf:text>
<prdf:eoln/>
<prdf:eoln/>
<prdf:text bold="1">Level 0</prdf:text>
<prdf:eoln/>
<prdf:nbsp/>
<prdf:nbsp/>
<prdf:nbsp/>
<prdf:text> Annotations: On</prdf:text>
<prdf:eoln/>
<prdf:nbsp/>
<prdf:nbsp/>
<prdf:nbsp/>
<prdf:text> CMA information: On</prdf:text>
<prdf:eoln/>
<prdf:nbsp/>
<prdf:nbsp/>
<prdf:nbsp/>
<prdf:text> Recovery: On</prdf:text>
<prdf:eoln/>
<prdf:nbsp/>
<prdf:nbsp/>
<prdf:nbsp/>
<prdf:text> Sub-Messages: On</prdf:text>
<prdf:eoln/>
<prdf:text bold="1">Level 2</prdf:text>
<prdf:eoln/>
<prdf:nbsp/>
<prdf:nbsp/>
<prdf:nbsp/>
<prdf:text> Arrays, structures, unions &amp; bit-fields: Off</prdf:text>
<prdf:eoln/>
<prdf:nbsp/>
<prdf:nbsp/>
<prdf:nbsp/>
<prdf:text> Bracing and Indentation: Off</prdf:text>
<prdf:eoln/>
<prdf:nbsp/>
<prdf:nbsp/>
<prdf:nbsp/>
<prdf:text> C++ compatibility: Off</prdf:text>
<prdf:eoln/>
<prdf:nbsp/>
<prdf:nbsp/>
<prdf:nbsp/>
<prdf:text> CMA declaration checks: Off</prdf:text>
<prdf:eoln/>
<prdf:nbsp/>
<prdf:nbsp/>
<prdf:nbsp/>
<prdf:text> CMA maintenance checks: Off</prdf:text>
<prdf:eoln/>
<prdf:nbsp/>
<prdf:nbsp/>
<prdf:nbsp/>
<prdf:text> Constants: Off</prdf:text>
<prdf:eoln/>
<prdf:nbsp/>
<prdf:nbsp/>
<prdf:nbsp/>
<prdf:text> Control flow: Off</prdf:text>
<prdf:eoln/>
<prdf:nbsp/>
<prdf:nbsp/>
<prdf:nbsp/>
<prdf:text> Declarations and Definitions: Off</prdf:text>
<prdf:eoln/>
<prdf:nbsp/>
<prdf:nbsp/>
<prdf:nbsp/>
<prdf:text> Enumerations: Off</prdf:text>
<prdf:eoln/>
<prdf:nbsp/>
<prdf:nbsp/>
<prdf:nbsp/>
<prdf:text> Functions: Off</prdf:text>
<prdf:eoln/>
<prdf:nbsp/>
<prdf:nbsp/>
<prdf:nbsp/>
<prdf:text> Identifiers: Off</prdf:text>
<prdf:eoln/>
<prdf:nbsp/>
<prdf:nbsp/>
<prdf:nbsp/>
<prdf:text> Integral promotion: Off</prdf:text>
<prdf:eoln/>
<prdf:nbsp/>
<prdf:nbsp/>
<prdf:nbsp/>
<prdf:text> K&amp;R compatibility: Off</prdf:text>
<prdf:eoln/>
<prdf:nbsp/>
<prdf:nbsp/>
<prdf:nbsp/>
<prdf:text> Metric thresholds: Off</prdf:text>
<prdf:eoln/>
<prdf:nbsp/>
<prdf:nbsp/>
<prdf:nbsp/>
<prdf:text> Obsolete: Off</prdf:text>
<prdf:eoln/>
<prdf:nbsp/>
<prdf:nbsp/>
<prdf:nbsp/>
<prdf:text> Operations: Off</prdf:text>
<prdf:eoln/>
<prdf:nbsp/>
<prdf:nbsp/>
<prdf:nbsp/>
<prdf:text> Preprocessor: Off</prdf:text>
<prdf:eoln/>
<prdf:nbsp/>
<prdf:nbsp/>
<prdf:nbsp/>
<prdf:text> Statements: Off</prdf:text>
<prdf:eoln/>
<prdf:nbsp/>
<prdf:nbsp/>
<prdf:nbsp/>
<prdf:text> Switch statements: Off</prdf:text>
<prdf:eoln/>
<prdf:text bold="1">Level 3</prdf:text>
<prdf:eoln/>
<prdf:nbsp/>
<prdf:nbsp/>
<prdf:nbsp/>
<prdf:text> Declarations and definitions: On</prdf:text>
<prdf:eoln/>
<prdf:nbsp/>
<prdf:nbsp/>
<prdf:nbsp/>
<prdf:text> Enumerations: On</prdf:text>
<prdf:eoln/>
<prdf:nbsp/>
<prdf:nbsp/>
<prdf:nbsp/>
<prdf:text> Functions: On</prdf:text>
<prdf:eoln/>
<prdf:nbsp/>
<prdf:nbsp/>
<prdf:nbsp/>
<prdf:text> Operations: On</prdf:text>
<prdf:eoln/>
<prdf:nbsp/>
<prdf:nbsp/>
<prdf:nbsp/>
<prdf:text> Preprocessor: On</prdf:text>
<prdf:eoln/>
<prdf:nbsp/>
<prdf:nbsp/>
<prdf:nbsp/>
<prdf:text> Redundancy: On</prdf:text>
<prdf:eoln/>
<prdf:nbsp/>
<prdf:nbsp/>
<prdf:nbsp/>
<prdf:text> Statements: On</prdf:text>
<prdf:eoln/>
<prdf:text bold="1">Level 4</prdf:text>
<prdf:eoln/>
<prdf:nbsp/>
<prdf:nbsp/>
<prdf:nbsp/>
<prdf:text> Local Standards: Off</prdf:text>
<prdf:eoln/>
<prdf:nbsp/>
<prdf:nbsp/>
<prdf:nbsp/>
<prdf:text> MCM Rule 1: On</prdf:text>
<prdf:eoln/>
<prdf:nbsp/>
<prdf:nbsp/>
<prdf:nbsp/>
<prdf:text> MCM Rule 101: On</prdf:text>
<prdf:eoln/>
<prdf:nbsp/>
<prdf:nbsp/>
<prdf:nbsp/>
<prdf:text> MCM Rule 102: On</prdf:text>
<prdf:eoln/>
<prdf:nbsp/>
<prdf:nbsp/>
<prdf:nbsp/>
<prdf:text> MCM Rule 105: On</prdf:text>
<prdf:eoln/>
<prdf:nbsp/>
<prdf:nbsp/>
<prdf:nbsp/>
<prdf:text> MCM Rule 106: On</prdf:text>
<prdf:eoln/>
<prdf:nbsp/>
<prdf:nbsp/>
<prdf:nbsp/>
<prdf:text> MCM Rule 108: On</prdf:text>
<prdf:eoln/>
<prdf:nbsp/>
<prdf:nbsp/>
<prdf:nbsp/>
<prdf:text> MCM Rule 110: On</prdf:text>
<prdf:eoln/>
<prdf:nbsp/>
<prdf:nbsp/>
<prdf:nbsp/>
<prdf:text> MCM Rule 112: On</prdf:text>
<prdf:eoln/>
<prdf:nbsp/>
<prdf:nbsp/>
<prdf:nbsp/>
<prdf:text> MCM Rule 113: On</prdf:text>
<prdf:eoln/>
<prdf:nbsp/>
<prdf:nbsp/>
<prdf:nbsp/>
<prdf:text> MCM Rule 114: On</prdf:text>
<prdf:eoln/>
<prdf:nbsp/>
<prdf:nbsp/>
<prdf:nbsp/>
<prdf:text> MCM Rule 115: On</prdf:text>
<prdf:eoln/>
<prdf:nbsp/>
<prdf:nbsp/>
<prdf:nbsp/>
<prdf:text> MCM Rule 118: On</prdf:text>
<prdf:eoln/>
<prdf:nbsp/>
<prdf:nbsp/>
<prdf:nbsp/>
<prdf:text> MCM Rule 119: On</prdf:text>
<prdf:eoln/>
<prdf:nbsp/>
<prdf:nbsp/>
<prdf:nbsp/>
<prdf:text> MCM Rule 12: On</prdf:text>
<prdf:eoln/>
<prdf:nbsp/>
<prdf:nbsp/>
<prdf:nbsp/>
<prdf:text> MCM Rule 120: On</prdf:text>
<prdf:eoln/>
<prdf:nbsp/>
<prdf:nbsp/>
<prdf:nbsp/>
<prdf:text> MCM Rule 121: On</prdf:text>
<prdf:eoln/>
<prdf:nbsp/>
<prdf:nbsp/>
<prdf:nbsp/>
<prdf:text> MCM Rule 122: On</prdf:text>
<prdf:eoln/>
<prdf:nbsp/>
<prdf:nbsp/>
<prdf:nbsp/>
<prdf:text> MCM Rule 123: On</prdf:text>
<prdf:eoln/>
<prdf:nbsp/>
<prdf:nbsp/>
<prdf:nbsp/>
<prdf:text> MCM Rule 124: On</prdf:text>
<prdf:eoln/>
<prdf:nbsp/>
<prdf:nbsp/>
<prdf:nbsp/>
<prdf:text> MCM Rule 125: On</prdf:text>
<prdf:eoln/>
<prdf:nbsp/>
<prdf:nbsp/>
<prdf:nbsp/>
<prdf:text> MCM Rule 126: On</prdf:text>
<prdf:eoln/>
<prdf:nbsp/>
<prdf:nbsp/>
<prdf:nbsp/>
<prdf:text> MCM Rule 127: On</prdf:text>
<prdf:eoln/>
<prdf:nbsp/>
<prdf:nbsp/>
<prdf:nbsp/>
<prdf:text> MCM Rule 13: On</prdf:text>
<prdf:eoln/>
<prdf:nbsp/>
<prdf:nbsp/>
<prdf:nbsp/>
<prdf:text> MCM Rule 14: On</prdf:text>
<prdf:eoln/>
<prdf:nbsp/>
<prdf:nbsp/>
<prdf:nbsp/>
<prdf:text> MCM Rule 16: On</prdf:text>
<prdf:eoln/>
<prdf:nbsp/>
<prdf:nbsp/>
<prdf:nbsp/>
<prdf:text> MCM Rule 17: On</prdf:text>
<prdf:eoln/>
<prdf:nbsp/>
<prdf:nbsp/>
<prdf:nbsp/>
<prdf:text> MCM Rule 18: On</prdf:text>
<prdf:eoln/>
<prdf:nbsp/>
<prdf:nbsp/>
<prdf:nbsp/>
<prdf:text> MCM Rule 19: On</prdf:text>
<prdf:eoln/>
<prdf:nbsp/>
<prdf:nbsp/>
<prdf:nbsp/>
<prdf:text> MCM Rule 20: On</prdf:text>
<prdf:eoln/>
<prdf:nbsp/>
<prdf:nbsp/>
<prdf:nbsp/>
<prdf:text> MCM Rule 21: On</prdf:text>
<prdf:eoln/>
<prdf:nbsp/>
<prdf:nbsp/>
<prdf:nbsp/>
<prdf:text> MCM Rule 22: On</prdf:text>
<prdf:eoln/>
<prdf:nbsp/>
<prdf:nbsp/>
<prdf:nbsp/>
<prdf:text> MCM Rule 23: On</prdf:text>
<prdf:eoln/>
<prdf:nbsp/>
<prdf:nbsp/>
<prdf:nbsp/>
<prdf:text> MCM Rule 27: On</prdf:text>
<prdf:eoln/>
<prdf:nbsp/>
<prdf:nbsp/>
<prdf:nbsp/>
<prdf:text> MCM Rule 28: On</prdf:text>
<prdf:eoln/>
<prdf:nbsp/>
<prdf:nbsp/>
<prdf:nbsp/>
<prdf:text> MCM Rule 3: On</prdf:text>
<prdf:eoln/>
<prdf:nbsp/>
<prdf:nbsp/>
<prdf:nbsp/>
<prdf:text> MCM Rule 30: On</prdf:text>
<prdf:eoln/>
<prdf:nbsp/>
<prdf:nbsp/>
<prdf:nbsp/>
<prdf:text> MCM Rule 31: On</prdf:text>
<prdf:eoln/>
<prdf:nbsp/>
<prdf:nbsp/>
<prdf:nbsp/>
<prdf:text> MCM Rule 32: On</prdf:text>
<prdf:eoln/>
<prdf:nbsp/>
<prdf:nbsp/>
<prdf:nbsp/>
<prdf:text> MCM Rule 33: On</prdf:text>
<prdf:eoln/>
<prdf:nbsp/>
<prdf:nbsp/>
<prdf:nbsp/>
<prdf:text> MCM Rule 34: On</prdf:text>
<prdf:eoln/>
<prdf:nbsp/>
<prdf:nbsp/>
<prdf:nbsp/>
<prdf:text> MCM Rule 35: On</prdf:text>
<prdf:eoln/>
<prdf:nbsp/>
<prdf:nbsp/>
<prdf:nbsp/>
<prdf:text> MCM Rule 36: On</prdf:text>
<prdf:eoln/>
<prdf:nbsp/>
<prdf:nbsp/>
<prdf:nbsp/>
<prdf:text> MCM Rule 37: On</prdf:text>
<prdf:eoln/>
<prdf:nbsp/>
<prdf:nbsp/>
<prdf:nbsp/>
<prdf:text> MCM Rule 38: On</prdf:text>
<prdf:eoln/>
<prdf:nbsp/>
<prdf:nbsp/>
<prdf:nbsp/>
<prdf:text> MCM Rule 39: On</prdf:text>
<prdf:eoln/>
<prdf:nbsp/>
<prdf:nbsp/>
<prdf:nbsp/>
<prdf:text> MCM Rule 4: On</prdf:text>
<prdf:eoln/>
<prdf:nbsp/>
<prdf:nbsp/>
<prdf:nbsp/>
<prdf:text> MCM Rule 40: On</prdf:text>
<prdf:eoln/>
<prdf:nbsp/>
<prdf:nbsp/>
<prdf:nbsp/>
<prdf:text> MCM Rule 42: On</prdf:text>
<prdf:eoln/>
<prdf:nbsp/>
<prdf:nbsp/>
<prdf:nbsp/>
<prdf:text> MCM Rule 43: On</prdf:text>
<prdf:eoln/>
<prdf:nbsp/>
<prdf:nbsp/>
<prdf:nbsp/>
<prdf:text> MCM Rule 44: On</prdf:text>
<prdf:eoln/>
<prdf:nbsp/>
<prdf:nbsp/>
<prdf:nbsp/>
<prdf:text> MCM Rule 45: On</prdf:text>
<prdf:eoln/>
<prdf:nbsp/>
<prdf:nbsp/>
<prdf:nbsp/>
<prdf:text> MCM Rule 47: On</prdf:text>
<prdf:eoln/>
<prdf:nbsp/>
<prdf:nbsp/>
<prdf:nbsp/>
<prdf:text> MCM Rule 48: On</prdf:text>
<prdf:eoln/>
<prdf:nbsp/>
<prdf:nbsp/>
<prdf:nbsp/>
<prdf:text> MCM Rule 49: On</prdf:text>
<prdf:eoln/>
<prdf:nbsp/>
<prdf:nbsp/>
<prdf:nbsp/>
<prdf:text> MCM Rule 50: On</prdf:text>
<prdf:eoln/>
<prdf:nbsp/>
<prdf:nbsp/>
<prdf:nbsp/>
<prdf:text> MCM Rule 51: On</prdf:text>
<prdf:eoln/>
<prdf:nbsp/>
<prdf:nbsp/>
<prdf:nbsp/>
<prdf:text> MCM Rule 52: On</prdf:text>
<prdf:eoln/>
<prdf:nbsp/>
<prdf:nbsp/>
<prdf:nbsp/>
<prdf:text> MCM Rule 53: On</prdf:text>
<prdf:eoln/>
<prdf:nbsp/>
<prdf:nbsp/>
<prdf:nbsp/>
<prdf:text> MCM Rule 54: On</prdf:text>
<prdf:eoln/>
<prdf:nbsp/>
<prdf:nbsp/>
<prdf:nbsp/>
<prdf:text> MCM Rule 55: On</prdf:text>
<prdf:eoln/>
<prdf:nbsp/>
<prdf:nbsp/>
<prdf:nbsp/>
<prdf:text> MCM Rule 56: On</prdf:text>
<prdf:eoln/>
<prdf:nbsp/>
<prdf:nbsp/>
<prdf:nbsp/>
<prdf:text> MCM Rule 57: On</prdf:text>
<prdf:eoln/>
<prdf:nbsp/>
<prdf:nbsp/>
<prdf:nbsp/>
<prdf:text> MCM Rule 58: On</prdf:text>
<prdf:eoln/>
<prdf:nbsp/>
<prdf:nbsp/>
<prdf:nbsp/>
<prdf:text> MCM Rule 59: On</prdf:text>
<prdf:eoln/>
<prdf:nbsp/>
<prdf:nbsp/>
<prdf:nbsp/>
<prdf:text> MCM Rule 60: On</prdf:text>
<prdf:eoln/>
<prdf:nbsp/>
<prdf:nbsp/>
<prdf:nbsp/>
<prdf:text> MCM Rule 61: On</prdf:text>
<prdf:eoln/>
<prdf:nbsp/>
<prdf:nbsp/>
<prdf:nbsp/>
<prdf:text> MCM Rule 62: On</prdf:text>
<prdf:eoln/>
<prdf:nbsp/>
<prdf:nbsp/>
<prdf:nbsp/>
<prdf:text> MCM Rule 63: On</prdf:text>
<prdf:eoln/>
<prdf:nbsp/>
<prdf:nbsp/>
<prdf:nbsp/>
<prdf:text> MCM Rule 64: On</prdf:text>
<prdf:eoln/>
<prdf:nbsp/>
<prdf:nbsp/>
<prdf:nbsp/>
<prdf:text> MCM Rule 65: On</prdf:text>
<prdf:eoln/>
<prdf:nbsp/>
<prdf:nbsp/>
<prdf:nbsp/>
<prdf:text> MCM Rule 66: On</prdf:text>
<prdf:eoln/>
<prdf:nbsp/>
<prdf:nbsp/>
<prdf:nbsp/>
<prdf:text> MCM Rule 67: On</prdf:text>
<prdf:eoln/>
<prdf:nbsp/>
<prdf:nbsp/>
<prdf:nbsp/>
<prdf:text> MCM Rule 68: On</prdf:text>
<prdf:eoln/>
<prdf:nbsp/>
<prdf:nbsp/>
<prdf:nbsp/>
<prdf:text> MCM Rule 69: On</prdf:text>
<prdf:eoln/>
<prdf:nbsp/>
<prdf:nbsp/>
<prdf:nbsp/>
<prdf:text> MCM Rule 7: On</prdf:text>
<prdf:eoln/>
<prdf:nbsp/>
<prdf:nbsp/>
<prdf:nbsp/>
<prdf:text> MCM Rule 70: On</prdf:text>
<prdf:eoln/>
<prdf:nbsp/>
<prdf:nbsp/>
<prdf:nbsp/>
<prdf:text> MCM Rule 71: On</prdf:text>
<prdf:eoln/>
<prdf:nbsp/>
<prdf:nbsp/>
<prdf:nbsp/>
<prdf:text> MCM Rule 72: On</prdf:text>
<prdf:eoln/>
<prdf:nbsp/>
<prdf:nbsp/>
<prdf:nbsp/>
<prdf:text> MCM Rule 73: On</prdf:text>
<prdf:eoln/>
<prdf:nbsp/>
<prdf:nbsp/>
<prdf:nbsp/>
<prdf:text> MCM Rule 74: On</prdf:text>
<prdf:eoln/>
<prdf:nbsp/>
<prdf:nbsp/>
<prdf:nbsp/>
<prdf:text> MCM Rule 75: On</prdf:text>
<prdf:eoln/>
<prdf:nbsp/>
<prdf:nbsp/>
<prdf:nbsp/>
<prdf:text> MCM Rule 76: On</prdf:text>
<prdf:eoln/>
<prdf:nbsp/>
<prdf:nbsp/>
<prdf:nbsp/>
<prdf:text> MCM Rule 77: On</prdf:text>
<prdf:eoln/>
<prdf:nbsp/>
<prdf:nbsp/>
<prdf:nbsp/>
<prdf:text> MCM Rule 8: On</prdf:text>
<prdf:eoln/>
<prdf:nbsp/>
<prdf:nbsp/>
<prdf:nbsp/>
<prdf:text> MCM Rule 81: On</prdf:text>
<prdf:eoln/>
<prdf:nbsp/>
<prdf:nbsp/>
<prdf:nbsp/>
<prdf:text> MCM Rule 82: On</prdf:text>
<prdf:eoln/>
<prdf:nbsp/>
<prdf:nbsp/>
<prdf:nbsp/>
<prdf:text> MCM Rule 83: On</prdf:text>
<prdf:eoln/>
<prdf:nbsp/>
<prdf:nbsp/>
<prdf:nbsp/>
<prdf:text> MCM Rule 85: On</prdf:text>
<prdf:eoln/>
<prdf:nbsp/>
<prdf:nbsp/>
<prdf:nbsp/>
<prdf:text> MCM Rule 86: On</prdf:text>
<prdf:eoln/>
<prdf:nbsp/>
<prdf:nbsp/>
<prdf:nbsp/>
<prdf:text> MCM Rule 87: On</prdf:text>
<prdf:eoln/>
<prdf:nbsp/>
<prdf:nbsp/>
<prdf:nbsp/>
<prdf:text> MCM Rule 9: On</prdf:text>
<prdf:eoln/>
<prdf:nbsp/>
<prdf:nbsp/>
<prdf:nbsp/>
<prdf:text> MCM Rule 90: On</prdf:text>
<prdf:eoln/>
<prdf:nbsp/>
<prdf:nbsp/>
<prdf:nbsp/>
<prdf:text> MCM Rule 91: On</prdf:text>
<prdf:eoln/>
<prdf:nbsp/>
<prdf:nbsp/>
<prdf:nbsp/>
<prdf:text> MCM Rule 92: On</prdf:text>
<prdf:eoln/>
<prdf:nbsp/>
<prdf:nbsp/>
<prdf:nbsp/>
<prdf:text> MCM Rule 93: On</prdf:text>
<prdf:eoln/>
<prdf:nbsp/>
<prdf:nbsp/>
<prdf:nbsp/>
<prdf:text> MCM Rule 96: On</prdf:text>
<prdf:eoln/>
<prdf:nbsp/>
<prdf:nbsp/>
<prdf:nbsp/>
<prdf:text> MCM Rule 97: On</prdf:text>
<prdf:eoln/>
<prdf:nbsp/>
<prdf:nbsp/>
<prdf:nbsp/>
<prdf:text> MCM Rule 98: On</prdf:text>
<prdf:eoln/>
<prdf:nbsp/>
<prdf:nbsp/>
<prdf:nbsp/>
<prdf:text> MCM Rule 99: On</prdf:text>
<prdf:eoln/>
<prdf:text bold="1">Level 6</prdf:text>
<prdf:eoln/>
<prdf:nbsp/>
<prdf:nbsp/>
<prdf:nbsp/>
<prdf:text> ISO C90 Conformance limits: Partial</prdf:text>
<prdf:eoln/>
<prdf:nbsp/>
<prdf:nbsp/>
<prdf:nbsp/>
<prdf:text> ISO C99 Conformance limits: Off</prdf:text>
<prdf:eoln/>
<prdf:nbsp/>
<prdf:nbsp/>
<prdf:nbsp/>
<prdf:text> ISO C99 Language features: On</prdf:text>
<prdf:eoln/>
<prdf:nbsp/>
<prdf:nbsp/>
<prdf:nbsp/>
<prdf:text> Implementation defined: Partial</prdf:text>
<prdf:eoln/>
<prdf:nbsp/>
<prdf:nbsp/>
<prdf:nbsp/>
<prdf:text> Language extensions: On</prdf:text>
<prdf:eoln/>
<prdf:text bold="1">Level 7</prdf:text>
<prdf:eoln/>
<prdf:nbsp/>
<prdf:nbsp/>
<prdf:nbsp/>
<prdf:text> CMA undefined: On</prdf:text>
<prdf:eoln/>
<prdf:nbsp/>
<prdf:nbsp/>
<prdf:nbsp/>
<prdf:text> Explicitly undefined: On</prdf:text>
<prdf:eoln/>
<prdf:nbsp/>
<prdf:nbsp/>
<prdf:nbsp/>
<prdf:text> Implicitly undefined: On</prdf:text>
<prdf:eoln/>
<prdf:text bold="1">Level 8</prdf:text>
<prdf:eoln/>
<prdf:nbsp/>
<prdf:nbsp/>
<prdf:nbsp/>
<prdf:text> Constraint violations: On</prdf:text>
<prdf:eoln/>
<prdf:text bold="1">Level 9</prdf:text>
<prdf:eoln/>
<prdf:nbsp/>
<prdf:nbsp/>
<prdf:nbsp/>
<prdf:text> QAC configuration: On</prdf:text>
<prdf:eoln/>
<prdf:nbsp/>
<prdf:nbsp/>
<prdf:nbsp/>
<prdf:text> Syntax errors: On</prdf:text>
<prdf:eoln/>
</prdf:section>
<prdf:section xmlns:v="urn:schemas-microsoft-com:vml" created_by="standard.prdf.generator" created_by_version="1.3">
<prdf:h4>Personality Options</prdf:h4>
<prdf:verbatim>
-align                   int=2,
                         ldouble=16
-arithrsh                + (on)
-bitsigned               + (on)
-calling                 
-callpack                
-comment                 A
-crossmoduleanalysisfile C:/temp/TestProject/TestProject/Output/
                         test
-d                       
-echo                    
-enabledataflow          - (off)
-encoding                ASC
-expandmultihomedmessages 
-extensions              ASM
-file                    
-foldplainchar           - (off)
-forceinclude            
-forgetall               
-format                  %?u==0%(%?C%(%^%)%)%?u==0%(%?h%(Err%:Msg%)
                         %:--&gt;%)(%g:%N) %R(%u,  )%t%?v%(\n%v%)
-hdrsuppress             + (on)
-heap                    512
-help                    - (off)
-hiddenmessage           - (off)
-hiddenwarnings          - (off)
-html                    - (off)
-i                       C:/Program Files (x86)/PRQA/QAC-7.2-F/
                         include/ansi
-indentlevel             0
-intrinsictype           ptrdiff_t=int
-k+r                     
-line                    + (on)
-list                    
-maxcount                0
-maxerrors               0
-maxlinelength           0
-messagesonly            - (off)
-metrics                 + (on)
-namelength              31
-namerulefile            
-nomsg                   
-nosort                  - (off)
-onelineonly             - (off)
-only                    180 202 235 240-241 246 271-274 277 
                         284-292 294-297 299 301-303 305-308 
                         310-313 320 336 339 400-403 410 422-423 
                         428 488 499-505 513 541 543-545 547 551 
                         585 587 594 601-602 604 606 609 611-612 
                         614 617-618 623-628 630 633-636 639 647 
                         652 660 662 679 686 689 693-694 715 723 
                         735 739 744-746 750 759 769-771 777 
                         779-781 809-810 813-814 828 830-831 836 
                         841-842 848 850 853-854 856-859 875 878 
                         880-881 884-885 887-888 899 930 945 
                         1001-1003 1006 1008 1011-1012 1014-1015 
                         1018-1022 1026-1031 1034-1038 1041-1044 
                         1051-1054 1254-1255 1280 1317 1330-1334 
                         1401-1403 1411-1413 1421-1423 1431 1433 
                         1441-1443 1460 1470 1472 1503-1510 
                         1513-1514 1520 2001-2004 2006 2008-2009 
                         2015 2020 2050 2212 2214 2462-2463 2469 
                         2547 2711 3001-3002 3006-3007 3101-3102 
                         3108-3110 3112 3116 3141 3200-3201 3212 
                         3217-3219 3221-3222 3225 3230 3302-3307 
                         3313 3315 3319-3321 3325-3326 3332-3335 
                         3340-3342 3344 3347-3349 3352-3360 3372 
                         3382 3389 3391-3392 3394-3400 3402 
                         3408-3413 3415 3417 3425-3427 3431 3439 
                         3447-3448 3450-3451 3453 3457-3461 3601 
                         3625 3628-3629 3631-3633 3660 3663-3664 
                         3670 3673 3675 3685 3689 3700-3713 3715 
                         3717 3719-3723 3725 3727 3729-3736 3738 
                         3740-3748 3750 3752-3760 3762-3772 
                         3774-3807 3810-3819 3821-3834 3837 
                         3839-3840 3843-3844 3847-3848 3850-3881 
                         3900-3913 3915 3917 3919-3923 3925 3927 
                         3929-3936 3938 3940-3948 3950 3952-3960 
                         3962-3972 3974-4007 4010-4019 4021-4034 
                         4037 4039-4040 4043-4044 4047-4048 
                         4050-4081 4101-4102 4106-4110 4114 
                         4117-4118 4120-4121 4123-4128 4130-4131 
                         4140 4600-4608 5008 5013 5069 5087 5102 
                         5118-5127 97 901-903 911 913 920 1540 
                         1576-1582 1592-1594 1599 3390 4810-4812 
                         4820-4828 277 290-291 311-312 594 596 
                         686-688 695-697 703 735 855 861-862 1312 
                         1315 1317 1328 1331-1333 1401-1403 
                         1411-1413 1421-1423 1441-1443 1460-1461 
                         1474 1479 1481-1482 2008 2010 2547 
                         3002-3003 3101-3102 3110 3112 3195-3199 
                         3201-3203 3205-3207 3210 3217 3219 3225 
                         3229-3230 3296-3297 3305-3307 3317-3318 
                         3320 3328 3332 3334-3335 3337 3341 3343 
                         3348-3349 3355-3360 3372 3382 3404-3407 
                         3419-3420 3422-3427 3436 3470 3480 3614 
                         3620 3650-3651 3670 3700-3713 3715 3717 
                         3719-3723 3725 3727 3729-3736 3738 
                         3740-3748 3750 3752-3760 3762-3772 
                         3774-3807 3810-3819 3821-3834 3837 
                         3839-3840 3843-3844 3847-3848 3850-3881 
                         3900-3913 3915 3917 3919-3923 3925 3927 
                         3929-3936 3938 3940-3948 3950 3952-3960 
                         3962-3972 3974-4007 4010-4019 4021-4034 
                         4037 4039-4040 4043-4044 4047-4048 
                         4050-4081 4101-4114 4130 4140 160-179 
                         184-186 190-201 203-204 206-208 235 271 
                         275 294-297 301-302 304 307 309 337 
                         400-403 475 500-501 503-505 507-509 
                         543-545 585-587 602 623 625-626 630 632 
                         636 654 658 661 667-668 672 676 678 680 
                         689 706 744-745 777 779 809 813-814 
                         836-837 848 853-854 864-865 867 872 874 
                         885 887-888 942 1509-1510 3113-3114 
                         3311-3312 3319 3321 3347 3437-3438 3680 
                         3685 3689 232-233 244 261 278 321-322 338 
                         422-423 426-427 429-432 435-437 446-454 
                         456-458 466-469 476-478 481-487 493-496 
                         513-515 536-537 540-542 546-547 550 
                         554-565 580 588-591 605 616 619-622 
                         627-629 631 638 640-646 649-651 653 
                         655-657 659 664-665 671 673-675 677 
                         682-685 690 698-699 708-709 736-738 
                         746-747 755-758 766-768 774-775 801-804 
                         811-812 821 834-835 844-845 851-852 856 
                         866 873 877 940-941 943-944 1023-1025 
                         1033 9 40-42 159 231 234 245 249-251 
                         257-259 268-269 434 473 637 648 666 670 
                         805-808 817-820 822-827 829 833 846-847 
                         849 863 869 879 886 896-898 904 907 
                         917-918 925-928 970 1004-1005 1009-1010 
                         1013 3104-3105 3107 4100
-outputpath              C:/temp/TestProject/TestProject/Output
-overwrite               - (off)
-ppfilename              - (off)
-pplist                  - (off)
-ppmetrics               - (off)
-prodoption              qar::report_type=Compliance Report
-quiet                   C:/Program Files (x86)/PRQA/QAC-7.2-F/
                         include/ansi
-references              + (on)
-remark                  
-settings                - (off)
-size                    int=16,
                         ldouble=128
-skippragma              
-slashwhite              - (off)
-standard                + (on)
-strict                  + (on)
-strictrank              - (off)
-strictsignedness        + (on)
-style                   EXDENTED
-summary                 - (off)
-suppresslvl             
-tablesummary            - (off)
-tabstop                 8
-textonly                - (off)
-threshold               
-total                   - (off)
-unsignedchar            - (off)
-usrfile                 .mcm
-usrpath                 C:/Program Files (x86)/PRQA/QAC-7.2-F/mcm/
                         messages
-version                 - (off)
-via                     
-warncall                mblen=5008,
                         mbtowc=5008,
                         wctomb=5008,
                         mbstowcs=5008,
                         wcstombs=5008,
                         malloc=5118,
                         calloc=5118,
                         free=5118,
                         realloc=5118,
                         setlocale=5121,
                         longjmp=5122,
                         raise=5123,
                         signal=5123,
                         atof=5125,
                         atoi=5125,
                         atol=5125,
                         exit=5126,
                         getenv=5126,
                         system=5126,
                         abort=5126,
                         clock=5127,
                         difftime=5127,
                         mktime=5127,
                         time=5127,
                         asctime=5127,
                         ctime=5127,
                         gmtime=5127,
                         localtime=5127,
                         strftime=5127
-xcase                   - (off)
-xnamelength             31
</prdf:verbatim>
</prdf:section>
<prdf:section xmlns:v="urn:schemas-microsoft-com:vml" created_by="standard.prdf.generator" created_by_version="1.3">
<prdf:h3>Report Settings</prdf:h3>
<prdf:verbatim>
top_ten_only: false
hide_clean: false
</prdf:verbatim>
</prdf:section>
<prdf:section xmlns:v="urn:schemas-microsoft-com:vml" created_by="standard.prdf.generator" created_by_version="1.3">
<prdf:h3>Program Details</prdf:h3>
<prdf:text>Created by Programming Research standard.prdf.generator version 1.3</prdf:text>
</prdf:section>
</prdf:appendices>
</prdf:report>
