<?xml version='1.1' encoding='UTF-8'?>
<scriptApproval plugin="script-security@1335.vf07d9ce377a_e">
  <approvedScriptHashes/>
  <approvedSignatures>
    <string>method org.jenkinsci.plugins.workflow.steps.FlowInterruptedException getCauses</string>
    <string>method org.jenkinsci.plugins.workflow.support.steps.input.Rejection getUser</string>
  </approvedSignatures>
  <aclApprovedSignatures/>
  <approvedClasspathEntries/>
  <pendingScripts/>
  <pendingSignatures/>
  <pendingClasspathEntries/>
</scriptApproval>